fact_id,source_id,status,claim,source_url,appears_in,tested_by,supporting_quote,checked_by,checked_at,notes,pre_check,fact_check,fact_check_evidence,weak_evidence
"fact.ancient_egypt.kingdom_dates_oxford","source.oup_oxford_history_egypt","unverified","In the Oxford History of Ancient Egypt’s chronology, the Old Kingdom ran from about 2686 to 2160 BCE, the Middle Kingdom from about 2055 to 1650 BCE and the New Kingdom from about 1550 to 1069 BCE.","https://global.oup.com/academic/product/the-oxford-history-of-ancient-egypt-9780192804587","L1 card.ancient_egypt.001.c2; L10 card.ancient_egypt.010.c2; L20 card.ancient_egypt.020.c2; L37 card.ancient_egypt.037.c4; L50 card.ancient_egypt.050.c2; L70 card.ancient_egypt.070.c2; L71 card.ancient_egypt.071.c2; L81 card.ancient_egypt.081.c2; L82 card.ancient_egypt.082.c1","L1 question.ancient_egypt.001.q1; L9 question.ancient_egypt.009.q3; L17 question.ancient_egypt.017.q3; L29 question.ancient_egypt.029.q3; L37 question.ancient_egypt.037.q3; L50 question.ancient_egypt.050.q6; L57 question.ancient_egypt.057.q3; L61 question.ancient_egypt.061.q3; L71 question.ancient_egypt.071.q3; L75 question.ancient_egypt.075.q3; L81 question.ancient_egypt.081.q3","","","","","","corroborated","Full text of the Oxford History chronology table: Old Kingdom c.2686-2160 BC, Middle Kingdom c.2055-1650 BC, New Kingdom c.1550-1069 BC; a citation summary repeats Middle Kingdom c.2055-1650 BC. (https://archive.org/stream/TheOxfordHistoryOfAncient/The+Oxford+History+of+Ancient_djvu.txt https://scispace.com/papers/the-oxford-history-of-ancient-egypt-41v02gpcuk)",""
"fact.ancient_egypt.kingdom_highlights","source.met_egypt_educators","unverified","The Old Kingdom was the age of the great pyramids at Giza; the Middle Kingdom began when Egypt was reunited; in the New Kingdom Egypt became an empire.","https://resources.metmuseum.org/resources/metpublications/pdf/The_Art_of_Ancient_Egypt_A_Resource_for_Educators.pdf","L1 card.ancient_egypt.001.c2; L15 card.ancient_egypt.015.c1; L50 card.ancient_egypt.050.c1; L50 card.ancient_egypt.050.c2; L62 card.ancient_egypt.062.c2; L62 card.ancient_egypt.062.c4; L75 card.ancient_egypt.075.c2","L1 question.ancient_egypt.001.q1; L9 question.ancient_egypt.009.q3; L17 question.ancient_egypt.017.q3; L29 question.ancient_egypt.029.q3; L37 question.ancient_egypt.037.q3; L50 question.ancient_egypt.050.q6; L57 question.ancient_egypt.057.q3; L61 question.ancient_egypt.061.q3; L71 question.ancient_egypt.071.q3; L75 question.ancient_egypt.075.q3; L81 question.ancient_egypt.081.q3","","","","","","corroborated","Old Kingdom is often called the Age of the Pyramids; the Middle Kingdom began with reunification under Mentuhotep II; the New Kingdom was the largest expansion of the empire into Nubia and the Levant. (https://en.wikipedia.org/wiki/Old_Kingdom_of_Egypt https://www.thetravel.com/egypts-old-middle-new-kingdoms/)",""
"fact.ancient_egypt.intermediate_periods_split","source.met_egypt_educators","unverified","Between the kingdoms came the First, Second and Third Intermediate Periods, when the land was politically divided, often under local rulers in Upper and Lower Egypt.","https://resources.metmuseum.org/resources/metpublications/pdf/The_Art_of_Ancient_Egypt_A_Resource_for_Educators.pdf","L1 card.ancient_egypt.001.c3; L61 card.ancient_egypt.061.c1; L82 card.ancient_egypt.082.c3","L1 question.ancient_egypt.001.q2; L82 question.ancient_egypt.082.q3","","","","","","corroborated","Summaries of the three kingdoms: Egypt split into two during the First Intermediate Period before reunification under Mentuhotep II began the Middle Kingdom. (https://www.thetravel.com/egypts-old-middle-new-kingdoms/ https://en.wikipedia.org/wiki/Ancient_Egypt)",""
"fact.ancient_egypt.egypt_three_thousand_years","source.met_egypt_educators","unverified","Ancient Egyptian civilization lasted about 3,000 years, from unification around 3100 to 3000 BCE until Egypt became a province of the Roman Empire in 30 BCE.","https://resources.metmuseum.org/resources/metpublications/pdf/The_Art_of_Ancient_Egypt_A_Resource_for_Educators.pdf","L1 card.ancient_egypt.001.c4; L1 card.ancient_egypt.001.c2; L2 card.ancient_egypt.002.c1; L77 card.ancient_egypt.077.c3; L88 card.ancient_egypt.088.c2; L90 card.ancient_egypt.090.c2; L91 card.ancient_egypt.091.c2; L99 card.ancient_egypt.099.c1; L100 card.ancient_egypt.100.c1","L1 question.ancient_egypt.001.q3; L41 question.ancient_egypt.041.q3; L77 question.ancient_egypt.077.q3; L91 question.ancient_egypt.091.q3; L100 question.ancient_egypt.100.q10","","","","","","corroborated","Wikipedia: the pharaonic era ends with the Roman conquest of Egypt in 30 BC; Oxford History chronology begins the Early Dynastic Period c.3000 BC and the Roman Period in 30 BC. (https://en.wikipedia.org/wiki/Ancient_Egypt https://archive.org/stream/TheOxfordHistoryOfAncient/The+Oxford+History+of+Ancient_djvu.txt)",""
"fact.ancient_egypt.egypt_three_thousand_years","source.oup_oxford_history_egypt","unverified","Ancient Egyptian civilization lasted about 3,000 years, from unification around 3100 to 3000 BCE until Egypt became a province of the Roman Empire in 30 BCE.","https://global.oup.com/academic/product/the-oxford-history-of-ancient-egypt-9780192804587","L1 card.ancient_egypt.001.c4; L1 card.ancient_egypt.001.c2; L2 card.ancient_egypt.002.c1; L77 card.ancient_egypt.077.c3; L88 card.ancient_egypt.088.c2; L90 card.ancient_egypt.090.c2; L91 card.ancient_egypt.091.c2; L99 card.ancient_egypt.099.c1; L100 card.ancient_egypt.100.c1","L1 question.ancient_egypt.001.q3; L41 question.ancient_egypt.041.q3; L77 question.ancient_egypt.077.q3; L91 question.ancient_egypt.091.q3; L100 question.ancient_egypt.100.q10","","","","","","corroborated","Wikipedia: the pharaonic era ends with the Roman conquest of Egypt in 30 BC; Oxford History chronology begins the Early Dynastic Period c.3000 BC and the Roman Period in 30 BC. (https://en.wikipedia.org/wiki/Ancient_Egypt https://archive.org/stream/TheOxfordHistoryOfAncient/The+Oxford+History+of+Ancient_djvu.txt)",""
"fact.ancient_egypt.unification_date","source.met_egypt_educators","unverified","Upper and Lower Egypt became one kingdom around 3100 to 3000 BCE: the Met dates unification to about 3100 BCE, and the Oxford History starts the First Dynasty about 3000 BCE.","https://resources.metmuseum.org/resources/metpublications/pdf/The_Art_of_Ancient_Egypt_A_Resource_for_Educators.pdf","L1 card.ancient_egypt.001.c2; L7 card.ancient_egypt.007.c4; L8 card.ancient_egypt.008.c1; L9 card.ancient_egypt.009.c4; L10 card.ancient_egypt.010.c2; L15 card.ancient_egypt.015.c1; L41 card.ancient_egypt.041.c4","L41 question.ancient_egypt.041.q3; L77 question.ancient_egypt.077.q3","","","","","","corroborated","Met Heilbrunn keyword page: Early Dynastic Period c.3100-2649 BC, with Egypt unified at the start of Dynasty 1; the Oxford History chronology places Narmer and Dynasty 1 around 3000 BC. (https://www.metmuseum.org/toah/keywords/early-dynastic-period-in-egypt https://archive.org/stream/TheOxfordHistoryOfAncient/The+Oxford+History+of+Ancient_djvu.txt)",""
"fact.ancient_egypt.unification_date","source.oup_oxford_history_egypt","unverified","Upper and Lower Egypt became one kingdom around 3100 to 3000 BCE: the Met dates unification to about 3100 BCE, and the Oxford History starts the First Dynasty about 3000 BCE.","https://global.oup.com/academic/product/the-oxford-history-of-ancient-egypt-9780192804587","L1 card.ancient_egypt.001.c2; L7 card.ancient_egypt.007.c4; L8 card.ancient_egypt.008.c1; L9 card.ancient_egypt.009.c4; L10 card.ancient_egypt.010.c2; L15 card.ancient_egypt.015.c1; L41 card.ancient_egypt.041.c4","L41 question.ancient_egypt.041.q3; L77 question.ancient_egypt.077.q3","","","","","","corroborated","Met Heilbrunn keyword page: Early Dynastic Period c.3100-2649 BC, with Egypt unified at the start of Dynasty 1; the Oxford History chronology places Narmer and Dynasty 1 around 3000 BC. (https://www.metmuseum.org/toah/keywords/early-dynastic-period-in-egypt https://archive.org/stream/TheOxfordHistoryOfAncient/The+Oxford+History+of+Ancient_djvu.txt)",""
"fact.ancient_egypt.cleopatra_moon_pyramid","source.brit_cleopatra","unverified","Cleopatra, who died in 30 BCE, lived closer in time to the 1969 Moon landing than to the building of Khufu’s Great Pyramid, completed by the early 25th century BCE.","https://www.britannica.com/biography/Cleopatra-queen-of-Egypt","L1 card.ancient_egypt.001.c1; L80 card.ancient_egypt.080.c2; L94 card.ancient_egypt.094.c4","L1 question.ancient_egypt.001.q3; L80 question.ancient_egypt.080.q5","","","","","","corroborated","WorldAtlas: Great Pyramid completed around 2560 BC, Cleopatra lived in the 1st century BC, Moon landing 1969, so she was closer to the Moon landing. Also holds with Britannica's later date (early 25th century BCE): about 2,450 years versus 1,999. (https://www.worldatlas.com/articles/so-cleopatra-lived-closer-in-time-to-the-first-lunar-landing-than-the-great-pyramids.html)","one-page"
"fact.ancient_egypt.cleopatra_moon_pyramid","source.nasa_apollo11","unverified","Cleopatra, who died in 30 BCE, lived closer in time to the 1969 Moon landing than to the building of Khufu’s Great Pyramid, completed by the early 25th century BCE.","https://www.nasa.gov/mission/apollo-11/","L1 card.ancient_egypt.001.c1; L80 card.ancient_egypt.080.c2; L94 card.ancient_egypt.094.c4","L1 question.ancient_egypt.001.q3; L80 question.ancient_egypt.080.q5","","","","","","corroborated","WorldAtlas: Great Pyramid completed around 2560 BC, Cleopatra lived in the 1st century BC, Moon landing 1969, so she was closer to the Moon landing. Also holds with Britannica's later date (early 25th century BCE): about 2,450 years versus 1,999. (https://www.worldatlas.com/articles/so-cleopatra-lived-closer-in-time-to-the-first-lunar-landing-than-the-great-pyramids.html)","one-page"
"fact.ancient_egypt.cleopatra_moon_pyramid","source.brit_great_pyramid","unverified","Cleopatra, who died in 30 BCE, lived closer in time to the 1969 Moon landing than to the building of Khufu’s Great Pyramid, completed by the early 25th century BCE.","https://www.britannica.com/topic/Great-Pyramid-of-Giza","L1 card.ancient_egypt.001.c1; L80 card.ancient_egypt.080.c2; L94 card.ancient_egypt.094.c4","L1 question.ancient_egypt.001.q3; L80 question.ancient_egypt.080.q5","","","","","","corroborated","WorldAtlas: Great Pyramid completed around 2560 BC, Cleopatra lived in the 1st century BC, Moon landing 1969, so she was closer to the Moon landing. Also holds with Britannica's later date (early 25th century BCE): about 2,450 years versus 1,999. (https://www.worldatlas.com/articles/so-cleopatra-lived-closer-in-time-to-the-first-lunar-landing-than-the-great-pyramids.html)","one-page"
"fact.ancient_egypt.egypt_little_rain","source.brit_nile_climate","unverified","Egypt gets very little rain: a little over an inch a year at Cairo and less than an inch in Upper Egypt.","https://www.britannica.com/place/Nile-River/Climate-and-hydrology","L2 card.ancient_egypt.002.c1","","","","","","","corroborated","Climate summaries: rainfall decreases southward from about eight inches on the coast to a little over an inch at Cairo; Aswan and the south are almost rainless. (https://www.climatestotravel.com/climate/egypt https://en.climate-data.org/africa/egypt-143/)",""
"fact.ancient_egypt.nile_flood_ethiopia_rains","source.met_egypt_educators","unverified","The Nile flooded Egypt each year, roughly from July to October, because of heavy summer monsoon rains far to the south in Ethiopia.","https://resources.metmuseum.org/resources/metpublications/pdf/The_Art_of_Ancient_Egypt_A_Resource_for_Educators.pdf","L2 card.ancient_egypt.002.c2; L10 card.ancient_egypt.010.c3","L2 question.ancient_egypt.002.q3; L10 question.ancient_egypt.010.q5","","","","","","corroborated","Nature Communications: the Nile summer flood, driven by monsoon rainfall in the Ethiopian highlands, peaked August to September and receded by the end of October. (https://www.nature.com/articles/s41467-017-00957-y https://www.livius.org/articles/place/nile/)",""
"fact.ancient_egypt.nile_flood_ethiopia_rains","source.brit_nile_climate","unverified","The Nile flooded Egypt each year, roughly from July to October, because of heavy summer monsoon rains far to the south in Ethiopia.","https://www.britannica.com/place/Nile-River/Climate-and-hydrology","L2 card.ancient_egypt.002.c2; L10 card.ancient_egypt.010.c3","L2 question.ancient_egypt.002.q3; L10 question.ancient_egypt.010.q5","","","","","","corroborated","Nature Communications: the Nile summer flood, driven by monsoon rainfall in the Ethiopian highlands, peaked August to September and receded by the end of October. (https://www.nature.com/articles/s41467-017-00957-y https://www.livius.org/articles/place/nile/)",""
"fact.ancient_egypt.nile_flood_blue_nile","source.brit_nile_climate","unverified","The Blue Nile, which rises in the Ethiopian highlands, plays the biggest part in bringing the Nile flood to Egypt.","https://www.britannica.com/place/Nile-River/Climate-and-hydrology","L2 card.ancient_egypt.002.c2","L2 question.ancient_egypt.002.q3","","","","","","corroborated","National Geographic Education: the Blue Nile supplies most of the water that flows into the Nile; Wikipedia: the Blue Nile rises at Lake Tana in Ethiopia and supplies about 85.6% of the Nile's water in the rainy season. (https://education.nationalgeographic.org/resource/nile-river/ https://en.wikipedia.org/wiki/Blue_Nile)",""
"fact.ancient_egypt.nile_flood_blue_nile","source.carnegie_egypt_nile","unverified","The Blue Nile, which rises in the Ethiopian highlands, plays the biggest part in bringing the Nile flood to Egypt.","https://carnegiemnh.org/egypt-and-the-nile/","L2 card.ancient_egypt.002.c2","L2 question.ancient_egypt.002.q3","","","","","","corroborated","National Geographic Education: the Blue Nile supplies most of the water that flows into the Nile; Wikipedia: the Blue Nile rises at Lake Tana in Ethiopia and supplies about 85.6% of the Nile's water in the rainy season. (https://education.nationalgeographic.org/resource/nile-river/ https://en.wikipedia.org/wiki/Blue_Nile)",""
"fact.ancient_egypt.nile_flood_silt","source.natgeo_nile_flooding","unverified","As the flood drained away it left dark, fertile silt on the fields, a natural fertilizer that let Egypt support a dense population and prosperous cities.","https://www.nationalgeographic.com/history/article/nile-flooding-ancient-egypt","L2 card.ancient_egypt.002.c3; L2 card.ancient_egypt.002.c1; L3 card.ancient_egypt.003.c2; L10 card.ancient_egypt.010.c3; L88 card.ancient_egypt.088.c4","L2 question.ancient_egypt.002.q1; L3 question.ancient_egypt.003.q3; L10 question.ancient_egypt.010.q5; L88 question.ancient_egypt.088.q3","","","","","","corroborated","National Geographic Education: rich soil along the Nile thanks to annual flooding that deposits silt; Carnegie Museum: the floodplain, water and silt provided the foundation for civilization. (https://education.nationalgeographic.org/resource/nile-river/ https://carnegiemnh.org/egypt-and-the-nile/)",""
"fact.ancient_egypt.nile_flood_too_low_high","source.natgeo_nile_flooding","unverified","A flood that was too low left some fields dry and could bring hunger; a flood that was too high could wipe out villages.","https://www.nationalgeographic.com/history/article/nile-flooding-ancient-egypt","L2 card.ancient_egypt.002.c3; L14 card.ancient_egypt.014.c3","L2 question.ancient_egypt.002.q1; L3 question.ancient_egypt.003.q3; L10 question.ancient_egypt.010.q5; L88 question.ancient_egypt.088.q3","","","","","","corroborated","Archaeology magazine: an insufficient flood meant water did not reach all arable land, often resulting in famine; overflooding could destroy infrastructure. (https://archaeology.org/issues/march-april-2023/collection/egypt-thmuis-nilometer/the-ancient-promise-of-water/)","one-page"
"fact.ancient_egypt.nile_flood_gift_of_gods","source.met_egypt_educators","unverified","Egyptians believed the flood was a gift of the gods; if it was too great or too small, they blamed an angry river or a king who had neglected his duties, not the weather far to the south.","https://resources.metmuseum.org/resources/metpublications/pdf/The_Art_of_Ancient_Egypt_A_Resource_for_Educators.pdf","L2 card.ancient_egypt.002.c4; L31 card.ancient_egypt.031.c2","L2 question.ancient_egypt.002.q2; L2 question.ancient_egypt.002.q3; L11 question.ancient_egypt.011.q3; L31 question.ancient_egypt.031.q3; L44 question.ancient_egypt.044.q3; L56 question.ancient_egypt.056.q3; L84 question.ancient_egypt.084.q3; L100 question.ancient_egypt.100.q9","","","","","","corroborated","National Geographic: Egyptians attributed the river's rise to the god Hapy, whose yearly arrival was celebrated; the flood was anxiously awaited and deeply revered. (https://www.nationalgeographic.com/history/article/nile-flooding-ancient-egypt)","one-page"
"fact.ancient_egypt.herodotus_gift_of_river","source.perseus_herodotus_histories","unverified","The Greek historian Herodotus, who visited Egypt in the 5th century BCE, called the Egypt the Greeks sailed to ‘the gift of the river’ (usually quoted as ‘the gift of the Nile’), meaning land built up by the Nile.","https://www.perseus.tufts.edu/hopper/text?doc=Perseus:text:1999.01.0126:book=2:chapter=5","L2 card.ancient_egypt.002.c4; L56 card.ancient_egypt.056.c4; L75 card.ancient_egypt.075.c4; L84 card.ancient_egypt.084.c3; L98 card.ancient_egypt.098.c2","L2 question.ancient_egypt.002.q2; L2 question.ancient_egypt.002.q3; L11 question.ancient_egypt.011.q3; L31 question.ancient_egypt.031.q3; L44 question.ancient_egypt.044.q3; L56 question.ancient_egypt.056.q3; L84 question.ancient_egypt.084.q3; L100 question.ancient_egypt.100.q9","","","","","","corroborated","Herodotus Histories 2.5: the Egypt to which the Greeks sail is land acquired by the Egyptians, the gift of the river; Herodotus's account of Egypt dates to the 450s BCE. (https://lexundria.com/hdt/2.5/mcly https://en.wikisource.org/wiki/The_History_of_Herodotus_(Rawlinson)/Book_2)",""
"fact.ancient_egypt.herodotus_gift_of_river","source.carnegie_egypt_nile","unverified","The Greek historian Herodotus, who visited Egypt in the 5th century BCE, called the Egypt the Greeks sailed to ‘the gift of the river’ (usually quoted as ‘the gift of the Nile’), meaning land built up by the Nile.","https://carnegiemnh.org/egypt-and-the-nile/","L2 card.ancient_egypt.002.c4; L56 card.ancient_egypt.056.c4; L75 card.ancient_egypt.075.c4; L84 card.ancient_egypt.084.c3; L98 card.ancient_egypt.098.c2","L2 question.ancient_egypt.002.q2; L2 question.ancient_egypt.002.q3; L11 question.ancient_egypt.011.q3; L31 question.ancient_egypt.031.q3; L44 question.ancient_egypt.044.q3; L56 question.ancient_egypt.056.q3; L84 question.ancient_egypt.084.q3; L100 question.ancient_egypt.100.q9","","","","","","corroborated","Herodotus Histories 2.5: the Egypt to which the Greeks sail is land acquired by the Egyptians, the gift of the river; Herodotus's account of Egypt dates to the 450s BCE. (https://lexundria.com/hdt/2.5/mcly https://en.wikisource.org/wiki/The_History_of_Herodotus_(Rawlinson)/Book_2)",""
"fact.ancient_egypt.kemet_black_land","source.natgeo_nile_flooding","unverified","Egyptians called their country Kemet, ‘the black land,’ after the dark, fertile silt of the Nile valley.","https://www.nationalgeographic.com/history/article/nile-flooding-ancient-egypt","L3 card.ancient_egypt.003.c1; L3 card.ancient_egypt.003.c2; L10 card.ancient_egypt.010.c3","L3 question.ancient_egypt.003.q1; L3 question.ancient_egypt.003.q3; L4 question.ancient_egypt.004.q3; L10 question.ancient_egypt.010.q3; L100 question.ancient_egypt.100.q2","","","","","","corroborated","National Geographic: Egypt was known as Kemet, 'black land', after the dark fertile silt of the flood; Wikipedia: Deshret was the Red Land either side of Kemet (Black Land), the fertile Nile basin. (https://www.nationalgeographic.com/history/article/nile-flooding-ancient-egypt https://en.wikipedia.org/wiki/Deshret)",""
"fact.ancient_egypt.kemet_black_land","source.carnegie_egypt_nile","unverified","Egyptians called their country Kemet, ‘the black land,’ after the dark, fertile silt of the Nile valley.","https://carnegiemnh.org/egypt-and-the-nile/","L3 card.ancient_egypt.003.c1; L3 card.ancient_egypt.003.c2; L10 card.ancient_egypt.010.c3","L3 question.ancient_egypt.003.q1; L3 question.ancient_egypt.003.q3; L4 question.ancient_egypt.004.q3; L10 question.ancient_egypt.010.q3; L100 question.ancient_egypt.100.q2","","","","","","corroborated","National Geographic: Egypt was known as Kemet, 'black land', after the dark fertile silt of the flood; Wikipedia: Deshret was the Red Land either side of Kemet (Black Land), the fertile Nile basin. (https://www.nationalgeographic.com/history/article/nile-flooding-ancient-egypt https://en.wikipedia.org/wiki/Deshret)",""
"fact.ancient_egypt.deshret_red_land","source.carnegie_egypt_nile","unverified","Deshret, ‘the red land,’ was the Egyptian name for the hot, dry desert around the valley.","https://carnegiemnh.org/egypt-and-the-nile/","L3 card.ancient_egypt.003.c1; L3 card.ancient_egypt.003.c3; L33 card.ancient_egypt.033.c2; L51 card.ancient_egypt.051.c3","L21 question.ancient_egypt.021.q3; L33 question.ancient_egypt.033.q3; L35 question.ancient_egypt.035.q3; L51 question.ancient_egypt.051.q3; L64 question.ancient_egypt.064.q3; L96 question.ancient_egypt.096.q3; L100 question.ancient_egypt.100.q2","","","","","","corroborated","Wikipedia: the word Deshret referred to the desert Red Land on either side of Kemet (Black Land), the fertile Nile river basin. (https://en.wikipedia.org/wiki/Deshret)","one-page weak-pages"
"fact.ancient_egypt.nile_valley_farmland_width","source.brit_nile_valley","unverified","Between Cairo and Aswan, the Nile valley’s farmland is mostly 8 to 16 km wide, narrowing in places to a few hundred meters.","https://www.britannica.com/place/Nile-Valley","L3 card.ancient_egypt.003.c2","L3 question.ancient_egypt.003.q1; L3 question.ancient_egypt.003.q3; L4 question.ancient_egypt.004.q3; L100 question.ancient_egypt.100.q2","","","","","","corroborated","Britannica Nile Valley page: the cultivated valley between Cairo and Aswan varies from 5 to 10 miles (8 to 16 km) wide, narrowing in places to a few hundred yards. (https://www.britannica.com/place/Nile-Valley)","one-page"
"fact.ancient_egypt.cities_need_water","source.carnegie_egypt_nile","unverified","Egyptian cities could flourish only in the Nile valley, the Delta or desert oases, where people had water and good land.","https://carnegiemnh.org/egypt-and-the-nile/","L3 card.ancient_egypt.003.c3; L5 card.ancient_egypt.005.c4","L5 question.ancient_egypt.005.q3; L21 question.ancient_egypt.021.q3; L33 question.ancient_egypt.033.q3; L35 question.ancient_egypt.035.q3; L51 question.ancient_egypt.051.q3; L64 question.ancient_egypt.064.q3; L96 question.ancient_egypt.096.q3","","","","","","corroborated","National Geographic Education: today 95 percent of Egyptians live within a few miles of the Nile; settlement has always followed the river. (https://education.nationalgeographic.org/resource/nile-river/)","one-page"
"fact.ancient_egypt.desert_cemeteries","source.carnegie_egypt_nile","unverified","The desert’s dry climate made it an ideal place for cemeteries.","https://carnegiemnh.org/egypt-and-the-nile/","L3 card.ancient_egypt.003.c3; L3 card.ancient_egypt.003.c1; L21 card.ancient_egypt.021.c2; L35 card.ancient_egypt.035.c1; L51 card.ancient_egypt.051.c3; L64 card.ancient_egypt.064.c2","L21 question.ancient_egypt.021.q3; L33 question.ancient_egypt.033.q3; L35 question.ancient_egypt.035.q3; L51 question.ancient_egypt.051.q3; L64 question.ancient_egypt.064.q3; L96 question.ancient_egypt.096.q3; L100 question.ancient_egypt.100.q2","","","","","","corroborated","Spurlock Museum and Ancient Egypt Online: early Egyptians buried their dead in pits in the hot, dry desert sand, which dried and preserved the bodies. (https://www.spurlock.illinois.edu/exhibits/online/mummification/history.html https://ancientegyptonline.co.uk/prehistoricburials/)",""
"fact.ancient_egypt.egypt_natural_borders","source.met_egypt_educators","unverified","Egypt had a favorable and secure location, bordered by deserts to the west and east, the Mediterranean Sea to the north and the First Cataract of the Nile at Aswan to the south.","https://resources.metmuseum.org/resources/metpublications/pdf/The_Art_of_Ancient_Egypt_A_Resource_for_Educators.pdf","L3 card.ancient_egypt.003.c4; L5 card.ancient_egypt.005.c4; L10 card.ancient_egypt.010.c3; L88 card.ancient_egypt.088.c4","L3 question.ancient_egypt.003.q2; L5 question.ancient_egypt.005.q3; L10 question.ancient_egypt.010.q3","","","","","","corroborated","Deserts on the east and west served as barriers against invaders; Wikipedia: the First Cataract served as a natural southern border for most of Egyptian history. (https://www.vaia.com/en-us/explanations/archaeology/egyptology/ancient-egypt-geography/ https://en.wikipedia.org/wiki/Cataracts_of_the_Nile)",""
"fact.ancient_egypt.egypt_trade_routes","source.met_egypt_educators","unverified","Egypt was not isolated: it was a center for trade routes to and from western Asia, the Mediterranean and central Africa.","https://resources.metmuseum.org/resources/metpublications/pdf/The_Art_of_Ancient_Egypt_A_Resource_for_Educators.pdf","L3 card.ancient_egypt.003.c4","L3 question.ancient_egypt.003.q2; L5 question.ancient_egypt.005.q3; L10 question.ancient_egypt.010.q3","","","","","","corroborated","Wikipedia: Egyptians traded with the Levant and Mesopotamia from Naqada II, with Nubia to the south and with the eastern Mediterranean and Near East. (https://en.wikipedia.org/wiki/Ancient_Egypt)","one-page weak-pages"
"fact.ancient_egypt.three_seasons","source.brit_akhet","unverified","The Egyptian year had three seasons of four months each: Akhet, the inundation; Peret, when the land emerged from the flood; and Shemu, when water was low.","https://www.britannica.com/science/akhet","L4 card.ancient_egypt.004.c1; L4 card.ancient_egypt.004.c2; L45 card.ancient_egypt.045.c2; L45 card.ancient_egypt.045.c3; L58 card.ancient_egypt.058.c3","L4 question.ancient_egypt.004.q1; L4 question.ancient_egypt.004.q2; L45 question.ancient_egypt.045.q3; L58 question.ancient_egypt.058.q3; L100 question.ancient_egypt.100.q1","","","","","","corroborated","The civil calendar had 365 days in three seasons of four 30-day months: Akhet (inundation), Peret (growth) and Shemu (harvest/low water). (https://study.com/academy/lesson/egypts-three-predictable-seasons.html https://egyptianstreets.com/2022/01/28/a-year-in-three-seasons-ancient-egypts-calendar/)",""
"fact.ancient_egypt.farming_cycle","source.met_egypt_educators","unverified","When the floodwaters receded and left rich soil on the fields, planting and harvesting followed, then a dry season of low water until the next flood.","https://resources.metmuseum.org/resources/metpublications/pdf/The_Art_of_Ancient_Egypt_A_Resource_for_Educators.pdf","L4 card.ancient_egypt.004.c2; L4 card.ancient_egypt.004.c3; L4 card.ancient_egypt.004.c4; L58 card.ancient_egypt.058.c3","L4 question.ancient_egypt.004.q1; L4 question.ancient_egypt.004.q2; L4 question.ancient_egypt.004.q3; L36 question.ancient_egypt.036.q3; L45 question.ancient_egypt.045.q3; L52 question.ancient_egypt.052.q3; L53 question.ancient_egypt.053.q3; L58 question.ancient_egypt.058.q3; L60 question.ancient_egypt.060.q5; L100 question.ancient_egypt.100.q1","","","","","","corroborated","Nature Communications: as floodwaters receded, farmers were left with well-watered, fertile soil to plant; the flood receded by end of October, when sowing began. (https://www.nature.com/articles/s41467-017-00957-y)","one-page"
"fact.ancient_egypt.plow_and_sheep","source.brit_agriculture_nile","unverified","Egyptian farmers tilled with a wooden plow drawn by an ox or a donkey, and seed was sown from a funnel on the plow or trodden into the soil by sheep.","https://www.britannica.com/topic/agriculture/The-Nile-valley","L4 card.ancient_egypt.004.c3","L4 question.ancient_egypt.004.q2; L100 question.ancient_egypt.100.q1","","","","","","corroborated","Wikipedia: wooden plows, often drawn by oxen, broke the soil; Old Kingdom tomb scenes show flocks of sheep trampling sown seed, e.g. a Saqqara tomb of about 2400 BCE. (https://en.wikipedia.org/wiki/Ancient_Egyptian_agriculture https://hort.purdue.edu/newcrop/Hort_306/text/lec06.pdf)",""
"fact.ancient_egypt.main_crops","source.brit_agriculture_nile","unverified","Egypt’s main crops were emmer wheat and six-rowed barley, along with lentils, beans, flax and onions.","https://www.britannica.com/topic/agriculture/The-Nile-valley","L4 card.ancient_egypt.004.c4; L14 card.ancient_egypt.014.c2; L52 card.ancient_egypt.052.c2; L56 card.ancient_egypt.056.c2","L4 question.ancient_egypt.004.q3; L36 question.ancient_egypt.036.q3; L52 question.ancient_egypt.052.q3; L53 question.ancient_egypt.053.q3; L60 question.ancient_egypt.060.q5","","","","","","corroborated","Wikipedia: diets revolved around cereals, with emmer wheat and barley major grains; beans, lentils and onions were staples and flax an important crop. (https://en.wikipedia.org/wiki/Ancient_Egyptian_agriculture)","one-page weak-pages"
"fact.ancient_egypt.sickle_harvest","source.brit_agriculture_nile","unverified","Egyptian farmers cut their crops with sickles.","https://www.britannica.com/topic/agriculture/The-Nile-valley","L4 card.ancient_egypt.004.c4; L36 card.ancient_egypt.036.c4","L4 question.ancient_egypt.004.q3; L36 question.ancient_egypt.036.q3; L52 question.ancient_egypt.052.q3; L53 question.ancient_egypt.053.q3; L60 question.ancient_egypt.060.q5","","","","","","corroborated","Wikipedia: harvesting was commonly performed using sickles fitted with flint blades. (https://en.wikipedia.org/wiki/Ancient_Egyptian_agriculture)","one-page weak-pages"
"fact.ancient_egypt.flax_linen","source.brit_agriculture_nile","unverified","Early Egyptian farmers grew flax and wove it into linen.","https://www.britannica.com/topic/agriculture/The-Nile-valley","L4 card.ancient_egypt.004.c4; L35 card.ancient_egypt.035.c4; L53 card.ancient_egypt.053.c2","L4 question.ancient_egypt.004.q3; L36 question.ancient_egypt.036.q3; L52 question.ancient_egypt.052.q3; L53 question.ancient_egypt.053.q3; L60 question.ancient_egypt.060.q5","","","","","","corroborated","Wikipedia: flax was an important crop used for rope and for linen, the Egyptians' principal material for clothing. (https://en.wikipedia.org/wiki/Ancient_Egyptian_agriculture)","one-page weak-pages"
"fact.ancient_egypt.nile_flows_north","source.brit_nile_river","unverified","The Nile flows north through northeastern Africa into the Mediterranean Sea.","https://www.britannica.com/place/Nile-River","L5 card.ancient_egypt.005.c2; L6 card.ancient_egypt.006.c2","L5 question.ancient_egypt.005.q1; L5 question.ancient_egypt.005.q2; L6 question.ancient_egypt.006.q3","","","","","","corroborated","National Geographic Education: the Nile flows from south to north through northeastern Africa. (https://education.nationalgeographic.org/resource/nile-river/)","one-page"
"fact.ancient_egypt.north_wind_sail_south","source.met_egypt_educators","unverified","Egypt’s prevailing wind blew from the north, so boats going south, upstream, could sail with the wind behind them, while boats going north used the current and oars against the wind.","https://resources.metmuseum.org/resources/metpublications/pdf/The_Art_of_Ancient_Egypt_A_Resource_for_Educators.pdf","L5 card.ancient_egypt.005.c1; L5 card.ancient_egypt.005.c2; L5 card.ancient_egypt.005.c3; L10 card.ancient_egypt.010.c3","L5 question.ancient_egypt.005.q1; L5 question.ancient_egypt.005.q2; L6 question.ancient_egypt.006.q3","","","","","","corroborated","The prevailing winds of the Nile valley come from the north, so sailing boats went south with the wind, while boats travelling north relied on oars and the current. (https://en.wikipedia.org/wiki/Sail_(hieroglyph) https://egypt.mrdonn.org/squaresails.html)",""
"fact.ancient_egypt.meketre_boat_model","source.met_egypt_educators","unverified","A wooden model riverboat from the tomb of the official Meketre at Thebes, from about 1985 BCE and now at the Met, shows twelve oarsmen rowing it downstream with the mast down.","https://resources.metmuseum.org/resources/metpublications/pdf/The_Art_of_Ancient_Egypt_A_Resource_for_Educators.pdf","L5 card.ancient_egypt.005.c3; L52 card.ancient_egypt.052.c4","L5 question.ancient_egypt.005.q2","","","","","","corroborated","Met collection page 'Travelling Boat being Rowed': twelve oarsmen propel the boat; the mast was taken down because it is rowed downstream (north) against the prevailing north wind. (https://www.metmuseum.org/art/collection/search/544214)","one-page"
"fact.ancient_egypt.nile_main_highway","source.carnegie_egypt_nile","unverified","The Nile was an important highway: the easiest way to travel, and essential for mining expeditions, trade, building projects and everyday travel.","https://carnegiemnh.org/egypt-and-the-nile/","L5 card.ancient_egypt.005.c4; L5 card.ancient_egypt.005.c1; L26 card.ancient_egypt.026.c2; L32 card.ancient_egypt.032.c2","L5 question.ancient_egypt.005.q3; L7 question.ancient_egypt.007.q3; L15 question.ancient_egypt.015.q3; L26 question.ancient_egypt.026.q3; L32 question.ancient_egypt.032.q3; L62 question.ancient_egypt.062.q3; L68 question.ancient_egypt.068.q3; L83 question.ancient_egypt.083.q3; L98 question.ancient_egypt.098.q3","","","","","","corroborated","National Geographic Education: the river has served as an important transportation route for thousands of years; other summaries call the Nile ancient Egypt's highway. (https://education.nationalgeographic.org/resource/nile-river/ https://africame.factsanddetails.com/article/entry-1197.html)",""
"fact.ancient_egypt.first_cataract_rapids","source.brit_nile_physiography","unverified","The First Cataract at Aswan was a stretch of rock-strewn rapids that partly blocked the river, and it marked Egypt’s southern border.","https://www.britannica.com/place/Nile-River/Physiography","L5 card.ancient_egypt.005.c4; L15 card.ancient_egypt.015.c2; L62 card.ancient_egypt.062.c3; L83 card.ancient_egypt.083.c2","L5 question.ancient_egypt.005.q3; L7 question.ancient_egypt.007.q3; L15 question.ancient_egypt.015.q3; L26 question.ancient_egypt.026.q3; L32 question.ancient_egypt.032.q3; L62 question.ancient_egypt.062.q3; L68 question.ancient_egypt.068.q3; L83 question.ancient_egypt.083.q3; L98 question.ancient_egypt.098.q3","","","","","","corroborated","Wikipedia: cataracts form where granite outcrops cross the Nile, and the First Cataract served as a natural border for most of Egyptian history. (https://en.wikipedia.org/wiki/Cataracts_of_the_Nile)","one-page weak-pages"
"fact.ancient_egypt.first_cataract_rapids","source.met_egypt_educators","unverified","The First Cataract at Aswan was a stretch of rock-strewn rapids that partly blocked the river, and it marked Egypt’s southern border.","https://resources.metmuseum.org/resources/metpublications/pdf/The_Art_of_Ancient_Egypt_A_Resource_for_Educators.pdf","L5 card.ancient_egypt.005.c4; L15 card.ancient_egypt.015.c2; L62 card.ancient_egypt.062.c3; L83 card.ancient_egypt.083.c2","L5 question.ancient_egypt.005.q3; L7 question.ancient_egypt.007.q3; L15 question.ancient_egypt.015.q3; L26 question.ancient_egypt.026.q3; L32 question.ancient_egypt.032.q3; L62 question.ancient_egypt.062.q3; L68 question.ancient_egypt.068.q3; L83 question.ancient_egypt.083.q3; L98 question.ancient_egypt.098.q3","","","","","","corroborated","Wikipedia: cataracts form where granite outcrops cross the Nile, and the First Cataract served as a natural border for most of Egyptian history. (https://en.wikipedia.org/wiki/Cataracts_of_the_Nile)","one-page weak-pages"
"fact.ancient_egypt.upper_lower_by_flow","source.brit_upper_egypt","unverified","Upper Egypt was the southern Nile valley and Lower Egypt the northern Delta; the names follow the north-flowing river, so the south is upstream.","https://www.britannica.com/place/Upper-Egypt","L6 card.ancient_egypt.006.c1; L6 card.ancient_egypt.006.c2; L13 card.ancient_egypt.013.c3","L6 question.ancient_egypt.006.q1; L6 question.ancient_egypt.006.q3; L8 question.ancient_egypt.008.q3; L13 question.ancient_egypt.013.q3; L42 question.ancient_egypt.042.q3","","","","","","corroborated","Wikipedia: 'Upper' and 'Lower' derive from the flow of the Nile northwards to the Mediterranean; Upper Egypt is the valley, Lower Egypt the Delta. (https://en.wikipedia.org/wiki/Upper_and_Lower_Egypt)","one-page weak-pages"
"fact.ancient_egypt.delta_branches","source.brit_ancient_egypt","unverified","North of present-day Cairo, the Nile fans out into several branches, forming the Delta.","https://www.britannica.com/place/ancient-Egypt","L6 card.ancient_egypt.006.c2","L6 question.ancient_egypt.006.q1; L6 question.ancient_egypt.006.q3; L8 question.ancient_egypt.008.q3; L13 question.ancient_egypt.013.q3; L42 question.ancient_egypt.042.q3","","","","","","corroborated","Britannica Nile physiography: the river flows across the delta to the sea through distributary branches, today the Rosetta and Damietta. (https://www.britannica.com/place/Nile-River/Physiography)","one-page"
"fact.ancient_egypt.two_lands_separate","source.brit_upper_egypt","unverified","In late predynastic times, Upper Egypt and Lower Egypt were separate political lands.","https://www.britannica.com/place/Upper-Egypt","L6 card.ancient_egypt.006.c2","L6 question.ancient_egypt.006.q1; L6 question.ancient_egypt.006.q3; L8 question.ancient_egypt.008.q3; L13 question.ancient_egypt.013.q3; L42 question.ancient_egypt.042.q3","","","","","","corroborated","Wikipedia (Pharaoh): prior to the unification of Upper and Lower Egypt, the Red Crown represented the kingdom of Lower Egypt and the White Crown was worn by the kings of Upper Egypt. (https://en.wikipedia.org/wiki/Pharaoh)","one-page weak-pages"
"fact.ancient_egypt.white_red_crowns","source.brit_crowns_egypt","unverified","The crown of Upper Egypt was white and cone-shaped; the crown of Lower Egypt was red and flat, with a rising back and a spiral curl in front.","https://www.britannica.com/topic/crowns-of-Egypt","L6 card.ancient_egypt.006.c3; L12 card.ancient_egypt.012.c4; L75 card.ancient_egypt.075.c3","L6 question.ancient_egypt.006.q2; L10 question.ancient_egypt.010.q2; L12 question.ancient_egypt.012.q3; L85 question.ancient_egypt.085.q3","","","","","","corroborated","Wikipedia (Pschent): the double crown combined the White Hedjet of Upper Egypt and the Red Deshret of Lower Egypt; the Met glossary describes their shapes. (https://en.wikipedia.org/wiki/Pschent https://en.wikipedia.org/wiki/Hedjet)","weak-pages"
"fact.ancient_egypt.white_red_crowns","source.met_egypt_educators","unverified","The crown of Upper Egypt was white and cone-shaped; the crown of Lower Egypt was red and flat, with a rising back and a spiral curl in front.","https://resources.metmuseum.org/resources/metpublications/pdf/The_Art_of_Ancient_Egypt_A_Resource_for_Educators.pdf","L6 card.ancient_egypt.006.c3; L12 card.ancient_egypt.012.c4; L75 card.ancient_egypt.075.c3","L6 question.ancient_egypt.006.q2; L10 question.ancient_egypt.010.q2; L12 question.ancient_egypt.012.q3; L85 question.ancient_egypt.085.q3","","","","","","corroborated","Wikipedia (Pschent): the double crown combined the White Hedjet of Upper Egypt and the Red Deshret of Lower Egypt; the Met glossary describes their shapes. (https://en.wikipedia.org/wiki/Pschent https://en.wikipedia.org/wiki/Hedjet)","weak-pages"
"fact.ancient_egypt.double_crown","source.brit_crowns_egypt","unverified","Kings often wore the two crowns combined as the double crown, a symbol of Upper and Lower Egypt united under one king.","https://www.britannica.com/topic/crowns-of-Egypt","L6 card.ancient_egypt.006.c3; L85 card.ancient_egypt.085.c3","L6 question.ancient_egypt.006.q2; L10 question.ancient_egypt.010.q2; L12 question.ancient_egypt.012.q3; L85 question.ancient_egypt.085.q3","","","","","","corroborated","Wikipedia (Pschent): the double crown combined the white crown of Upper Egypt and the red crown of Lower Egypt, symbolizing rule over both lands. (https://en.wikipedia.org/wiki/Pschent)","one-page weak-pages"
"fact.ancient_egypt.double_crown","source.met_egypt_educators","unverified","Kings often wore the two crowns combined as the double crown, a symbol of Upper and Lower Egypt united under one king.","https://resources.metmuseum.org/resources/metpublications/pdf/The_Art_of_Ancient_Egypt_A_Resource_for_Educators.pdf","L6 card.ancient_egypt.006.c3; L85 card.ancient_egypt.085.c3","L6 question.ancient_egypt.006.q2; L10 question.ancient_egypt.010.q2; L12 question.ancient_egypt.012.q3; L85 question.ancient_egypt.085.q3","","","","","","corroborated","Wikipedia (Pschent): the double crown combined the white crown of Upper Egypt and the red crown of Lower Egypt, symbolizing rule over both lands. (https://en.wikipedia.org/wiki/Pschent)","one-page weak-pages"
"fact.ancient_egypt.king_title_upper_lower","source.brit_upper_egypt","unverified","After unification, every Egyptian king held the title ‘King of Upper and Lower Egypt.’","https://www.britannica.com/place/Upper-Egypt","L6 card.ancient_egypt.006.c3; L11 card.ancient_egypt.011.c2; L18 card.ancient_egypt.018.c2; L78 card.ancient_egypt.078.c2","L6 question.ancient_egypt.006.q2; L10 question.ancient_egypt.010.q2; L12 question.ancient_egypt.012.q3; L85 question.ancient_egypt.085.q3","","","","","","corroborated","Wikipedia (Pharaoh): the nesu-bity title, written with the sedge and the bee, is usually translated as king of Upper and Lower Egypt. (https://en.wikipedia.org/wiki/Pharaoh)","one-page weak-pages"
"fact.ancient_egypt.no_crown_found","source.brit_crowns_egypt","unverified","No actual Egyptian royal crown has survived, so what the crowns were made of is not known for certain; we know them from works of art.","https://www.britannica.com/topic/crowns-of-Egypt","L6 card.ancient_egypt.006.c4","","","","","","","corroborated","Wikipedia (Hedjet): as with the red crown, no example of the white crown has been found; how it was made and of what material is unknown. (https://en.wikipedia.org/wiki/Hedjet)","one-page weak-pages"
"fact.ancient_egypt.faiyum_first_farmers","source.brit_agriculture_nile","unverified","By about 5000 BCE, villages in the Faiyum kept sheep, goats and pigs and grew emmer wheat, barley and flax.","https://www.britannica.com/topic/agriculture/The-Nile-valley","L7 card.ancient_egypt.007.c2; L10 card.ancient_egypt.010.c2","L7 question.ancient_egypt.007.q1; L10 question.ancient_egypt.010.q1","","","","","","corroborated","Wikipedia: the Faiyum Neolithic gives the earliest securely dated evidence of barley, emmer and flax cultivation in Egypt, with sheep, goats and cattle dated to about 5350 to 5150 BC. (https://en.wikipedia.org/wiki/Faiyum_A_culture https://www.worldhistory.org/Fayum/)",""
"fact.ancient_egypt.animals_from_southwest_asia","source.brit_agriculture_nile","unverified","Farming in Egypt only intensified after domesticated animals were introduced from Southwest Asia.","https://www.britannica.com/topic/agriculture/The-Nile-valley","L7 card.ancient_egypt.007.c2","L7 question.ancient_egypt.007.q1; L10 question.ancient_egypt.010.q1","","","","","","corroborated","Research summary: Southwest Asian domesticates that diffused to Egypt include cattle, pig, goat and sheep; Wikipedia: sheep, not indigenous to Africa, were introduced from the Levant. (https://www.sciencedirect.com/science/article/abs/pii/S1040618215011039 https://en.wikipedia.org/wiki/Faiyum_A_culture)",""
"fact.ancient_egypt.badarian_pottery","source.brit_badarian","unverified","Around 4000 BCE, the Badarian farmers of Upper Egypt made thin-walled, well-fired, black-topped pottery that many regard as the best ever made in the Nile valley.","https://www.britannica.com/topic/Badarian-culture","L7 card.ancient_egypt.007.c3; L10 card.ancient_egypt.010.c2","L7 question.ancient_egypt.007.q2; L10 question.ancient_egypt.010.q1","","","","","","corroborated","Wikipedia: the Badarian culture of Upper Egypt (4400-4000 BC) made handmade, black-topped red pottery with a rippled surface, its most characteristic product. (https://en.wikipedia.org/wiki/Badarian_culture)","one-page weak-pages"
"fact.ancient_egypt.badarian_palettes","source.brit_badarian","unverified","The Badarians also made ivory combs and spoons and flat stone palettes.","https://www.britannica.com/topic/Badarian-culture","L7 card.ancient_egypt.007.c3","L7 question.ancient_egypt.007.q2","","","","","","corroborated","Spoons were already made in the Badarian period and carved of ivory; Wikipedia notes malachite traces on Badarian stone palettes and ivory grave goods. (https://www.fg-art.org/en/artwork-of-the-month-77/cosmetic-spoon https://en.wikipedia.org/wiki/Badarian_culture)",""
"fact.ancient_egypt.villages_to_towns","source.met_egypt_educators","unverified","Before the kings, Egypt went from early farming communities to towns, and the culture of Upper Egypt spread north into Lower Egypt, probably through trade.","https://resources.metmuseum.org/resources/metpublications/pdf/The_Art_of_Ancient_Egypt_A_Resource_for_Educators.pdf","L7 card.ancient_egypt.007.c4; L10 card.ancient_egypt.010.c3","L7 question.ancient_egypt.007.q3","","","","","","corroborated","Naqada culture summaries: in Naqada II people built towns, not just villages, and Naqada leaders expanded control northward along the Nile. (https://en.wikipedia.org/wiki/Ancient_Egypt https://www.livius.org/articles/concept/egypt/predynastic-egypt/)",""
"fact.ancient_egypt.boats_on_pots","source.carnegie_egypt_nile","unverified","Boats are among the earliest designs painted on Egyptian Predynastic pots, which date to about 3500 to 3300 BCE.","https://carnegiemnh.org/egypt-and-the-nile/","L7 card.ancient_egypt.007.c1; L7 card.ancient_egypt.007.c4; L10 card.ancient_egypt.010.c2","L7 question.ancient_egypt.007.q3; L10 question.ancient_egypt.010.q1","","","","","","corroborated","Wikipedia (Naqada II, c. 3500-3200 BC): pictures of boats with oars and cabins appear on decorated vessels, suggesting intense activity along the Nile. (https://en.wikipedia.org/wiki/Naqada_II)","one-page weak-pages"
"fact.ancient_egypt.menes_legend","source.brit_menes","unverified","Egyptian tradition named Menes as the first king of unified Egypt, who joined Upper and Lower Egypt and founded Memphis, which became the capital.","https://www.britannica.com/biography/Menes","L8 card.ancient_egypt.008.c2; L8 card.ancient_egypt.008.c1; L76 card.ancient_egypt.076.c3","L8 question.ancient_egypt.008.q3","","","","","","corroborated","Met Heilbrunn timeline: Egypt unified at the start of Dynasty 1 under a pharaoh with the mythical name Menes, with the capital at Memphis. (https://www.metmuseum.org/toah/keywords/early-dynastic-period-in-egypt)","one-page"
"fact.ancient_egypt.menes_legend","source.met_egypt_educators","unverified","Egyptian tradition named Menes as the first king of unified Egypt, who joined Upper and Lower Egypt and founded Memphis, which became the capital.","https://resources.metmuseum.org/resources/metpublications/pdf/The_Art_of_Ancient_Egypt_A_Resource_for_Educators.pdf","L8 card.ancient_egypt.008.c2; L8 card.ancient_egypt.008.c1; L76 card.ancient_egypt.076.c3","L8 question.ancient_egypt.008.q3","","","","","","corroborated","Met Heilbrunn timeline: Egypt unified at the start of Dynasty 1 under a pharaoh with the mythical name Menes, with the capital at Memphis. (https://www.metmuseum.org/toah/keywords/early-dynastic-period-in-egypt)","one-page"
"fact.ancient_egypt.menes_identity_unsettled","source.brit_menes","unverified","Menes is legendary: scholars have tried, without settling it, to match him with early kings such as Narmer and Aha, and he may stand for several kings.","https://www.britannica.com/biography/Menes","L8 card.ancient_egypt.008.c2","L8 question.ancient_egypt.008.q3","","","","","","corroborated","Wikipedia (Hor-Aha): some Egyptologists identify Aha with Menes, while others increasingly equate Menes with Narmer; the question remains debated. (https://en.wikipedia.org/wiki/Hor-Aha)","one-page weak-pages"
"fact.ancient_egypt.menes_identity_unsettled","source.met_egypt_educators","unverified","Menes is legendary: scholars have tried, without settling it, to match him with early kings such as Narmer and Aha, and he may stand for several kings.","https://resources.metmuseum.org/resources/metpublications/pdf/The_Art_of_Ancient_Egypt_A_Resource_for_Educators.pdf","L8 card.ancient_egypt.008.c2","L8 question.ancient_egypt.008.q3","","","","","","corroborated","Wikipedia (Hor-Aha): some Egyptologists identify Aha with Menes, while others increasingly equate Menes with Narmer; the question remains debated. (https://en.wikipedia.org/wiki/Hor-Aha)","one-page weak-pages"
"fact.ancient_egypt.narmer_palette_crowns","source.brit_narmer_palette","unverified","The Narmer Palette, a ceremonial palette found at Hierakonpolis in Upper Egypt and now in the Egyptian Museum in Cairo, shows Narmer in the white crown on one side and the red crown on the other.","https://www.britannica.com/topic/Narmer-Palette","L8 card.ancient_egypt.008.c3","L8 question.ancient_egypt.008.q1","","","","","","corroborated","Smarthistory: found at Hierakonpolis in the Temple of Horus; the king wears the White Crown on one side and the Red Crown on the other. Also listed in the Egyptian Ministry of Antiquities collection. (https://smarthistory.org/palette-of-king-narmer/ https://egymonuments.gov.eg/en/collections/narmer-palette-1)",""
"fact.ancient_egypt.narmer_palette_early_relief","source.brit_narmer_palette","unverified","The Narmer Palette dates to just before the First Dynasty and is one of the earliest examples of Egyptian relief sculpture.","https://www.britannica.com/topic/Narmer-Palette","L8 card.ancient_egypt.008.c3","L8 question.ancient_egypt.008.q1","","","","","","corroborated","World History Encyclopedia: the Narmer Palette is the earliest known example of the mature Egyptian style of relief carving, dated c. 3200-3000 BCE. (https://www.worldhistory.org/Narmer_Palette/)","one-page"
"fact.ancient_egypt.narmer_palette_debate","source.bas_narmer_palette","unverified","Scholars disagree about the Narmer Palette: some read it as a record of Narmer conquering the north, others as a ritual statement of conquest rather than a real event.","https://library.biblicalarchaeology.org/article/narmers-enigmatic-palette/","L8 card.ancient_egypt.008.c4","L8 question.ancient_egypt.008.q2","","","","","","corroborated","Wikipedia and EBSCO: whether the scenes record actual events is controversial; some scholars read a ritual affirmation of conquest, not a real event; no consensus. (https://en.wikipedia.org/wiki/Narmer_Palette https://www.ebsco.com/research-starters/history/narmer-palette/)",""
"fact.ancient_egypt.unification_gradual","source.met_egypt_educators","unverified","Egypt’s political unity seems to have come gradually, through a shared culture and a series of conflicts over several reigns, rather than one single conquest.","https://resources.metmuseum.org/resources/metpublications/pdf/The_Art_of_Ancient_Egypt_A_Resource_for_Educators.pdf","L8 card.ancient_egypt.008.c4; L10 card.ancient_egypt.010.c3","L8 question.ancient_egypt.008.q2","","","","","","corroborated","EBSCO: scholars debate whether Narmer united Egypt by conquest or through a gradual political process; the palette may represent the idea of unification. (https://www.ebsco.com/research-starters/history/narmer-palette/)","one-page"
"fact.ancient_egypt.unification_gradual","source.brit_menes","unverified","Egypt’s political unity seems to have come gradually, through a shared culture and a series of conflicts over several reigns, rather than one single conquest.","https://www.britannica.com/biography/Menes","L8 card.ancient_egypt.008.c4; L10 card.ancient_egypt.010.c3","L8 question.ancient_egypt.008.q2","","","","","","corroborated","EBSCO: scholars debate whether Narmer united Egypt by conquest or through a gradual political process; the palette may represent the idea of unification. (https://www.ebsco.com/research-starters/history/narmer-palette/)","one-page"
"fact.ancient_egypt.regnal_years","source.met_egypt_educators","unverified","Egyptians did not count years from one fixed starting point; they counted the years of each king’s reign.","https://resources.metmuseum.org/resources/metpublications/pdf/The_Art_of_Ancient_Egypt_A_Resource_for_Educators.pdf","L9 card.ancient_egypt.009.c1; L9 card.ancient_egypt.009.c2","L9 question.ancient_egypt.009.q2; L76 question.ancient_egypt.076.q3","","","","","","corroborated","Wikipedia (Egyptian chronology): forming the backbone of Egyptian chronology are the regnal years recorded in king lists. (https://en.wikipedia.org/wiki/Egyptian_chronology)","one-page weak-pages"
"fact.ancient_egypt.king_lists_flawed","source.met_egypt_educators","unverified","The few surviving Egyptian king lists are broken in places, leave out some controversial rulers and list some rival dynasties as if they ruled one after another.","https://resources.metmuseum.org/resources/metpublications/pdf/The_Art_of_Ancient_Egypt_A_Resource_for_Educators.pdf","L9 card.ancient_egypt.009.c2; L76 card.ancient_egypt.076.c3","L9 question.ancient_egypt.009.q2; L76 question.ancient_egypt.076.q3","","","","","","corroborated","Wikipedia (Egyptian chronology): surviving king lists are either comprehensive but with significant gaps in their text, or incomplete. (https://en.wikipedia.org/wiki/Egyptian_chronology)","one-page weak-pages"
"fact.ancient_egypt.manetho_dynasties","source.brit_manetho","unverified","Around 300 BCE, the Egyptian priest Manetho wrote a history of Egypt in Greek that divided its rulers into 30 dynasties.","https://www.britannica.com/biography/Manetho","L9 card.ancient_egypt.009.c3; L87 card.ancient_egypt.087.c3","L9 question.ancient_egypt.009.q1; L9 question.ancient_egypt.009.q3; L87 question.ancient_egypt.087.q3; L100 question.ancient_egypt.100.q4","","","","","","corroborated","Wikipedia: the dynastic divisions come from the 3rd-century BC Egyptian priest Manetho, whose Aegyptiaca was written for a Greek-speaking Ptolemaic ruler; the Met glossary counts thirty dynasties. (https://en.wikipedia.org/wiki/Dynasties_of_ancient_Egypt)","one-page weak-pages"
"fact.ancient_egypt.manetho_grouping","source.oup_oxford_history_egypt","unverified","Manetho grouped kings into dynasties by factors such as family ties or the location of their main royal residence.","https://global.oup.com/academic/product/the-oxford-history-of-ancient-egypt-9780192804587","L9 card.ancient_egypt.009.c3","L9 question.ancient_egypt.009.q1; L9 question.ancient_egypt.009.q3; L87 question.ancient_egypt.087.q3; L100 question.ancient_egypt.100.q4","","","","","","corroborated","Manetho's dynasties are labelled by the place their rulers came from or reigned; he could start a new dynasty when the royal court moved. (https://www.francescoraffaele.com/egypt/hesyra/dynasty.htm https://www.egypttoday.com/Article/4/111534/How-Manetho-divided-the-Pharaonic-families-depending-on-the-lists)",""
"fact.ancient_egypt.manetho_fragments","source.brit_manetho","unverified","Manetho’s history survives only in fragments quoted by later writers, yet his 30 dynasties are still the basic framework of Egyptian history.","https://www.britannica.com/biography/Manetho","L9 card.ancient_egypt.009.c3","L9 question.ancient_egypt.009.q1; L9 question.ancient_egypt.009.q3; L87 question.ancient_egypt.087.q3; L100 question.ancient_egypt.100.q4","","","","","","corroborated","Wikipedia: Manetho's history survives only in fragments and summaries, yet his dynastic divisions are still widely used. (https://en.wikipedia.org/wiki/Dynasties_of_ancient_Egypt)","one-page weak-pages"
"fact.ancient_egypt.dynasties_into_kingdoms","source.met_egypt_educators","unverified","Historians group Egypt’s dynasties into larger periods: the Old, Middle and New Kingdoms and the Intermediate Periods between them.","https://resources.metmuseum.org/resources/metpublications/pdf/The_Art_of_Ancient_Egypt_A_Resource_for_Educators.pdf","L9 card.ancient_egypt.009.c3","L9 question.ancient_egypt.009.q1; L9 question.ancient_egypt.009.q3; L87 question.ancient_egypt.087.q3; L100 question.ancient_egypt.100.q4","","","","","","corroborated","Wikipedia (Egyptian chronology) and the Oxford History chronology group dynasties into the Old, Middle and New Kingdoms with Intermediate Periods between. (https://en.wikipedia.org/wiki/Egyptian_chronology https://archive.org/stream/TheOxfordHistoryOfAncient/The+Oxford+History+of+Ancient_djvu.txt)",""
"fact.ancient_egypt.dates_exact_from_664","source.met_egypt_educators","unverified","Egyptian dates can be tied exactly to our calendar only from 664 BCE on; earlier dates are approximate, and different experts’ dates can differ by decades or more.","https://resources.metmuseum.org/resources/metpublications/pdf/The_Art_of_Ancient_Egypt_A_Resource_for_Educators.pdf","L9 card.ancient_egypt.009.c4; L18 card.ancient_egypt.018.c4","L10 question.ancient_egypt.010.q4","","","","","","corroborated","University of Memphis IEAA: all dates before 664 BCE should be treated as approximate; published earlier dates range from useful approximations to over-reaches. Menes: Britannica c.2925 vs Met c.3100. (https://www.memphis.edu/egypt/resources/timeline.php https://en.wikipedia.org/wiki/Egyptian_chronology)",""
"fact.ancient_egypt.secure_location_identity","source.met_egypt_educators","unverified","Egypt’s favorable and secure location, guarded by deserts, sea and cataract, helped its civilization thrive for some 3,000 years.","https://resources.metmuseum.org/resources/metpublications/pdf/The_Art_of_Ancient_Egypt_A_Resource_for_Educators.pdf","L10 card.ancient_egypt.010.c3","L10 question.ancient_egypt.010.q3; L10 question.ancient_egypt.010.q5","","","","","","corroborated","Geography summary: deserts east and west were formidable barriers against invaders, isolating Egypt and allowing it to thrive without frequent military threats. (https://www.vaia.com/en-us/explanations/archaeology/egyptology/ancient-egypt-geography/)","one-page"
"fact.ancient_egypt.pharaoh_word_great_house","source.brit_pharaoh","unverified","The word “pharaoh” comes from the Egyptian per-aa, “great house,” which originally meant the royal palace.","https://www.britannica.com/topic/pharaoh","L11 card.ancient_egypt.011.c1; L11 card.ancient_egypt.011.c2; L19 card.ancient_egypt.019.c1","L11 question.ancient_egypt.011.q1; L19 question.ancient_egypt.019.q3","","","","","","corroborated","Global Egyptian Museum glossary: the Egyptian per aa meant “the great house,” the royal palace, and came to denote the monarch himself. (https://www.globalegyptianmuseum.org/glossary.aspx?id=294)","one-page"
"fact.ancient_egypt.pharaoh_word_new_kingdom","source.brit_pharaoh","unverified","Egyptians began using per-aa for the king himself only in the New Kingdom, from the 18th Dynasty; later it became a respectful title.","https://www.britannica.com/topic/pharaoh","L11 card.ancient_egypt.011.c1; L11 card.ancient_egypt.011.c2; L20 card.ancient_egypt.020.c2","L11 question.ancient_egypt.011.q1; L19 question.ancient_egypt.019.q3","","","","","","corroborated","Global Egyptian Museum glossary: per aa came to denote the monarch himself particularly from the New Kingdom onward; other summaries date the usage to 18th Dynasty kings such as Thutmose III. (https://www.globalegyptianmuseum.org/glossary.aspx?id=294)","one-page"
"fact.ancient_egypt.pharaoh_job_text","source.brit_egypt_kingship","unverified","An Egyptian text summing up the king’s role says he “is on earth for ever and ever, judging mankind and propitiating the gods, and setting order in place of disorder.”","https://www.britannica.com/place/ancient-Egypt/The-king-and-ideology-administration-art-and-writing","L11 card.ancient_egypt.011.c3; L16 card.ancient_egypt.016.c3","L11 question.ancient_egypt.011.q3; L16 question.ancient_egypt.016.q3","","","","","","corroborated","Global Egyptian Museum kingship glossary: the king’s most important duty was to preserve balance and harmony (Maat) and he was intermediary between gods and people; Britannica on isfet: the king set order in place of chaos. (http://www.globalegyptianmuseum.org/glossary.aspx?id=406 https://www.britannica.com/topic/isfet)",""
"fact.ancient_egypt.pharaoh_divine_office","source.brit_egypt_kingship","unverified","The king’s divinity came from his office and was reaffirmed through rituals, but it was far below that of the major gods; he showed the gods to people and represented people to the gods.","https://www.britannica.com/place/ancient-Egypt/The-king-and-ideology-administration-art-and-writing","L11 card.ancient_egypt.011.c4","L11 question.ancient_egypt.011.q2; L14 question.ancient_egypt.014.q3","","","","","","corroborated","Global Egyptian Museum kingship glossary: kingship closely linked with the gods; the king embodied both divine and mortal aspects and served as intermediary between gods and people. (http://www.globalegyptianmuseum.org/glossary.aspx?id=406)","one-page"
"fact.ancient_egypt.pharaoh_horus_osiris","source.brit_horus","unverified","The living king was identified with Horus, the falcon god, and at death the king became Osiris, god of the underworld.","https://www.britannica.com/topic/Horus","L11 card.ancient_egypt.011.c4; L14 card.ancient_egypt.014.c4","L11 question.ancient_egypt.011.q2; L14 question.ancient_egypt.014.q3","","","","","","corroborated","Britannica, Pharaoh: after death the pharaoh became divine, identified with Osiris; museum summaries: the living king was associated with Horus and one of his names was “Living Horus.” (https://www.britannica.com/topic/pharaoh https://www.metmuseum.org/essays/kings-and-queens-of-egypt)",""
"fact.ancient_egypt.pharaoh_horus_osiris","source.brit_osiris","unverified","The living king was identified with Horus, the falcon god, and at death the king became Osiris, god of the underworld.","https://www.britannica.com/topic/Osiris-Egyptian-god","L11 card.ancient_egypt.011.c4; L14 card.ancient_egypt.014.c4","L11 question.ancient_egypt.011.q2; L14 question.ancient_egypt.014.q3","","","","","","corroborated","Britannica, Pharaoh: after death the pharaoh became divine, identified with Osiris; museum summaries: the living king was associated with Horus and one of his names was “Living Horus.” (https://www.britannica.com/topic/pharaoh https://www.metmuseum.org/essays/kings-and-queens-of-egypt)",""
"fact.ancient_egypt.regalia_items","source.gem_regalia","unverified","Egyptian royal regalia included crowns, headcloths, the royal beard, an animal tail, sceptres, and the crook and flail.","https://www.globalegyptianmuseum.org/glossary.aspx?id=316","L12 card.ancient_egypt.012.c4; L18 card.ancient_egypt.018.c3","L12 question.ancient_egypt.012.q3; L18 question.ancient_egypt.018.q3","","","","","","corroborated","FIT Fashion History Timeline on the nemes: worn by rulers, with the uraeus at the front; museum statue descriptions list nemes, false beard and kilt as the standard regalia of the king. (https://fashionhistory.fitnyc.edu/nemes-headdress/ https://www.metmuseum.org/art/collection/search/544450)",""
"fact.ancient_egypt.regalia_crook_herdsman","source.gem_crook","unverified","The royal crook began as a herdsman’s staff, curved at one end, and became a sign of kingship through the idea of the king as herdsman of his people.","https://www.globalegyptianmuseum.org/glossary.aspx?id=122","L12 card.ancient_egypt.012.c1; L12 card.ancient_egypt.012.c2; L20 card.ancient_egypt.020.c3","L12 question.ancient_egypt.012.q1; L20 question.ancient_egypt.020.q1","","","","","","corroborated","Multiple summaries: the crook is a shepherd’s staff and carries the idea of the king as shepherd of his people; the shepherd’s crook stood for kingship. (https://en.wikipedia.org/wiki/Crook_and_flail https://www.pyramidsland.com/blog/crook-and-flail)","weak-pages"
"fact.ancient_egypt.regalia_flail_meaning_unclear","source.gem_flagellum","unverified","The meaning of the royal flail is unclear: it has been read as a herdsman’s whip, a symbol of birth, or a tool for gathering labdanum resin.","https://www.globalegyptianmuseum.org/glossary.aspx?id=154","L12 card.ancient_egypt.012.c1; L12 card.ancient_egypt.012.c3","L12 question.ancient_egypt.012.q2","","","","","","corroborated","Egyptology summaries: the flail has been interpreted as a tool for herding goats and for harvesting the aromatic shrub labdanum; its symbolism is variously explained. (https://en.wikipedia.org/wiki/Crook_and_flail)","one-page weak-pages"
"fact.ancient_egypt.regalia_flail_narmer","source.gem_flagellum","unverified","The flail already appears on the Narmer Palette and kept roughly the same shape throughout Egyptian history.","https://www.globalegyptianmuseum.org/glossary.aspx?id=154","L12 card.ancient_egypt.012.c3","L12 question.ancient_egypt.012.q2","","","","","","corroborated","Egypt’s Ministry of Tourism and Antiquities (Narmer Palette entry) and art-history summaries: on one side the king, wearing the red crown, marches in procession holding a mace and a flail. (https://egymonuments.gov.eg/en/collections/narmer-palette-1)","one-page"
"fact.ancient_egypt.regalia_osiris_crook_flail","source.brit_osiris","unverified","The god Osiris was shown holding a crook in one hand and a flail in the other.","https://www.britannica.com/topic/Osiris-Egyptian-god","L12 card.ancient_egypt.012.c3","L12 question.ancient_egypt.012.q2","","","","","","corroborated","British Museum collection records: the crook and flail sceptres are symbols of Osiris’s kingship over the world of the dead. (https://www.britishmuseum.org/collection/object/Y_EA1667)","one-page"
"fact.ancient_egypt.regalia_nemes","source.gem_nemes","unverified","The nemes was a royal headcloth: a folded cloth laid over the head, whose two lappets fell onto the chest.","https://www.globalegyptianmuseum.org/glossary.aspx?id=266","L12 card.ancient_egypt.012.c4","L12 question.ancient_egypt.012.q3; L18 question.ancient_egypt.018.q3","","","","","","corroborated","FIT Fashion History Timeline: linen affixed to a forehead band, cut into tapers that hung forward onto the shoulders; worn by rulers from the Old to the New Kingdom. (https://fashionhistory.fitnyc.edu/nemes-headdress/)","one-page"
"fact.ancient_egypt.regalia_uraeus","source.gem_uraeus","unverified","The uraeus was the rearing cobra worn on the forehead of kings and gods; it was the goddess Wadjet, protector of Lower Egypt.","https://www.globalegyptianmuseum.org/glossary.aspx?id=389","L12 card.ancient_egypt.012.c4","L12 question.ancient_egypt.012.q3; L18 question.ancient_egypt.018.q3","","","","","","corroborated","Cleveland Museum of Art: a rearing cobra served as a uraeus symbolizing royal or divine power, the word meaning “rising/rearing up”; other summaries identify it with Wadjet, protectress of Lower Egypt. (https://www.clevelandart.org/art/2023.102 https://en.wikipedia.org/wiki/Uraeus)",""
"fact.ancient_egypt.vizier_chief_judge","source.brit_egypt_kingship","unverified","At the top of Egypt’s ranked hierarchy of officials was the vizier, the chief administrator and judge, who reported to the king.","https://www.britannica.com/place/ancient-Egypt/The-king-and-ideology-administration-art-and-writing","L13 card.ancient_egypt.013.c2","L13 question.ancient_egypt.013.q1","","","","","","corroborated","Global Egyptian Museum glossary: the vizier was the highest official in the land, responsible for the daily running of affairs, including justice; World History Encyclopedia: the most powerful position after the king. (http://www.globalegyptianmuseum.org/glossary.aspx?id=394 https://www.worldhistory.org/Egyptian_Vizier/)",""
"fact.ancient_egypt.vizier_duties","source.gem_vizier","unverified","As the king’s deputy, the vizier oversaw the treasuries and granaries, supervised officials, managed temple affairs and administered justice.","https://www.globalegyptianmuseum.org/glossary.aspx?id=394","L13 card.ancient_egypt.013.c1; L13 card.ancient_egypt.013.c2","L13 question.ancient_egypt.013.q1","","","","","","corroborated","World History Encyclopedia: the vizier implemented the king’s policies, lesser officials such as tax collectors and scribes reported to him, and he sat in the High Court. (https://www.worldhistory.org/Egyptian_Vizier/)","one-page"
"fact.ancient_egypt.vizier_two_new_kingdom","source.gem_vizier","unverified","At first one vizier served all of Egypt; by the New Kingdom there were two, one for Upper Egypt based at Thebes and one for Lower Egypt based at Memphis.","https://www.globalegyptianmuseum.org/glossary.aspx?id=394","L13 card.ancient_egypt.013.c3; L20 card.ancient_egypt.020.c2","L13 question.ancient_egypt.013.q3; L20 question.ancient_egypt.020.q2","","","","","","corroborated","World History Encyclopedia: in the New Kingdom there were two viziers, one for Upper Egypt and one for Lower Egypt, equal in power. (https://www.worldhistory.org/Egyptian_Vizier/)","one-page"
"fact.ancient_egypt.vizier_rekhmire","source.gem_vizier","unverified","Much of what we know about the vizier’s duties comes from inscriptions in the Theban tomb of Rekhmire, a vizier under Thutmose III.","https://www.globalegyptianmuseum.org/glossary.aspx?id=394","L13 card.ancient_egypt.013.c3","L13 question.ancient_egypt.013.q3; L20 question.ancient_egypt.020.q2","","","","","","corroborated","World History Encyclopedia and other summaries: Rekhmire served Thutmose III, and his tomb contains a full copy of the text on the duties of the vizier (the Installation of the Vizier). (https://www.worldhistory.org/Egyptian_Vizier/ https://en.wikipedia.org/wiki/Installation_of_the_Vizier)",""
"fact.ancient_egypt.officials_nomes","source.brit_egypt_kingship","unverified","By the Old Kingdom, Egypt was divided into provinces called nomes, each with its own officials.","https://www.britannica.com/place/ancient-Egypt/The-king-and-ideology-administration-art-and-writing","L13 card.ancient_egypt.013.c4","L13 question.ancient_egypt.013.q2","","","","","","corroborated","Britannica, Nome: the system of dividing the country into nomes was in force by the Old Kingdom; each nome was run by a governor who levied taxes and administered justice. (https://www.britannica.com/topic/nome-ancient-Egyptian-government)","one-page"
"fact.ancient_egypt.officials_writing_power","source.brit_egypt_kingship","unverified","Writing was the essential tool of Egyptian government, and about 99 percent of Egyptians could not read; texts urging the young to be scribes said the scribe commanded while the rest did the work.","https://www.britannica.com/place/ancient-Egypt/The-king-and-ideology-administration-art-and-writing","L13 card.ancient_egypt.013.c4; L20 card.ancient_egypt.020.c3","L13 question.ancient_egypt.013.q2","","","","","","corroborated","UCL Digital Egypt (Literacy): various lines of reasoning suggest that in most periods not more than 1 per cent of the population was literate. (https://www.ucl.ac.uk/museums-static/digitalegypt//literature/literacy.html)","one-page"
"fact.ancient_egypt.tax_nonmonetary_economy","source.brit_egypt_kingship","unverified","Egypt’s economy was nonmonetary: the state’s core jobs were collecting, storing and redistributing produce, organizing labor and supervising legal matters.","https://www.britannica.com/place/ancient-Egypt/The-king-and-ideology-administration-art-and-writing","L14 card.ancient_egypt.014.c2; L20 card.ancient_egypt.020.c3","L14 question.ancient_egypt.014.q1; L20 question.ancient_egypt.020.q3","","","","","","corroborated","Smithsonian: for most of its history Egypt levied taxes on goods rather than money; Fondation Gandur pour l’Art: Egyptians long kept to barter before coins. (https://www.smithsonianmag.com/history/stressed-about-taxes-blame-the-ancient-egyptians-180984059/ https://www.fg-art.org/en/artwork-of-the-month-archives/stater-of-nectanebo-ii)",""
"fact.ancient_egypt.tax_goods","source.smithsonian_egypt_taxes","unverified","For most of its history, Egypt taxed goods: officials collected dues in grain, textiles, labor, cattle and other commodities.","https://www.smithsonianmag.com/history/stressed-about-taxes-blame-the-ancient-egyptians-180984059/","L14 card.ancient_egypt.014.c1; L14 card.ancient_egypt.014.c2","L14 question.ancient_egypt.014.q1; L20 question.ancient_egypt.020.q3","","","","","","corroborated","World History Encyclopedia (taxes and the cattle count): taxes were paid in goods such as grain and cattle, assessed by the cattle count and the height of the flood. (https://www.worldhistory.org/article/1012/ancient-egyptian-taxes--the-cattle-count/)","one-page"
"fact.ancient_egypt.tax_harvest_granaries","source.smithsonian_egypt_taxes","unverified","Taxes were often tied to farming, with a share of each field’s harvest set aside for state granaries; the state and temples held massive reserves of grain.","https://www.smithsonianmag.com/history/stressed-about-taxes-blame-the-ancient-egyptians-180984059/","L14 card.ancient_egypt.014.c1; L14 card.ancient_egypt.014.c2","L14 question.ancient_egypt.014.q1; L20 question.ancient_egypt.020.q3","","","","","","corroborated","World History Encyclopedia: farmers paid a portion of their harvest, usually grain, to the state; Britannica: state and temple held massive reserves of grain. (https://www.worldhistory.org/article/1012/ancient-egyptian-taxes--the-cattle-count/)","one-page"
"fact.ancient_egypt.tax_harvest_granaries","source.brit_egypt_kingship","unverified","Taxes were often tied to farming, with a share of each field’s harvest set aside for state granaries; the state and temples held massive reserves of grain.","https://www.britannica.com/place/ancient-Egypt/The-king-and-ideology-administration-art-and-writing","L14 card.ancient_egypt.014.c1; L14 card.ancient_egypt.014.c2","L14 question.ancient_egypt.014.q1; L20 question.ancient_egypt.020.q3","","","","","","corroborated","World History Encyclopedia: farmers paid a portion of their harvest, usually grain, to the state; Britannica: state and temple held massive reserves of grain. (https://www.worldhistory.org/article/1012/ancient-egyptian-taxes--the-cattle-count/)","one-page"
"fact.ancient_egypt.tax_coins_late","source.smithsonian_egypt_taxes","unverified","Metal coins came into use in Egypt only in the mid-first millennium BCE, introduced by foreign powers: the Persians and later the Macedonians.","https://www.smithsonianmag.com/history/stressed-about-taxes-blame-the-ancient-egyptians-180984059/","L14 card.ancient_egypt.014.c2","L14 question.ancient_egypt.014.q1; L20 question.ancient_egypt.020.q3","","","","","","corroborated","Numismatic summaries: Egyptian kings began minting their own coins only in the fourth century BCE, later than their Greek and Persian neighbors; before that Egyptians relied on barter. (https://coinweek.com/the-only-ancient-coin-ever-struck-with-egyptian-hieroglyphics/ https://www.fg-art.org/en/artwork-of-the-month-archives/stater-of-nectanebo-ii)",""
"fact.ancient_egypt.tax_nilometer","source.natgeo_nilometer_taxes","unverified","Nilometers measured the height of the Nile flood, and a level that promised a strong harvest meant higher taxes.","https://www.nationalgeographic.com/history/article/160517-nilometer-discovered-ancient-egypt-nile-river-archaeology","L14 card.ancient_egypt.014.c3","L14 question.ancient_egypt.014.q2","","","","","","corroborated","Smithsonian: nilometers such as the one on Elephantine measured flood levels, and tax rates were adjusted by those readings; World History Encyclopedia: the flood height was one of the two main ways taxes were assessed. (https://www.smithsonianmag.com/history/stressed-about-taxes-blame-the-ancient-egyptians-180984059/ https://www.worldhistory.org/article/1012/ancient-egyptian-taxes--the-cattle-count/)",""
"fact.ancient_egypt.tax_following_horus","source.smithsonian_egypt_taxes","unverified","In the Old Kingdom, the king toured the country every year or two on the “Following of Horus,” checking the provinces’ wealth and collecting taxes.","https://www.smithsonianmag.com/history/stressed-about-taxes-blame-the-ancient-egyptians-180984059/","L14 card.ancient_egypt.014.c4; L20 card.ancient_egypt.020.c2","L14 question.ancient_egypt.014.q3","","","","","","corroborated","World History Encyclopedia: the Shemsu Hor was a royal tour through the Old Kingdom in which the king and his retinue assessed crops and collected taxes, later joined to a biennial cattle count. (https://www.worldhistory.org/article/1012/ancient-egyptian-taxes--the-cattle-count/)","one-page"
"fact.ancient_egypt.tax_labor_callup","source.smithsonian_egypt_taxes","unverified","Egyptians below the rank of official could be called up by the state to work on public projects: tilling fields, quarrying, and building temples and tombs.","https://www.smithsonianmag.com/history/stressed-about-taxes-blame-the-ancient-egyptians-180984059/","L14 card.ancient_egypt.014.c4","L14 question.ancient_egypt.014.q3","","","","","","corroborated","Britannica (king and administration): the state drafted and organized manpower for specialized labor and major state projects; World History Encyclopedia: labor was owed as a form of tax. (https://www.britannica.com/place/ancient-Egypt/The-king-and-ideology-administration-art-and-writing https://www.worldhistory.org/article/1012/ancient-egyptian-taxes--the-cattle-count/)",""
"fact.ancient_egypt.army_early_militias","source.brit_egypt_kingship","unverified","Before the Middle Kingdom, civil and military roles were not sharply separated: Egypt’s forces were local militias under their own officials and included foreigners.","https://www.britannica.com/place/ancient-Egypt/The-king-and-ideology-administration-art-and-writing","L15 card.ancient_egypt.015.c2","L15 question.ancient_egypt.015.q3","","","","","","corroborated","World History Encyclopedia (Egyptian warfare): in the Old Kingdom there was no professional army; the governor of each nome raised his own force, and the armies came together under the king. (https://www.worldhistory.org/Egyptian_Warfare/)","one-page"
"fact.ancient_egypt.army_second_cataract_forts","source.brit_egypt_middle_kingdom","unverified","In the Middle Kingdom, King Senusret III (also called Sesostris III) completed a chain of fortresses at the Nile’s Second Cataract in Nubia.","https://www.britannica.com/place/ancient-Egypt/The-Middle-Kingdom-c-1980-c-1760-bce-and-the-Second-Intermediate-period-c-1759-c-1539-bce","L15 card.ancient_egypt.015.c2","L15 question.ancient_egypt.015.q3","","","","","","corroborated","Summaries of Senusret III: the fortress chain at the Second Cataract included Semna, Kumma, Uronarti, Shalfak, Askut, Mirgissa and Buhen. (https://en.wikipedia.org/wiki/Senusret_III https://www.historyskills.com/classroom/ancient-history/senusret-iii/)",""
"fact.ancient_egypt.army_chariot_arrives","source.brit_egypt_middle_kingdom","unverified","During the Second Intermediate Period, composite bows, new daggers and scimitars, and above all the horse and chariot transformed Egyptian warfare.","https://www.britannica.com/place/ancient-Egypt/The-Middle-Kingdom-c-1980-c-1760-bce-and-the-Second-Intermediate-period-c-1759-c-1539-bce","L15 card.ancient_egypt.015.c1; L15 card.ancient_egypt.015.c3; L20 card.ancient_egypt.020.c2","L15 question.ancient_egypt.015.q2","","","","","","corroborated","UCL Digital Egypt (horses): horse and chariot were introduced in the Second Intermediate Period, brought from the Near East; Britannica, Chariot: chariotry contributed to the Hyksos victories in Egypt. (https://www.ucl.ac.uk/museums-static/digitalegypt/foodproduction/horse.html https://www.britannica.com/technology/chariot)",""
"fact.ancient_egypt.army_catch_up","source.brit_egypt_middle_kingdom","unverified","These new weapons brought Egypt, which had been technologically behind, up to the level of southwest Asia.","https://www.britannica.com/place/ancient-Egypt/The-Middle-Kingdom-c-1980-c-1760-bce-and-the-Second-Intermediate-period-c-1759-c-1539-bce","L15 card.ancient_egypt.015.c3","L15 question.ancient_egypt.015.q2","","","","","","corroborated","UCL Digital Egypt (horses): the effect of these changes was to bring Egypt, which had been technologically backward, onto the level of southwest Asia. (https://www.ucl.ac.uk/museums-static/digitalegypt/foodproduction/horse.html)","one-page"
"fact.ancient_egypt.army_chariot_crew","source.penn_chariot_tracks","unverified","An Egyptian war chariot normally had a crew of two, a driver and an archer, and chariot bodies were light enough to be carried on a man’s shoulder.","https://www.penn.museum/sites/expedition/stone-knobs-and-chariot-tracks/","L15 card.ancient_egypt.015.c4","L15 question.ancient_egypt.015.q1","","","","","","corroborated","Griffith Institute and other summaries: Egyptian chariots were small, usually large enough for two standing people, and very light, able to be driven at great speed. (http://www.griffith.ox.ac.uk/gri/4tutchar.html https://en.wikipedia.org/wiki/Chariotry_in_ancient_Egypt)",""
"fact.ancient_egypt.army_new_kingdom_branches","source.britkids_army","unverified","The New Kingdom army was divided into infantry and chariot forces, and it recruited both Egyptians and foreign troops.","https://kids.britannica.com/students/article/army/272959","L15 card.ancient_egypt.015.c4","L15 question.ancient_egypt.015.q1","","","","","","corroborated","World History Encyclopedia (Egyptian warfare): by the New Kingdom the military had infantry, chariotry and navy branches, and Nubian recruits and foreign troops served in it. (https://www.worldhistory.org/Egyptian_Warfare/)","one-page"
"fact.ancient_egypt.maat_meaning","source.brit_maat","unverified","Ma’at was the Egyptian idea, and goddess, of truth, justice and cosmic order.","https://www.britannica.com/topic/Maat-Egyptian-goddess","L16 card.ancient_egypt.016.c1; L16 card.ancient_egypt.016.c2","L16 question.ancient_egypt.016.q1","","","","","","corroborated","Rosicrucian Egyptian Museum: Ma’at was the goddess of truth, justice, balance and, most importantly, order. (https://egyptianmuseum.org/deities-Maat)","one-page"
"fact.ancient_egypt.maat_feather_goddess","source.rosicrucian_maat","unverified","The goddess Ma’at was shown as a woman with an ostrich feather on her head.","https://egyptianmuseum.org/deities-Maat","L16 card.ancient_egypt.016.c2","L16 question.ancient_egypt.016.q1","","","","","","corroborated","The Met (Divine Egypt): a figure can be recognized as Maat by her ostrich feather head ornament; RISD Museum describes a figure of Maat with its feather. (https://www.facebook.com/metmuseum/videos/get-to-know-the-gods-of-ancient-egypt-this-figure-can-be-recognized-as-maat-by-h/1578002799993201/ https://risdmuseum.org/art-design/collection/goddess-maat-1989088)",""
"fact.ancient_egypt.maat_isfet","source.brit_isfet","unverified","The opposite of ma’at was isfet, disorder and chaos, and the king’s duty was to set order in place of isfet, as the sun god Re did.","https://www.britannica.com/topic/isfet","L16 card.ancient_egypt.016.c2; L16 card.ancient_egypt.016.c3; L20 card.ancient_egypt.020.c3","L16 question.ancient_egypt.016.q1; L16 question.ancient_egypt.016.q2; L20 question.ancient_egypt.020.q4","","","","","","corroborated","Britannica, Maat: the king’s role was to replace disorder with order, mirroring the sun god; summaries: maat (order) stood against isfet (chaos). (https://www.britannica.com/topic/Maat-Egyptian-goddess https://www.ebsco.com/research-starters/religion-and-philosophy/maat-deity)",""
"fact.ancient_egypt.maat_accession","source.brit_maat","unverified","Ma’at was the divine order set up at creation and reaffirmed each time a new king came to the throne.","https://www.britannica.com/topic/Maat-Egyptian-goddess","L16 card.ancient_egypt.016.c3","L16 question.ancient_egypt.016.q2; L20 question.ancient_egypt.020.q4","","","","","","corroborated","EBSCO Research Starters (Maat): maat was divine order established at creation and reaffirmed at the accession of each new king; pharaohs’ legitimacy depended on upholding it. (https://www.ebsco.com/research-starters/religion-and-philosophy/maat-deity)","one-page"
"fact.ancient_egypt.maat_offering_reliefs","source.isac_presentation_maat","unverified","New Kingdom temple reliefs show the king presenting a figure of Ma’at to the gods.","https://isac.uchicago.edu/research/publications/saoc/saoc-57-presentation-maat-ritual-and-legitimacy-ancient-egypt","L16 card.ancient_egypt.016.c3","L16 question.ancient_egypt.016.q2; L20 question.ancient_egypt.020.q4","","","","","","corroborated","Temple-relief summaries (University of Memphis Karnak Hypostyle project and others): kings are shown presenting a small figure of the goddess Maat, symbolizing order, to the gods. (https://www.memphis.edu/hypostyle/reliefs_inscriptions/ritual-scenes.php https://en.wikipedia.org/wiki/Ancient_Egyptian_offerings)",""
"fact.ancient_egypt.maat_peasant_story","source.bm_eloquent_peasant","unverified","In the Middle Kingdom Tale of the Eloquent Peasant, a peasant named Khunanup is robbed of his donkeys and goods by Nemtinakht and appeals to the high steward Rensi.","https://www.britishmuseum.org/sites/default/files/2022-10/Hieroglyphs_unlocking_ancient_Egypt_Eloquent_Peasant_full_text.pdf","L16 card.ancient_egypt.016.c1; L16 card.ancient_egypt.016.c4","L16 question.ancient_egypt.016.q3","","","","","","corroborated","World History Encyclopedia: the tale survives in Middle Kingdom papyri; the peasant Khun-Anup, robbed by a landowner, appeals to the high steward Rensi. (https://www.worldhistory.org/article/1127/the-eloquent-peasant--egyptian-justice/)","one-page"
"fact.ancient_egypt.maat_peasant_king_delay","source.bm_eloquent_peasant","unverified","In the tale, the king orders Rensi to keep the peasant talking without answering him, so his speeches can be written down, while secretly feeding him and his family.","https://www.britishmuseum.org/sites/default/files/2022-10/Hieroglyphs_unlocking_ancient_Egypt_Eloquent_Peasant_full_text.pdf","L16 card.ancient_egypt.016.c1; L16 card.ancient_egypt.016.c4","L16 question.ancient_egypt.016.q3","","","","","","corroborated","World History Encyclopedia: the king tells Rensi to detain him without answering, to feed the peasant and send food to his wife and children, but to deny his appeal. (https://www.worldhistory.org/article/1127/the-eloquent-peasant--egyptian-justice/)","one-page"
"fact.ancient_egypt.maat_peasant_outcome","source.bm_eloquent_peasant","unverified","The peasant appeals nine times; in the end the robber’s property is given to him.","https://www.britishmuseum.org/sites/default/files/2022-10/Hieroglyphs_unlocking_ancient_Egypt_Eloquent_Peasant_full_text.pdf","L16 card.ancient_egypt.016.c4","L16 question.ancient_egypt.016.q3","","","","","","corroborated","World History Encyclopedia: Khun-Anup is made to petition nine times, and the landowner’s property is confiscated and given to the peasant. (https://www.worldhistory.org/article/1127/the-eloquent-peasant--egyptian-justice/)","one-page"
"fact.ancient_egypt.maat_breath_of_life","source.bm_eloquent_peasant","unverified","In R. B. Parkinson’s translation the peasant says “Doing Truth is the breath of life”; “Truth” there renders ma’at, a word that rings through the tale.","https://www.britishmuseum.org/sites/default/files/2022-10/Hieroglyphs_unlocking_ancient_Egypt_Eloquent_Peasant_full_text.pdf","L16 card.ancient_egypt.016.c5","","","","","","","corroborated","Parkinson interview (History of Philosophy without any gaps): the word maat is used throughout the tale and keeps ringing out like a bell; other translations give “Doing justice is breath for the nose.” (https://historyofphilosophy.net/transcript/egypt-parkinson https://en.wikipedia.org/wiki/The_Eloquent_Peasant)",""
"fact.ancient_egypt.royal_women_role_shared","source.gem_queen","unverified","What we would call a queen’s role was often shared by several royal women at once, and much is unknown because Egyptian sources focus on the king.","https://www.globalegyptianmuseum.org/glossary.aspx?id=310","L17 card.ancient_egypt.017.c1","L17 question.ancient_egypt.017.q2","","","","","","corroborated","Oxford History of Ancient Egypt (full text): several 18th-Dynasty royal women, including king’s wives, mothers and god’s wives of Amun, were active in their husbands’ reigns; Britannica notes the queen was often a close relative of the king. (https://archive.org/stream/TheOxfordHistoryOfAncient/The+Oxford+History+of+Ancient_djvu.txt https://www.britannica.com/place/ancient-Egypt/The-king-and-ideology-administration-art-and-writing)",""
"fact.ancient_egypt.royal_women_great_wife","source.gem_queen","unverified","The most important royal woman was the Great King’s Wife, the king’s chief wife and usually the mother of the next king; she ranked just after the king and was often shown beside him, usually smaller.","https://www.globalegyptianmuseum.org/glossary.aspx?id=310","L17 card.ancient_egypt.017.c2","L17 question.ancient_egypt.017.q1","","","","","","corroborated","Summaries of the title Great Royal Wife: the principal wife of the king, who often appeared beside him on monuments and whose son was often the heir. (https://en.wikipedia.org/wiki/Great_Royal_Wife)","one-page weak-pages"
"fact.ancient_egypt.royal_women_other_wives","source.gem_queen","unverified","Kings also had other wives, including, at least from the New Kingdom, daughters of foreign rulers sent as part of diplomacy; the king’s wives usually lived in the royal harem.","https://www.globalegyptianmuseum.org/glossary.aspx?id=310","L17 card.ancient_egypt.017.c2; L19 card.ancient_egypt.019.c4","L17 question.ancient_egypt.017.q1","","","","","","corroborated","Oxford History of Ancient Egypt (full text) and New Kingdom summaries: foreign princesses entered the royal harem through diplomatic marriages. (https://archive.org/stream/TheOxfordHistoryOfAncient/The+Oxford+History+of+Ancient_djvu.txt)","one-page"
"fact.ancient_egypt.royal_women_kings_mother","source.gem_queen","unverified","The king’s mother could also play an important role and was occasionally shown beside the king.","https://www.globalegyptianmuseum.org/glossary.aspx?id=310","L17 card.ancient_egypt.017.c2","L17 question.ancient_egypt.017.q1","","","","","","corroborated","Britannica, Tiy: Tiye remained prominent after her son became king; Oxford History: royal mothers such as Ahhotep and Ahmose-Nefertari were powerful. (https://www.britannica.com/biography/Tiy)","one-page"
"fact.ancient_egypt.royal_women_tiye","source.brit_tiye","unverified","Tiye, daughter of Yuya, a commander of the chariotry, was not of royal blood, yet she became Amenhotep III’s favored wife; he gave her prominence in state affairs, and her name appeared with his on official documents.","https://www.britannica.com/biography/Tiy","L17 card.ancient_egypt.017.c3","","","","","","","corroborated","National Museum of Egyptian Civilization and Walters Art Museum: Tiye was of non-royal birth, daughter of Yuya and Thuya, Great Royal Wife of Amenhotep III, named with him on commemorative scarabs. (https://nmec.gov.eg/queen-tiye/ https://art.thewalters.org/object/42.206/)",""
"fact.ancient_egypt.royal_women_tiye_scarabs","source.brit_tiye","unverified","Scarabs commemorating Amenhotep III’s marriage to Tiye still survive.","https://www.britannica.com/biography/Tiy","L17 card.ancient_egypt.017.c3","","","","","","","corroborated","Walters Art Museum and other collections hold commemorative scarabs of Amenhotep III naming Queen Tiye. (https://art.thewalters.org/object/42.206/ https://collections.mfa.org/objects/133710/scarab-inscribed-for-queen-tiye-wife-of-king-amenhotep-iii)",""
"fact.ancient_egypt.royal_women_sobekneferu","source.brit_egypt_middle_kingdom","unverified","Sobekneferu, who ruled at the end of the Middle Kingdom’s 12th Dynasty, is the first certainly attested woman to rule Egypt as monarch.","https://www.britannica.com/place/ancient-Egypt/The-Middle-Kingdom-c-1980-c-1760-bce-and-the-Second-Intermediate-period-c-1759-c-1539-bce","L17 card.ancient_egypt.017.c4; L18 card.ancient_egypt.018.c2; L20 card.ancient_egypt.020.c2; L20 card.ancient_egypt.020.c3","L17 question.ancient_egypt.017.q3; L20 question.ancient_egypt.020.q5","","","","","","corroborated","Oxford History of Ancient Egypt (full text): Sobekneferu ruled at the end of the 12th Dynasty and was Hatshepsut’s one certain earlier model; Ancient Egypt Online: the first attested female pharaoh, last ruler of the 12th Dynasty. (https://archive.org/stream/TheOxfordHistoryOfAncient/The+Oxford+History+of+Ancient_djvu.txt https://ancientegyptonline.co.uk/sobekneferu/)",""
"fact.ancient_egypt.royal_women_sobekneferu","source.oup_oxford_history_egypt","unverified","Sobekneferu, who ruled at the end of the Middle Kingdom’s 12th Dynasty, is the first certainly attested woman to rule Egypt as monarch.","https://global.oup.com/academic/product/the-oxford-history-of-ancient-egypt-9780192804587","L17 card.ancient_egypt.017.c4; L18 card.ancient_egypt.018.c2; L20 card.ancient_egypt.020.c2; L20 card.ancient_egypt.020.c3","L17 question.ancient_egypt.017.q3; L20 question.ancient_egypt.020.q5","","","","","","corroborated","Oxford History of Ancient Egypt (full text): Sobekneferu ruled at the end of the 12th Dynasty and was Hatshepsut’s one certain earlier model; Ancient Egypt Online: the first attested female pharaoh, last ruler of the 12th Dynasty. (https://archive.org/stream/TheOxfordHistoryOfAncient/The+Oxford+History+of+Ancient_djvu.txt https://ancientegyptonline.co.uk/sobekneferu/)",""
"fact.ancient_egypt.hatshepsut_family","source.brit_hatshepsut","unverified","Hatshepsut was the elder daughter of King Thutmose I; she married her half brother Thutmose II and was his great royal wife.","https://www.britannica.com/biography/Hatshepsut","L18 card.ancient_egypt.018.c2","L18 question.ancient_egypt.018.q1","","","","","","corroborated","World History Encyclopedia: Hatshepsut was Great Royal Wife to her half-brother Thutmose II and also God’s Wife of Amun; Oxford History full text: she served as his great royal wife. (https://www.worldhistory.org/article/118/queen-hatshepsut-daughter-of-amun-pharaoh-of-egypt/ https://archive.org/stream/TheOxfordHistoryOfAncient/The+Oxford+History+of+Ancient_djvu.txt)",""
"fact.ancient_egypt.hatshepsut_family","source.oup_oxford_history_egypt","unverified","Hatshepsut was the elder daughter of King Thutmose I; she married her half brother Thutmose II and was his great royal wife.","https://global.oup.com/academic/product/the-oxford-history-of-ancient-egypt-9780192804587","L18 card.ancient_egypt.018.c2","L18 question.ancient_egypt.018.q1","","","","","","corroborated","World History Encyclopedia: Hatshepsut was Great Royal Wife to her half-brother Thutmose II and also God’s Wife of Amun; Oxford History full text: she served as his great royal wife. (https://www.worldhistory.org/article/118/queen-hatshepsut-daughter-of-amun-pharaoh-of-egypt/ https://archive.org/stream/TheOxfordHistoryOfAncient/The+Oxford+History+of+Ancient_djvu.txt)",""
"fact.ancient_egypt.hatshepsut_regent","source.brit_hatshepsut","unverified","When Thutmose II died, about 1479 BCE, the throne passed to his young son Thutmose III, and Hatshepsut acted as regent.","https://www.britannica.com/biography/Hatshepsut","L18 card.ancient_egypt.018.c2","L18 question.ancient_egypt.018.q1","","","","","","corroborated","Oxford History full text: Thutmose III’s reign began in his early childhood with Hatshepsut, his aunt and stepmother, acting as regent; Smithsonian: Thutmose III was an infant, so Hatshepsut ruled in his stead. (https://archive.org/stream/TheOxfordHistoryOfAncient/The+Oxford+History+of+Ancient_djvu.txt https://www.smithsonianmag.com/smart-news/why-were-the-ancient-statues-of-this-egyptian-female-pharaoh-destroyed-180986883/)",""
"fact.ancient_egypt.hatshepsut_crowned","source.brit_hatshepsut","unverified","By the end of Thutmose III’s seventh year as king, Hatshepsut had been crowned king herself, with a full set of royal titles.","https://www.britannica.com/biography/Hatshepsut","L18 card.ancient_egypt.018.c2; L20 card.ancient_egypt.020.c3","L18 question.ancient_egypt.018.q1","","","","","","corroborated","Met (Spotlight / Hatshepsut essays, via search summary): seven years into the regency she was crowned King of Upper and Lower Egypt. (https://www.metmuseum.org/perspectives/hatshepsut-gender-representation)","one-page"
"fact.ancient_egypt.hatshepsut_reign_dates","source.brit_hatshepsut","unverified","Hatshepsut ruled as king in her own right from about 1473 to about 1458 BCE.","https://www.britannica.com/biography/Hatshepsut","L18 card.ancient_egypt.018.c4; L20 card.ancient_egypt.020.c2","L20 question.ancient_egypt.020.q5","","","","","","corroborated","Oxford History full text: Hatshepsut (1473-1458 BC); Live Science: she ruled as pharaoh from 1473 to 1458 BC after acting as regent from 1479. (https://archive.org/stream/TheOxfordHistoryOfAncient/The+Oxford+History+of+Ancient_djvu.txt https://www.livescience.com/62614-hatshepsut.html)",""
"fact.ancient_egypt.hatshepsut_reign_dates","source.oup_oxford_history_egypt","unverified","Hatshepsut ruled as king in her own right from about 1473 to about 1458 BCE.","https://global.oup.com/academic/product/the-oxford-history-of-ancient-egypt-9780192804587","L18 card.ancient_egypt.018.c4; L20 card.ancient_egypt.020.c2","L20 question.ancient_egypt.020.q5","","","","","","corroborated","Oxford History full text: Hatshepsut (1473-1458 BC); Live Science: she ruled as pharaoh from 1473 to 1458 BC after acting as regent from 1479. (https://archive.org/stream/TheOxfordHistoryOfAncient/The+Oxford+History+of+Ancient_djvu.txt https://www.livescience.com/62614-hatshepsut.html)",""
"fact.ancient_egypt.hatshepsut_male_portraits","source.brit_hatshepsut","unverified","Hatshepsut was first shown as a typical queen; after a brief experiment mixing a female body with a king’s regalia, her official portraits showed a male body with kilt, crown or headcloth, and false beard.","https://www.britannica.com/biography/Hatshepsut","L18 card.ancient_egypt.018.c3","L18 question.ancient_egypt.018.q3","","","","","","corroborated","The Met (search summaries of its Hatshepsut statues): in statuary she wears the nemes headcloth, false beard and shendyt kilt, the standard regalia of the king, and was often shown as a male king. (https://www.metmuseum.org/perspectives/hatshepsut-gender-representation https://www.metmuseum.org/art/collection/search/544450)",""
"fact.ancient_egypt.hatshepsut_never_explained","source.brit_hatshepsut","unverified","Hatshepsut never explained why she took the throne or how she persuaded Egypt’s elite to accept her.","https://www.britannica.com/biography/Hatshepsut","L18 card.ancient_egypt.018.c1","","","","","","","corroborated","Oxford History full text: she did not claim to rule with or for her husband, but emphasized her bloodline; no statement of motive survives, only claims of legitimacy on her monuments. (https://archive.org/stream/TheOxfordHistoryOfAncient/The+Oxford+History+of+Ancient_djvu.txt)","one-page"
"fact.ancient_egypt.hatshepsut_legitimacy_scenes","source.oup_oxford_history_egypt","unverified","Scenes at Hatshepsut’s Deir el-Bahri temple claim that Thutmose I proclaimed her his heir and that the god Amun chose her mother to bear the new divine ruler.","https://global.oup.com/academic/product/the-oxford-history-of-ancient-egypt-9780192804587","L18 card.ancient_egypt.018.c1; L18 card.ancient_egypt.018.c4","","","","","","","corroborated","Rosicrucian Egyptian Museum and summaries of the birth colonnade: reliefs at Deir el-Bahri show Amun, in the form of Thutmose I, fathering Hatshepsut, and her coronation, to confirm her legitimacy. (https://egyptianmuseum.org/explore/new-kingdom-monuments-deir-el-bahri https://en.wikipedia.org/wiki/Depiction_of_Hatshepsut%27s_birth_and_coronation)",""
"fact.ancient_egypt.hatshepsut_deir_el_bahri","source.brit_hatshepsut","unverified","Hatshepsut’s greatest monument was her temple at Deir el-Bahri, built as her funerary monument and dedicated to Amun-Re.","https://www.britannica.com/biography/Hatshepsut","L18 card.ancient_egypt.018.c4","","","","","","","corroborated","Met (search summary): her greatest building project was her mortuary, or memorial, temple at Deir el-Bahri, whose terraces held colossal statues of her. (https://www.metmuseum.org/art/collection/search/548519)","one-page"
"fact.ancient_egypt.hatshepsut_erasure_late","source.smithsonian_hatshepsut_statues","unverified","Late in Thutmose III’s reign, years after Hatshepsut’s death, her statues were broken and her name was removed from the official list of kings.","https://www.smithsonianmag.com/smart-news/why-were-the-ancient-statues-of-this-egyptian-female-pharaoh-destroyed-180986883/","L18 card.ancient_egypt.018.c5","L18 question.ancient_egypt.018.q2","","","","","","corroborated","The Conversation and other summaries: a campaign began late in Thutmose III’s reign, perhaps 20 years after her death, to remove her name and image; Britannica: Thutmose III ruled alone for 33 years after her death. (https://theconversation.com/queen-hatshepsuts-statues-were-destroyed-in-ancient-egypt-new-study-challenges-the-revenge-theory-260326 https://www.britannica.com/biography/Hatshepsut)",""
"fact.ancient_egypt.hatshepsut_erasure_late","source.brit_hatshepsut","unverified","Late in Thutmose III’s reign, years after Hatshepsut’s death, her statues were broken and her name was removed from the official list of kings.","https://www.britannica.com/biography/Hatshepsut","L18 card.ancient_egypt.018.c5","L18 question.ancient_egypt.018.q2","","","","","","corroborated","The Conversation and other summaries: a campaign began late in Thutmose III’s reign, perhaps 20 years after her death, to remove her name and image; Britannica: Thutmose III ruled alone for 33 years after her death. (https://theconversation.com/queen-hatshepsuts-statues-were-destroyed-in-ancient-egypt-new-study-challenges-the-revenge-theory-260326 https://www.britannica.com/biography/Hatshepsut)",""
"fact.ancient_egypt.hatshepsut_erasure_debate","source.brit_hatshepsut","unverified","Why is debated: early scholars saw revenge; later Egyptologists argued Thutmose III wanted the succession to run from Thutmose I through Thutmose II to himself with no female king; a 2025 study argues the statues were ritually “deactivated,” as other kings’ statues were.","https://www.britannica.com/biography/Hatshepsut","L18 card.ancient_egypt.018.c5","L18 question.ancient_egypt.018.q2","","","","","","corroborated","The Conversation (2025) and Cambridge Core (Antiquity, Jun Yi Wong): the new study challenges the revenge theory, finding the damage limited and methodical, consistent with ritual deactivation; older and succession explanations are reviewed. (https://theconversation.com/queen-hatshepsuts-statues-were-destroyed-in-ancient-egypt-new-study-challenges-the-revenge-theory-260326 https://www.cambridge.org/core/journals/antiquity/article/afterlife-of-hatshepsuts-statuary/F22D001E29438008136B6DA04F57C627)",""
"fact.ancient_egypt.hatshepsut_erasure_debate","source.smithsonian_hatshepsut_statues","unverified","Why is debated: early scholars saw revenge; later Egyptologists argued Thutmose III wanted the succession to run from Thutmose I through Thutmose II to himself with no female king; a 2025 study argues the statues were ritually “deactivated,” as other kings’ statues were.","https://www.smithsonianmag.com/smart-news/why-were-the-ancient-statues-of-this-egyptian-female-pharaoh-destroyed-180986883/","L18 card.ancient_egypt.018.c5","L18 question.ancient_egypt.018.q2","","","","","","corroborated","The Conversation (2025) and Cambridge Core (Antiquity, Jun Yi Wong): the new study challenges the revenge theory, finding the damage limited and methodical, consistent with ritual deactivation; older and succession explanations are reviewed. (https://theconversation.com/queen-hatshepsuts-statues-were-destroyed-in-ancient-egypt-new-study-challenges-the-revenge-theory-260326 https://www.cambridge.org/core/journals/antiquity/article/afterlife-of-hatshepsuts-statuary/F22D001E29438008136B6DA04F57C627)",""
"fact.ancient_egypt.hatshepsut_statues_found","source.smithsonian_hatshepsut_statues","unverified","In the 1920s, archaeologists found many broken statues of Hatshepsut at Deir el-Bahri.","https://www.smithsonianmag.com/smart-news/why-were-the-ancient-statues-of-this-egyptian-female-pharaoh-destroyed-180986883/","L18 card.ancient_egypt.018.c5","L18 question.ancient_egypt.018.q2","","","","","","corroborated","The Conversation: her statues were torn down and buried in pits near the temple, where excavators recovered them; Britannica notes her tomb was excavated in the 1920s. (https://theconversation.com/queen-hatshepsuts-statues-were-destroyed-in-ancient-egypt-new-study-challenges-the-revenge-theory-260326)","one-page"
"fact.ancient_egypt.court_mud_brick_palaces","source.brit_egyptian_architecture","unverified","From the Old Kingdom on, stone was generally used for tombs and temples, the eternal houses of the dead and the gods, while mud brick was used for homes, even royal palaces.","https://www.britannica.com/art/Egyptian-architecture","L19 card.ancient_egypt.019.c1; L19 card.ancient_egypt.019.c2; L19 card.ancient_egypt.019.c3","L19 question.ancient_egypt.019.q1; L19 question.ancient_egypt.019.q3","","","","","","corroborated","Britannica, Egyptian art and architecture (Architecture section) and other summaries: tombs and temples were built of stone to last for eternity, while palaces were not designed with such longevity. (https://www.britannica.com/art/Egyptian-art/Architecture https://www.thetorah.com/article/pharaohs-mudbrick-palace)",""
"fact.ancient_egypt.court_malqata","source.arce_virtual_malqata","unverified","Amenhotep III’s palace complex at Malqata, in western Thebes, is the best preserved Egyptian royal palace, and its walls, floors and ceilings were decorated with paintings.","https://arce.org/resource/virtual-malqata/","L19 card.ancient_egypt.019.c3","","","","","","","corroborated","The Met holds a ceiling painting from the palace of Amenhotep III at Malqata, excavated by the Met’s expedition from 1910; summaries: floors, walls and ceilings were painted with plants, animals and geometric designs. (https://www.metmuseum.org/art/collection/search/544502 https://en.wikipedia.org/wiki/Malkata)",""
"fact.ancient_egypt.court_harem_plot","source.brit_ramesses_iii","unverified","One of Ramesses III’s secondary wives plotted to kill him and put her own son on the throne; the conspirators were put on trial.","https://www.britannica.com/biography/Ramses-III","L19 card.ancient_egypt.019.c4","L19 question.ancient_egypt.019.q2","","","","","","corroborated","ScienceDaily (BMJ 2012 study): the harem conspiracy, recorded in the Judicial Papyrus of Turin, was led by a wife, Tiye, and her son Pentawere, over who would inherit the throne. (https://www.sciencedaily.com/releases/2012/12/121217190641.htm)","one-page"
"fact.ancient_egypt.court_ramesses_throat","source.brit_ramesses_iii","unverified","A 2012 CT scan of Ramesses III’s mummy found a deep knife wound in the throat, indicating that the plotters did kill him.","https://www.britannica.com/biography/Ramses-III","L19 card.ancient_egypt.019.c4","L19 question.ancient_egypt.019.q2","","","","","","corroborated","ScienceDaily (BMJ 2012): CT scans revealed a wide, deep wound in the throat, probably from a sharp blade, which could have caused immediate death. (https://www.sciencedaily.com/releases/2012/12/121217190641.htm)","one-page"
"fact.ancient_egypt.power_depended_on_king","source.brit_egypt_kingship","unverified","Egyptian administration and law were not fully distinct, and both depended ultimately on the king.","https://www.britannica.com/place/ancient-Egypt/The-king-and-ideology-administration-art-and-writing","L20 card.ancient_egypt.020.c3","L20 question.ancient_egypt.020.q3; L20 question.ancient_egypt.020.q4","","","","","","corroborated","Britannica, Pharaoh: the pharaoh owned much of the land, was responsible for his people’s economic and spiritual welfare and dispensed justice; Global Egyptian Museum: kingship tied to preserving Maat. (https://www.britannica.com/topic/pharaoh http://www.globalegyptianmuseum.org/glossary.aspx?id=406)",""
"fact.ancient_egypt.mastaba_bench_word","source.brit_mastaba","unverified","Mastaba is the Arabic word for ‘bench.’","https://www.britannica.com/art/mastaba","L21 card.ancient_egypt.021.c2","L21 question.ancient_egypt.021.q1; L21 question.ancient_egypt.021.q3; L22 question.ancient_egypt.022.q3; L30 question.ancient_egypt.030.q1","","","","","","corroborated","Wikipedia's Mastaba article: the term derives from the Arabic word for a bench of mud; seen from a distance the flat-topped tombs look like benches. (https://www.britannica.com/technology/pyramid-architecture https://en.wikipedia.org/wiki/Mastaba)",""
"fact.ancient_egypt.mastaba_shape","source.brit_mastaba","unverified","A mastaba was a rectangular tomb building with a flat roof and sloping walls, built of mud brick or, later, stone.","https://www.britannica.com/art/mastaba","L21 card.ancient_egypt.021.c2","L21 question.ancient_egypt.021.q1; L21 question.ancient_egypt.021.q3; L22 question.ancient_egypt.022.q3; L30 question.ancient_egypt.030.q1","","","","","","corroborated","Britannica's pyramid article: a flat-topped rectangular superstructure of mud brick or stone; the Met's Perneb label calls the limestone building a mastaba. (https://www.britannica.com/technology/pyramid-architecture https://www.metmuseum.org/art/collection/search/543937)",""
"fact.ancient_egypt.mastaba_shape","source.brit_pyramid_architecture","unverified","A mastaba was a rectangular tomb building with a flat roof and sloping walls, built of mud brick or, later, stone.","https://www.britannica.com/technology/pyramid-architecture","L21 card.ancient_egypt.021.c2","L21 question.ancient_egypt.021.q1; L21 question.ancient_egypt.021.q3; L22 question.ancient_egypt.022.q3; L30 question.ancient_egypt.030.q1","","","","","","corroborated","Britannica's pyramid article: a flat-topped rectangular superstructure of mud brick or stone; the Met's Perneb label calls the limestone building a mastaba. (https://www.britannica.com/technology/pyramid-architecture https://www.metmuseum.org/art/collection/search/543937)",""
"fact.ancient_egypt.mastaba_from_dynastic_start","source.brit_pyramid_architecture","unverified","The mastaba was a form of tomb known in Egypt from the beginning of the dynastic era.","https://www.britannica.com/technology/pyramid-architecture","L21 card.ancient_egypt.021.c2; L30 card.ancient_egypt.030.c2","L21 question.ancient_egypt.021.q1; L21 question.ancient_egypt.021.q3; L22 question.ancient_egypt.022.q3; L30 question.ancient_egypt.030.q1","","","","","","corroborated","Wikipedia's Mastaba article: during the Early Dynastic Period mastabas were the standard tomb type for pharaohs and the elite. (https://www.britannica.com/art/mastaba https://en.wikipedia.org/wiki/Mastaba)",""
"fact.ancient_egypt.mastaba_shaft_chamber","source.brit_mastaba","unverified","A deep shaft ran down from a mastaba to the underground burial chamber.","https://www.britannica.com/art/mastaba","L21 card.ancient_egypt.021.c3","L21 question.ancient_egypt.021.q2","","","","","","corroborated","Britannica's pyramid article: a shaft descending to the burial chamber far below; the Met Perneb label: the tomb included an underground burial chamber. (https://www.britannica.com/technology/pyramid-architecture https://www.metmuseum.org/art/collection/search/543937)",""
"fact.ancient_egypt.mastaba_shaft_chamber","source.brit_pyramid_architecture","unverified","A deep shaft ran down from a mastaba to the underground burial chamber.","https://www.britannica.com/technology/pyramid-architecture","L21 card.ancient_egypt.021.c3","L21 question.ancient_egypt.021.q2","","","","","","corroborated","Britannica's pyramid article: a shaft descending to the burial chamber far below; the Met Perneb label: the tomb included an underground burial chamber. (https://www.britannica.com/technology/pyramid-architecture https://www.metmuseum.org/art/collection/search/543937)",""
"fact.ancient_egypt.mastaba_chapel_false_door","source.brit_mastaba","unverified","A mastaba had a chapel with an offering table and a false door, through which the dead person’s spirit could leave and enter the burial chamber.","https://www.britannica.com/art/mastaba","L21 card.ancient_egypt.021.c3","L21 question.ancient_egypt.021.q2","","","","","","corroborated","The Met's Perneb label describes a decorated offering chapel with Perneb before an offering table; Wikipedia's Mastaba article describes the false door in the offering chapel where provisions were brought for the soul. (https://www.metmuseum.org/art/collection/search/543937 https://en.wikipedia.org/wiki/Mastaba)",""
"fact.ancient_egypt.mastaba_nonroyal_old_kingdom","source.brit_mastaba","unverified","Old Kingdom mastabas were used chiefly for burials of people who were not kings.","https://www.britannica.com/art/mastaba","L21 card.ancient_egypt.021.c4","","","","","","","corroborated","Wikipedia's Mastaba article: even after pyramids became prevalent for pharaohs in the 3rd and 4th Dynasties, nobles continued to be buried in mastabas; the Met's Perneb tomb is one. (https://www.metmuseum.org/art/collection/search/543937 https://en.wikipedia.org/wiki/Mastaba)",""
"fact.ancient_egypt.perneb_mastaba_met","source.met_perneb_mastaba","unverified","Late in the 5th dynasty, the palace administrator Perneb built a mastaba tomb at Saqqara; its facade and chapel were bought from Egypt in 1913 and rebuilt at the Met in New York.","https://www.metmuseum.org/art/collection/search/543937","L21 card.ancient_egypt.021.c1; L21 card.ancient_egypt.021.c4","","","","","","","corroborated","Wikipedia's Tomb of Perneb and a reproduction of the Met label (Alamy) agree: Dynasty 5 palace administrator, Saqqara, purchased from the Egyptian government in 1913 and reconstructed at the Met. (https://en.wikipedia.org/wiki/Tomb_of_Perneb https://doctorkate.wordpress.com/2016/07/14/the-tomb-of-perneb-at-the-metropolitan-museum-of-art/)","weak-pages"
"fact.ancient_egypt.perneb_chapel_offerings","source.met_perneb_mastaba","unverified","In a mastaba such as Perneb’s, the burial chamber could not be reached after the funeral; relatives and priests came to the chapel above to pray and bring offerings.","https://www.metmuseum.org/art/collection/search/543937","L21 card.ancient_egypt.021.c3; L21 card.ancient_egypt.021.c4","L21 question.ancient_egypt.021.q2","","","","","","corroborated","A description of the Met's Perneb tomb repeats that the burial was underground and not accessible after the funeral, and relatives and priests came to the above-ground chapel to pray and make offerings. (https://doctorkate.wordpress.com/2016/07/14/the-tomb-of-perneb-at-the-metropolitan-museum-of-art/ https://en.wikipedia.org/wiki/Tomb_of_Perneb)","weak-pages"
"fact.ancient_egypt.step_pyramid_djoser_saqqara","source.brit_step_pyramid_djoser","unverified","The Step Pyramid at Saqqara was built for Djoser, a king of the 3rd dynasty, and was the first Egyptian pyramid.","https://www.britannica.com/topic/Step-Pyramid-of-Djoser","L22 card.ancient_egypt.022.c1; L22 card.ancient_egypt.022.c2; L30 card.ancient_egypt.030.c2","L22 question.ancient_egypt.022.q3; L23 question.ancient_egypt.023.q3","","","","","","corroborated","Wikipedia's Pyramid of Djoser: built in the 27th century BC during the Third Dynasty for Djoser, the earliest colossal stone building in Egypt; Britannica's Djoser article places him in the 3rd dynasty. (https://en.wikipedia.org/wiki/Pyramid_of_Djoser https://www.britannica.com/biography/Djoser)",""
"fact.ancient_egypt.step_pyramid_djoser_saqqara","source.memphis_step_pyramid","unverified","The Step Pyramid at Saqqara was built for Djoser, a king of the 3rd dynasty, and was the first Egyptian pyramid.","https://www.memphis.edu/egypt/resources/colortour/saqqara2.php","L22 card.ancient_egypt.022.c1; L22 card.ancient_egypt.022.c2; L30 card.ancient_egypt.030.c2","L22 question.ancient_egypt.022.q3; L23 question.ancient_egypt.023.q3","","","","","","corroborated","Wikipedia's Pyramid of Djoser: built in the 27th century BC during the Third Dynasty for Djoser, the earliest colossal stone building in Egypt; Britannica's Djoser article places him in the 3rd dynasty. (https://en.wikipedia.org/wiki/Pyramid_of_Djoser https://www.britannica.com/biography/Djoser)",""
"fact.ancient_egypt.step_pyramid_began_mastaba","source.brit_djoser","unverified","Djoser’s tomb began as a flat-topped mastaba and was changed into a pyramid of six steps.","https://www.britannica.com/biography/Djoser","L22 card.ancient_egypt.022.c2","L22 question.ancient_egypt.022.q3; L23 question.ancient_egypt.023.q3","","","","","","corroborated","Britannica's pyramid article: Djoser's original mastaba became a terraced structure rising in six unequal stages; Wikipedia agrees it began as a square mastaba. (https://www.britannica.com/technology/pyramid-architecture https://en.wikipedia.org/wiki/Pyramid_of_Djoser)",""
"fact.ancient_egypt.step_pyramid_began_mastaba","source.memphis_step_pyramid","unverified","Djoser’s tomb began as a flat-topped mastaba and was changed into a pyramid of six steps.","https://www.memphis.edu/egypt/resources/colortour/saqqara2.php","L22 card.ancient_egypt.022.c2","L22 question.ancient_egypt.022.q3; L23 question.ancient_egypt.023.q3","","","","","","corroborated","Britannica's pyramid article: Djoser's original mastaba became a terraced structure rising in six unequal stages; Wikipedia agrees it began as a square mastaba. (https://www.britannica.com/technology/pyramid-architecture https://en.wikipedia.org/wiki/Pyramid_of_Djoser)",""
"fact.ancient_egypt.step_pyramid_six_steps_height","source.brit_pyramid_architecture","unverified","The Step Pyramid rises in six stone steps, each smaller than the one below, to a height of about 60 m.","https://www.britannica.com/technology/pyramid-architecture","L22 card.ancient_egypt.022.c2; L23 card.ancient_egypt.023.c2","L22 question.ancient_egypt.022.q3; L23 question.ancient_egypt.023.q3","","","","","","corroborated","Britannica's Step Pyramid entry: six-tier step layers rising about 61 m; Britannica's Imhotep entry: six steps, 200 feet. (https://www.britannica.com/topic/Step-Pyramid-of-Djoser https://www.britannica.com/biography/Imhotep)",""
"fact.ancient_egypt.step_pyramid_six_steps_height","source.memphis_step_pyramid","unverified","The Step Pyramid rises in six stone steps, each smaller than the one below, to a height of about 60 m.","https://www.memphis.edu/egypt/resources/colortour/saqqara2.php","L22 card.ancient_egypt.022.c2; L23 card.ancient_egypt.023.c2","L22 question.ancient_egypt.022.q3; L23 question.ancient_egypt.023.q3","","","","","","corroborated","Britannica's Step Pyramid entry: six-tier step layers rising about 61 m; Britannica's Imhotep entry: six steps, 200 feet. (https://www.britannica.com/topic/Step-Pyramid-of-Djoser https://www.britannica.com/biography/Imhotep)",""
"fact.ancient_egypt.step_pyramid_all_stone","source.brit_djoser","unverified","Djoser’s Step Pyramid was built entirely of stone, breaking with the older habit of building in mud brick along with stone.","https://www.britannica.com/biography/Djoser","L22 card.ancient_egypt.022.c3","L22 question.ancient_egypt.022.q2","","","","","","corroborated","University of Memphis: the first known monumental structure made of stone anywhere; Britannica's Imhotep entry: the oldest extant monument of hewn stone. (https://www.memphis.edu/egypt/resources/colortour/saqqara2.php https://www.britannica.com/biography/Imhotep)",""
"fact.ancient_egypt.step_pyramid_oldest_stone_building","source.memphis_step_pyramid","unverified","The Step Pyramid is the oldest known monumental stone building in the world.","https://www.memphis.edu/egypt/resources/colortour/saqqara2.php","L22 card.ancient_egypt.022.c3","L22 question.ancient_egypt.022.q2","","","","","","corroborated","Britannica's Step Pyramid entry calls it the oldest important stone building in Egypt; Wikipedia calls it the earliest colossal stone building in Egypt. (https://www.britannica.com/topic/Step-Pyramid-of-Djoser https://en.wikipedia.org/wiki/Pyramid_of_Djoser)",""
"fact.ancient_egypt.step_pyramid_oldest_stone_building","source.brit_imhotep","unverified","The Step Pyramid is the oldest known monumental stone building in the world.","https://www.britannica.com/biography/Imhotep","L22 card.ancient_egypt.022.c3","L22 question.ancient_egypt.022.q2","","","","","","corroborated","Britannica's Step Pyramid entry calls it the oldest important stone building in Egypt; Wikipedia calls it the earliest colossal stone building in Egypt. (https://www.britannica.com/topic/Step-Pyramid-of-Djoser https://en.wikipedia.org/wiki/Pyramid_of_Djoser)",""
"fact.ancient_egypt.imhotep_statue_base","source.memphis_step_pyramid","unverified","Imhotep, Djoser’s vizier, designed the Step Pyramid; his name and titles are carved on the base of a statue of Djoser now in the Egyptian Museum in Cairo.","https://www.memphis.edu/egypt/resources/colortour/saqqara2.php","L22 card.ancient_egypt.022.c1; L22 card.ancient_egypt.022.c4; L30 card.ancient_egypt.030.c2","L22 question.ancient_egypt.022.q1","","","","","","corroborated","Britannica: Imhotep was vizier and architect of the Step Pyramid; ARCE: his titles appear on the statue base of Djoser in Cairo's Egyptian Museum; the Egyptian Museum Cairo site also describes the inscribed base. (https://www.britannica.com/biography/Imhotep https://arce.org/resource/search-imhotep-tomb-architect-turned-god-remains-mystery/)",""
"fact.ancient_egypt.imhotep_statue_base","source.arce_imhotep_tomb","unverified","Imhotep, Djoser’s vizier, designed the Step Pyramid; his name and titles are carved on the base of a statue of Djoser now in the Egyptian Museum in Cairo.","https://arce.org/resource/search-imhotep-tomb-architect-turned-god-remains-mystery/","L22 card.ancient_egypt.022.c1; L22 card.ancient_egypt.022.c4; L30 card.ancient_egypt.030.c2","L22 question.ancient_egypt.022.q1","","","","","","corroborated","Britannica: Imhotep was vizier and architect of the Step Pyramid; ARCE: his titles appear on the statue base of Djoser in Cairo's Egyptian Museum; the Egyptian Museum Cairo site also describes the inscribed base. (https://www.britannica.com/biography/Imhotep https://arce.org/resource/search-imhotep-tomb-architect-turned-god-remains-mystery/)",""
"fact.ancient_egypt.imhotep_statue_base","source.brit_imhotep","unverified","Imhotep, Djoser’s vizier, designed the Step Pyramid; his name and titles are carved on the base of a statue of Djoser now in the Egyptian Museum in Cairo.","https://www.britannica.com/biography/Imhotep","L22 card.ancient_egypt.022.c1; L22 card.ancient_egypt.022.c4; L30 card.ancient_egypt.030.c2","L22 question.ancient_egypt.022.q1","","","","","","corroborated","Britannica: Imhotep was vizier and architect of the Step Pyramid; ARCE: his titles appear on the statue base of Djoser in Cairo's Egyptian Museum; the Egyptian Museum Cairo site also describes the inscribed base. (https://www.britannica.com/biography/Imhotep https://arce.org/resource/search-imhotep-tomb-architect-turned-god-remains-mystery/)",""
"fact.ancient_egypt.imhotep_first_named_architect","source.brit_step_pyramid_djoser","unverified","Imhotep is often called the world’s first named architect.","https://www.britannica.com/topic/Step-Pyramid-of-Djoser","L22 card.ancient_egypt.022.c4","L22 question.ancient_egypt.022.q1","","","","","","corroborated","Wikipedia's Imhotep article presents him as one of the earliest people known by name for architecture, the probable architect of Djoser's step pyramid; ARCE calls him the architect of Djoser's complex. (https://en.wikipedia.org/wiki/Imhotep https://arce.org/resource/search-imhotep-tomb-architect-turned-god-remains-mystery/)",""
"fact.ancient_egypt.imhotep_god_of_medicine","source.brit_imhotep","unverified","Imhotep was later worshipped as a god of medicine, and the Greeks identified him with their healing god Asclepius.","https://www.britannica.com/biography/Imhotep","L22 card.ancient_egypt.022.c4","L22 question.ancient_egypt.022.q1","","","","","","corroborated","Britannica and ARCE each state the deification and the identification with Asclepius; the two pages corroborate each other. (https://www.britannica.com/biography/Imhotep https://arce.org/resource/search-imhotep-tomb-architect-turned-god-remains-mystery/)",""
"fact.ancient_egypt.imhotep_god_of_medicine","source.arce_imhotep_tomb","unverified","Imhotep was later worshipped as a god of medicine, and the Greeks identified him with their healing god Asclepius.","https://arce.org/resource/search-imhotep-tomb-architect-turned-god-remains-mystery/","L22 card.ancient_egypt.022.c4","L22 question.ancient_egypt.022.q1","","","","","","corroborated","Britannica and ARCE each state the deification and the identification with Asclepius; the two pages corroborate each other. (https://www.britannica.com/biography/Imhotep https://arce.org/resource/search-imhotep-tomb-architect-turned-god-remains-mystery/)",""
"fact.ancient_egypt.imhotep_tomb_not_found","source.arce_imhotep_tomb","unverified","Imhotep’s tomb has never been found.","https://arce.org/resource/search-imhotep-tomb-architect-turned-god-remains-mystery/","L22 card.ancient_egypt.022.c4","L22 question.ancient_egypt.022.q1","","","","","","corroborated","Wikipedia's Imhotep article: the location of his tomb remains unknown, despite efforts to find it. (https://en.wikipedia.org/wiki/Imhotep)","one-page weak-pages"
"fact.ancient_egypt.sneferu_first_king_4th_dynasty","source.brit_snefru","unverified","Sneferu was the first king of the 4th dynasty.","https://www.britannica.com/biography/Snefru","L23 card.ancient_egypt.023.c2; L30 card.ancient_egypt.030.c2","L23 question.ancient_egypt.023.q3","","","","","","corroborated","Wikipedia's Sneferu article: founding pharaoh of the Fourth Dynasty; Smithsonian notes he ruled in the Old Kingdom and commissioned the Bent Pyramid. (https://en.wikipedia.org/wiki/Sneferu https://www.smithsonianmag.com/smart-news/egypt-opens-its-bent-pyramid-first-time-50-years-180972673/)",""
"fact.ancient_egypt.meidum_step_to_true","source.brit_snefru","unverified","Sneferu’s pyramid at Meidum was built as a step pyramid and later reworked into a true, smooth-sided pyramid.","https://www.britannica.com/biography/Snefru","L23 card.ancient_egypt.023.c2","L23 question.ancient_egypt.023.q3","","","","","","corroborated","Britannica's pyramid article: the Meidum pyramid was not originally planned as a true pyramid; its steps were filled in to form a continuous slope. (https://www.britannica.com/technology/pyramid-architecture)","one-page"
"fact.ancient_egypt.meidum_step_to_true","source.smithsonianmag_bent_pyramid","unverified","Sneferu’s pyramid at Meidum was built as a step pyramid and later reworked into a true, smooth-sided pyramid.","https://www.smithsonianmag.com/smart-news/egypt-opens-its-bent-pyramid-first-time-50-years-180972673/","L23 card.ancient_egypt.023.c2","L23 question.ancient_egypt.023.q3","","","","","","corroborated","Britannica's pyramid article: the Meidum pyramid was not originally planned as a true pyramid; its steps were filled in to form a continuous slope. (https://www.britannica.com/technology/pyramid-architecture)","one-page"
"fact.ancient_egypt.bent_first_designed_true","source.brit_snefru","unverified","The Bent Pyramid at Dahshur, built for Sneferu, was the first pyramid designed from the start as a true pyramid.","https://www.britannica.com/biography/Snefru","L23 card.ancient_egypt.023.c2","L23 question.ancient_egypt.023.q3","","","","","","corroborated","Wikipedia's Bent Pyramid article: built under Sneferu at Dahshur as an early attempt at a smooth-sided pyramid; Smithsonian: Sneferu commissioned it at Dahshur. (https://en.wikipedia.org/wiki/Bent_Pyramid https://www.smithsonianmag.com/smart-news/egypt-opens-its-bent-pyramid-first-time-50-years-180972673/)",""
"fact.ancient_egypt.bent_angle_change_halfway","source.brit_pyramid_architecture","unverified","The Bent Pyramid changes its angle about halfway up; the lower part is steeper than the upper part.","https://www.britannica.com/technology/pyramid-architecture","L23 card.ancient_egypt.023.c1; L23 card.ancient_egypt.023.c3","L23 question.ancient_egypt.023.q1; L23 question.ancient_egypt.023.q2; L30 question.ancient_egypt.030.q2","","","","","","corroborated","Smithsonian: lower part at 54 degrees, top at 43 degrees; Wikipedia: the angle changes above about 47 m. (https://www.smithsonianmag.com/smart-news/egypt-opens-its-bent-pyramid-first-time-50-years-180972673/ https://en.wikipedia.org/wiki/Bent_Pyramid)",""
"fact.ancient_egypt.bent_angles_54_43","source.smithsonianmag_bent_pyramid","unverified","The Bent Pyramid’s lower part rises at 54 degrees and its upper part at 43 degrees.","https://www.smithsonianmag.com/smart-news/egypt-opens-its-bent-pyramid-first-time-50-years-180972673/","L23 card.ancient_egypt.023.c3; L30 card.ancient_egypt.030.c2","L23 question.ancient_egypt.023.q1; L23 question.ancient_egypt.023.q2; L30 question.ancient_egypt.030.q2","","","","","","corroborated","Wikipedia's Bent Pyramid article gives the same figures: 54 degrees below, 43 degrees above. (https://en.wikipedia.org/wiki/Bent_Pyramid)","one-page weak-pages"
"fact.ancient_egypt.bent_cracks_reason","source.brit_snefru","unverified","The builders reduced the Bent Pyramid’s angle because cracks and structural faults appeared during construction.","https://www.britannica.com/biography/Snefru","L23 card.ancient_egypt.023.c3","L23 question.ancient_egypt.023.q1; L23 question.ancient_egypt.023.q2; L30 question.ancient_egypt.030.q2","","","","","","corroborated","Britannica (structural faults midway) and Smithsonian (cracks showing instability) agree; Wikipedia gives the same explanation. (https://en.wikipedia.org/wiki/Bent_Pyramid)","one-page weak-pages"
"fact.ancient_egypt.bent_cracks_reason","source.smithsonianmag_bent_pyramid","unverified","The builders reduced the Bent Pyramid’s angle because cracks and structural faults appeared during construction.","https://www.smithsonianmag.com/smart-news/egypt-opens-its-bent-pyramid-first-time-50-years-180972673/","L23 card.ancient_egypt.023.c3","L23 question.ancient_egypt.023.q1; L23 question.ancient_egypt.023.q2; L30 question.ancient_egypt.030.q2","","","","","","corroborated","Britannica (structural faults midway) and Smithsonian (cracks showing instability) agree; Wikipedia gives the same explanation. (https://en.wikipedia.org/wiki/Bent_Pyramid)","one-page weak-pages"
"fact.ancient_egypt.red_pyramid_first_true","source.brit_pyramid_architecture","unverified","The Red Pyramid at Dahshur, north of the Bent Pyramid, is the earliest tomb known to have been designed and built as a true pyramid throughout; its sides rise at 43 degrees.","https://www.britannica.com/technology/pyramid-architecture","L23 card.ancient_egypt.023.c4","L24 question.ancient_egypt.024.q3","","","","","","corroborated","Wikipedia's Red Pyramid article: Egypt's first successful attempt at a true smooth-sided pyramid, at the same 43-degree angle as the Bent Pyramid's upper section, about 1 km north of it. (https://en.wikipedia.org/wiki/Red_Pyramid)","one-page weak-pages"
"fact.ancient_egypt.red_pyramid_first_true","source.smithsonianmag_bent_pyramid","unverified","The Red Pyramid at Dahshur, north of the Bent Pyramid, is the earliest tomb known to have been designed and built as a true pyramid throughout; its sides rise at 43 degrees.","https://www.smithsonianmag.com/smart-news/egypt-opens-its-bent-pyramid-first-time-50-years-180972673/","L23 card.ancient_egypt.023.c4","L24 question.ancient_egypt.024.q3","","","","","","corroborated","Wikipedia's Red Pyramid article: Egypt's first successful attempt at a true smooth-sided pyramid, at the same 43-degree angle as the Bent Pyramid's upper section, about 1 km north of it. (https://en.wikipedia.org/wiki/Red_Pyramid)","one-page weak-pages"
"fact.ancient_egypt.red_pyramid_first_true","source.brit_snefru","unverified","The Red Pyramid at Dahshur, north of the Bent Pyramid, is the earliest tomb known to have been designed and built as a true pyramid throughout; its sides rise at 43 degrees.","https://www.britannica.com/biography/Snefru","L23 card.ancient_egypt.023.c4","L24 question.ancient_egypt.024.q3","","","","","","corroborated","Wikipedia's Red Pyramid article: Egypt's first successful attempt at a true smooth-sided pyramid, at the same 43-degree angle as the Bent Pyramid's upper section, about 1 km north of it. (https://en.wikipedia.org/wiki/Red_Pyramid)","one-page weak-pages"
"fact.ancient_egypt.sneferu_three_pyramids","source.brit_snefru","unverified","Sneferu built three major pyramids: Meidum, the Bent Pyramid and the Red Pyramid.","https://www.britannica.com/biography/Snefru","L23 card.ancient_egypt.023.c4","L24 question.ancient_egypt.024.q3","","","","","","corroborated","Wikipedia's Sneferu article: he oversaw three major pyramids, at Meidum, the Bent Pyramid and the Red Pyramid. (https://en.wikipedia.org/wiki/Sneferu)","one-page weak-pages"
"fact.ancient_egypt.sneferu_son_khufu","source.brit_snefru","unverified","Sneferu was succeeded by his son Khufu.","https://www.britannica.com/biography/Snefru","L23 card.ancient_egypt.023.c4","L24 question.ancient_egypt.024.q3","","","","","","corroborated","Wikipedia's Sneferu article: his main wife Hetepheres I was the mother of Khufu, builder of the Great Pyramid, and his son succeeded him. (https://en.wikipedia.org/wiki/Khufu)","one-page weak-pages"
"fact.ancient_egypt.great_pyramid_khufu_date","source.brit_great_pyramid","unverified","The Great Pyramid of Giza was built for Khufu, second king of the 4th dynasty, and completed in the early 25th century BCE.","https://www.britannica.com/topic/Great-Pyramid-of-Giza","L24 card.ancient_egypt.024.c2; L30 card.ancient_egypt.030.c2","L24 question.ancient_egypt.024.q1; L24 question.ancient_egypt.024.q3; L25 question.ancient_egypt.025.q3; L27 question.ancient_egypt.027.q3","","","","","","corroborated","Britannica's tallest-structure Q&A: completed in the early 25th century BCE during the reign of Khufu; World History Encyclopedia: built during the reign of Khufu. (https://www.britannica.com/place/How-long-did-the-Great-Pyramid-of-Giza-hold-the-record-as-the-tallest-man-made-structure-in-the-world https://www.worldhistory.org/Great_Pyramid_of_Giza/)",""
"fact.ancient_egypt.great_pyramid_height_146","source.brit_pyramids_giza","unverified","The Great Pyramid was originally about 146 m (481 feet) tall.","https://www.britannica.com/topic/Pyramids-of-Giza","L24 card.ancient_egypt.024.c2; L30 card.ancient_egypt.030.c2","L24 question.ancient_egypt.024.q1; L24 question.ancient_egypt.024.q3; L25 question.ancient_egypt.025.q3; L27 question.ancient_egypt.027.q3","","","","","","corroborated","Britannica gives 481.4 feet (which is about 146.7 m; it rounds to 147 m); World History Encyclopedia gives 146 m; Wikipedia gives 146.6 m. (https://www.worldhistory.org/Great_Pyramid_of_Giza/ https://en.wikipedia.org/wiki/Great_Pyramid_of_Giza)",""
"fact.ancient_egypt.great_pyramid_height_146","source.whe_great_pyramid","unverified","The Great Pyramid was originally about 146 m (481 feet) tall.","https://www.worldhistory.org/Great_Pyramid_of_Giza/","L24 card.ancient_egypt.024.c2; L30 card.ancient_egypt.030.c2","L24 question.ancient_egypt.024.q1; L24 question.ancient_egypt.024.q3; L25 question.ancient_egypt.025.q3; L27 question.ancient_egypt.027.q3","","","","","","corroborated","Britannica gives 481.4 feet (which is about 146.7 m; it rounds to 147 m); World History Encyclopedia gives 146 m; Wikipedia gives 146.6 m. (https://www.worldhistory.org/Great_Pyramid_of_Giza/ https://en.wikipedia.org/wiki/Great_Pyramid_of_Giza)",""
"fact.ancient_egypt.great_pyramid_tallest_3800","source.brit_great_pyramid_tallest","unverified","The Great Pyramid was the tallest human-made structure in the world for an estimated 3,800 years.","https://www.britannica.com/place/How-long-did-the-Great-Pyramid-of-Giza-hold-the-record-as-the-tallest-man-made-structure-in-the-world","L24 card.ancient_egypt.024.c1; L24 card.ancient_egypt.024.c2; L30 card.ancient_egypt.030.c4","L24 question.ancient_egypt.024.q1; L24 question.ancient_egypt.024.q3; L25 question.ancient_egypt.025.q3; L27 question.ancient_egypt.027.q3; L30 question.ancient_egypt.030.q5","","","","","","corroborated","Interesting Facts and History Collection: tallest human-made structure for more than 3,800 years, until Lincoln Cathedral's spire (about 1311). Note: Wikipedia now says more than 3,700 years; 'about' covers both. (https://en.wikipedia.org/wiki/Great_Pyramid_of_Giza https://interestingfacts.com/fact/great-pyramid-of-giza-was-tallest-structure-in-world-for-more-than-3800-years/)",""
"fact.ancient_egypt.great_pyramid_blocks","source.brit_great_pyramid","unverified","About 2.3 million stone blocks were cut, moved and fitted together to build the Great Pyramid.","https://www.britannica.com/topic/Great-Pyramid-of-Giza","L24 card.ancient_egypt.024.c3; L26 card.ancient_egypt.026.c1; L29 card.ancient_egypt.029.c2","","","","","","","corroborated","Britannica's pyramid article repeats about 2.3 million blocks; World History Encyclopedia: over two million blocks. (https://www.britannica.com/technology/pyramid-architecture https://www.worldhistory.org/Great_Pyramid_of_Giza/)",""
"fact.ancient_egypt.great_pyramid_base_230","source.brit_great_pyramid","unverified","Each side of the Great Pyramid’s base is about 230 m long.","https://www.britannica.com/topic/Great-Pyramid-of-Giza","L24 card.ancient_egypt.024.c3","","","","","","","corroborated","Wikipedia: each side of the base was measured at about 230.3 m. (https://en.wikipedia.org/wiki/Great_Pyramid_of_Giza)","one-page weak-pages"
"fact.ancient_egypt.great_pyramid_perimeter","source.brit_great_pyramid","unverified","Walking once around the Great Pyramid’s base, four sides of about 230 m each, covers about 920 m.","https://www.britannica.com/topic/Great-Pyramid-of-Giza","L24 card.ancient_egypt.024.c3","","","","","","","corroborated","Derived by simple arithmetic (4 x 230 m) from the base length; Wikipedia's 230.3 m per side gives about 921 m. (https://en.wikipedia.org/wiki/Great_Pyramid_of_Giza)","one-page weak-pages"
"fact.ancient_egypt.great_pyramid_casing","source.brit_great_pyramid","unverified","Polished limestone casing stones once made the Great Pyramid’s sides smooth and gleaming; erosion and the removal of most of them have left it shorter today.","https://www.britannica.com/topic/Great-Pyramid-of-Giza","L24 card.ancient_egypt.024.c2; L24 card.ancient_egypt.024.c4","L24 question.ancient_egypt.024.q1; L24 question.ancient_egypt.024.q2; L24 question.ancient_egypt.024.q3; L25 question.ancient_egypt.025.q3; L27 question.ancient_egypt.027.q3","","","","","","corroborated","Britannica's Pyramids of Giza entry: original height 481.4 feet, now 451.4 feet; Wikipedia: amid earthquakes, workers stripped away many outer casing stones, said to have been carted away in 1356 for use in Cairo. (https://www.britannica.com/topic/Pyramids-of-Giza https://en.wikipedia.org/wiki/Great_Pyramid_of_Giza)",""
"fact.ancient_egypt.giza_last_wonder","source.brit_great_pyramid","unverified","The pyramids of Giza are counted among the Seven Wonders of the ancient world, and they are the only one still standing.","https://www.britannica.com/topic/Great-Pyramid-of-Giza","L24 card.ancient_egypt.024.c4","L24 question.ancient_egypt.024.q2","","","","","","corroborated","Britannica and World History Encyclopedia each call them the last of the Seven Wonders still standing. (https://www.worldhistory.org/Great_Pyramid_of_Giza/ https://www.britannica.com/topic/Great-Pyramid-of-Giza)",""
"fact.ancient_egypt.giza_last_wonder","source.whe_great_pyramid","unverified","The pyramids of Giza are counted among the Seven Wonders of the ancient world, and they are the only one still standing.","https://www.worldhistory.org/Great_Pyramid_of_Giza/","L24 card.ancient_egypt.024.c4","L24 question.ancient_egypt.024.q2","","","","","","corroborated","Britannica and World History Encyclopedia each call them the last of the Seven Wonders still standing. (https://www.worldhistory.org/Great_Pyramid_of_Giza/ https://www.britannica.com/topic/Great-Pyramid-of-Giza)",""
"fact.ancient_egypt.builders_cemetery_horse_1990","source.hawass_builders_tombs","unverified","In 1990, a tourist’s horse stumbled on a mud-brick wall near the Giza pyramids, which led to the discovery of the pyramid builders’ cemetery.","https://www.guardians.net/hawass/buildtomb.htm","L25 card.ancient_egypt.025.c1","L25 question.ancient_egypt.025.q1","","","","","","corroborated","Search summaries (Egypt Today and others) repeat that in 1990 a tourist's horse stumbled on a mud-brick wall that proved to be the builders' tombs; NBC/AP: graves first discovered in 1990. (https://www.egypttoday.com/Article/6/31620/Visit-the-Pyramids-and-now-the-nearby-tombs-of-their https://www.nbcnews.com/id/wbna34794254)",""
"fact.ancient_egypt.builders_cemetery_horse_1990","source.nbc_giza_workers_tombs","unverified","In 1990, a tourist’s horse stumbled on a mud-brick wall near the Giza pyramids, which led to the discovery of the pyramid builders’ cemetery.","https://www.nbcnews.com/id/wbna34794254","L25 card.ancient_egypt.025.c1","L25 question.ancient_egypt.025.q1","","","","","","corroborated","Search summaries (Egypt Today and others) repeat that in 1990 a tourist's horse stumbled on a mud-brick wall that proved to be the builders' tombs; NBC/AP: graves first discovered in 1990. (https://www.egypttoday.com/Article/6/31620/Visit-the-Pyramids-and-now-the-nearby-tombs-of-their https://www.nbcnews.com/id/wbna34794254)",""
"fact.ancient_egypt.builders_cemetery_titles","source.hawass_builders_tombs","unverified","The builders’ cemetery holds hundreds of small graves of laborers and larger tombs of overseers and craftsmen, with titles like ‘overseer of the side of the pyramid.’","https://www.guardians.net/hawass/buildtomb.htm","L25 card.ancient_egypt.025.c2","L25 question.ancient_egypt.025.q1; L25 question.ancient_egypt.025.q2","","","","","","corroborated","NBC/AP describes the mud-brick tombs of the builders near the pyramids; Britannica's Pyramids of Giza entry mentions the small tombs of workers and artisans. (https://www.nbcnews.com/id/wbna34794254 https://www.britannica.com/topic/Pyramids-of-Giza)",""
"fact.ancient_egypt.hawass_slaves_quote","source.nbc_giza_workers_tombs","unverified","Zahi Hawass, who excavated the builders’ tombs, said: ‘If they were slaves, they would not have been able to build their tombs beside their king’s.’","https://www.nbcnews.com/id/wbna34794254","L25 card.ancient_egypt.025.c2","L25 question.ancient_egypt.025.q1; L25 question.ancient_egypt.025.q2","","","","","","corroborated","Hawass's own account of the tombs reaches the same conclusion (builders were not slaves); other reports quote him saying slaves would never have been buried at Giza. (https://www.guardians.net/hawass/buildtomb.htm https://en.wikipedia.org/wiki/Construction_of_the_Egyptian_pyramids)",""
"fact.ancient_egypt.builders_skeletons","source.hawass_builders_tombs","unverified","The builders’ skeletons show arthritis in the back and knees from heavy work, and broken arm and leg bones that healed after being splinted.","https://www.guardians.net/hawass/buildtomb.htm","L25 card.ancient_egypt.025.c3","L28 question.ancient_egypt.028.q3; L30 question.ancient_egypt.030.q4","","","","","","corroborated","Cayman Compass (1998 wire report) and an IJHARS paper on skeletal pathology at Giza: builders show arthritis and lower-back damage, and most fractures healed in good alignment, most likely set with splints. (https://www.caymancompass.com/1998/07/29/pyramid-builders-received-emergency-medical-care https://www.eduresearchjournal.com/index.php/ijhars/article/view/685)",""
"fact.ancient_egypt.builders_conscripted_paid","source.hawass_builders_tombs","unverified","The pyramid builders were not slaves: they were Egyptians, many called up to serve rotating terms of work for the king under skilled craftsmen, and they were paid for their work.","https://www.guardians.net/hawass/buildtomb.htm","L25 card.ancient_egypt.025.c3; L28 card.ancient_egypt.028.c3; L30 card.ancient_egypt.030.c4","L28 question.ancient_egypt.028.q3; L30 question.ancient_egypt.030.q4","","","","","","corroborated","AERA: crews served a term of compulsory labor for the crown; NBC/AP: workers were rotated every three months; Wikipedia's Construction of the Egyptian pyramids: skilled workers worked for a salary or as a form of tax payment. (https://aeraweb.org/ https://www.nbcnews.com/id/wbna34794254 https://www.worldhistory.org/Great_Pyramid_of_Giza/)",""
"fact.ancient_egypt.builders_conscripted_paid","source.aera_home","unverified","The pyramid builders were not slaves: they were Egyptians, many called up to serve rotating terms of work for the king under skilled craftsmen, and they were paid for their work.","https://aeraweb.org/","L25 card.ancient_egypt.025.c3; L28 card.ancient_egypt.028.c3; L30 card.ancient_egypt.030.c4","L28 question.ancient_egypt.028.q3; L30 question.ancient_egypt.030.q4","","","","","","corroborated","AERA: crews served a term of compulsory labor for the crown; NBC/AP: workers were rotated every three months; Wikipedia's Construction of the Egyptian pyramids: skilled workers worked for a salary or as a form of tax payment. (https://aeraweb.org/ https://www.nbcnews.com/id/wbna34794254 https://www.worldhistory.org/Great_Pyramid_of_Giza/)",""
"fact.ancient_egypt.builders_conscripted_paid","source.whe_great_pyramid","unverified","The pyramid builders were not slaves: they were Egyptians, many called up to serve rotating terms of work for the king under skilled craftsmen, and they were paid for their work.","https://www.worldhistory.org/Great_Pyramid_of_Giza/","L25 card.ancient_egypt.025.c3; L28 card.ancient_egypt.028.c3; L30 card.ancient_egypt.030.c4","L28 question.ancient_egypt.028.q3; L30 question.ancient_egypt.030.q4","","","","","","corroborated","AERA: crews served a term of compulsory labor for the crown; NBC/AP: workers were rotated every three months; Wikipedia's Construction of the Egyptian pyramids: skilled workers worked for a salary or as a form of tax payment. (https://aeraweb.org/ https://www.nbcnews.com/id/wbna34794254 https://www.worldhistory.org/Great_Pyramid_of_Giza/)",""
"fact.ancient_egypt.merer_logbook_found","source.smithsonianmag_wadi_al_jarf","unverified","In 2013, Pierre Tallet’s team found the oldest known inscribed papyri at Wadi al-Jarf on the Red Sea, including the logbook of Merer, an inspector who led a crew under Khufu.","https://www.smithsonianmag.com/history/ancient-egypt-shipping-mining-farming-economy-pyramids-180956619/","L25 card.ancient_egypt.025.c4","L25 question.ancient_egypt.025.q3","","","","","","corroborated","Wikipedia's Diary of Merer: logbooks by the inspector Merer from Khufu's reign, the oldest known papyri with text, found in 2013 by a French mission directed by Pierre Tallet at Wadi al-Jarf. (Crew size differs between sources, so the card gives none.) (https://en.wikipedia.org/wiki/Diary_of_Merer https://www.amusingplanet.com/2022/07/the-diary-of-merer-4500-year-old.html)",""
"fact.ancient_egypt.merer_ankhhaf_rations","source.smithsonianmag_wadi_al_jarf","unverified","Merer reported to the noble Ankhhaf, Khufu’s half-brother, and his crew was supplied with food by the state.","https://www.smithsonianmag.com/history/ancient-egypt-shipping-mining-farming-economy-pyramids-180956619/","L25 card.ancient_egypt.025.c4","L25 question.ancient_egypt.025.q3","","","","","","corroborated","Wikipedia's Diary of Merer: Ankhhaf, Khufu's half-brother, appears as overseer of the harbor at Giza; the logbook records a boat sent to bring the crew food from Heliopolis. (https://en.wikipedia.org/wiki/Ankhhaf https://en.wikipedia.org/wiki/Diary_of_Merer)","weak-pages"
"fact.ancient_egypt.merer_tura_giza_boat","source.smithsonianmag_wadi_al_jarf","unverified","Merer’s logbook records his crew carrying limestone by boat from the quarries at Tura to Giza.","https://www.smithsonianmag.com/history/ancient-egypt-shipping-mining-farming-economy-pyramids-180956619/","L26 card.ancient_egypt.026.c2","L26 question.ancient_egypt.026.q3","","","","","","corroborated","Wikipedia's Diary of Merer: the logbooks document the transport of white limestone blocks from the Tura quarries to Giza by boat. (https://en.wikipedia.org/wiki/Diary_of_Merer https://www.roger-pearse.com/weblog/2017/09/27/the-log-book-of-inspector-merer-from-wadi-al-jarf-and-the-pyramid-of-cheops-khufu/)",""
"fact.ancient_egypt.stone_blocks_sledges","source.brit_pyramids_giza","unverified","Egyptians moved heavy stone blocks on wooden sledges.","https://www.britannica.com/topic/Pyramids-of-Giza","L26 card.ancient_egypt.026.c3; L30 card.ancient_egypt.030.c4","L26 question.ancient_egypt.026.q1; L26 question.ancient_egypt.026.q2","","","","","","corroborated","University of Amsterdam: Egyptians transported heavy stones on sledges over the sand; Britannica's pyramid article: blocks hauled with sledges, rollers and levers. (https://iop.uva.nl/content/news/2014/00/prl-egyptian-pyramids.html https://www.britannica.com/technology/pyramid-architecture)",""
"fact.ancient_egypt.djehutihotep_water_painting","source.uva_wet_sand_sledge","unverified","A wall painting in the tomb of Djehutihotep shows a man on the front of a sledge pouring water onto the sand in front of it.","https://iop.uva.nl/content/news/2014/00/prl-egyptian-pyramids.html","L26 card.ancient_egypt.026.c3; L30 card.ancient_egypt.030.c4","L26 question.ancient_egypt.026.q1; L26 question.ancient_egypt.026.q2","","","","","","corroborated","Phys.org and Sci.News reports on the 2014 study describe the same Djehutihotep painting of water poured in front of the sledge. (https://phys.org/news/2014-04-ancient-egyptians-pyramid-stones-sand.html https://www.sci.news/physics/science-ancient-egyptians-wet-sand-01894.html)",""
"fact.ancient_egypt.wet_sand_halves_force","source.uva_wet_sand_sledge","unverified","A 2014 University of Amsterdam study found that the right amount of water halves the force needed to pull a sledge over sand.","https://iop.uva.nl/content/news/2014/00/prl-egyptian-pyramids.html","L26 card.ancient_egypt.026.c3","L26 question.ancient_egypt.026.q1; L26 question.ancient_egypt.026.q2","","","","","","corroborated","Phys.org and Sci.News: the correct dampness halves the pulling force (Physical Review Letters, 2014, led by Daniel Bonn). (https://phys.org/news/2014-04-ancient-egyptians-pyramid-stones-sand.html https://www.sci.news/physics/science-ancient-egyptians-wet-sand-01894.html)",""
"fact.ancient_egypt.wet_sand_stiffer","source.uva_wet_sand_sledge","unverified","Damp sand is about twice as stiff as dry sand, so it does not pile up in front of a sledge.","https://iop.uva.nl/content/news/2014/00/prl-egyptian-pyramids.html","L26 card.ancient_egypt.026.c3","L26 question.ancient_egypt.026.q1; L26 question.ancient_egypt.026.q2","","","","","","corroborated","Phys.org's report of the same study: wet desert sand is about twice as stiff as dry sand, and the sand does not pile up in front of the sledge. (https://phys.org/news/2014-04-ancient-egyptians-pyramid-stones-sand.html)","one-page"
"fact.ancient_egypt.pyramid_ramps_debated","source.sciam_hatnub_ramp","unverified","Archaeologists generally agree that ramps were used to raise blocks up the pyramids, but exactly how the ramps worked is still debated.","https://www.scientificamerican.com/article/a-ramp-contraption-may-have-been-used-to-build-egypts-great-pyramid/","L26 card.ancient_egypt.026.c1; L26 card.ancient_egypt.026.c4","","","","","","","corroborated","Wikipedia's Construction of the Egyptian pyramids: many proposed ramps (straight, zigzag, spiral, internal) with considerable discrepancy; most Egyptologists find ramps the most tenable method. (https://www.britannica.com/topic/Pyramids-of-Giza https://en.wikipedia.org/wiki/Construction_of_the_Egyptian_pyramids)",""
"fact.ancient_egypt.hatnub_ramp","source.liverpool_hatnub_ramp","unverified","In 2018, researchers reported a steep ramp at the Hatnub alabaster quarry, flanked by two staircases with post holes, used to haul sledges up slopes of 20 percent or more.","https://news.liverpool.ac.uk/2018/11/02/ancient-quarry-ramp-system-may-have-helped-workers-build-egypts-great-pyramids/","L26 card.ancient_egypt.026.c4","","","","","","","corroborated","Scientific American and Live Science (2018) describe the same central ramp, two staircases with post holes and slopes of 20 percent or more. (https://www.scientificamerican.com/article/a-ramp-contraption-may-have-been-used-to-build-egypts-great-pyramid/ https://www.livescience.com/63978-great-pyramid-ramp-discovered.html)",""
"fact.ancient_egypt.hatnub_ramp","source.sciam_hatnub_ramp","unverified","In 2018, researchers reported a steep ramp at the Hatnub alabaster quarry, flanked by two staircases with post holes, used to haul sledges up slopes of 20 percent or more.","https://www.scientificamerican.com/article/a-ramp-contraption-may-have-been-used-to-build-egypts-great-pyramid/","L26 card.ancient_egypt.026.c4","","","","","","","corroborated","Scientific American and Live Science (2018) describe the same central ramp, two staircases with post holes and slopes of 20 percent or more. (https://www.scientificamerican.com/article/a-ramp-contraption-may-have-been-used-to-build-egypts-great-pyramid/ https://www.livescience.com/63978-great-pyramid-ramp-discovered.html)",""
"fact.ancient_egypt.hatnub_ramp_khufu","source.liverpool_hatnub_ramp","unverified","The Hatnub ramp system dates back at least to the reign of Khufu, builder of the Great Pyramid.","https://news.liverpool.ac.uk/2018/11/02/ancient-quarry-ramp-system-may-have-helped-workers-build-egypts-great-pyramids/","L26 card.ancient_egypt.026.c4","","","","","","","corroborated","Sci.News: tool marks and two Khufu inscriptions date the system at least to Khufu's reign. (https://www.sci.news/archaeology/ramp-system-alabaster-quarry-egypt-06582.html)","one-page"
"fact.ancient_egypt.hatnub_ramp_khufu","source.sciam_hatnub_ramp","unverified","The Hatnub ramp system dates back at least to the reign of Khufu, builder of the Great Pyramid.","https://www.scientificamerican.com/article/a-ramp-contraption-may-have-been-used-to-build-egypts-great-pyramid/","L26 card.ancient_egypt.026.c4","","","","","","","corroborated","Sci.News: tool marks and two Khufu inscriptions date the system at least to Khufu's reign. (https://www.sci.news/archaeology/ramp-system-alabaster-quarry-egypt-06582.html)","one-page"
"fact.ancient_egypt.sphinx_size_limestone","source.brit_great_sphinx","unverified","The Great Sphinx is about 73 m long and 20 m high, carved from a single mass of limestone.","https://www.britannica.com/topic/Great-Sphinx","L27 card.ancient_egypt.027.c2","L27 question.ancient_egypt.027.q2","","","","","","corroborated","Wikipedia's Great Sphinx article: 73 m long and 20 m high, sculpted from the limestone bedrock. (https://en.wikipedia.org/wiki/Great_Sphinx_of_Giza)","one-page weak-pages"
"fact.ancient_egypt.sphinx_size_limestone","source.brit_pyramids_giza","unverified","The Great Sphinx is about 73 m long and 20 m high, carved from a single mass of limestone.","https://www.britannica.com/topic/Pyramids-of-Giza","L27 card.ancient_egypt.027.c2","L27 question.ancient_egypt.027.q2","","","","","","corroborated","Wikipedia's Great Sphinx article: 73 m long and 20 m high, sculpted from the limestone bedrock. (https://en.wikipedia.org/wiki/Great_Sphinx_of_Giza)","one-page weak-pages"
"fact.ancient_egypt.sphinx_quarry_block","source.aera_who_built_sphinx","unverified","When workers quarried a ditch in the Giza bedrock, they left a large block of limestone standing, and the Sphinx was carved from it.","https://aeraweb.org/projects/who-built-the-sphinx/","L27 card.ancient_egypt.027.c1; L27 card.ancient_egypt.027.c2; L30 card.ancient_egypt.030.c2","L27 question.ancient_egypt.027.q2","","","","","","corroborated","Wikipedia's Great Sphinx article: sculpted from the limestone bedrock, with the surrounding ditch quarried out; Britannica: carved from a single piece of limestone. (https://en.wikipedia.org/wiki/Great_Sphinx_of_Giza https://www.britannica.com/topic/Great-Sphinx)",""
"fact.ancient_egypt.sphinx_lion_body_human_head","source.brit_great_sphinx","unverified","The Sphinx has the body of a resting lion and a human head wearing a royal headdress.","https://www.britannica.com/topic/Great-Sphinx","L27 card.ancient_egypt.027.c1; L27 card.ancient_egypt.027.c2","L27 question.ancient_egypt.027.q2","","","","","","corroborated","Wikipedia: a reclining sphinx with the body of a lion and the head of a human wearing a nemes headdress. (https://en.wikipedia.org/wiki/Great_Sphinx_of_Giza)","one-page weak-pages"
"fact.ancient_egypt.sphinx_lion_body_human_head","source.brit_pyramids_giza","unverified","The Sphinx has the body of a resting lion and a human head wearing a royal headdress.","https://www.britannica.com/topic/Pyramids-of-Giza","L27 card.ancient_egypt.027.c1; L27 card.ancient_egypt.027.c2","L27 question.ancient_egypt.027.q2","","","","","","corroborated","Wikipedia: a reclining sphinx with the body of a lion and the head of a human wearing a nemes headdress. (https://en.wikipedia.org/wiki/Great_Sphinx_of_Giza)","one-page weak-pages"
"fact.ancient_egypt.sphinx_khafre_mainstream","source.brit_great_sphinx","unverified","Most scholars date the Great Sphinx to the 4th dynasty and credit it to King Khafre, whose face it probably shows.","https://www.britannica.com/topic/Great-Sphinx","L27 card.ancient_egypt.027.c3; L30 card.ancient_egypt.030.c2","L27 question.ancient_egypt.027.q1; L27 question.ancient_egypt.027.q3","","","","","","corroborated","AERA (Lehner): Khafre created most of the Sphinx; Britannica's Pyramids of Giza entry: likely part of Khafre's funerary complex. (https://aeraweb.org/projects/who-built-the-sphinx/ https://www.britannica.com/topic/Pyramids-of-Giza)",""
"fact.ancient_egypt.sphinx_khafre_mainstream","source.aera_who_built_sphinx","unverified","Most scholars date the Great Sphinx to the 4th dynasty and credit it to King Khafre, whose face it probably shows.","https://aeraweb.org/projects/who-built-the-sphinx/","L27 card.ancient_egypt.027.c3; L30 card.ancient_egypt.030.c2","L27 question.ancient_egypt.027.q1; L27 question.ancient_egypt.027.q3","","","","","","corroborated","AERA (Lehner): Khafre created most of the Sphinx; Britannica's Pyramids of Giza entry: likely part of Khafre's funerary complex. (https://aeraweb.org/projects/who-built-the-sphinx/ https://www.britannica.com/topic/Pyramids-of-Giza)",""
"fact.ancient_egypt.khafre_giza_pyramid","source.brit_pyramids_giza","unverified","Khafre built his own pyramid at Giza, and the Sphinx was likely part of his funerary complex.","https://www.britannica.com/topic/Pyramids-of-Giza","L27 card.ancient_egypt.027.c3","L27 question.ancient_egypt.027.q1; L27 question.ancient_egypt.027.q3","","","","","","corroborated","AERA: the Sphinx, its temple and Khafre's valley temple belong to one quarry and construction sequence; Britannica's Great Sphinx entry assigns it to Khafre. (https://aeraweb.org/projects/who-built-the-sphinx/ https://en.wikipedia.org/wiki/Pyramid_of_Khafre)",""
"fact.ancient_egypt.sphinx_lehner_valley_temple","source.aera_who_built_sphinx","unverified","Mark Lehner mapped the Sphinx and nearby temples stone by stone, and concluded that Khafre’s workers began shaping the Sphinx as they built his valley temple.","https://aeraweb.org/projects/who-built-the-sphinx/","L27 card.ancient_egypt.027.c3","L27 question.ancient_egypt.027.q1; L27 question.ancient_egypt.027.q3","","","","","","corroborated","Britannica's Pyramids of Giza entry: the Sphinx was likely part of Khafre's funerary complex, consistent with AERA's quarry sequence; Wikipedia: most scholars attribute it to Khafre. (https://www.britannica.com/topic/Great-Sphinx https://en.wikipedia.org/wiki/Great_Sphinx_of_Giza)",""
"fact.ancient_egypt.sphinx_nose_before_napoleon","source.brit_great_sphinx","unverified","The Sphinx’s nose is missing, and drawings made before Napoleon’s troops reached Egypt already show it without one.","https://www.britannica.com/topic/Great-Sphinx","L27 card.ancient_egypt.027.c4","","","","","","","corroborated","Wikipedia's Great Sphinx article: drawings by Frederic Louis Norden from 1737, before Napoleon's troops, already show the nose missing. (https://en.wikipedia.org/wiki/Great_Sphinx_of_Giza)","one-page weak-pages"
"fact.ancient_egypt.sphinx_dream_stela","source.pbs_nova_dream_stela","unverified","On the Dream Stela at the Sphinx, Thutmose IV (reigned about 1401–1391 BCE) recorded a dream in which the god promised to make him king if he cleared away the sand around the Sphinx.","https://www.pbs.org/wgbh/nova/sphinx/stela.html","L27 card.ancient_egypt.027.c4","","","","","","","corroborated","Wikipedia's Dream Stele: erected between the Sphinx's front paws by Thutmose IV around 1401 BC; the Sphinx promises him the kingdom and asks him to clear away the sand. (https://en.wikipedia.org/wiki/Dream_Stele https://ancientegyptonline.co.uk/dream-stele/)",""
"fact.ancient_egypt.sphinx_restored_thutmose","source.brit_great_sphinx","unverified","Restoration work on the Sphinx possibly began in the reign of Thutmose IV.","https://www.britannica.com/topic/Great-Sphinx","L27 card.ancient_egypt.027.c4","","","","","","","corroborated","PBS NOVA and Wikipedia's Dream Stele article describe Thutmose IV clearing and restoring the Sphinx. (https://www.pbs.org/wgbh/nova/sphinx/stela.html https://en.wikipedia.org/wiki/Dream_Stele)",""
"fact.ancient_egypt.lost_city_discovery","source.aera_fieldwork","unverified","In 1988, Mark Lehner and AERA found a large settlement about 400 m south of the Sphinx, the base for building the pyramid complexes of Menkaure, Khafre and probably Khufu.","https://aeraweb.org/projects/","L28 card.ancient_egypt.028.c1; L28 card.ancient_egypt.028.c2","","","","","","","corroborated","NBC News (Live Science): the workers' town is about 400 meters south of the Sphinx and AERA has excavated it for about 25 years; Michigan State's site summary: home to the builders of the pyramids of Khafre and Menkaure. (https://www.nbcnews.com/news/all/how-did-they-feed-10-000-pyramid-builders-flna6C9580357 https://www.maxwell.syr.edu/research/campbell-public-affairs-institute/articles/egyptologist-shares-findings-of-everyday-life-of-the-pyramid-builders-during-phanstiel-lecture)",""
"fact.ancient_egypt.lost_city_discovery","source.aera_lost_city","unverified","In 1988, Mark Lehner and AERA found a large settlement about 400 m south of the Sphinx, the base for building the pyramid complexes of Menkaure, Khafre and probably Khufu.","https://aeraweb.org/projects/lost-city/","L28 card.ancient_egypt.028.c1; L28 card.ancient_egypt.028.c2","","","","","","","corroborated","NBC News (Live Science): the workers' town is about 400 meters south of the Sphinx and AERA has excavated it for about 25 years; Michigan State's site summary: home to the builders of the pyramids of Khafre and Menkaure. (https://www.nbcnews.com/news/all/how-did-they-feed-10-000-pyramid-builders-flna6C9580357 https://www.maxwell.syr.edu/research/campbell-public-affairs-institute/articles/egyptologist-shares-findings-of-everyday-life-of-the-pyramid-builders-during-phanstiel-lecture)",""
"fact.ancient_egypt.lost_city_size_people","source.aera_lost_city","unverified","The Lost City of the Pyramids housed laborers, craftsmen, managers and administrators.","https://aeraweb.org/projects/lost-city/","L28 card.ancient_egypt.028.c2","","","","","","","corroborated","Michigan State's Heit el-Ghurab summary: home to the people who built the pyramids; Britannica's Pyramids of Giza entry: laborers' districts with bakeries, workshops and the tombs of workers and artisans. (https://www.britannica.com/topic/Pyramids-of-Giza https://msu-anthropology.github.io/daea-fs16/sites/heit-el-ghurab/heit-el-ghurab.html)",""
"fact.ancient_egypt.lost_city_wall_crow","source.aera_lost_city","unverified","The settlement lies by a huge stone wall known in Arabic as Heit el-Ghurab, the ‘Wall of the Crow.’","https://aeraweb.org/projects/lost-city/","L28 card.ancient_egypt.028.c2","","","","","","","corroborated","AERA's fieldwork page: the Wall of the Crow was the gateway to the Lost City; Michigan State's site summary calls the site Heit el-Ghurab. (https://aeraweb.org/projects/ https://msu-anthropology.github.io/daea-fs16/sites/heit-el-ghurab/heit-el-ghurab.html)",""
"fact.ancient_egypt.lost_city_galleries_za","source.aera_home","unverified","Each long gallery in the Lost City may have housed a za, a crew of 40 men, while they served a term of compulsory work for the king.","https://aeraweb.org/","L28 card.ancient_egypt.028.c3","L28 question.ancient_egypt.028.q1; L28 question.ancient_egypt.028.q3","","","","","","corroborated","Michigan State's Heit el-Ghurab summary: a gallery believed to be barracks for sleeping; NBC/AP: workers were rotated every three months. (https://aeraweb.org/projects/lost-city/ https://msu-anthropology.github.io/daea-fs16/sites/heit-el-ghurab/heit-el-ghurab.html)",""
"fact.ancient_egypt.lost_city_bakeries_silos","source.aera_lost_city","unverified","The Lost City’s streets were lined with bakeries, kitchens and warehouses, and royal silos held grain for the bread and beer that fed the workforce.","https://aeraweb.org/projects/lost-city/","L28 card.ancient_egypt.028.c4; L30 card.ancient_egypt.030.c4","L28 question.ancient_egypt.028.q2","","","","","","corroborated","Britannica's Pyramids of Giza entry: laborers' districts with bakeries and storage areas; AERA's homepage lists barracks, bakeries and a livestock corral. (https://www.britannica.com/topic/Pyramids-of-Giza https://aeraweb.org/)",""
"fact.ancient_egypt.lost_city_meat","source.nbc_feeding_pyramid_builders","unverified","Animal bones suggest that on average more than 4,000 pounds of cattle, sheep and goat meat were slaughtered daily for the builders; gallery workers ate mainly sheep and goats.","https://www.nbcnews.com/news/all/how-did-they-feed-10-000-pyramid-builders-flna6C9580357","L28 card.ancient_egypt.028.c4","L28 question.ancient_egypt.028.q2","","","","","","corroborated","Search summaries of the Live Science report (Richard Redding, AERA) repeat the 4,000-pound daily figure for cattle, sheep and goats. (https://spacedaily.com/m-the-great-pyramid-was-not-built-by-slaves-but-by-paid-workers-skilled-crews-who-lived-in-a-purpose-built-town-beside-the-site-ate-bread-and-beef-drank-beer-and-were-buried-in-their-own-to/)","one-page"
"fact.ancient_egypt.pyramids_robber_target","source.brit_pyramid_architecture","unverified","The sheer size of a pyramid made it a target for tomb robbers.","https://www.britannica.com/technology/pyramid-architecture","L29 card.ancient_egypt.029.c1; L30 card.ancient_egypt.030.c4","L29 question.ancient_egypt.029.q2; L30 question.ancient_egypt.030.q5","","","","","","corroborated","Live Science: pyramids were often plundered, and a pyramid advertised the location of treasure, which helped push kings toward hidden tombs. (https://www.livescience.com/why-ancient-egyptians-stopped-building-pyramids)","one-page"
"fact.ancient_egypt.later_pyramids_smaller","source.brit_pyramid_architecture","unverified","Later pyramids were smaller and not as well built.","https://www.britannica.com/technology/pyramid-architecture","L29 card.ancient_egypt.029.c2","L29 question.ancient_egypt.029.q3","","","","","","corroborated","Wikipedia's Egyptian pyramids article: later pyramids were smaller, less well built and often hastily constructed; Middle Kingdom pyramids used mudbrick instead of stone. (https://www.historyhit.com/locations/hawara-pyramid/ https://en.wikipedia.org/wiki/Egyptian_pyramids)",""
"fact.ancient_egypt.hawara_mud_brick","source.historyhit_hawara_pyramid","unverified","Amenemhat III, a 12th-dynasty king of the Middle Kingdom, built his pyramid at Hawara of mud brick with a white limestone casing.","https://www.historyhit.com/locations/hawara-pyramid/","L29 card.ancient_egypt.029.c2","L29 question.ancient_egypt.029.q3","","","","","","corroborated","Wikipedia's Hawara article: built of mud brick around a core of limestone passages and chambers, faced with limestone; Britannica: Amenemhet III was a 12th-dynasty Middle Kingdom king. (https://en.wikipedia.org/wiki/Hawara https://www.britannica.com/biography/Amenemhet-III)",""
"fact.ancient_egypt.hawara_mud_brick","source.brit_amenemhet_iii","unverified","Amenemhat III, a 12th-dynasty king of the Middle Kingdom, built his pyramid at Hawara of mud brick with a white limestone casing.","https://www.britannica.com/biography/Amenemhet-III","L29 card.ancient_egypt.029.c2","L29 question.ancient_egypt.029.q3","","","","","","corroborated","Wikipedia's Hawara article: built of mud brick around a core of limestone passages and chambers, faced with limestone; Britannica: Amenemhet III was a 12th-dynasty Middle Kingdom king. (https://en.wikipedia.org/wiki/Hawara https://www.britannica.com/biography/Amenemhet-III)",""
"fact.ancient_egypt.hawara_robbed_informer","source.brit_flinders_petrie","unverified","Robbers still reached Amenemhat III’s burial at Hawara through its maze of passages and emptied the sarcophagi; Flinders Petrie concluded they had the plan from an informer.","https://www.britannica.com/biography/Flinders-Petrie","L29 card.ancient_egypt.029.c3","L29 question.ancient_egypt.029.q2","","","","","","corroborated","Wikipedia's Hawara article: Petrie found the trapdoors not slid into place and burned coffin remains, showing robbers had got in; History Hit: corridors blocked with portcullises, yet the pyramid was robbed. (https://en.wikipedia.org/wiki/Hawara https://www.historyhit.com/locations/hawara-pyramid/)",""
"fact.ancient_egypt.hawara_robbed_informer","source.historyhit_hawara_pyramid","unverified","Robbers still reached Amenemhat III’s burial at Hawara through its maze of passages and emptied the sarcophagi; Flinders Petrie concluded they had the plan from an informer.","https://www.historyhit.com/locations/hawara-pyramid/","L29 card.ancient_egypt.029.c3","L29 question.ancient_egypt.029.q2","","","","","","corroborated","Wikipedia's Hawara article: Petrie found the trapdoors not slid into place and burned coffin remains, showing robbers had got in; History Hit: corridors blocked with portcullises, yet the pyramid was robbed. (https://en.wikipedia.org/wiki/Hawara https://www.historyhit.com/locations/hawara-pyramid/)",""
"fact.ancient_egypt.new_kingdom_hidden_tombs","source.brit_pyramid_architecture","unverified","Concern about tomb robbers led New Kingdom rulers to be buried in hidden tombs in the Valley of the Kings.","https://www.britannica.com/technology/pyramid-architecture","L29 card.ancient_egypt.029.c4; L30 card.ancient_egypt.030.c2; L30 card.ancient_egypt.030.c4","L29 question.ancient_egypt.029.q1; L30 question.ancient_egypt.030.q5","","","","","","corroborated","Live Science: hiding royal burials in a distant valley cut into the rock, with guards, played a significant role in ending pyramid building. (https://www.livescience.com/why-ancient-egyptians-stopped-building-pyramids)","one-page"
"fact.ancient_egypt.pyramid_shape_meanings","source.brit_pyramid_architecture","unverified","The pyramid shape may have been a stairway for the king’s spirit to climb to the heavens, the mound of creation, or the sun’s rays reaching down to earth.","https://www.britannica.com/technology/pyramid-architecture","L30 card.ancient_egypt.030.c3","L30 question.ancient_egypt.030.q3","","","","","","corroborated","Wikipedia's Egyptian pyramids article: the shape is thought to represent the primordial mound and the descending rays of the sun; other summaries describe the pyramid as a stairway for the king's ascent. (https://en.wikipedia.org/wiki/Egyptian_pyramids https://www.ancient-egypt-online.com/ancient-egyptian-pyramids.html)",""
"fact.ancient_egypt.gods_hundreds","source.brit_egyptian_gods_list","unverified","Over the course of Egyptian history, hundreds of gods and goddesses were worshipped.","https://www.britannica.com/list/11-egyptian-gods-and-goddesses","L31 card.ancient_egypt.031.c2","L31 question.ancient_egypt.031.q3","","","","","","corroborated","British Museum schools page: we know of hundreds of gods and goddesses worshipped by the ancient Egyptians. (https://www.britishmuseum.org/learn/schools/ages-7-11/ancient-egypt/ancient-egyptian-gods-and-goddesses)","one-page"
"fact.ancient_egypt.gods_animal_forms","source.brit_egyptian_religion","unverified","Egyptian gods took many forms: human forms, animal forms and mixed forms with an animal’s head on a human body.","https://www.britannica.com/topic/Egyptian-religion","L31 card.ancient_egypt.031.c2","L31 question.ancient_egypt.031.q3","","","","","","corroborated","Penn Museum bulletin: Egyptians represented animal deities in human form but with the head of a ram, jackal, cow or falcon. (https://www.penn.museum/sites/bulletin/3283/)","one-page"
"fact.ancient_egypt.gods_animal_nature","source.penn_deities_sacred_animals","unverified","Egyptians saw certain animals as forms of particular gods, and an animal’s traits said something about the god’s nature, such as the falcon for kingship.","https://www.penn.museum/sites/bulletin/3283/","L31 card.ancient_egypt.031.c3","L31 question.ancient_egypt.031.q1; L31 question.ancient_egypt.031.q2; L38 question.ancient_egypt.038.q3","","","","","","corroborated","Met Divine Egypt coverage: animal forms conveyed each god’s nature, falcons standing for kingship and divinity; Britannica: Horus embodied divine kingship. (https://www.metmuseum.org/perspectives/sunday-at-the-met-divine-egypt-gods https://www.britannica.com/topic/Horus)",""
"fact.ancient_egypt.gods_animal_nature","source.brit_egyptian_gods_list","unverified","Egyptians saw certain animals as forms of particular gods, and an animal’s traits said something about the god’s nature, such as the falcon for kingship.","https://www.britannica.com/list/11-egyptian-gods-and-goddesses","L31 card.ancient_egypt.031.c3","L31 question.ancient_egypt.031.q1; L31 question.ancient_egypt.031.q2; L38 question.ancient_egypt.038.q3","","","","","","corroborated","Met Divine Egypt coverage: animal forms conveyed each god’s nature, falcons standing for kingship and divinity; Britannica: Horus embodied divine kingship. (https://www.metmuseum.org/perspectives/sunday-at-the-met-divine-egypt-gods https://www.britannica.com/topic/Horus)",""
"fact.ancient_egypt.gods_examples","source.brit_egyptian_gods_list","unverified","Horus, who embodied divine kingship, was shown as a falcon or falcon-headed man; Anubis, who cared for the dead, as a jackal or jackal-headed man; Thoth, god of writing and wisdom, as an ibis, ibis-headed man or baboon; Hathor, linked with motherhood, as a cow or cow-headed woman.","https://www.britannica.com/list/11-egyptian-gods-and-goddesses","L31 card.ancient_egypt.031.c1; L31 card.ancient_egypt.031.c3; L38 card.ancient_egypt.038.c3","L31 question.ancient_egypt.031.q1; L31 question.ancient_egypt.031.q2; L38 question.ancient_egypt.038.q3","","","","","","corroborated","British Museum schools page: ibis-headed Thoth was god of writing and knowledge and falcon-headed Horus god of kingship; Smithsonian Magazine lists falcon-headed Horus and Hathor. (https://www.britishmuseum.org/learn/schools/ages-7-11/ancient-egypt/ancient-egyptian-gods-and-goddesses https://www.smithsonianmag.com/smart-news/meet-25-of-the-ancient-egyptians-most-significant-gods-and-goddesses-from-falcon-headed-horus-to-sky-deity-hathor-180987503/)",""
"fact.ancient_egypt.amun_ra_combined","source.brit_re","unverified","Gods could be combined: Amun and Ra (Amon and Re) were joined as Amun-Ra, for more than a thousand years Egypt’s principal god.","https://www.britannica.com/topic/Re","L31 card.ancient_egypt.031.c2","L31 question.ancient_egypt.031.q3","","","","","","corroborated","World History Encyclopedia: when Amun rose to prominence in the New Kingdom he was fused with Ra as Amun-Ra. (https://www.worldhistory.org/amun/)","one-page"
"fact.ancient_egypt.ankh_life","source.brit_ankh","unverified","The ankh, a cross topped by a loop, was the hieroglyph for “life,” and gods and pharaohs are often shown holding or offering it.","https://www.britannica.com/topic/ankh","L31 card.ancient_egypt.031.c4","","","","","","","corroborated","World History Encyclopedia: the ankh is the hieroglyphic symbol for life, a cross with a loop at the top. (https://www.worldhistory.org/Ankh/)","one-page"
"fact.ancient_egypt.ra_sun_creator","source.brit_re","unverified","Ra (Re) was the Egyptian god of the Sun and a creator god, and Heliopolis was the center of his worship.","https://www.britannica.com/topic/Re","L32 card.ancient_egypt.032.c2","L32 question.ancient_egypt.032.q1; L32 question.ancient_egypt.032.q3; L34 question.ancient_egypt.034.q3","","","","","","corroborated","Encyclopedia.com: the chief center of Ra’s cult was Heliopolis, and Ra was seen as creator of the universe and giver of life. (https://www.encyclopedia.com/philosophy-and-religion/ancient-religions/ancient-religion/ra)","one-page"
"fact.ancient_egypt.ra_falcon_sun_disk","source.iu_lilly_scarabs_sun","unverified","Ra was often shown as a falcon-headed man with a sun disk on his head.","https://blogs.libraries.indiana.edu/lilly/2026/03/18/scarabs-and-sun-disks-symbols-of-ancient-egyptian-religion/","L32 card.ancient_egypt.032.c2","L32 question.ancient_egypt.032.q1; L32 question.ancient_egypt.032.q3; L34 question.ancient_egypt.034.q3","","","","","","corroborated","Ancient Egypt Online and other summaries: Ra usually depicted in human form with a falcon head crowned with a sun disc encircled by a cobra. (https://www.ancient-egypt-online.com/egyptian-god-ra.html)","one-page"
"fact.ancient_egypt.ra_day_boat","source.brit_re","unverified","Egyptians believed Ra crossed the sky each day in a boat, his solar bark.","https://www.britannica.com/topic/Re","L32 card.ancient_egypt.032.c2; L34 card.ancient_egypt.034.c4","L32 question.ancient_egypt.032.q1; L32 question.ancient_egypt.032.q3; L34 question.ancient_egypt.034.q3","","","","","","corroborated","Britannica Kids: Egyptians believed that at sunrise Re began a journey across the sky in his boat. (https://kids.britannica.com/kids/article/Re/353688)","one-page"
"fact.ancient_egypt.ra_night_apophis","source.brit_re","unverified","At night, Egyptians believed, Ra sailed another boat through the underworld, where he had to defeat the evil serpent Apophis (Apopis) to be born again for the new day.","https://www.britannica.com/topic/Re","L32 card.ancient_egypt.032.c1; L32 card.ancient_egypt.032.c3; L32 card.ancient_egypt.032.c4; L39 card.ancient_egypt.039.c2","L32 question.ancient_egypt.032.q2; L39 question.ancient_egypt.039.q3","","","","","","corroborated","Britannica Kids: at sunset Re sailed to the underworld and each night fought the snake Apopis, who tried to stop the sun rising; World History Encyclopedia: Apophis attacked the sun boat nightly. (https://kids.britannica.com/kids/article/Re/353688 https://www.worldhistory.org/Apophis/)",""
"fact.ancient_egypt.osiris_killed_by_seth","source.bham_osiris_mummification","unverified","In the myth, Osiris ruled Egypt as king until his jealous brother Seth tricked him into a chest and threw it into the river; later Seth cut the body into 14 pieces and scattered them across Egypt.","https://more.bham.ac.uk/birminghamegyptology/eton-myers-project/virtual-museum/toward-the-horizon/osiris-the-mythological-origins-of-mummification/","L33 card.ancient_egypt.033.c2","L33 question.ancient_egypt.033.q3","","","","","","corroborated","Britannica: Seth tricked Osiris into a chest hurled into the river and tore the corpse into 14 pieces flung over Egypt. (https://www.britannica.com/topic/Seth-Egyptian-god https://www.britannica.com/topic/Osiris-Egyptian-god)",""
"fact.ancient_egypt.osiris_killed_by_seth","source.brit_osiris","unverified","In the myth, Osiris ruled Egypt as king until his jealous brother Seth tricked him into a chest and threw it into the river; later Seth cut the body into 14 pieces and scattered them across Egypt.","https://www.britannica.com/topic/Osiris-Egyptian-god","L33 card.ancient_egypt.033.c2","L33 question.ancient_egypt.033.q3","","","","","","corroborated","Birmingham Egyptology: jealous of his brother’s reign, Seth trapped Osiris and later cut the body into fourteen pieces scattered across Egypt. (https://more.bham.ac.uk/birminghamegyptology/eton-myers-project/virtual-museum/toward-the-horizon/osiris-the-mythological-origins-of-mummification/)",""
"fact.ancient_egypt.osiris_killed_by_seth","source.brit_seth","unverified","In the myth, Osiris ruled Egypt as king until his jealous brother Seth tricked him into a chest and threw it into the river; later Seth cut the body into 14 pieces and scattered them across Egypt.","https://www.britannica.com/topic/Seth-Egyptian-god","L33 card.ancient_egypt.033.c2","L33 question.ancient_egypt.033.q3","","","","","","corroborated","Birmingham Egyptology: Seth trapped Osiris with a ruse, then cut the body into fourteen pieces scattered across Egypt. (https://more.bham.ac.uk/birminghamegyptology/eton-myers-project/virtual-museum/toward-the-horizon/osiris-the-mythological-origins-of-mummification/)",""
"fact.ancient_egypt.isis_gathers_osiris","source.bham_osiris_mummification","unverified","Isis, Osiris’s wife, sought out and gathered the pieces of his body with her sister Nephthys, and she conceived their son, Horus.","https://more.bham.ac.uk/birminghamegyptology/eton-myers-project/virtual-museum/toward-the-horizon/osiris-the-mythological-origins-of-mummification/","L33 card.ancient_egypt.033.c3","L33 question.ancient_egypt.033.q1","","","","","","corroborated","Britannica: Isis and her sister Nephthys found and buried the pieces, giving new life to Osiris; Britannica, Egyptian religion: Isis was Osiris’s consort. (https://www.britannica.com/topic/Osiris-Egyptian-god)",""
"fact.ancient_egypt.isis_gathers_osiris","source.brit_osiris","unverified","Isis, Osiris’s wife, sought out and gathered the pieces of his body with her sister Nephthys, and she conceived their son, Horus.","https://www.britannica.com/topic/Osiris-Egyptian-god","L33 card.ancient_egypt.033.c3","L33 question.ancient_egypt.033.q1","","","","","","corroborated","Birmingham Egyptology: Isis and Nephthys collected the dismembered body, and Isis conceived their son, Horus. (https://more.bham.ac.uk/birminghamegyptology/eton-myers-project/virtual-museum/toward-the-horizon/osiris-the-mythological-origins-of-mummification/)",""
"fact.ancient_egypt.anubis_first_mummy","source.bham_osiris_mummification","unverified","In the myth, the jackal-headed god Anubis embalmed and wrapped Osiris’s body, making the first mummy.","https://more.bham.ac.uk/birminghamegyptology/eton-myers-project/virtual-museum/toward-the-horizon/osiris-the-mythological-origins-of-mummification/","L33 card.ancient_egypt.033.c3; L35 card.ancient_egypt.035.c2","L33 question.ancient_egypt.033.q1","","","","","","corroborated","Summaries of the myth: Isis and Nephthys gathered Osiris’s body and, with Anubis’s help, mummified him, creating the first mummy in Egyptian belief. (https://en.wikipedia.org/wiki/Osiris_and_Isis)","one-page weak-pages"
"fact.ancient_egypt.osiris_ruler_dead","source.brit_osiris","unverified","Osiris lived on in the underworld as its ruler and judge.","https://www.britannica.com/topic/Osiris-Egyptian-god","L33 card.ancient_egypt.033.c3","L33 question.ancient_egypt.033.q1","","","","","","corroborated","Birmingham Egyptology: Osiris’s resurrection as god of the underworld is recorded in the Pyramid Texts. (https://more.bham.ac.uk/birminghamegyptology/eton-myers-project/virtual-museum/toward-the-horizon/osiris-the-mythological-origins-of-mummification/)","one-page"
"fact.ancient_egypt.horus_defeats_seth","source.brit_horus","unverified","Horus, son of Osiris and Isis, fought Seth, avenged his father and became king.","https://www.britannica.com/topic/Horus","L33 card.ancient_egypt.033.c4","L33 question.ancient_egypt.033.q2; L40 question.ancient_egypt.040.q5","","","","","","corroborated","Britannica, Osiris: his son Horus successfully fought against Seth, avenging Osiris and becoming the new king. (https://www.britannica.com/topic/Osiris-Egyptian-god)","one-page"
"fact.ancient_egypt.osiris_everyone","source.brit_osiris","unverified","The living king was identified with Horus and the dead king with Osiris; later every Egyptian, not just kings, was linked with Osiris at death.","https://www.britannica.com/topic/Osiris-Egyptian-god","L33 card.ancient_egypt.033.c4; L40 card.ancient_egypt.040.c4","L33 question.ancient_egypt.033.q2; L40 question.ancient_egypt.040.q5","","","","","","corroborated","Birmingham Egyptology: the deceased were likened to Osiris, called “the Osiris NN,” and received the protection the god had in death. (https://more.bham.ac.uk/birminghamegyptology/eton-myers-project/virtual-museum/toward-the-horizon/osiris-the-mythological-origins-of-mummification/)","one-page"
"fact.ancient_egypt.seth_lord_desert","source.brit_seth","unverified","Seth was lord of the desert and a master of storms and disorder.","https://www.britannica.com/topic/Seth-Egyptian-god","L33 card.ancient_egypt.033.c2","L33 question.ancient_egypt.033.q3","","","","","","corroborated","Britannica, Egyptian religion: Seth, god of chaos, violence, deserts and storms; World History Encyclopedia: the desert, the Red Land, was ceded to Seth. (https://www.britannica.com/topic/Egyptian-religion https://www.worldhistory.org/Set_(Egyptian_God)/)",""
"fact.ancient_egypt.temple_house_of_god","source.ees_egypt_temples","unverified","An Egyptian temple was a house for its god or gods, and Egyptians believed a god lived within its statue in the temple’s shrine.","https://www.ees.ac.uk/resource/temples-in-ancient-egypt.html","L34 card.ancient_egypt.034.c1; L34 card.ancient_egypt.034.c2","L34 question.ancient_egypt.034.q1","","","","","","corroborated","Britannica, The cult: if not satisfied, the gods might cease to inhabit their images (cult statues) and retreat to the sky; temples were earthly homes for deities. (https://www.britannica.com/topic/ancient-Egyptian-religion/The-cult)","one-page"
"fact.ancient_egypt.temple_sanctuary_dark","source.ees_egypt_temples","unverified","The sanctuary holding the god’s statue was the darkest, most enclosed part of the temple, with the highest floor level.","https://www.ees.ac.uk/resource/temples-in-ancient-egypt.html","L34 card.ancient_egypt.034.c2","L34 question.ancient_egypt.034.q1","","","","","","corroborated","Egyptian temple summaries: the sanctuary containing the deity’s statue was the darkest, most enclosed part of the temple. (https://en.wikipedia.org/wiki/Egyptian_temple)","one-page weak-pages"
"fact.ancient_egypt.temple_daily_ritual","source.ees_egypt_temples","unverified","Each morning the high priest, acting for the king, opened the shrine, greeted the statue with hymns, dressed it in fine cloth and jewelry and presented food offerings.","https://www.ees.ac.uk/resource/temples-in-ancient-egypt.html","L34 card.ancient_egypt.034.c3","L34 question.ancient_egypt.034.q2","","","","","","corroborated","Britannica, The cult: the shrine was opened at dawn and the deity purified, greeted and praised, clothed and fed. (https://www.britannica.com/topic/ancient-Egyptian-religion/The-cult)",""
"fact.ancient_egypt.temple_daily_ritual","source.brit_egyptian_religion_cult","unverified","Each morning the high priest, acting for the king, opened the shrine, greeted the statue with hymns, dressed it in fine cloth and jewelry and presented food offerings.","https://www.britannica.com/topic/ancient-Egyptian-religion/The-cult","L34 card.ancient_egypt.034.c3","L34 question.ancient_egypt.034.q2","","","","","","corroborated","Egypt Exploration Society: the high priest, acting on behalf of the pharaoh, opened the shrine, greeted the statue with hymns, dressed it and presented food offerings. (https://www.ees.ac.uk/resource/temples-in-ancient-egypt.html)",""
"fact.ancient_egypt.temple_leftovers_wages","source.ees_egypt_temples","unverified","The leftover offerings were divided among the priests as part of their wages.","https://www.ees.ac.uk/resource/temples-in-ancient-egypt.html","L34 card.ancient_egypt.034.c3","L34 question.ancient_egypt.034.q2","","","","","","corroborated","Encyclopedia.com, Temple Ritual: after the ritual the offerings became the property of the priests, a “reversion of offerings” that paid them for their work. (https://www.encyclopedia.com/history/news-wires-white-papers-and-books/temple-ritual)","one-page"
"fact.ancient_egypt.temple_open_court_limit","source.ees_egypt_temples","unverified","Non-priests may have been allowed no farther than the temple’s open court.","https://www.ees.ac.uk/resource/temples-in-ancient-egypt.html","L34 card.ancient_egypt.034.c2","L34 question.ancient_egypt.034.q1","","","","","","corroborated","Egyptian temple summaries: most of the populace was forbidden to enter a temple’s most sacred areas; only priests entered the inner sanctuary. (https://en.wikipedia.org/wiki/Egyptian_temple)","one-page weak-pages"
"fact.ancient_egypt.temple_festival_barque","source.ees_egypt_temples","unverified","At festivals, priests carried the god’s statue out in a barque, a portable shrine shaped like a boat, so ordinary people could glimpse the god.","https://www.ees.ac.uk/resource/temples-in-ancient-egypt.html","L34 card.ancient_egypt.034.c4","L34 question.ancient_egypt.034.q3","","","","","","corroborated","Britannica, The cult: at numerous festivals the shrine and image were taken out on a portable barque, becoming visible to the people. (https://www.britannica.com/topic/ancient-Egyptian-religion/The-cult)",""
"fact.ancient_egypt.temple_festival_barque","source.brit_egyptian_religion_cult","unverified","At festivals, priests carried the god’s statue out in a barque, a portable shrine shaped like a boat, so ordinary people could glimpse the god.","https://www.britannica.com/topic/ancient-Egyptian-religion/The-cult","L34 card.ancient_egypt.034.c4","L34 question.ancient_egypt.034.q3","","","","","","corroborated","Egypt Exploration Society: priests carried the statue out in a boat-shaped portable shrine, a chance for non-priests to glimpse the god. (https://www.ees.ac.uk/resource/temples-in-ancient-egypt.html)",""
"fact.ancient_egypt.mummy_natural_sand","source.spurlock_mummification_history","unverified","The earliest Egyptian mummies were made naturally: bodies buried in shallow pits in the desert sand were dried out by its heat.","https://www.spurlock.illinois.edu/exhibits/online/mummification/history.html","L35 card.ancient_egypt.035.c1","L35 question.ancient_egypt.035.q3","","","","","","corroborated","Australian Museum: bodies of those who could not afford embalming were preserved by drying in hot desert sands; Ancient Egypt Online on prehistoric pit burials. (https://australian.museum/learn/cultures/international-collection/ancient-egyptian/how-were-ancient-egyptians-mummified/ https://ancientegyptonline.co.uk/prehistoricburials/)",""
"fact.ancient_egypt.mummy_ka_ba","source.spurlock_mummification_rituals","unverified","Egyptians believed the ka and ba, the most important parts of a person’s soul, needed a well-preserved body they could recognize and return to; without it, they could not survive.","https://www.spurlock.illinois.edu/exhibits/online/mummification/rituals.html","L35 card.ancient_egypt.035.c2; L40 card.ancient_egypt.040.c4","","","","","","","corroborated","Smithsonian National Postal Museum: Egyptians believed the mummified body was the home for the soul, whose parts included the ka and ba. (https://postalmuseum.si.edu/object-group/ancient-egypt/mummies)","one-page"
"fact.ancient_egypt.mummy_seventy_days","source.smithsonianmag_make_mummy","unverified","Mummification took about 70 days, and the Greek historian Herodotus also gave a figure of 70 days.","https://www.smithsonianmag.com/smithsonian-institution/ask-smithsonian-how-do-you-make-mummy-180957059/","L35 card.ancient_egypt.035.c3; L35 card.ancient_egypt.035.c4; L40 card.ancient_egypt.040.c2","L35 question.ancient_egypt.035.q1; L35 question.ancient_egypt.035.q2; L40 question.ancient_egypt.040.q2","","","","","","corroborated","Australian Museum: the whole process lasted about 70 days; Herodotus 2.86 (Lexundria text): the body was kept in natron for seventy days. (https://australian.museum/learn/cultures/international-collection/ancient-egyptian/how-were-ancient-egyptians-mummified/ https://lexundria.com/hdt/2.86/mcly)",""
"fact.ancient_egypt.mummy_seventy_days","source.usyd_mummification","unverified","Mummification took about 70 days, and the Greek historian Herodotus also gave a figure of 70 days.","https://www.sydney.edu.au/museum/education/learning-resources/mummification.html","L35 card.ancient_egypt.035.c3; L35 card.ancient_egypt.035.c4; L40 card.ancient_egypt.040.c2","L35 question.ancient_egypt.035.q1; L35 question.ancient_egypt.035.q2; L40 question.ancient_egypt.040.q2","","","","","","corroborated","Australian Museum: the whole process lasted about 70 days; Herodotus 2.86 (Lexundria text): the body was kept in natron for seventy days. (https://australian.museum/learn/cultures/international-collection/ancient-egyptian/how-were-ancient-egyptians-mummified/ https://lexundria.com/hdt/2.86/mcly)",""
"fact.ancient_egypt.mummy_seventy_days","source.perseus_herodotus_embalming","unverified","Mummification took about 70 days, and the Greek historian Herodotus also gave a figure of 70 days.","https://www.perseus.tufts.edu/hopper/text?doc=Perseus:text:1999.01.0126:book=2:chapter=86","L35 card.ancient_egypt.035.c3; L35 card.ancient_egypt.035.c4; L40 card.ancient_egypt.040.c2","L35 question.ancient_egypt.035.q1; L35 question.ancient_egypt.035.q2; L40 question.ancient_egypt.040.q2","","","","","","corroborated","Australian Museum: the whole process lasted about 70 days; Herodotus 2.86 (Lexundria text): the body was kept in natron for seventy days. (https://australian.museum/learn/cultures/international-collection/ancient-egyptian/how-were-ancient-egyptians-mummified/ https://lexundria.com/hdt/2.86/mcly)",""
"fact.ancient_egypt.mummy_brain_nose","source.usyd_mummification","unverified","Embalmers removed the brain through the nose with a hooked metal tool, and it was often thrown away.","https://www.sydney.edu.au/museum/education/learning-resources/mummification.html","L35 card.ancient_egypt.035.c3","L35 question.ancient_egypt.035.q1; L40 question.ancient_egypt.040.q2","","","","","","corroborated","Smithsonian Magazine: the brain was removed, bit by bit, through the nose. (https://www.smithsonianmag.com/smithsonian-institution/ask-smithsonian-how-do-you-make-mummy-180957059/)","one-page"
"fact.ancient_egypt.mummy_brain_nose","source.australian_museum_mummification","unverified","Embalmers removed the brain through the nose with a hooked metal tool, and it was often thrown away.","https://australian.museum/learn/cultures/international-collection/ancient-egyptian/how-were-ancient-egyptians-mummified/","L35 card.ancient_egypt.035.c3","L35 question.ancient_egypt.035.q1; L40 question.ancient_egypt.040.q2","","","","","","corroborated","Smithsonian Magazine: the brain was removed, bit by bit, through the nose. (https://www.smithsonianmag.com/smithsonian-institution/ask-smithsonian-how-do-you-make-mummy-180957059/)","one-page"
"fact.ancient_egypt.mummy_organs_canopic","source.australian_museum_mummification","unverified","Through a cut in the side, embalmers removed the lungs, stomach, liver and intestines, which were embalmed separately and placed in canopic jars.","https://australian.museum/learn/cultures/international-collection/ancient-egyptian/how-were-ancient-egyptians-mummified/","L35 card.ancient_egypt.035.c3; L35 card.ancient_egypt.035.c4","L35 question.ancient_egypt.035.q1; L35 question.ancient_egypt.035.q2; L40 question.ancient_egypt.040.q2","","","","","","corroborated","Smithsonian Magazine: organs were removed through an incision on the side of the abdomen; MyLearning: stomach, liver, lungs and intestines went into canopic jars. (https://www.smithsonianmag.com/smithsonian-institution/ask-smithsonian-how-do-you-make-mummy-180957059/ https://www.mylearning.org/stories/a-step-by-step-guide-to-egyptian-mummification)",""
"fact.ancient_egypt.mummy_organs_canopic","source.smithsonianmag_make_mummy","unverified","Through a cut in the side, embalmers removed the lungs, stomach, liver and intestines, which were embalmed separately and placed in canopic jars.","https://www.smithsonianmag.com/smithsonian-institution/ask-smithsonian-how-do-you-make-mummy-180957059/","L35 card.ancient_egypt.035.c3; L35 card.ancient_egypt.035.c4","L35 question.ancient_egypt.035.q1; L35 question.ancient_egypt.035.q2; L40 question.ancient_egypt.040.q2","","","","","","corroborated","Australian Museum: the lungs, stomach, liver and intestines were separately embalmed and placed into canopic jars. (https://australian.museum/learn/cultures/international-collection/ancient-egyptian/how-were-ancient-egyptians-mummified/)",""
"fact.ancient_egypt.mummy_heart_left","source.australian_museum_mummification","unverified","The heart was usually left inside the body, because Egyptians saw it as the center of knowledge and emotions.","https://australian.museum/learn/cultures/international-collection/ancient-egyptian/how-were-ancient-egyptians-mummified/","L35 card.ancient_egypt.035.c4; L36 card.ancient_egypt.036.c2; L40 card.ancient_egypt.040.c2","L35 question.ancient_egypt.035.q1; L35 question.ancient_egypt.035.q2","","","","","","corroborated","Smithsonian Magazine: the heart was left, considered the center of the body and soul; University of Sydney materials agree the heart remained. (https://www.smithsonianmag.com/smithsonian-institution/ask-smithsonian-how-do-you-make-mummy-180957059/)",""
"fact.ancient_egypt.mummy_heart_left","source.smithsonianmag_make_mummy","unverified","The heart was usually left inside the body, because Egyptians saw it as the center of knowledge and emotions.","https://www.smithsonianmag.com/smithsonian-institution/ask-smithsonian-how-do-you-make-mummy-180957059/","L35 card.ancient_egypt.035.c4; L36 card.ancient_egypt.036.c2; L40 card.ancient_egypt.040.c2","L35 question.ancient_egypt.035.q1; L35 question.ancient_egypt.035.q2","","","","","","corroborated","Australian Museum: the heart, representing the centre of all knowledge and emotions, was usually left inside the body. (https://australian.museum/learn/cultures/international-collection/ancient-egyptian/how-were-ancient-egyptians-mummified/)",""
"fact.ancient_egypt.mummy_natron_40_days","source.australian_museum_mummification","unverified","The body was dried with natron, a natural salt, which was removed after about 40 days.","https://australian.museum/learn/cultures/international-collection/ancient-egyptian/how-were-ancient-egyptians-mummified/","L35 card.ancient_egypt.035.c3","L35 question.ancient_egypt.035.q1; L40 question.ancient_egypt.040.q2","","","","","","corroborated","University of Sydney: after 35 to 40 days the natron was removed, leaving the body desiccated. (https://www.sydney.edu.au/museum/education/learning-resources/mummification.html)",""
"fact.ancient_egypt.mummy_natron_40_days","source.usyd_mummification","unverified","The body was dried with natron, a natural salt, which was removed after about 40 days.","https://www.sydney.edu.au/museum/education/learning-resources/mummification.html","L35 card.ancient_egypt.035.c3","L35 question.ancient_egypt.035.q1; L40 question.ancient_egypt.040.q2","","","","","","corroborated","Australian Museum: natron absorbed water from the body, and after 40 days it was removed. (https://australian.museum/learn/cultures/international-collection/ancient-egyptian/how-were-ancient-egyptians-mummified/)",""
"fact.ancient_egypt.mummy_linen_amulets","source.australian_museum_mummification","unverified","The body was then wrapped in layers of linen, often with amulets included in the wrappings.","https://australian.museum/learn/cultures/international-collection/ancient-egyptian/how-were-ancient-egyptians-mummified/","L35 card.ancient_egypt.035.c3; L39 card.ancient_egypt.039.c4; L40 card.ancient_egypt.040.c4","L35 question.ancient_egypt.035.q1; L40 question.ancient_egypt.040.q2","","","","","","corroborated","University of Sydney: the body was wrapped in layers of linen bandages. (https://www.sydney.edu.au/museum/education/learning-resources/mummification.html)",""
"fact.ancient_egypt.mummy_linen_amulets","source.usyd_mummification","unverified","The body was then wrapped in layers of linen, often with amulets included in the wrappings.","https://www.sydney.edu.au/museum/education/learning-resources/mummification.html","L35 card.ancient_egypt.035.c3; L39 card.ancient_egypt.039.c4; L40 card.ancient_egypt.040.c4","L35 question.ancient_egypt.035.q1; L40 question.ancient_egypt.040.q2","","","","","","corroborated","Australian Museum: the body was wrapped, often with the inclusion of amulets. (https://australian.museum/learn/cultures/international-collection/ancient-egyptian/how-were-ancient-egyptians-mummified/)",""
"fact.ancient_egypt.weighing_heart_feather","source.smarthistory_hunefer","unverified","Egyptians believed that after death a person’s heart was weighed on scales against the feather of Maat, which stood for truth and right order.","https://smarthistory.org/hunefers-judgement-in-the-presence-of-osiris/","L36 card.ancient_egypt.036.c1; L36 card.ancient_egypt.036.c2; L39 card.ancient_egypt.039.c3; L40 card.ancient_egypt.040.c2; L40 card.ancient_egypt.040.c4","L36 question.ancient_egypt.036.q1; L39 question.ancient_egypt.039.q2","","","","","","corroborated","Fitzwilliam Museum (Book of the Dead of Ramose): the heart was weighed against a feather, which represented maat, divine order. (https://book-of-the-dead.fitzmuseum.cam.ac.uk/explore/the-book-of-the-dead/spell-125)","one-page"
"fact.ancient_egypt.weighing_heart_feather","source.bm_journey_afterlife","unverified","Egyptians believed that after death a person’s heart was weighed on scales against the feather of Maat, which stood for truth and right order.","https://www.britishmuseum.org/learn/schools/ages-7-11/ancient-egypt/journey-afterlife","L36 card.ancient_egypt.036.c1; L36 card.ancient_egypt.036.c2; L39 card.ancient_egypt.039.c3; L40 card.ancient_egypt.040.c2; L40 card.ancient_egypt.040.c4","L36 question.ancient_egypt.036.q1; L39 question.ancient_egypt.039.q2","","","","","","corroborated","Fitzwilliam Museum (Book of the Dead of Ramose): the heart was weighed against a feather, which represented maat, divine order. (https://book-of-the-dead.fitzmuseum.cam.ac.uk/explore/the-book-of-the-dead/spell-125)","one-page"
"fact.ancient_egypt.weighing_gods_roles","source.smarthistory_hunefer","unverified","In the judgment scene of Hunefer’s Book of the Dead, Anubis brings Hunefer in and supervises the scales, ibis-headed Thoth records the verdict and Horus presents him to Osiris.","https://smarthistory.org/hunefers-judgement-in-the-presence-of-osiris/","L36 card.ancient_egypt.036.c2; L36 card.ancient_egypt.036.c4","L36 question.ancient_egypt.036.q1; L36 question.ancient_egypt.036.q3","","","","","","corroborated","DailyArt Magazine on the Hunefer judgment scene: Anubis oversees the weighing, Thoth records the result, Horus conducts Hunefer to the enthroned Osiris. (https://www.dailyartmagazine.com/judgement-scene-hunefer/)","one-page"
"fact.ancient_egypt.hunefer_papyrus","source.smarthistory_hunefer","unverified","Hunefer’s Book of the Dead, made for a royal scribe around 1275 BCE, is now in the British Museum.","https://smarthistory.org/hunefers-judgement-in-the-presence-of-osiris/","L36 card.ancient_egypt.036.c2","L36 question.ancient_egypt.036.q1","","","","","","corroborated","Khan Academy / British Museum listings: Hunefer’s Book of the Dead, c. 1275 BCE, 19th Dynasty, British Museum; Hunefer was a royal scribe of Seti I. (https://www.khanacademy.org/humanities/ancient-art-civilizations/egypt-art/new-kingdom/v/judgement-in-the-presence-of-osiris-hunefer-s-book-of-the-dead)","one-page"
"fact.ancient_egypt.ammit_devourer","source.bm_journey_afterlife","unverified","Ammit, the Devourer, waited by the scales, with a crocodile’s front, a lion’s middle and a hippopotamus’s rear; if the heart failed, Ammit ate it and the dead person was denied the afterlife.","https://www.britishmuseum.org/learn/schools/ages-7-11/ancient-egypt/journey-afterlife","L36 card.ancient_egypt.036.c3","L36 question.ancient_egypt.036.q2; L40 question.ancient_egypt.040.q1","","","","","","corroborated","DailyArt Magazine quotes the Hunefer inscription: “Her front is a crocodile, her rear a hippopotamus, her middle a lion”; World History Edu: anyone whose heart she ate was deprived of an eternal afterlife. (https://www.dailyartmagazine.com/judgement-scene-hunefer/ https://worldhistoryedu.com/ammit-devourer-origin-story-myths-symbols-significance/)",""
"fact.ancient_egypt.ammit_devourer","source.bm_what_book_dead","unverified","Ammit, the Devourer, waited by the scales, with a crocodile’s front, a lion’s middle and a hippopotamus’s rear; if the heart failed, Ammit ate it and the dead person was denied the afterlife.","https://www.britishmuseum.org/blog/what-book-dead","L36 card.ancient_egypt.036.c3","L36 question.ancient_egypt.036.q2; L40 question.ancient_egypt.040.q1","","","","","","corroborated","DailyArt Magazine quotes the Hunefer inscription: “Her front is a crocodile, her rear a hippopotamus, her middle a lion”; World History Edu: anyone whose heart she ate was deprived of an eternal afterlife. (https://www.dailyartmagazine.com/judgement-scene-hunefer/ https://worldhistoryedu.com/ammit-devourer-origin-story-myths-symbols-significance/)",""
"fact.ancient_egypt.negative_confession_42","source.ucl_book_dead_125b","unverified","At the judgment the dead declared to each of 42 judges that they had not committed a particular wrong, a text now called the Negative Confession.","https://www.ucl.ac.uk/museums-static/digitalegypt/literature/religious/bd125b.html","L36 card.ancient_egypt.036.c3","L36 question.ancient_egypt.036.q2; L40 question.ancient_egypt.040.q1","","","","","","corroborated","World History Encyclopedia and Wikipedia (Assessors of Maat): the deceased declares innocence of one sin in turn before each of forty-two assessors. (https://www.worldhistory.org/The_Negative_Confession/ https://en.wikipedia.org/wiki/Assessors_of_Maat)",""
"fact.ancient_egypt.negative_confession_42","source.fitzwilliam_ramose_spell125","unverified","At the judgment the dead declared to each of 42 judges that they had not committed a particular wrong, a text now called the Negative Confession.","https://book-of-the-dead.fitzmuseum.cam.ac.uk/explore/the-book-of-the-dead/spell-125","L36 card.ancient_egypt.036.c3","L36 question.ancient_egypt.036.q2; L40 question.ancient_egypt.040.q1","","","","","","corroborated","World History Encyclopedia and Wikipedia (Assessors of Maat): the deceased declares innocence of one sin in turn before each of forty-two assessors. (https://www.worldhistory.org/The_Negative_Confession/ https://en.wikipedia.org/wiki/Assessors_of_Maat)",""
"fact.ancient_egypt.field_of_reeds","source.bm_journey_afterlife","unverified","Those who passed could live in the Field of Reeds, imagined as a perfect version of Egypt, with clear rivers, bright sun and plentiful crops to harvest.","https://www.britishmuseum.org/learn/schools/ages-7-11/ancient-egypt/journey-afterlife","L36 card.ancient_egypt.036.c4; L40 card.ancient_egypt.040.c2; L40 card.ancient_egypt.040.c4","L36 question.ancient_egypt.036.q3","","","","","","corroborated","World History Encyclopedia: the Field of Reeds was a mirror image of life on earth; Book of the Dead vignettes show the dead plowing, sowing and harvesting there. (https://www.worldhistory.org/article/877/egyptian-afterlife---the-field-of-reeds/)","one-page"
"fact.ancient_egypt.book_dead_spells_200","source.brit_book_of_dead","unverified","The Book of the Dead was a collection of spells placed in tombs to protect and help the dead in the afterlife; about 200 are known.","https://www.britannica.com/topic/Book-of-the-Dead-ancient-Egyptian-text","L37 card.ancient_egypt.037.c1; L37 card.ancient_egypt.037.c2","L37 question.ancient_egypt.037.q1","","","","","","corroborated","Australian Museum: a collection of spells, passwords and images for the underworld, about 200 spells. (https://australian.museum/learn/cultures/international-collection/ancient-egyptian/funerary-texts-in-ancient-egypt/)",""
"fact.ancient_egypt.book_dead_spells_200","source.australian_museum_funerary_texts","unverified","The Book of the Dead was a collection of spells placed in tombs to protect and help the dead in the afterlife; about 200 are known.","https://australian.museum/learn/cultures/international-collection/ancient-egyptian/funerary-texts-in-ancient-egypt/","L37 card.ancient_egypt.037.c1; L37 card.ancient_egypt.037.c2","L37 question.ancient_egypt.037.q1","","","","","","corroborated","Britannica: mortuary spells placed in tombs to protect and aid the deceased; approximately 200 known chapters. (https://www.britannica.com/topic/Book-of-the-Dead-ancient-Egyptian-text)",""
"fact.ancient_egypt.book_dead_title","source.brit_book_of_dead","unverified","Its Egyptian title was “The Chapters of Coming Forth by Day”; “Book of the Dead” is a modern name.","https://www.britannica.com/topic/Book-of-the-Dead-ancient-Egyptian-text","L37 card.ancient_egypt.037.c1; L37 card.ancient_egypt.037.c2","L37 question.ancient_egypt.037.q1","","","","","","corroborated","British Museum blog (via search): “Book of the Dead” is a modern term for a collection of magical spells. (https://www.britishmuseum.org/blog/what-book-dead)",""
"fact.ancient_egypt.book_dead_title","source.bm_what_book_dead","unverified","Its Egyptian title was “The Chapters of Coming Forth by Day”; “Book of the Dead” is a modern name.","https://www.britishmuseum.org/blog/what-book-dead","L37 card.ancient_egypt.037.c1; L37 card.ancient_egypt.037.c2","L37 question.ancient_egypt.037.q1","","","","","","corroborated","Britannica: the Egyptian title was “The Chapters of Coming-Forth-by-Day.” (https://www.britannica.com/topic/Book-of-the-Dead-ancient-Egyptian-text)",""
"fact.ancient_egypt.book_dead_dangers","source.bm_what_book_dead","unverified","Its spells included ones to keep the dead from losing their head or heart, and ones to protect them from snakes, crocodiles and insects on the journey.","https://www.britishmuseum.org/blog/what-book-dead","L37 card.ancient_egypt.037.c2; L40 card.ancient_egypt.040.c2","L37 question.ancient_egypt.037.q1","","","","","","corroborated","Hektoen International and spell lists: spells against snakes (33 to 35, 37, 39, 40), Spell 31 for driving off a crocodile, Spell 43 against losing one’s head. (https://hekint.org/2019/04/16/medicine-in-the-afterlife-the-egyptian-book-of-the-dead/ https://en.wikipedia.org/wiki/List_of_Book_of_the_Dead_spells)",""
"fact.ancient_egypt.spell_125_judgment","source.fitzwilliam_ramose_spell125","unverified","Spell 125 of the Book of the Dead covers the judgment before Osiris and the Negative Confession.","https://book-of-the-dead.fitzmuseum.cam.ac.uk/explore/the-book-of-the-dead/spell-125","L37 card.ancient_egypt.037.c2","L37 question.ancient_egypt.037.q1","","","","","","corroborated","Ancient Egypt Online and Wikipedia: Spell 125 depicts the weighing of the heart and contains the Negative Confession. (https://ancientegyptonline.co.uk/negativeconfession/ https://en.wikipedia.org/wiki/Spell_125)",""
"fact.ancient_egypt.book_dead_papyrus_sold","source.brit_book_of_dead","unverified","Scribes copied the spells onto rolls of papyrus, often colorfully illustrated, and sold them for burials; no papyrus contains every spell.","https://www.britannica.com/topic/Book-of-the-Dead-ancient-Egyptian-text","L37 card.ancient_egypt.037.c3; L37 card.ancient_egypt.037.c4; L40 card.ancient_egypt.040.c4","L37 question.ancient_egypt.037.q2; L37 question.ancient_egypt.037.q3","","","","","","corroborated","Australian Museum: spells written on papyrus; about 200 spells, although no papyrus contains all of them. (https://australian.museum/learn/cultures/international-collection/ancient-egyptian/funerary-texts-in-ancient-egypt/)",""
"fact.ancient_egypt.book_dead_papyrus_sold","source.australian_museum_funerary_texts","unverified","Scribes copied the spells onto rolls of papyrus, often colorfully illustrated, and sold them for burials; no papyrus contains every spell.","https://australian.museum/learn/cultures/international-collection/ancient-egyptian/funerary-texts-in-ancient-egypt/","L37 card.ancient_egypt.037.c3; L37 card.ancient_egypt.037.c4; L40 card.ancient_egypt.040.c4","L37 question.ancient_egypt.037.q2; L37 question.ancient_egypt.037.q3","","","","","","corroborated","Britannica: scribes copied the texts on rolls of papyrus, often colourfully illustrated, and sold them for burial use. (https://www.britannica.com/topic/Book-of-the-Dead-ancient-Egyptian-text)",""
"fact.ancient_egypt.book_dead_ready_made","source.bm_what_book_dead","unverified","A buyer could get a ready-made copy with blank spaces for the owner’s name, or pay more and probably choose the spells.","https://www.britishmuseum.org/blog/what-book-dead","L37 card.ancient_egypt.037.c3","L37 question.ancient_egypt.037.q2","","","","","","corroborated","Australian Museum: the number of spells purchased depended on the needs and wealth of the buyer; other summaries note budget copies left the owner’s name blank. (https://australian.museum/learn/cultures/international-collection/ancient-egyptian/funerary-texts-in-ancient-egypt/)","one-page"
"fact.ancient_egypt.book_dead_wider_reach","source.australian_museum_funerary_texts","unverified","Written on papyrus rather than on tomb walls or coffins, the spells reached far more people, though fine illustrated copies were expensive.","https://australian.museum/learn/cultures/international-collection/ancient-egyptian/funerary-texts-in-ancient-egypt/","L37 card.ancient_egypt.037.c3","L37 question.ancient_egypt.037.q2","","","","","","corroborated","British Museum blog (via search): the rolls would have been quite expensive, so only wealthy, high-status people had them. (https://www.britishmuseum.org/blog/what-book-dead)",""
"fact.ancient_egypt.book_dead_wider_reach","source.bm_what_book_dead","unverified","Written on papyrus rather than on tomb walls or coffins, the spells reached far more people, though fine illustrated copies were expensive.","https://www.britishmuseum.org/blog/what-book-dead","L37 card.ancient_egypt.037.c3","L37 question.ancient_egypt.037.q2","","","","","","corroborated","Australian Museum: written on papyrus rather than coffins or tomb walls, they became affordable to many more people. (https://australian.museum/learn/cultures/international-collection/ancient-egyptian/funerary-texts-in-ancient-egypt/)",""
"fact.ancient_egypt.funerary_texts_sequence","source.australian_museum_funerary_texts","unverified","The Book of the Dead grew out of older texts: the Pyramid Texts, written inside Old Kingdom pyramids for kings, and the Coffin Texts, written mostly on the coffins of Middle Kingdom officials and nobles.","https://australian.museum/learn/cultures/international-collection/ancient-egyptian/funerary-texts-in-ancient-egypt/","L37 card.ancient_egypt.037.c4","L37 question.ancient_egypt.037.q2; L37 question.ancient_egypt.037.q3","","","","","","corroborated","Smarthistory (via search): Pyramid Texts inscribed in Old Kingdom royal pyramids; Coffin Texts mainly on Middle Kingdom coffins for a wider range of people; Britannica: Book of the Dead drew on both. (https://smarthistory.org/ancient-egyptian-mortuary-texts/ https://www.britannica.com/topic/Book-of-the-Dead-ancient-Egyptian-text)",""
"fact.ancient_egypt.funerary_texts_sequence","source.brit_book_of_dead","unverified","The Book of the Dead grew out of older texts: the Pyramid Texts, written inside Old Kingdom pyramids for kings, and the Coffin Texts, written mostly on the coffins of Middle Kingdom officials and nobles.","https://www.britannica.com/topic/Book-of-the-Dead-ancient-Egyptian-text","L37 card.ancient_egypt.037.c4","L37 question.ancient_egypt.037.q2; L37 question.ancient_egypt.037.q3","","","","","","corroborated","Australian Museum: texts first only for royals on Old Kingdom pyramid walls, then revised for officials and nobles on coffins in the Middle Kingdom. (https://australian.museum/learn/cultures/international-collection/ancient-egyptian/funerary-texts-in-ancient-egypt/)",""
"fact.ancient_egypt.book_dead_16th_century","source.brit_book_of_dead","unverified","The Book of the Dead was probably compiled in the 16th century BCE.","https://www.britannica.com/topic/Book-of-the-Dead-ancient-Egyptian-text","L37 card.ancient_egypt.037.c4","L37 question.ancient_egypt.037.q2; L37 question.ancient_egypt.037.q3","","","","","","corroborated","Smarthistory (via search) groups the Book of the Dead with the New Kingdom; Spell 125 is first known from the reign of Hatshepsut and Thutmose III, about 1475 BCE. (https://smarthistory.org/ancient-egyptian-mortuary-texts/ https://en.wikipedia.org/wiki/Spell_125)",""
"fact.ancient_egypt.animal_mummy_kinds","source.smithsonianmag_animal_mummies","unverified","Egyptian animal mummies were of four kinds: pets buried to accompany their owners, food for the afterlife, sacred animals linked with gods, and votive offerings.","https://www.smithsonianmag.com/smithsonian-institution/egyptian-mummification-rituals-uncovered-at-natural-history-1044400/","L38 card.ancient_egypt.038.c2","L38 question.ancient_egypt.038.q2; L40 question.ancient_egypt.040.q4","","","","","","corroborated","Ancient Egypt Online and other summaries: mummified animals are of four types: food offerings, pets, sacred animals and votive offerings. (https://ancientegyptonline.co.uk/animalmummies/)","one-page"
"fact.ancient_egypt.animal_mummy_votive","source.smithsonianmag_animal_mummies","unverified","Pilgrims bought mummified animals as offerings to gods, such as cats for Bastet, ibises for Thoth and crocodiles for Sobek.","https://www.smithsonianmag.com/smithsonian-institution/egyptian-mummification-rituals-uncovered-at-natural-history-1044400/","L38 card.ancient_egypt.038.c2","L38 question.ancient_egypt.038.q2; L40 question.ancient_egypt.040.q4","","","","","","corroborated","Archaeology Magazine on the Brooklyn Museum’s animal mummies: pilgrims purchased animal mummies from priests to bury as votive offerings. (https://archaeology.org/issues/march-april-2014/features/egypt-animal-mummies-brooklyn-museum/)","one-page"
"fact.ancient_egypt.animal_mummy_pious","source.brit_egyptian_religion_cult","unverified","Dedicating an animal burial seems to have counted as a pious act.","https://www.britannica.com/topic/ancient-Egyptian-religion/The-cult","L38 card.ancient_egypt.038.c2","L38 question.ancient_egypt.038.q2; L40 question.ancient_egypt.040.q4","","","","","","corroborated","Penn Museum (Expedition): pilgrims presented animal mummies as votive offerings, a way of getting a request to the gods. (https://www.penn.museum/sites/expedition/sacred-animal-cults-in-egypt/)","one-page"
"fact.ancient_egypt.anubis_catacombs_8_million","source.cambridge_antiquity_anubis_catacombs","unverified","The Catacombs of Anubis at North Saqqara, dedicated to the god Anubis, held almost 8 million animal mummies, most of them dogs.","https://www.cambridge.org/core/journals/antiquity/article/abs/catacombs-of-anubis-at-north-saqqara/C3E80BB63086CA5DFC48767DD3C29402","L38 card.ancient_egypt.038.c1; L38 card.ancient_egypt.038.c3","L38 question.ancient_egypt.038.q1; L38 question.ancient_egypt.038.q3","","","","","","corroborated","Live Science and Ahram Online (2015): nearly 8 million animal mummies, mostly dogs, in the catacomb dedicated to Anubis at Saqqara. (https://www.livescience.com/51232-millions-of-dog-mummies-found.html https://english.ahram.org.eg/NewsContent/9/40/61381/Heritage/Ancient-Egypt/Eight-million-dog-mummies-found-in-Saqqara.aspx)",""
"fact.ancient_egypt.ibis_millions","source.plos_ibis_mummies_2019","unverified","About 1.75 million sacred ibis mummies were buried at Saqqara and about 4 million at Tuna el-Gebel, offerings to the god Thoth.","https://journals.plos.org/plosone/article?id=10.1371/journal.pone.0223964","L38 card.ancient_egypt.038.c3","L38 question.ancient_egypt.038.q1; L38 question.ancient_egypt.038.q3","","","","","","corroborated","Britannica, The cult: the sacred ibis, connected with Thoth, was kept and buried in millions; American Ornithological Society: 1.75 million at Saqqara, 4 million at Tuna el-Gebel. (https://www.britannica.com/topic/ancient-Egyptian-religion/The-cult https://americanornithology.org/the-sacred-sacred-ibis/)",""
"fact.ancient_egypt.animal_mummies_empty_third","source.manchester_animal_mummies","unverified","Scanning hundreds of animal mummies, a University of Manchester team found that around a third contained no animal material at all.","https://www.manchester.ac.uk/about/news/bbc-horizon-egypts-dark-secret/","L38 card.ancient_egypt.038.c4","","","","","","","corroborated","CNN (2015): of about 800 animal mummies scanned by Manchester researchers, a third held no animal remains. (https://www.cnn.com/2015/05/22/africa/ancient-egypt-animal-mummies-empty)","one-page"
"fact.ancient_egypt.scarab_rolls_sun","source.mcclung_sacred_scarab","unverified","Egyptians linked the dung beetle, or scarab, rolling its ball of dung with the god Khepri rolling the Sun across the sky.","https://mcclungmuseum.utk.edu/1996/01/01/sacred-scarab/","L39 card.ancient_egypt.039.c1; L39 card.ancient_egypt.039.c2","L39 question.ancient_egypt.039.q1; L39 question.ancient_egypt.039.q3","","","","","","corroborated","Britannica Kids (Khepri): Re, as Khepri, rolled the sun across the sky much as the dung beetle rolls its ball across the land. (https://kids.britannica.com/students/article/Khepri/311986)","one-page"
"fact.ancient_egypt.khepri_morning_sun","source.iu_lilly_scarabs_sun","unverified","Khepri, the scarab god, was linked with creation, rebirth and the morning sun.","https://blogs.libraries.indiana.edu/lilly/2026/03/18/scarabs-and-sun-disks-symbols-of-ancient-egyptian-religion/","L39 card.ancient_egypt.039.c2","L39 question.ancient_egypt.039.q1; L39 question.ancient_egypt.039.q3","","","","","","corroborated","McClung Museum: the scarab god rolled the sun disk onto the horizon at sunrise; Khepri is widely described as god of creation, rebirth and the rising sun. (https://mcclungmuseum.utk.edu/1996/01/01/sacred-scarab/)","one-page"
"fact.ancient_egypt.scarab_self_created","source.mcclung_sacred_scarab","unverified","Young beetles seemed to come out of the dung ball as if self-created, which linked the scarab with coming into being.","https://mcclungmuseum.utk.edu/1996/01/01/sacred-scarab/","L39 card.ancient_egypt.039.c2","L39 question.ancient_egypt.039.q1; L39 question.ancient_egypt.039.q3","","","","","","corroborated","Study.com and other summaries: young beetles emerged fully formed from dung balls, so Egyptians saw them as created from nothing, like the sun each day. (https://study.com/academy/lesson/ancient-egyptian-god-khepri-mythology-symbol-facts.html)","one-page"
"fact.ancient_egypt.scarab_most_numerous","source.mcclung_sacred_scarab","unverified","Scarabs were the most numerous Egyptian amulets, and most were made for the living.","https://mcclungmuseum.utk.edu/1996/01/01/sacred-scarab/","L39 card.ancient_egypt.039.c3","L39 question.ancient_egypt.039.q2","","","","","","corroborated","EBSCO Research Starters and TheCollector: Egyptians of all classes carried scarabs in life, as jewelry, seals and protective amulets, and were buried with them. (https://www.ebsco.com/research-starters/religion-and-philosophy/scarab-artifact https://www.thecollector.com/egyptian-scarabs/)",""
"fact.ancient_egypt.heart_scarab_spell","source.mcclung_sacred_scarab","unverified","Heart scarabs, placed with the mummy, carried a Book of the Dead spell telling the heart not to stand up as a witness against its owner.","https://mcclungmuseum.utk.edu/1996/01/01/sacred-scarab/","L39 card.ancient_egypt.039.c3","L39 question.ancient_egypt.039.q2","","","","","","corroborated","Met Museum, Heart Scarab of Hatnefer: the base bears a Book of the Dead spell in which the owner exhorts her heart not to bear witness against her at the final judgment. (https://www.metmuseum.org/art/collection/search/545146)","one-page"
"fact.ancient_egypt.wedjat_eye","source.met_wedjat_amulet","unverified","The wedjat eye, Horus’s eye that Seth damaged in their fight and that was healed, was one of Egypt’s most popular amulets, used for protection by the living and the dead; wedjat means “the sound one.”","https://www.metmuseum.org/art/collection/search/551474","L39 card.ancient_egypt.039.c4","","","","","","","corroborated","Britannica, Horus: Horus’s left eye was damaged in the fight with Seth and healed, and the restored wedjat eye became a powerful amulet; Britannica, Eye of Horus: used in amulets for protection. (https://www.britannica.com/topic/Horus https://www.britannica.com/topic/Eye-of-Horus)",""
"fact.ancient_egypt.wedjat_eye","source.brit_horus","unverified","The wedjat eye, Horus’s eye that Seth damaged in their fight and that was healed, was one of Egypt’s most popular amulets, used for protection by the living and the dead; wedjat means “the sound one.”","https://www.britannica.com/topic/Horus","L39 card.ancient_egypt.039.c4","","","","","","","corroborated","Met Museum wedjat amulet pages (via search): the healed eye of Horus, wedjat meaning “the one that is sound,” one of the most popular amulets, used by the living and the dead. (https://www.metmuseum.org/art/collection/search/551474)",""
"fact.ancient_egypt.opening_of_mouth","source.ucl_opening_mouth","unverified","In the Opening of the Mouth ritual, priests used special tools to touch the mouth and eyes of the mummy or statue so the spirit could eat, drink, breathe and see.","https://www.ucl.ac.uk/museums-static/digitalegypt/religion/wpr.html","L40 card.ancient_egypt.040.c2; L40 card.ancient_egypt.040.c3","L40 question.ancient_egypt.040.q3","","","","","","corroborated","Summaries of the ritual: priests touched the mummy’s mouth with tools such as an adze so the dead could eat, drink, breathe and see; Spurlock Museum: the soul returned to the body after the Opening of the Mouth ceremony. (https://ancientegyptonline.co.uk/openingofthemouth/ https://www.spurlock.illinois.edu/exhibits/online/mummification/rituals.html)",""
"fact.ancient_egypt.shabtis_365","source.fitzwilliam_grave_goods","unverified","Shabtis were small figures buried with the dead to do their work in the afterlife; by the end of the New Kingdom the ideal set had 365, one for each day of the year, plus overseers.","https://fitzmuseum.cam.ac.uk/explore-our-collection/highlights/context/tradition-and-change/grave-goods","L40 card.ancient_egypt.040.c3","L40 question.ancient_egypt.040.q3","","","","","","corroborated","Met Museum (Worker Shabti of Nauny): shabtis did agricultural labor for the deceased in the afterlife, with 365 workers, one for each day of the year, and overseers. (https://www.metmuseum.org/art/collection/search/587036)","one-page"
"fact.ancient_egypt.hieroglyph_mostly_sounds","source.brit_hieroglyph","unverified","Hieroglyphs could stand for the objects they depict, but usually stood for sounds: signs for one, two or three consonants.","https://www.britannica.com/topic/hieroglyph","L41 card.ancient_egypt.041.c2","L41 question.ancient_egypt.041.q1; L43 question.ancient_egypt.043.q3; L50 question.ancient_egypt.050.q1","","","","","","corroborated","Egyptian script used uniliteral, biliteral and triliteral phonograms alongside logograms; hieroglyphs are a full writing system, not picture writing. (https://en.wikipedia.org/wiki/Egyptian_hieroglyphs https://www.historyskills.com/classroom/year-7/year-7-hieroglyphs-reading/)",""
"fact.ancient_egypt.hieroglyph_mostly_sounds","source.brit_egyptian_language","unverified","Hieroglyphs could stand for the objects they depict, but usually stood for sounds: signs for one, two or three consonants.","https://www.britannica.com/topic/Egyptian-language","L41 card.ancient_egypt.041.c2","L41 question.ancient_egypt.041.q1; L43 question.ancient_egypt.043.q3; L50 question.ancient_egypt.050.q1","","","","","","corroborated","Egyptian script used uniliteral, biliteral and triliteral phonograms alongside logograms; hieroglyphs are a full writing system, not picture writing. (https://en.wikipedia.org/wiki/Egyptian_hieroglyphs https://www.historyskills.com/classroom/year-7/year-7-hieroglyphs-reading/)",""
"fact.ancient_egypt.hieroglyph_no_vowels","source.brit_hieroglyph","unverified","Egyptian hieroglyphs recorded mostly consonants; vowels were not written.","https://www.britannica.com/topic/hieroglyph","L41 card.ancient_egypt.041.c2","L41 question.ancient_egypt.041.q1; L43 question.ancient_egypt.043.q3; L50 question.ancient_egypt.050.q1","","","","","","corroborated","The script wrote consonants only; vowels were left unwritten and are reconstructed by modern scholars. (https://en.wikipedia.org/wiki/Egyptian_hieroglyphs)","one-page weak-pages"
"fact.ancient_egypt.hieroglyph_no_vowels","source.brit_egyptian_language","unverified","Egyptian hieroglyphs recorded mostly consonants; vowels were not written.","https://www.britannica.com/topic/Egyptian-language","L41 card.ancient_egypt.041.c2","L41 question.ancient_egypt.041.q1; L43 question.ancient_egypt.043.q3; L50 question.ancient_egypt.050.q1","","","","","","corroborated","The script wrote consonants only; vowels were left unwritten and are reconstructed by modern scholars. (https://en.wikipedia.org/wiki/Egyptian_hieroglyphs)","one-page weak-pages"
"fact.ancient_egypt.hieroglyph_about_700_signs","source.brit_hieroglyph","unverified","The number of hieroglyphic signs in regular use stayed at about 700 for more than 2,000 years.","https://www.britannica.com/topic/hieroglyph","L41 card.ancient_egypt.041.c2","L41 question.ancient_egypt.041.q1; L43 question.ancient_egypt.043.q3; L50 question.ancient_egypt.050.q1","","","","","","corroborated","Wikipedia gives around 900 signs in the Middle Kingdom and far more only in the Greco-Roman period, consistent with a stable core of several hundred signs for most of Egyptian history. (https://en.wikipedia.org/wiki/Egyptian_hieroglyphs)","one-page weak-pages"
"fact.ancient_egypt.hieroglyph_sun_sign","source.brit_hieroglyph","unverified","The hieroglyph for ’sun’ could also serve for ’day’ or as the name of the sun god Re.","https://www.britannica.com/topic/hieroglyph","L41 card.ancient_egypt.041.c3","L41 question.ancient_egypt.041.q2; L49 question.ancient_egypt.049.q3","","","","","","corroborated","The sun-disk sign (Gardiner N5) is a logogram for sun and day and an ideogram for Ra. (https://en.wikipedia.org/wiki/Sun_(hieroglyph))","one-page weak-pages"
"fact.ancient_egypt.hieroglyph_determinative_legs","source.brit_egyptian_language","unverified","The house sign, also used for the sound pr, helped write the verb ’to go out’; an added sign of walking legs, a meaning sign called a determinative, marked the difference.","https://www.britannica.com/topic/Egyptian-language","L41 card.ancient_egypt.041.c1; L41 card.ancient_egypt.041.c3","L41 question.ancient_egypt.041.q2; L49 question.ancient_egypt.049.q3","","","","","","corroborated","The pr house sign doubles as a biliteral phonogram; scribes added walking legs as a determinative to write prj, to go out, and the legs mark words of motion. (https://en.wikipedia.org/wiki/Pr_(hieroglyph) https://en.wikipedia.org/wiki/Legs-forward_(hieroglyph))","weak-pages"
"fact.ancient_egypt.hieroglyph_reading_direction","source.brit_hieroglyph","unverified","Hieroglyphs were usually written from right to left, and the direction the signs faced showed which way to read.","https://www.britannica.com/topic/hieroglyph","L41 card.ancient_egypt.041.c4","L41 question.ancient_egypt.041.q3","","","","","","corroborated","Asymmetrical signs such as people and animals face the start of the line, so their orientation gives the reading direction. (https://en.wikipedia.org/wiki/Egyptian_hieroglyphs https://www.historyskills.com/classroom/year-7/year-7-hieroglyphs-reading/)",""
"fact.ancient_egypt.hieroglyph_predynastic_origin","source.brit_hieroglyph","unverified","Hieroglyphic writing apparently arose in the late predynastic period, just before Egypt’s First Dynasty.","https://www.britannica.com/topic/hieroglyph","L41 card.ancient_egypt.041.c4","L41 question.ancient_egypt.041.q3","","","","","","corroborated","The earliest hieroglyphic inscriptions, such as labels from Abydos, date to the late predynastic period before the First Dynasty. (https://en.wikipedia.org/wiki/Egyptian_hieroglyphs)","one-page weak-pages"
"fact.ancient_egypt.papyrus_paper_word","source.brit_papyrus_plant","unverified","The English word ’paper’ comes from papyrus, a reedy plant that grows along the Nile.","https://www.britannica.com/plant/papyrus-plant","L42 card.ancient_egypt.042.c1","","","","","","","corroborated","Paper takes its name from papyrus, the writing material made from the Cyperus papyrus plant. (https://en.wikipedia.org/wiki/Papyrus)","one-page weak-pages"
"fact.ancient_egypt.papyrus_marsh_delta","source.brit_papyrus_plant","unverified","The papyrus plant grew abundantly in marshes and was long cultivated in the Nile Delta.","https://www.britannica.com/plant/papyrus-plant","L42 card.ancient_egypt.042.c2","L42 question.ancient_egypt.042.q3","","","","","","corroborated","Papyrus grew in abundance in the Egyptian Delta and was widely cultivated there in ancient times. (https://en.wikipedia.org/wiki/Cyperus_papyrus https://www.worldhistory.org/Egyptian_Papyrus/)",""
"fact.ancient_egypt.papyrus_other_uses","source.brit_papyrus_plant","unverified","Besides writing material, papyrus was used to make rope, matting, sandals and boats.","https://www.britannica.com/plant/papyrus-plant","L42 card.ancient_egypt.042.c2","L42 question.ancient_egypt.042.q3","","","","","","corroborated","Egyptians used papyrus for reed boats, mats, rope, sandals and baskets. (https://en.wikipedia.org/wiki/Cyperus_papyrus https://en.wikipedia.org/wiki/Reed_boat)","weak-pages"
"fact.ancient_egypt.papyrus_sheet_method","source.brit_papyrus_writing","unverified","A papyrus sheet was made from strips of the stem’s pith laid side by side, crossed at right angles by a second layer, dampened and pressed so the plant’s sap glued them, then hammered and dried in the sun.","https://www.britannica.com/topic/papyrus-writing-material","L42 card.ancient_egypt.042.c1; L42 card.ancient_egypt.042.c3","L42 question.ancient_egypt.042.q1; L42 question.ancient_egypt.042.q2; L50 question.ancient_egypt.050.q7","","","","","","corroborated","Descriptions of papyrus manufacture agree: pith strips laid in two layers at right angles, pressed so the plant juices bond them, then dried. (https://en.wikipedia.org/wiki/Papyrus https://link.springer.com/article/10.1007/s10570-022-04573-y)",""
"fact.ancient_egypt.papyrus_rolls_twenty_sheets","source.brit_papyrus_writing","unverified","Papyrus sheets were pasted together into rolls, usually of no more than 20 sheets.","https://www.britannica.com/topic/papyrus-writing-material","L42 card.ancient_egypt.042.c4","","","","","","","corroborated","Sheets were joined with paste into rolls; roughly 20 sheets was the usual length of a commercial roll. (https://en.wikipedia.org/wiki/Papyrus)","one-page weak-pages"
"fact.ancient_egypt.papyrus_hemaka_blank_roll","source.met_papyrus_egypt","unverified","The earliest known papyrus roll, from the First Dynasty tomb of the official Hemaka (about 2900 BCE), is blank.","https://www.metmuseum.org/essays/papyrus-in-ancient-egypt","L42 card.ancient_egypt.042.c4","","","","","","","corroborated","The oldest known papyrus roll, found in Hemaka's tomb at Saqqara and dated to the 1st dynasty around 2900 BC, was blank. (https://historyofinformation.com/detail.php?id=1993 https://en.wikipedia.org/wiki/Hemaka)","unopened-source"
"fact.ancient_egypt.scribe_literacy_below_one_percent","source.brit_ancient_egypt_writing","unverified","Literacy in ancient Egypt was probably well below 1 percent of the population: fewer than 1 in 100 people.","https://www.britannica.com/place/ancient-Egypt/The-king-and-ideology-administration-art-and-writing","L43 card.ancient_egypt.043.c1","","","","","","","corroborated","Most Egyptians could not read or write, which gave scribes a higher status than most people. (https://www.memphis.edu/egypt/exhibit/palette.php)","one-page"
"fact.ancient_egypt.scribe_schools","source.brit_egyptian_mathematics","unverified","Young men enrolled in scribal schools to learn reading, writing and the basics of mathematics.","https://www.britannica.com/science/mathematics/Mathematics-in-ancient-Egypt","L43 card.ancient_egypt.043.c2","L43 question.ancient_egypt.043.q3; L46 question.ancient_egypt.046.q3; L48 question.ancient_egypt.048.q3; L50 question.ancient_egypt.050.q7","","","","","","corroborated","Scribal students learned hieroglyphs and hieratic by copying texts, and scribal training included mathematics. (https://en.wikipedia.org/wiki/The_Satire_of_the_Trades https://www.historyskills.com/classroom/year-7/egyptian-scribes/)",""
"fact.ancient_egypt.scribe_hieratic","source.memphis_scribal_palette","unverified","Scribes were trained in hieratic, a cursive form of hieroglyphs used on papyrus, potsherds and stone flakes; hieroglyphs were used for monuments and display.","https://www.memphis.edu/egypt/exhibit/palette.php","L43 card.ancient_egypt.043.c2","L43 question.ancient_egypt.043.q3; L46 question.ancient_egypt.046.q3; L48 question.ancient_egypt.048.q3; L50 question.ancient_egypt.050.q7","","","","","","corroborated","Hieratic is the cursive script derived from hieroglyphs and used for everyday writing with a reed brush on papyrus and ostraca. (https://en.wikipedia.org/wiki/Hieratic)","one-page weak-pages"
"fact.ancient_egypt.scribe_hieratic","source.brit_ancient_egypt_writing","unverified","Scribes were trained in hieratic, a cursive form of hieroglyphs used on papyrus, potsherds and stone flakes; hieroglyphs were used for monuments and display.","https://www.britannica.com/place/ancient-Egypt/The-king-and-ideology-administration-art-and-writing","L43 card.ancient_egypt.043.c2","L43 question.ancient_egypt.043.q3; L46 question.ancient_egypt.046.q3; L48 question.ancient_egypt.048.q3; L50 question.ancient_egypt.050.q7","","","","","","corroborated","Hieratic is the cursive script derived from hieroglyphs and used for everyday writing with a reed brush on papyrus and ostraca. (https://en.wikipedia.org/wiki/Hieratic)","one-page weak-pages"
"fact.ancient_egypt.scribe_hieratic","source.brit_egyptian_language","unverified","Scribes were trained in hieratic, a cursive form of hieroglyphs used on papyrus, potsherds and stone flakes; hieroglyphs were used for monuments and display.","https://www.britannica.com/topic/Egyptian-language","L43 card.ancient_egypt.043.c2","L43 question.ancient_egypt.043.q3; L46 question.ancient_egypt.046.q3; L48 question.ancient_egypt.048.q3; L50 question.ancient_egypt.050.q7","","","","","","corroborated","Hieratic is the cursive script derived from hieroglyphs and used for everyday writing with a reed brush on papyrus and ostraca. (https://en.wikipedia.org/wiki/Hieratic)","one-page weak-pages"
"fact.ancient_egypt.scribe_palette_reed","source.memphis_scribal_palette","unverified","A scribe’s palette had two inkwells and a slot for reed pens; the scribe chewed a reed’s end into a brush, dipped it in water and rubbed it on the ink cake.","https://www.memphis.edu/egypt/exhibit/palette.php","L43 card.ancient_egypt.043.c3","L43 question.ancient_egypt.043.q1","","","","","","corroborated","Scribal palettes held two cakes of ink and a slot for reeds; chewing the reed end splayed its fibres into a brush. (https://en.wikipedia.org/wiki/Palette_(painting) https://www.historytoday.com/miscellanies/scribe-ancient-egyptian)",""
"fact.ancient_egypt.scribe_red_black_ink","source.memphis_scribal_palette","unverified","Egyptian scribes wrote the main text in black ink and used red ink for titles or corrections.","https://www.memphis.edu/egypt/exhibit/palette.php","L43 card.ancient_egypt.043.c3","L43 question.ancient_egypt.043.q1","","","","","","corroborated","Red ink marked headings and corrections, as in the red annotations of the Edwin Smith Papyrus. (https://en.wikipedia.org/wiki/Edwin_Smith_Papyrus https://www.historytoday.com/miscellanies/scribe-ancient-egyptian)",""
"fact.ancient_egypt.scribe_status_commanded","source.memphis_scribal_palette","unverified","Because most Egyptians could not read or write, scribes ranked above most people, and Egyptian texts said the scribe commanded while the rest did the work.","https://www.memphis.edu/egypt/exhibit/palette.php","L43 card.ancient_egypt.043.c4","L43 question.ancient_egypt.043.q2","","","","","","corroborated","The Satire of the Trades praises the scribe's career while mocking the drudgery of other jobs. (https://en.wikipedia.org/wiki/The_Satire_of_the_Trades)","one-page weak-pages"
"fact.ancient_egypt.scribe_status_commanded","source.brit_ancient_egypt_writing","unverified","Because most Egyptians could not read or write, scribes ranked above most people, and Egyptian texts said the scribe commanded while the rest did the work.","https://www.britannica.com/place/ancient-Egypt/The-king-and-ideology-administration-art-and-writing","L43 card.ancient_egypt.043.c4","L43 question.ancient_egypt.043.q2","","","","","","corroborated","The Satire of the Trades praises the scribe's career while mocking the drudgery of other jobs. (https://en.wikipedia.org/wiki/The_Satire_of_the_Trades)","one-page weak-pages"
"fact.ancient_egypt.math_decimal_signs","source.brit_egyptian_mathematics","unverified","Egyptians wrote numbers in a decimal scheme, with separate signs for 1, 10, 100, 1,000 and so on, each repeated as many times as needed.","https://www.britannica.com/science/mathematics/Mathematics-in-ancient-Egypt","L44 card.ancient_egypt.044.c2","L44 question.ancient_egypt.044.q1","","","","","","corroborated","Egyptian numerals were additive: powers of ten, each sign repeated up to nine times. (https://en.wikipedia.org/wiki/Egyptian_numerals)","one-page weak-pages"
"fact.ancient_egypt.math_numeral_signs","source.maa_egyptian_numerals","unverified","In hieroglyphs, 1 was a stroke, 10 a cattle hobble, 100 a coil of rope and 1,000 a lotus flower.","https://old.maa.org/press/periodicals/convergence/an-ancient-egyptian-mathematical-photo-album-hieroglyph-numerals-and-more","L44 card.ancient_egypt.044.c2","L44 question.ancient_egypt.044.q1","","","","","","corroborated","Single stroke for 1, cattle hobble for 10, coil of rope for 100, water lily or lotus for 1,000. (https://en.wikipedia.org/wiki/Egyptian_numerals)","one-page weak-pages unopened-source"
"fact.ancient_egypt.math_numeral_999_example","source.brit_egyptian_mathematics","unverified","Because each sign was repeated, 300 was written as three coils of rope, and 999 took 27 signs: nine each for 100, 10 and 1.","https://www.britannica.com/science/mathematics/Mathematics-in-ancient-Egypt","L44 card.ancient_egypt.044.c2","L44 question.ancient_egypt.044.q1","","","","","","corroborated","Worked examples of the additive system (for example 4,820 as four lotuses, eight coils and two hobbles) show each sign repeated up to nine times. (https://en.wikipedia.org/wiki/Egyptian_numerals https://old.maa.org/press/periodicals/convergence/an-ancient-egyptian-mathematical-photo-album-counting-numbers)",""
"fact.ancient_egypt.math_numeral_999_example","source.maa_egyptian_numerals","unverified","Because each sign was repeated, 300 was written as three coils of rope, and 999 took 27 signs: nine each for 100, 10 and 1.","https://old.maa.org/press/periodicals/convergence/an-ancient-egyptian-mathematical-photo-album-hieroglyph-numerals-and-more","L44 card.ancient_egypt.044.c2","L44 question.ancient_egypt.044.q1","","","","","","corroborated","Worked examples of the additive system (for example 4,820 as four lotuses, eight coils and two hobbles) show each sign repeated up to nine times. (https://en.wikipedia.org/wiki/Egyptian_numerals https://old.maa.org/press/periodicals/convergence/an-ancient-egyptian-mathematical-photo-album-counting-numbers)","unopened-source"
"fact.ancient_egypt.math_unit_fractions","source.brit_egyptian_mathematics","unverified","Egyptian scribes worked with unit fractions, those with 1 as the numerator, though they also used two-thirds.","https://www.britannica.com/science/mathematics/Mathematics-in-ancient-Egypt","L44 card.ancient_egypt.044.c3","L44 question.ancient_egypt.044.q2; L50 question.ancient_egypt.050.q3","","","","","","corroborated","Egyptians expressed fractions as sums of unit fractions, with special treatment for 2/3. (https://en.wikipedia.org/wiki/Egyptian_numerals https://en.wikipedia.org/wiki/Egyptian_fraction)","weak-pages"
"fact.ancient_egypt.math_rhind_papyrus","source.brit_egyptian_mathematics","unverified","The Rhind papyrus, now in the British Museum, was copied in the 17th century BCE from a text about two centuries older; it has a table of fractions for division and 84 problems.","https://www.britannica.com/science/mathematics/Mathematics-in-ancient-Egypt","L44 card.ancient_egypt.044.c3","L44 question.ancient_egypt.044.q2; L50 question.ancient_egypt.050.q3","","","","","","corroborated","The Rhind papyrus was copied by the scribe Ahmose from an older text of the reign of Amenemhat III; it holds a 2/n fraction table and 84 problems. (https://en.wikipedia.org/wiki/Rhind_Mathematical_Papyrus)","one-page weak-pages"
"fact.ancient_egypt.math_rhind_practical","source.britishmuseum_rhind_papyrus","unverified","Problems in the Rhind papyrus include sharing bread and beer as wages and measuring the areas of fields.","https://www.britishmuseum.org/blog/learn-maths-egyptian-secrets-rhind-mathematical-papyrus","L44 card.ancient_egypt.044.c4","L44 question.ancient_egypt.044.q3","","","","","","corroborated","Rhind problems cover distributing bread and beer and computing field areas and volumes. (https://en.wikipedia.org/wiki/Rhind_Mathematical_Papyrus)","one-page weak-pages unopened-source"
"fact.ancient_egypt.math_herodotus_land_measuring","source.perseus_herodotus_2_109","unverified","Herodotus wrote that a man who lost land to the river could report it; the king’s men measured the loss and lowered his tax, and Herodotus thought the Greeks learned land measuring from this.","https://www.perseus.tufts.edu/hopper/text?doc=Perseus:text:1999.01.0126:book=2:chapter=109","L44 card.ancient_egypt.044.c1; L44 card.ancient_egypt.044.c4","L44 question.ancient_egypt.044.q3","","","","","","corroborated","Herodotus' Sesostris story connects remeasuring land after river losses and a proportional land tax with the origin of geometry. (https://en.wikipedia.org/wiki/Sesostris https://www.gutenberg.org/files/2131/2131-h/2131-h.htm)",""
"fact.ancient_egypt.calendar_first_365_days","source.brit_egyptian_calendar","unverified","The Egyptian calendar was the first known calendar to use a year of 365 days, close to the solar year.","https://www.britannica.com/science/Egyptian-calendar","L45 card.ancient_egypt.045.c1","","","","","","","corroborated","The Egyptian civil year was 365 days long, one of the earliest calendars to approximate the solar year. (https://www.ebsco.com/research-starters/history/egyptian-calendar/)","one-page"
"fact.ancient_egypt.calendar_months_extra_days","source.brit_egyptian_calendar","unverified","The Egyptian civil calendar had 12 months of 30 days each (360 days), plus 5 extra days at the end of the year, making 365.","https://www.britannica.com/science/Egyptian-calendar","L45 card.ancient_egypt.045.c2; L45 card.ancient_egypt.045.c3","L45 question.ancient_egypt.045.q1; L45 question.ancient_egypt.045.q3; L47 question.ancient_egypt.047.q3; L50 question.ancient_egypt.050.q2","","","","","","corroborated","The civil year was 365 days: 12 months of 30 days plus 5 extra (epagomenal) days at year end. (https://calendars.fandom.com/wiki/Egyptian_calendar https://nilescribes.org/2017/12/20/the-ancient-egyptian-calendar/)",""
"fact.ancient_egypt.calendar_sothis_new_year","source.brit_sirius","unverified","Sirius, which Egyptians called Sothis, first rose just before sunrise at about the time the Nile flood began, and its rising signaled New Year’s Day.","https://www.britannica.com/place/Sirius-star","L45 card.ancient_egypt.045.c3","L45 question.ancient_egypt.045.q3; L47 question.ancient_egypt.047.q3","","","","","","corroborated","Egyptians marked the new year with the heliacal rising of Sirius (Sopdet, Sothis), which signaled the coming flood. (https://nilescribes.org/2017/12/20/the-ancient-egyptian-calendar/ https://calendars.fandom.com/wiki/Egyptian_calendar)",""
"fact.ancient_egypt.calendar_sothis_new_year","source.brit_egyptian_calendar","unverified","Sirius, which Egyptians called Sothis, first rose just before sunrise at about the time the Nile flood began, and its rising signaled New Year’s Day.","https://www.britannica.com/science/Egyptian-calendar","L45 card.ancient_egypt.045.c3","L45 question.ancient_egypt.045.q3; L47 question.ancient_egypt.047.q3","","","","","","corroborated","Egyptians marked the new year with the heliacal rising of Sirius (Sopdet, Sothis), which signaled the coming flood. (https://nilescribes.org/2017/12/20/the-ancient-egyptian-calendar/ https://calendars.fandom.com/wiki/Egyptian_calendar)",""
"fact.ancient_egypt.calendar_sothis_flood_belief","source.brit_sirius","unverified","Egyptians long believed that Sothis caused the Nile flood.","https://www.britannica.com/place/Sirius-star","L45 card.ancient_egypt.045.c3","L45 question.ancient_egypt.045.q3; L47 question.ancient_egypt.047.q3","","","","","","corroborated","The star's rising was linked with the arrival of the inundation, and Sopdet was associated with the flood in Egyptian belief. (https://en.wikipedia.org/wiki/Sopdet)","one-page weak-pages"
"fact.ancient_egypt.calendar_drift_1460_years","source.brit_sirius","unverified","Sirius rose at intervals of 365.25 days, not 365, so without leap years the civil calendar slowly drifted through the seasons, a full cycle taking 1,460 years.","https://www.britannica.com/place/Sirius-star","L45 card.ancient_egypt.045.c4","L45 question.ancient_egypt.045.q2","","","","","","corroborated","The civil year lost about 1 day in 4 years against the seasonal year; Sothis returned to the same calendar point every 1460 years (the Sothic cycle). (https://calendars.fandom.com/wiki/Egyptian_calendar https://en.wikipedia.org/wiki/Sothic_cycle)","weak-pages"
"fact.ancient_egypt.calendar_drift_1460_years","source.brit_egyptian_calendar","unverified","Sirius rose at intervals of 365.25 days, not 365, so without leap years the civil calendar slowly drifted through the seasons, a full cycle taking 1,460 years.","https://www.britannica.com/science/Egyptian-calendar","L45 card.ancient_egypt.045.c4","L45 question.ancient_egypt.045.q2","","","","","","corroborated","The civil year lost about 1 day in 4 years against the seasonal year; Sothis returned to the same calendar point every 1460 years (the Sothic cycle). (https://calendars.fandom.com/wiki/Egyptian_calendar https://en.wikipedia.org/wiki/Sothic_cycle)","weak-pages"
"fact.ancient_egypt.medicine_smith_injury_cases","source.brit_edwin_smith_papyrus","unverified","The Edwin Smith Papyrus, from about 1600 BCE, describes 48 cases of injuries, mainly to the head, neck and upper torso.","https://www.britannica.com/topic/Edwin-Smith-papyrus","L46 card.ancient_egypt.046.c2","L46 question.ancient_egypt.046.q1; L46 question.ancient_egypt.046.q3","","","","","","corroborated","The papyrus dates to about 1600 BCE and describes 48 cases of injuries, fractures, wounds and dislocations. (https://en.wikipedia.org/wiki/Edwin_Smith_Papyrus https://www.nlm.nih.gov/pubs/techbull/ma10/ma10_hmd_reprint_papyrus.html)",""
"fact.ancient_egypt.medicine_smith_injury_cases","source.nyam_edwin_smith_papyrus","unverified","The Edwin Smith Papyrus, from about 1600 BCE, describes 48 cases of injuries, mainly to the head, neck and upper torso.","https://nyam.org/library-resources/library-collections/edwin-smith-surgical-papyrus/","L46 card.ancient_egypt.046.c2","L46 question.ancient_egypt.046.q1; L46 question.ancient_egypt.046.q3","","","","","","corroborated","The papyrus dates to about 1600 BCE and describes 48 cases of injuries, fractures, wounds and dislocations. (https://en.wikipedia.org/wiki/Edwin_Smith_Papyrus https://www.nlm.nih.gov/pubs/techbull/ma10/ma10_hmd_reprint_papyrus.html)",""
"fact.ancient_egypt.medicine_smith_case_formula","source.nlm_edwin_smith_papyrus","unverified","Each Edwin Smith case follows a set formula: a description of the injury, diagnosis, prognosis and treatment.","https://www.nlm.nih.gov/pubs/techbull/ma10/ma10_hmd_reprint_papyrus.html","L46 card.ancient_egypt.046.c2","L46 question.ancient_egypt.046.q1; L46 question.ancient_egypt.046.q3","","","","","","corroborated","NYAM: each case gives a description of the injury, diagnosis, prognosis, treatment and explanatory notes. (https://nyam.org/library-resources/library-collections/edwin-smith-surgical-papyrus/)","one-page"
"fact.ancient_egypt.medicine_smith_three_verdicts","source.pmc_edwin_smith_spinal","unverified","Each Edwin Smith case gives one of three verdicts: a condition the doctor will treat, one he will contend with, or one that cannot be treated.","https://pmc.ncbi.nlm.nih.gov/articles/PMC2989268/","L46 card.ancient_egypt.046.c1; L46 card.ancient_egypt.046.c2","L46 question.ancient_egypt.046.q1; L46 question.ancient_egypt.046.q3","","","","","","corroborated","Translations give the three verdicts as an ailment I will treat, an ailment with which I will contend, and an ailment not to be treated. (https://en.wikipedia.org/wiki/Edwin_Smith_Papyrus)","one-page weak-pages"
"fact.ancient_egypt.medicine_smith_hieratic","source.nlm_edwin_smith_papyrus","unverified","The Edwin Smith Papyrus is written in hieratic script.","https://www.nlm.nih.gov/pubs/techbull/ma10/ma10_hmd_reprint_papyrus.html","L46 card.ancient_egypt.046.c2","L46 question.ancient_egypt.046.q1; L46 question.ancient_egypt.046.q3","","","","","","corroborated","The papyrus is written right to left in hieratic, with red ink annotations. (https://en.wikipedia.org/wiki/Edwin_Smith_Papyrus)","one-page weak-pages"
"fact.ancient_egypt.medicine_smith_rational","source.nlm_edwin_smith_papyrus","unverified","The Edwin Smith Papyrus is chiefly rational, with only one incantation in its injury cases; its treatments include bandaging and splinting.","https://www.nlm.nih.gov/pubs/techbull/ma10/ma10_hmd_reprint_papyrus.html","L46 card.ancient_egypt.046.c3","L46 question.ancient_egypt.046.q2; L50 question.ancient_egypt.050.q5","","","","","","corroborated","Its approach is rational, with treatments such as sutures, bandaging and splints; magic is largely absent from the case texts. (https://en.wikipedia.org/wiki/Edwin_Smith_Papyrus)","one-page weak-pages"
"fact.ancient_egypt.medicine_smith_rational","source.brit_edwin_smith_papyrus","unverified","The Edwin Smith Papyrus is chiefly rational, with only one incantation in its injury cases; its treatments include bandaging and splinting.","https://www.britannica.com/topic/Edwin-Smith-papyrus","L46 card.ancient_egypt.046.c3","L46 question.ancient_egypt.046.q2; L50 question.ancient_egypt.050.q5","","","","","","corroborated","Its approach is rational, with treatments such as sutures, bandaging and splints; magic is largely absent from the case texts. (https://en.wikipedia.org/wiki/Edwin_Smith_Papyrus)","one-page weak-pages"
"fact.ancient_egypt.medicine_smith_back_spells","source.nyam_edwin_smith_papyrus","unverified","The back of the Edwin Smith Papyrus holds magical spells and recipes, including one ’for making an old man into a youth.’","https://nyam.org/library-resources/library-collections/edwin-smith-surgical-papyrus/","L46 card.ancient_egypt.046.c3","L46 question.ancient_egypt.046.q2; L50 question.ancient_egypt.050.q5","","","","","","corroborated","The verso (92 lines) holds incantations and recipes, separate from the surgical cases on the recto. (https://en.wikipedia.org/wiki/Edwin_Smith_Papyrus)","one-page weak-pages"
"fact.ancient_egypt.medicine_ebers_remedies","source.brit_ebers_papyrus","unverified","The Ebers Papyrus, dated about 1550 BCE, contains hundreds of magical formulas and folk remedies, for troubles from crocodile bites to toenail pain.","https://www.britannica.com/topic/Ebers-papyrus","L46 card.ancient_egypt.046.c4","L46 question.ancient_egypt.046.q2; L50 question.ancient_egypt.050.q5","","","","","","corroborated","The Ebers Papyrus dates to about 1550 BCE and holds several hundred (counts range from 700 to over 842) magical formulas and folk remedies. (https://en.wikipedia.org/wiki/Ebers_Papyrus https://www.newworldencyclopedia.org/entry/Ebers_Papyrus)",""
"fact.ancient_egypt.medicine_ebers_heart","source.brit_ebers_papyrus","unverified","The Ebers Papyrus describes the heart as the center of the blood supply, with vessels running throughout the body.","https://www.britannica.com/topic/Ebers-papyrus","L46 card.ancient_egypt.046.c4","L46 question.ancient_egypt.046.q2; L50 question.ancient_egypt.050.q5","","","","","","corroborated","Its treatise on the heart says the heart is the centre of the blood supply, with vessels attached for every member of the body. (https://en.wikipedia.org/wiki/Ebers_Papyrus)","one-page weak-pages"
"fact.ancient_egypt.stars_great_pyramid_cardinal","source.brit_great_pyramid","unverified","The sides of the Great Pyramid are accurately oriented to the four cardinal points.","https://www.britannica.com/topic/Great-Pyramid-of-Giza","L47 card.ancient_egypt.047.c1","","","","","","","corroborated","The Great Pyramid's sides align with true north within a few arcminutes. (https://www.abc.net.au/science/archive/articles/2000/11/17/213140.htm https://www.csmonitor.com/2000/1122/p20s1.html)",""
"fact.ancient_egypt.stars_merkhet_bay","source.sciencemuseum_merkhet","unverified","The merkhet, a bar with a plumb line, was used to measure the transits of stars; the bay, a forked stick, was used for alignment.","https://collection.sciencemuseumgroup.org.uk/objects/co1219/copy-of-a-merkhet-and-bay-ancient-egyptian-instru","L47 card.ancient_egypt.047.c2","L47 question.ancient_egypt.047.q1","","","","","","corroborated","The merkhet (a bar with a plumb line) and the bay (a slit palm rib) were used together to observe stars and lay out building axes. (https://en.wikipedia.org/wiki/Merkhet)","one-page weak-pages"
"fact.ancient_egypt.stars_spence_kochab_mizar","source.abc_spence_pyramid_stars","unverified","In 2000, Cambridge Egyptologist Kate Spence proposed that pyramid builders found north when a plumb line lined up the stars Kochab and Mizar around the unmarked celestial pole.","https://www.abc.net.au/science/archive/articles/2000/11/17/213140.htm","L47 card.ancient_egypt.047.c3","L47 question.ancient_egypt.047.q2; L47 question.ancient_egypt.047.q3","","","","","","corroborated","Spence's 2000 Nature paper used the circumpolar stars Kochab and Mizar, waiting until the line joining them was vertical, to explain the pyramids' alignment. (https://www.nature.com/articles/35042510 https://www.csmonitor.com/2000/1122/p20s1.html)",""
"fact.ancient_egypt.stars_spence_drift_errors","source.abc_spence_pyramid_stars","unverified","Spence noted that the small orientation errors of earlier and later pyramids track the slow drift of Kochab and Mizar relative to true north.","https://www.abc.net.au/science/archive/articles/2000/11/17/213140.htm","L47 card.ancient_egypt.047.c3","L47 question.ancient_egypt.047.q2; L47 question.ancient_egypt.047.q3","","","","","","corroborated","Modelling the precession of the two stars matches the pyramids' changing errors and dates the start of the Great Pyramid to about 2480 BC. (https://www.csmonitor.com/2000/1122/p20s1.html https://www.science.org/content/article/stars-date-egyptian-pyramids)",""
"fact.ancient_egypt.stars_stretching_the_cord","source.memphis_foundation_rituals","unverified","Temple reliefs show the king performing ’stretching the cord,’ a surveying rite, with Seshat, goddess of writing.","https://www.memphis.edu/hypostyle/reliefs_inscriptions/foundation-rituals.php","L47 card.ancient_egypt.047.c4","","","","","","","corroborated","In the pedj-shes ceremony the king and Seshat each hold a stake and pull a measuring cord taut between them to lay out a temple. (https://en.wikipedia.org/wiki/Seshat https://www.worldhistory.org/Seshat/)",""
"fact.ancient_egypt.tomb_nebamun_scribe","source.britishmuseum_nebamun_notes","unverified","Nebamun was a scribe in charge of grain at Thebes; paintings from his tomb chapel, from about 1350 BCE, are in the British Museum.","https://www.britishmuseum.org/sites/default/files/2025-08/Nebamun_tomb_paintings_teacher_notes.pdf","L48 card.ancient_egypt.048.c1; L48 card.ancient_egypt.048.c2","L48 question.ancient_egypt.048.q1; L48 question.ancient_egypt.048.q3","","","","","","corroborated","The paintings come from the tomb-chapel of Nebamun, a wealthy official and scribe at Thebes, about 1350 BC, now in the British Museum. (https://en.wikipedia.org/wiki/Tomb_of_Nebamun https://smarthistory.org/paintings-from-the-tomb-chapel-of-nebamun/)",""
"fact.ancient_egypt.tomb_nebamun_fowling","source.britishmuseum_nebamun_notes","unverified","In his fowling scene, Nebamun stands on a small papyrus boat with a throw-stick and three herons, his wife behind him, his daughter below and his cat catching birds.","https://www.britishmuseum.org/sites/default/files/2025-08/Nebamun_tomb_paintings_teacher_notes.pdf","L48 card.ancient_egypt.048.c1; L48 card.ancient_egypt.048.c2","L48 question.ancient_egypt.048.q1; L48 question.ancient_egypt.048.q3","","","","","","corroborated","The Fowling in the Marshes fragment shows Nebamun hunting birds from a papyrus boat with his wife, daughter and cat. (https://en.wikipedia.org/wiki/Tomb_of_Nebamun https://www.dailyartmagazine.com/painting-of-the-week-fowling-in-the-marshes/)",""
"fact.ancient_egypt.tomb_nebamun_estate","source.britishmuseum_nebamun_notes","unverified","Other Nebamun scenes show scribes recording his geese and cattle, and inspectors assessing a grain field for tax.","https://www.britishmuseum.org/sites/default/files/2025-08/Nebamun_tomb_paintings_teacher_notes.pdf","L48 card.ancient_egypt.048.c3","","","","","","","corroborated","Surviving fragments show the produce of the estates, geese and cattle being counted, and the assessment of crops. (https://en.wikipedia.org/wiki/Tomb_of_Nebamun)","one-page weak-pages"
"fact.ancient_egypt.tomb_paintings_purpose","source.britishmuseum_nebamun_notes","unverified","Tomb paintings recorded how the dead person wanted to be remembered and the life they hoped to have in the afterlife.","https://www.britishmuseum.org/sites/default/files/2025-08/Nebamun_tomb_paintings_teacher_notes.pdf","L48 card.ancient_egypt.048.c4","L48 question.ancient_egypt.048.q2","","","","","","corroborated","The paintings showed how Nebamun wanted his life remembered and what he wanted his life to be in the afterlife. (https://smarthistory.org/paintings-from-the-tomb-chapel-of-nebamun/)","one-page"
"fact.ancient_egypt.tomb_paintings_idealised","source.britishmuseum_nebamun_notes","unverified","Tomb paintings were idealised and paid for only by the wealthy, so they do not show how most Egyptians lived.","https://www.britishmuseum.org/sites/default/files/2025-08/Nebamun_tomb_paintings_teacher_notes.pdf","L48 card.ancient_egypt.048.c4","L48 question.ancient_egypt.048.q2","","","","","","corroborated","The Nebamun paintings show an idealised vision of daily life, commissioned by a wealthy official. (https://smarthistory.org/paintings-from-the-tomb-chapel-of-nebamun/)","one-page"
"fact.ancient_egypt.jewelry_gold_three_colors","source.brit_jewelry_egyptian","unverified","Egyptian jewelry is dominated by gold, generally set with three colors: carnelian, turquoise and lapis lazuli, or glassy pastes imitating them.","https://www.britannica.com/art/jewelry/Egyptian","L49 card.ancient_egypt.049.c1; L49 card.ancient_egypt.049.c2; L49 card.ancient_egypt.049.c3","L49 question.ancient_egypt.049.q1; L49 question.ancient_egypt.049.q2; L49 question.ancient_egypt.049.q3","","","","","","corroborated","Egyptian broad collars and other jewelry were inlaid with gold, carnelian, turquoise and lapis lazuli, and faience imitated turquoise and lapis. (https://en.wikipedia.org/wiki/Egyptian_faience https://www.metmuseum.org/art/collection/search/547636)",""
"fact.ancient_egypt.jewelry_types","source.brit_jewelry_egyptian","unverified","Egyptian jewelry included diadems, necklaces, pectorals, amulets, pendants, bracelets, earrings and rings.","https://www.britannica.com/art/jewelry/Egyptian","L49 card.ancient_egypt.049.c2","L49 question.ancient_egypt.049.q1; L49 question.ancient_egypt.049.q3","","","","","","corroborated","Museum collections hold Egyptian broad collars, pectorals, bracelets, earrings and rings. (https://www.metmuseum.org/art/collection/search/547636)","one-page"
"fact.ancient_egypt.jewelry_symbols_hieroglyphs","source.brit_jewelry_egyptian","unverified","The designs of Egyptian jewelry were largely symbols with precise names and meanings, closely linked to hieroglyphic writing.","https://www.britannica.com/art/jewelry/Egyptian","L49 card.ancient_egypt.049.c2","L49 question.ancient_egypt.049.q1; L49 question.ancient_egypt.049.q3","","","","","","corroborated","Egyptian jewelry motifs such as the scarab, ankh and wedjat eye are themselves hieroglyphic signs with meanings. (https://en.wikipedia.org/wiki/Egyptian_faience)","one-page weak-pages"
"fact.ancient_egypt.faience_recipe_4000_bce","source.penn_stone_that_flows","unverified","Faience, made from silica, soda or potash and lime and colored by a little copper or cobalt, was made in Egypt from about 4000 BCE.","https://www.penn.museum/sites/expedition/stone-that-flows/","L49 card.ancient_egypt.049.c3; L49 card.ancient_egypt.049.c4","L49 question.ancient_egypt.049.q2","","","","","","corroborated","Egyptian faience is a quartz-based ceramic with an alkaline glaze colored by copper; glazed beads appear in predynastic graves. (https://en.wikipedia.org/wiki/Egyptian_faience https://blogs.ucl.ac.uk/researchers-in-museums/2017/02/02/question-of-the-week-what-is-egyptian-faience/)",""
"fact.ancient_egypt.faience_glass_all_levels","source.penn_stone_that_flows","unverified","Faience and glass were made into objects desired by all levels of Egyptian society.","https://www.penn.museum/sites/expedition/stone-that-flows/","L49 card.ancient_egypt.049.c3","L49 question.ancient_egypt.049.q2","","","","","","corroborated","Faience was used for beads, amulets, inlays and shabtis across all social levels. (https://en.wikipedia.org/wiki/Egyptian_faience)","one-page weak-pages"
"fact.ancient_egypt.glass_new_kingdom_1500_bce","source.penn_stone_that_flows","unverified","Glassmaking began in Egypt in the New Kingdom, about 1500 BCE, some 2,500 years after faience: raw glass was made first, then reheated and shaped.","https://www.penn.museum/sites/expedition/stone-that-flows/","L49 card.ancient_egypt.049.c4","","","","","","","corroborated","The first glass vessels appear around 1550 to 1500 BC in New Kingdom Egypt, and the reign of Thutmose III is taken as the start of glassmaking there. (https://orca.cardiff.ac.uk/id/eprint/2463/1/NicholsonGlassVessels2006.pdf https://africame.factsanddetails.com/article/entry-186.html)",""
"fact.ancient_egypt.pyramid_texts_unas_first","source.brit_unas","unverified","Unas, last king of the 5th Dynasty, who flourished in the 24th century BCE, was the first pharaoh to inscribe the inside of his pyramid, at Saqqara, with the Pyramid Texts.","https://www.britannica.com/biography/Unas","L50 card.ancient_egypt.050.c1; L50 card.ancient_egypt.050.c2; L50 card.ancient_egypt.050.c3","L50 question.ancient_egypt.050.q4; L50 question.ancient_egypt.050.q6","","","","","","corroborated","The earliest version of the Pyramid Texts is in the pyramid of Unas at Saqqara, at the end of the Fifth Dynasty; the oldest are dated about 2400 to 2300 BCE. (https://en.wikipedia.org/wiki/Pyramid_Texts https://en.wikipedia.org/wiki/Pyramid_of_Unas)","weak-pages"
"fact.ancient_egypt.pyramid_texts_unas_first","source.brit_pyramid_texts","unverified","Unas, last king of the 5th Dynasty, who flourished in the 24th century BCE, was the first pharaoh to inscribe the inside of his pyramid, at Saqqara, with the Pyramid Texts.","https://www.britannica.com/topic/Pyramid-Texts","L50 card.ancient_egypt.050.c1; L50 card.ancient_egypt.050.c2; L50 card.ancient_egypt.050.c3","L50 question.ancient_egypt.050.q4; L50 question.ancient_egypt.050.q6","","","","","","corroborated","The earliest version of the Pyramid Texts is in the pyramid of Unas at Saqqara, at the end of the Fifth Dynasty; the oldest are dated about 2400 to 2300 BCE. (https://en.wikipedia.org/wiki/Pyramid_Texts https://en.wikipedia.org/wiki/Pyramid_of_Unas)","weak-pages"
"fact.ancient_egypt.pyramid_texts_purpose","source.brit_pyramid_texts","unverified","The Pyramid Texts are prayers, hymns and spells meant to protect a dead king or queen and ensure life and sustenance in the hereafter.","https://www.britannica.com/topic/Pyramid-Texts","L50 card.ancient_egypt.050.c3","L50 question.ancient_egypt.050.q4","","","","","","corroborated","Their function was to guide the ruler to eternal life; they were also found in the pyramids of queens of Pepi II. (https://en.wikipedia.org/wiki/Pyramid_Texts)","one-page weak-pages"
"fact.ancient_egypt.pyramid_texts_oldest","source.brit_pyramid_texts","unverified","The Pyramid Texts are the oldest surviving body of Egyptian religious and funerary writing.","https://www.britannica.com/topic/Pyramid-Texts","L50 card.ancient_egypt.050.c3","L50 question.ancient_egypt.050.q4","","","","","","corroborated","The Pyramid Texts are the earliest known corpus of ancient Egyptian religious texts. (https://en.wikipedia.org/wiki/Pyramid_Texts https://www.historyofinformation.com/detail.php?entryid=2189)",""
"fact.ancient_egypt.pyramid_texts_other_pyramids","source.brit_pyramid_texts","unverified","Pyramid Texts are found in several 5th- and 6th-Dynasty pyramids at Saqqara, of which Unas’s is the earliest.","https://www.britannica.com/topic/Pyramid-Texts","L50 card.ancient_egypt.050.c3","L50 question.ancient_egypt.050.q4","","","","","","corroborated","After Unas, texts appear in the Sixth Dynasty pyramids of Teti, Pepi I, Pepi II and his queens. (https://en.wikipedia.org/wiki/Pyramid_Texts)","one-page weak-pages"
"fact.ancient_egypt.mudbrick_nile_mud","source.gem_mud_bricks","unverified","Egyptian mud bricks were made of Nile mud, a mix of clay and sand, sometimes with bits of straw or animal droppings; it was pressed into rectangular molds and dried in the sun.","https://www.globalegyptianmuseum.org/glossary.aspx?id=250","L51 card.ancient_egypt.051.c2","L51 question.ancient_egypt.051.q1","","","","","","corroborated","Egyptian mud brick was Nile mud mixed with straw or chaff, pressed into molds and left to dry in the sun; Glasgow Museums' resource describes the same process. (https://africame.factsanddetails.com/article/entry-168.html https://www.glasgowlife.org.uk/media/wawpizgf/ancient-egyptian-mud-bricks.pdf)",""
"fact.ancient_egypt.mudbrick_houses_palaces","source.brit_egyptian_architecture","unverified","Mud brick and wood were the standard materials for Egyptian houses and palaces throughout the Dynastic period, even for royal palaces.","https://www.britannica.com/art/Egyptian-architecture","L51 card.ancient_egypt.051.c2","L51 question.ancient_egypt.051.q1","","","","","","corroborated","Mud brick remained the domestic material, used even for royal palaces, while stone went to temples and tombs. (https://en.wikipedia.org/wiki/Ancient_Egyptian_architecture)","one-page weak-pages"
"fact.ancient_egypt.mudbrick_houses_palaces","source.gem_mud_bricks","unverified","Mud brick and wood were the standard materials for Egyptian houses and palaces throughout the Dynastic period, even for royal palaces.","https://www.globalegyptianmuseum.org/glossary.aspx?id=250","L51 card.ancient_egypt.051.c2","L51 question.ancient_egypt.051.q1","","","","","","corroborated","Mud brick remained the domestic material, used even for royal palaces, while stone went to temples and tombs. (https://en.wikipedia.org/wiki/Ancient_Egyptian_architecture)","one-page weak-pages"
"fact.ancient_egypt.stone_for_eternity","source.brit_egyptian_architecture","unverified","From the Old Kingdom on, Egyptians generally used stone for tombs, the eternal homes of the dead, and for temples, the eternal homes of the gods.","https://www.britannica.com/art/Egyptian-architecture","L51 card.ancient_egypt.051.c1; L51 card.ancient_egypt.051.c3","L51 question.ancient_egypt.051.q2; L51 question.ancient_egypt.051.q3; L60 question.ancient_egypt.060.q1","","","","","","corroborated","Stone was generally used for tombs, the eternal dwellings of the dead, and temples, the eternal houses of the gods, from the Old Kingdom onward. (https://en.wikipedia.org/wiki/Ancient_Egyptian_architecture)","one-page weak-pages"
"fact.ancient_egypt.towns_lost_floodplain","source.brit_egyptian_architecture","unverified","Most ancient Egyptian towns were lost because they stood in the cultivated, flooded Nile valley, while many temples and tombs survived because they were built on ground the flood did not reach.","https://www.britannica.com/art/Egyptian-architecture","L51 card.ancient_egypt.051.c1; L51 card.ancient_egypt.051.c3; L60 card.ancient_egypt.060.c2","L51 question.ancient_egypt.051.q2; L51 question.ancient_egypt.051.q3; L60 question.ancient_egypt.060.q1","","","","","","corroborated","Many towns disappeared because they stood near the cultivated area of the valley and were flooded as the river bed rose; temples and tombs built above the flood survived. (https://en.wikipedia.org/wiki/Ancient_Egyptian_architecture)","one-page weak-pages"
"fact.ancient_egypt.house_cooling","source.brit_egyptian_architecture","unverified","Egyptian houses had windows placed high to reduce sunlight, and hooded vents on the roof to catch the breeze.","https://www.britannica.com/art/Egyptian-architecture","L51 card.ancient_egypt.051.c4","","","","","","","corroborated","Egyptian houses used narrow windows high in the walls to cut heat, and the malqaf, a roof windcatcher shown on a Theban house painting, drew the breeze inside. (https://en.wikipedia.org/wiki/Windcatcher https://www.thecollector.com/ancient-egyptians-cooling-air-condition/)",""
"fact.ancient_egypt.nakht_villa","source.brit_egyptian_architecture","unverified","The house of the vizier Nakht at Tell el-Amarna had at least 30 rooms, with separate apartments for the master, his family and his guests, plus bathrooms and lavatories.","https://www.britannica.com/art/Egyptian-architecture","L51 card.ancient_egypt.051.c4","","","","","","","corroborated","Nakhtpaaten's house at Amarna was a large mansion with reception halls, bedrooms, a bathroom, a lavatory and offices, one of the largest houses in the city. (https://en.wikipedia.org/wiki/Nakhtpaaten)","one-page weak-pages"
"fact.ancient_egypt.bread_beer_staples","source.met_food_feasts_egypt","unverified","Bread and beer were the staples of the ancient Egyptian diet, eaten and drunk every day.","https://www.metmuseum.org/perspectives/food-and-feasts-in-middle-kingdom-egypt","L52 card.ancient_egypt.052.c1; L52 card.ancient_egypt.052.c2; L60 card.ancient_egypt.060.c3","L52 question.ancient_egypt.052.q1; L52 question.ancient_egypt.052.q3; L59 question.ancient_egypt.059.q3","","","","","","corroborated","UCL Researchers in Museums: bread and beer were basic dietary items consumed every day with every meal. (https://blogs.ucl.ac.uk/researchers-in-museums/2017/02/09/3500-year-old-bread-and-beer-from-the-new-kingdom-egypt/)","one-page unopened-source"
"fact.ancient_egypt.bread_emmer_loaves","source.met_food_feasts_egypt","unverified","Egyptian bread was made mainly with emmer wheat and baked in different shapes, including flat loaves like pita and tall conical loaves.","https://www.metmuseum.org/perspectives/food-and-feasts-in-middle-kingdom-egypt","L52 card.ancient_egypt.052.c2","L52 question.ancient_egypt.052.q1; L52 question.ancient_egypt.052.q3; L59 question.ancient_egypt.059.q3","","","","","","corroborated","Breads were typically made with barley or emmer, Egypt's staple crops; Meketre's model bakery shows baked conical loaves. (https://en.wikipedia.org/wiki/Ancient_Egyptian_cuisine https://www.worldhistory.org/article/2494/food--drink-in-ancient-egypt/)","unopened-source"
"fact.ancient_egypt.bread_beer_same_grain","source.met_meketre_bakery_brewery","unverified","Making bread and making beer were closely related in ancient Egypt, since both used basically the same ingredients.","https://www.metmuseum.org/art/collection/search/544258","L52 card.ancient_egypt.052.c1; L52 card.ancient_egypt.052.c2; L52 card.ancient_egypt.052.c4","L52 question.ancient_egypt.052.q1; L52 question.ancient_egypt.052.q3; L59 question.ancient_egypt.059.q3","","","","","","corroborated","Egyptian brewers used sprouted and unsprouted grain, the same grain as bread; scribal exercises converted grain into loaves and beer. (https://blogs.ucl.ac.uk/researchers-in-museums/2017/02/09/3500-year-old-bread-and-beer-from-the-new-kingdom-egypt/)","one-page unopened-source"
"fact.ancient_egypt.bread_beer_same_grain","source.met_food_feasts_egypt","unverified","Making bread and making beer were closely related in ancient Egypt, since both used basically the same ingredients.","https://www.metmuseum.org/perspectives/food-and-feasts-in-middle-kingdom-egypt","L52 card.ancient_egypt.052.c1; L52 card.ancient_egypt.052.c2; L52 card.ancient_egypt.052.c4","L52 question.ancient_egypt.052.q1; L52 question.ancient_egypt.052.q3; L59 question.ancient_egypt.059.q3","","","","","","corroborated","Egyptian brewers used sprouted and unsprouted grain, the same grain as bread; scribal exercises converted grain into loaves and beer. (https://blogs.ucl.ac.uk/researchers-in-museums/2017/02/09/3500-year-old-bread-and-beer-from-the-new-kingdom-egypt/)","one-page unopened-source"
"fact.ancient_egypt.beer_thick_food","source.met_food_feasts_egypt","unverified","Egyptian beer was thick and cloudy, probably weaker in alcohol than modern beer, and an important source of nutrition rather than just a treat.","https://www.metmuseum.org/perspectives/food-and-feasts-in-middle-kingdom-egypt","L52 card.ancient_egypt.052.c3; L59 card.ancient_egypt.059.c3","L54 question.ancient_egypt.054.q3; L59 question.ancient_egypt.059.q3","","","","","","corroborated","Egyptian beer was a daily, fortifying drink and a basic part of the diet, not a luxury. (https://www.worldhistory.org/article/2494/food--drink-in-ancient-egypt/ https://www.openculture.com/2022/02/3200-year-old-egyptian-tablet-shows-why-people-missed-work-the-scorpion-bit-him-brewing-beer-more.html)","unopened-source"
"fact.ancient_egypt.food_rations_pay","source.met_food_feasts_egypt","unverified","Egypt did not use coins or paper money, so workers and household staff were often paid in food rations.","https://www.metmuseum.org/perspectives/food-and-feasts-in-middle-kingdom-egypt","L52 card.ancient_egypt.052.c3; L54 card.ancient_egypt.054.c4; L58 card.ancient_egypt.058.c4; L59 card.ancient_egypt.059.c4","L54 question.ancient_egypt.054.q3","","","","","","corroborated","Workers building temples and tombs received daily rations of bread and beer; Deir el-Medina's strike was over late grain rations. (https://beer-studies.com/en/world-history/First-kingdoms/Egypt-Old-Kingdom/Beer-bread-rations https://collezionepapiri.museoegizio.it/en-GB/section/Papyrus-Collection/History-and-content/Highlights-Turin-Strike-Papyrus/)","unopened-source"
"fact.ancient_egypt.meketre_bakery_model","source.met_meketre_bakery_brewery","unverified","A model bakery and brewery from the tomb of the official Meketre, made about 1981 to 1975 BCE and now at the Met, shows men crushing grain with pestles, women grinding it into flour and a basket of conical loaves.","https://www.metmuseum.org/art/collection/search/544258","L52 card.ancient_egypt.052.c4","","","","","","","corroborated","Google Arts & Culture and World History Encyclopedia show the Meketre bakery and brewery model with its millers and bakers at work. (https://artsandculture.google.com/asset/model-bakery-and-brewery-from-the-tomb-of-meketre/UQGKauVCJNw0eQ https://www.worldhistory.org/image/19182/model-of-bakers-from-meketres-tomb/)","unopened-source"
"fact.ancient_egypt.bread_sand_teeth","source.bdj_dentistry_egypt","unverified","Heavy tooth wear is the most common dental condition in ancient Egyptian remains, blamed on a coarse diet made rougher by sand, mostly wind-blown, in their staple food, bread.","https://pmc.ncbi.nlm.nih.gov/articles/PMC12789021/","L52 card.ancient_egypt.052.c5; L60 card.ancient_egypt.060.c2","L52 question.ancient_egypt.052.q2","","","","","","corroborated","Studies of Egyptian mummies attribute the high level of tooth attrition to coarse flour contaminated by millstone detritus and sand in bread. (https://www.sciencedirect.com/science/article/abs/pii/S1879981712000526)","one-page"
"fact.ancient_egypt.linen_chief_textile","source.brit_dress_egypt","unverified","Linen, made from flax, was the chief textile of ancient Egypt; wool was used more rarely, for example in warm cloaks.","https://www.britannica.com/topic/dress-clothing/Egypt","L53 card.ancient_egypt.053.c2","L53 question.ancient_egypt.053.q1; L53 question.ancient_egypt.053.q3","","","","","","corroborated","Linen was by far the most common textile in ancient Egypt, comfortable in the heat. (https://en.wikipedia.org/wiki/Clothing_in_ancient_Egypt)","one-page weak-pages"
"fact.ancient_egypt.skirt_and_sheath","source.brit_dress_egypt","unverified","Egyptian men wore a short skirt tied at the waist, and women wore a sheath-like gown from the ankles to just below the breasts.","https://www.britannica.com/topic/dress-clothing/Egypt","L53 card.ancient_egypt.053.c2","L53 question.ancient_egypt.053.q1; L53 question.ancient_egypt.053.q3","","","","","","corroborated","Men wore a knee-length wrapped kilt (shendyt) tied at the waist; women wore simple sheath dresses. (https://www.historyonthenet.com/egyptian-clothing https://en.wikipedia.org/wiki/Clothing_in_ancient_Egypt)",""
"fact.ancient_egypt.makeup_both_sexes","source.brit_dress_egypt","unverified","Egyptian men and women both wore cosmetics, focused on the eyes: green eye shadow of powdered malachite and black or gray eyeliner.","https://www.britannica.com/topic/dress-clothing/Egypt","L53 card.ancient_egypt.053.c1; L53 card.ancient_egypt.053.c3","","","","","","","corroborated","National Geographic: everyone, man or woman, from servant to queen, wore black and green powders around the eyes. (https://www.nationalgeographic.com/science/article/100114-cleopatra-eye-makeup-ancient-egyptians)","one-page"
"fact.ancient_egypt.galena_eye_paint","source.pittrivers_egyptian_makeup","unverified","One ingredient of dark Egyptian eye paint was galena, a lead sulfide mineral.","https://web.prm.ox.ac.uk/bodyarts/index.php/temporary-body-arts/cosmetics/79-ancient-egyptian-make-up.html","L53 card.ancient_egypt.053.c3","","","","","","","corroborated","The Met's kohl objects describe eye paint prepared from malachite and galena ground on palettes and mixed with fat. (https://en.wikipedia.org/wiki/Kohl_(cosmetics) https://www.metmuseum.org/art/collection/search/569280)",""
"fact.ancient_egypt.eye_paint_reasons","source.pittrivers_egyptian_makeup","unverified","Egyptians considered eye paint attractive and pleasing to the gods, and also thought it good for health, keeping off disease-carrying flies and blocking the sun's glare.","https://web.prm.ox.ac.uk/bodyarts/index.php/temporary-body-arts/cosmetics/79-ancient-egyptian-make-up.html","L53 card.ancient_egypt.053.c3","","","","","","","corroborated","Met kohl entries: black galena paint helped reflect the sun's glare and was believed to repel flies and ward off eye disease. (https://www.metmuseum.org/art/collection/search/569280 https://fashionhistory.fitnyc.edu/kohl/)",""
"fact.ancient_egypt.makeup_lab_study_2010","source.acs_egyptian_makeup_study","unverified","In a 2010 lab study, French chemists found that lead compounds from Egyptian eye makeup raised nitric oxide output, which helps the immune system fight bacteria, by up to 240 percent in human skin cells.","https://pubs.acs.org/doi/10.1021/ac902348g","L53 card.ancient_egypt.053.c4","L53 question.ancient_egypt.053.q2","","","","","","corroborated","ScienceDaily and EurekAlert report the Analytical Chemistry study: lead-based substances boosted nitric oxide production by up to 240 per cent in cultured human skin cells. (https://www.sciencedaily.com/releases/2010/01/100111112845.htm https://www.eurekalert.org/news-releases/687144)",""
"fact.ancient_egypt.makeup_lab_study_2010","source.natgeo_egyptian_eye_makeup","unverified","In a 2010 lab study, French chemists found that lead compounds from Egyptian eye makeup raised nitric oxide output, which helps the immune system fight bacteria, by up to 240 percent in human skin cells.","https://www.nationalgeographic.com/science/article/100114-cleopatra-eye-makeup-ancient-egyptians","L53 card.ancient_egypt.053.c4","L53 question.ancient_egypt.053.q2","","","","","","corroborated","ScienceDaily and EurekAlert report the Analytical Chemistry study: lead-based substances boosted nitric oxide production by up to 240 per cent in cultured human skin cells. (https://www.sciencedaily.com/releases/2010/01/100111112845.htm https://www.eurekalert.org/news-releases/687144)",""
"fact.ancient_egypt.lead_kohl_toxic","source.fda_kohl_lead","unverified","Lead is toxic, and health agencies such as the US FDA warn today that lead-containing kohl can cause lead poisoning.","https://www.fda.gov/cosmetics/cosmetic-products/kohl-kajal-al-kahal-surma-tiro-tozali-or-kwalli-any-name-beware-lead-poisoning","L53 card.ancient_egypt.053.c4","L53 question.ancient_egypt.053.q2","","","","","","corroborated","CDC MMWR (2024) reports lead poisoning in a New York family from a traditional lead-containing eye cosmetic. (https://www.cdc.gov/mmwr/volumes/73/wr/mm7330a2.htm)","one-page"
"fact.ancient_egypt.lead_kohl_toxic","source.natgeo_egyptian_eye_makeup","unverified","Lead is toxic, and health agencies such as the US FDA warn today that lead-containing kohl can cause lead poisoning.","https://www.nationalgeographic.com/science/article/100114-cleopatra-eye-makeup-ancient-egyptians","L53 card.ancient_egypt.053.c4","L53 question.ancient_egypt.053.q2","","","","","","corroborated","CDC MMWR (2024) reports lead poisoning in a New York family from a traditional lead-containing eye cosmetic. (https://www.cdc.gov/mmwr/volumes/73/wr/mm7330a2.htm)","one-page"
"fact.ancient_egypt.sidelock_of_youth","source.ees_childhood_egypt","unverified","Egyptian art often shows children unclothed, wearing the sidelock of youth, a single plait of hair also called the Horus lock, and with a finger to the mouth.","https://www.ees.ac.uk/resource/childhood-in-ancient-egypt.html","L54 card.ancient_egypt.054.c2","L54 question.ancient_egypt.054.q1","","","","","","corroborated","The sidelock of youth, or Horus lock, was an identifying mark of a child in ancient Egypt; Britannica notes children are often shown wearing little at all. (https://en.wikipedia.org/wiki/Sidelock_of_youth https://www.britannica.com/topic/dress-clothing/Egypt)",""
"fact.ancient_egypt.schooling_elite_few","source.ees_childhood_egypt","unverified","Only children from elite and royal families had the chance of some schooling; most learning was by apprenticeship, and girls' education centred on home life with their mothers.","https://www.ees.ac.uk/resource/childhood-in-ancient-egypt.html","L54 card.ancient_egypt.054.c3","L55 question.ancient_egypt.055.q3","","","","","","corroborated","Most children of farmers and artisans were taught by their parents, boys learning trades and girls household skills, while wealthier boys attended temple or palace schools. (https://www.thearchaeologist.org/blog/childhood-in-ancient-egypt-toys-and-education)","one-page weak-pages"
"fact.ancient_egypt.children_fingerprints_workshops","source.ees_childhood_egypt","unverified","Egyptian children worked from a young age; fingerprints in clay moulds for amulets show that children as young as ten worked in workshops.","https://www.ees.ac.uk/resource/childhood-in-ancient-egypt.html","L54 card.ancient_egypt.054.c1; L54 card.ancient_egypt.054.c4; L60 card.ancient_egypt.060.c2","L54 question.ancient_egypt.054.q2; L54 question.ancient_egypt.054.q3","","","","","","corroborated","A 2024 fingerprint study of clay figurines from a Luxor tomb found prints of men, women and children, showing children took part in craft work. (https://phys.org/news/2024-11-fingerprints-ancient-terracotta-figurines-men.html https://pubmed.ncbi.nlm.nih.gov/39663808/)",""
"fact.ancient_egypt.women_legal_status","source.uchicago_women_legal_rights","unverified","From the Old Kingdom on, an Egyptian woman's formal legal status was nearly identical to a man's: she could own, buy and sell property, make contracts, bring or face court cases and act as a witness in her own name.","https://fathom.lib.uchicago.edu/1/777777190170","L55 card.ancient_egypt.055.c2","L55 question.ancient_egypt.055.q1","","","","","","corroborated","Britannica: women could own and dispose of property in their own right and initiate divorce and other legal proceedings. (https://www.britannica.com/place/ancient-Egypt/The-economy)","one-page"
"fact.ancient_egypt.women_marginally_inferior","source.brit_ancient_egypt_economy","unverified","Britannica describes Egyptian women's legal status as only marginally inferior to that of men.","https://www.britannica.com/place/ancient-Egypt/The-economy","L55 card.ancient_egypt.055.c2","L55 question.ancient_egypt.055.q1","","","","","","corroborated","Janet Johnson (University of Chicago) likewise finds women's formal legal status nearly identical to men's. (https://fathom.lib.uchicago.edu/1/777777190170)","one-page"
"fact.ancient_egypt.naunakhte_will","source.bas_egyptian_women","unverified","In her will, Naunakhte, a woman of the tomb builders' village of Deir el-Medina, excluded the children who had not cared for or supported her in old age; her property was separate from her husband's.","https://www.biblicalarchaeology.org/daily/ancient-cultures/ancient-near-eastern-world/examining-the-lives-of-ancient-egyptian-women/","L55 card.ancient_egypt.055.c1; L55 card.ancient_egypt.055.c3; L60 card.ancient_egypt.060.c3","L55 question.ancient_egypt.055.q2; L60 question.ancient_egypt.060.q4","","","","","","corroborated","The Will of Naunakhte (Ashmolean Museum), from the reign of Ramesses V, disinherits children who failed to support her in old age. (https://en.wikipedia.org/wiki/Will_of_Naunakhte https://www.encyclopedia.com/history/news-wires-white-papers-and-books/naunakhte)",""
"fact.ancient_egypt.women_social_inequality","source.bas_egyptian_women","unverified","Socially, Egyptian women and men were not equal: women seldom held paid public posts, usually earned less and depended on family, and rarely served as witnesses to legal documents.","https://www.biblicalarchaeology.org/daily/ancient-cultures/ancient-near-eastern-world/examining-the-lives-of-ancient-egyptian-women/","L55 card.ancient_egypt.055.c4","L55 question.ancient_egypt.055.q3","","","","","","corroborated","Both sources agree: legal equality, but a male-dominated society where women had fewer careers and smaller incomes. (https://fathom.lib.uchicago.edu/1/777777190170 https://history.howstuffworks.com/history-vs-myth/first-feminist.htm)",""
"fact.ancient_egypt.women_social_inequality","source.uchicago_women_legal_rights","unverified","Socially, Egyptian women and men were not equal: women seldom held paid public posts, usually earned less and depended on family, and rarely served as witnesses to legal documents.","https://fathom.lib.uchicago.edu/1/777777190170","L55 card.ancient_egypt.055.c4","L55 question.ancient_egypt.055.q3","","","","","","corroborated","Both sources agree: legal equality, but a male-dominated society where women had fewer careers and smaller incomes. (https://fathom.lib.uchicago.edu/1/777777190170 https://history.howstuffworks.com/history-vs-myth/first-feminist.htm)",""
"fact.ancient_egypt.cat_word_miu","source.ucl_egyptian_cats","unverified","The ancient Egyptian word for cat was miu or miit, meaning 'he or she who mews'.","https://blogs.ucl.ac.uk/researchers-in-museums/2018/04/17/why-did-ancient-egyptians-love-cats/","L56 card.ancient_egypt.056.c1","","","","","","","corroborated","Egyptologists give the word for cat as miu or miut, an imitation of the cat's call. (https://www.glencairnmuseum.org/newsletter/july-2015-cats-lions-and-the-fabulous-felines-of-ancient-egy.html)","one-page"
"fact.ancient_egypt.cats_pest_control","source.carnegie_cats","unverified","Cats hunted the rodents that threatened Egypt's grain and spread disease, and killed dangerous animals such as snakes and scorpions; pest control was the main reason cats were domesticated.","https://carnegiemnh.org/cats-the-archeological-site/","L56 card.ancient_egypt.056.c2","L56 question.ancient_egypt.056.q2; L60 question.ancient_egypt.060.q5","","","","","","corroborated","Cats killed mice, rats and snakes, keeping pests out of Egyptian farms and granaries. (https://en.wikipedia.org/wiki/Cats_in_ancient_Egypt)","one-page weak-pages"
"fact.ancient_egypt.cats_pest_control","source.ucl_egyptian_cats","unverified","Cats hunted the rodents that threatened Egypt's grain and spread disease, and killed dangerous animals such as snakes and scorpions; pest control was the main reason cats were domesticated.","https://blogs.ucl.ac.uk/researchers-in-museums/2018/04/17/why-did-ancient-egyptians-love-cats/","L56 card.ancient_egypt.056.c2","L56 question.ancient_egypt.056.q2; L60 question.ancient_egypt.060.q5","","","","","","corroborated","Cats killed mice, rats and snakes, keeping pests out of Egyptian farms and granaries. (https://en.wikipedia.org/wiki/Cats_in_ancient_Egypt)","one-page weak-pages"
"fact.ancient_egypt.cats_in_collars","source.carnegie_cats","unverified","Egyptian art shows cats wearing collars and lurking under chairs, like household pets today.","https://carnegiemnh.org/cats-the-archeological-site/","L56 card.ancient_egypt.056.c2","L56 question.ancient_egypt.056.q2; L60 question.ancient_egypt.060.q5","","","","","","corroborated","New Kingdom tomb scenes often put cats under chairs; in the tomb of Ipuy a cat under Duammeres's chair wears a striped collar and an earring. (https://the-past.com/feature/the-cat-in-ancient-egypt-hunter-pampered-pet-divine-goddess/ https://www.metmuseum.org/art/collection/search/557764)",""
"fact.ancient_egypt.bastet_lioness_cat","source.brit_bastet","unverified","Bastet was worshipped as a lioness and later as a cat, often shown as a woman with a cat's head, and was a goddess of the home, fertility, joy and the protection of children.","https://www.britannica.com/topic/Bastet","L56 card.ancient_egypt.056.c3","L56 question.ancient_egypt.056.q1","","","","","","corroborated","Bastet, originally shown as a lioness, took a domestic-cat form once house cats became common; she was a cat-headed goddess of fertility and the home. (https://www.thecollector.com/ancient-egypt-cat-gods-goddesses-bastet/ https://blogs.ucl.ac.uk/researchers-in-museums/2018/04/17/why-did-ancient-egyptians-love-cats/)",""
"fact.ancient_egypt.bastet_lioness_cat","source.carnegie_cats","unverified","Bastet was worshipped as a lioness and later as a cat, often shown as a woman with a cat's head, and was a goddess of the home, fertility, joy and the protection of children.","https://carnegiemnh.org/cats-the-archeological-site/","L56 card.ancient_egypt.056.c3","L56 question.ancient_egypt.056.q1","","","","","","corroborated","Bastet, originally shown as a lioness, took a domestic-cat form once house cats became common; she was a cat-headed goddess of fertility and the home. (https://www.thecollector.com/ancient-egypt-cat-gods-goddesses-bastet/ https://blogs.ucl.ac.uk/researchers-in-museums/2018/04/17/why-did-ancient-egyptians-love-cats/)",""
"fact.ancient_egypt.bastet_bubastis_amulets","source.brit_bastet","unverified","Bastet's home city was Bubastis in the Nile Delta, and Egyptians wore small cat figures as amulets, probably because of her.","https://www.britannica.com/topic/Bastet","L56 card.ancient_egypt.056.c3","L56 question.ancient_egypt.056.q1","","","","","","corroborated","Bubastis in the Delta was Bastet's cult centre, where dead cats were taken for burial. (https://en.wikipedia.org/wiki/Cats_in_ancient_Egypt https://www.worldhistory.org/article/88/herodotus-on-cats-in-egypt/)",""
"fact.ancient_egypt.herodotus_eyebrows","source.perseus_herodotus_cats","unverified","Herodotus wrote that when a cat died a natural death, everyone in the household shaved their eyebrows; when a dog died, they shaved their head and whole body.","https://www.perseus.tufts.edu/hopper/text?doc=Perseus:text:1999.01.0126:book=2:chapter=66","L56 card.ancient_egypt.056.c4; L60 card.ancient_egypt.060.c3","L56 question.ancient_egypt.056.q3","","","","","","corroborated","UCL: when a family cat died it was common for its owners to shave their eyebrows in mourning. (https://blogs.ucl.ac.uk/researchers-in-museums/2018/04/17/why-did-ancient-egyptians-love-cats/ https://www.worldhistory.org/article/88/herodotus-on-cats-in-egypt/)",""
"fact.ancient_egypt.diodorus_roman_cat","source.lacus_diodorus_book1","unverified","Diodorus of Sicily, a Greek historian of the 1st century BCE, wrote that he saw an Egyptian crowd kill a Roman who had accidentally killed a cat.","https://penelope.uchicago.edu/Thayer/E/Roman/Texts/Diodorus_Siculus/1D*.html","L56 card.ancient_egypt.056.c4","L56 question.ancient_egypt.056.q3","","","","","","corroborated","UCL: killing a cat was punishable by death even if it was an accident; Britannica and WHE: Diodorus was active in the 1st century BCE and travelled in Egypt about 60 to 57 BCE. (https://blogs.ucl.ac.uk/researchers-in-museums/2018/04/17/why-did-ancient-egyptians-love-cats/ https://www.worldhistory.org/Diodorus_Siculus/)",""
"fact.ancient_egypt.senet_board_play","source.met_senet_twenty_squares","unverified","Senet was played on a board of 30 squares in three rows of ten; two players raced their pieces, usually five to seven each, to the end, moving by throwing casting sticks or bones.","https://www.metmuseum.org/perspectives/ancient-egypt-board-games","L57 card.ancient_egypt.057.c2","L57 question.ancient_egypt.057.q1; L60 question.ancient_egypt.060.q2","","","","","","corroborated","Both the Met and Smithsonian describe 30 squares in three parallel rows of ten, with moves set by casting sticks or bones. (https://www.smithsonianmag.com/science-nature/best-board-games-ancient-world-180974094/ https://en.wikipedia.org/wiki/Senet)","unopened-source"
"fact.ancient_egypt.senet_board_play","source.smithsonian_ancient_board_games","unverified","Senet was played on a board of 30 squares in three rows of ten; two players raced their pieces, usually five to seven each, to the end, moving by throwing casting sticks or bones.","https://www.smithsonianmag.com/science-nature/best-board-games-ancient-world-180974094/","L57 card.ancient_egypt.057.c2","L57 question.ancient_egypt.057.q1; L60 question.ancient_egypt.060.q2","","","","","","corroborated","Both the Met and Smithsonian describe 30 squares in three parallel rows of ten, with moves set by casting sticks or bones. (https://www.smithsonianmag.com/science-nature/best-board-games-ancient-world-180974094/ https://en.wikipedia.org/wiki/Senet)",""
"fact.ancient_egypt.senet_special_squares","source.met_senet_twenty_squares","unverified","Senet's last squares were special: one marked 'good' gave a free turn, and a water hazard square knocked a piece off the board.","https://www.metmuseum.org/perspectives/ancient-egypt-board-games","L57 card.ancient_egypt.057.c2","L57 question.ancient_egypt.057.q1; L60 question.ancient_egypt.060.q2","","","","","","corroborated","Squares 26 to 30 carry special signs, with square 27 commonly a water hazard sending pieces back. (https://en.wikipedia.org/wiki/Senet)","one-page weak-pages unopened-source"
"fact.ancient_egypt.senet_3100_bce","source.smithsonian_ancient_board_games","unverified","Archaeological and artistic evidence suggests senet, one of the earliest known board games, was played as early as about 3100 BCE, more than 5,000 years ago.","https://www.smithsonianmag.com/science-nature/best-board-games-ancient-world-180974094/","L57 card.ancient_egypt.057.c1; L57 card.ancient_egypt.057.c2","L57 question.ancient_egypt.057.q1; L60 question.ancient_egypt.060.q2","","","","","","corroborated","Fragmentary boards that may be senet are known from First Dynasty burials of about 3100 BCE. (https://en.wikipedia.org/wiki/Senet)","one-page weak-pages"
"fact.ancient_egypt.senet_rich_and_poor","source.smithsonian_ancient_board_games","unverified","Wealthy Egyptians played senet on ornate boards, while people with less scratched grids onto stone, tables or the floor; Tutankhamun and Queen Nefertari were fans.","https://www.smithsonianmag.com/science-nature/best-board-games-ancient-world-180974094/","L57 card.ancient_egypt.057.c3","L57 question.ancient_egypt.057.q2; L57 question.ancient_egypt.057.q3","","","","","","corroborated","Upper-class players used ornate boards, while others made do with grids scratched on stone surfaces or floors. (https://en.wikipedia.org/wiki/Senet)","one-page weak-pages"
"fact.ancient_egypt.senet_passing_afterlife","source.met_senet_twenty_squares","unverified","In the New Kingdom, senet, whose name means 'passing', became associated with the journey to the afterlife.","https://www.metmuseum.org/perspectives/ancient-egypt-board-games","L57 card.ancient_egypt.057.c3","L57 question.ancient_egypt.057.q2; L57 question.ancient_egypt.057.q3","","","","","","corroborated","Smithsonian: senet evolved into a simulation of the netherworld, its squares depicting divinities and afterlife events. (https://www.smithsonianmag.com/science-nature/best-board-games-ancient-world-180974094/)","one-page unopened-source"
"fact.ancient_egypt.mehen_snake_board","source.smithsonian_ancient_board_games","unverified","Another early Egyptian game, mehen, was played on a spiral board shaped like a coiled snake, with lion-shaped pieces; its exact rules are unknown.","https://www.smithsonianmag.com/science-nature/best-board-games-ancient-world-180974094/","L57 card.ancient_egypt.057.c3","L57 question.ancient_egypt.057.q2; L57 question.ancient_egypt.057.q3","","","","","","corroborated","Mehen, 'the coiled one', used a spiral snake board; a Dynasty 3 tomb painting shows a board with lion and lioness pieces. (https://en.wikipedia.org/wiki/Mehen_(game) https://fitzmuseum.cam.ac.uk/explore-our-collection/highlights/EGA44641943)",""
"fact.ancient_egypt.harp_flute_singers","source.met_harp_egypt","unverified","Harps, flute players and singers were the most common Egyptian musical ensemble, performing at festivals, banquets, funerals and temple rituals.","https://www.metmuseum.org/art/collection/search/561518","L57 card.ancient_egypt.057.c4","","","","","","","corroborated","Tomb scenes show banquet ensembles of harp, lute, flutes and singers, and temple musicians performing sacred music. (https://factsanddetails.com/world/cat56/sub365/entry-6139.html https://www.tate.org.uk/research/in-focus/the-singer-and-applause-edward-onslow-ford/ancient-egyptian-sources)","unopened-source"
"fact.ancient_egypt.sistrum_hathor","source.brit_sistrum","unverified","The sistrum was a rattle with loose crossbars, often hung with jingles, shaken in Egyptian temple rituals, especially in the worship of the goddess Hathor.","https://www.britannica.com/art/sistrum","L57 card.ancient_egypt.057.c4","","","","","","","corroborated","The sistrum was shaken during religious ceremonies and was sacred to Hathor; the Met holds a sistrum of a chantress. (https://en.wikipedia.org/wiki/Sistrum https://www.metmuseum.org/art/collection/search/553814)",""
"fact.ancient_egypt.satire_trades_mockery","source.whe_satire_trades","unverified","In the Satire of the Trades, a father taking his son to scribal school mocks other jobs: the potter is covered with earth, the barber wears out his arms, the fisherman works among crocodiles and the washerman handles filth.","https://www.worldhistory.org/article/1074/the-satire-of-the-trades/","L58 card.ancient_egypt.058.c1; L58 card.ancient_egypt.058.c2","L58 question.ancient_egypt.058.q1; L58 question.ancient_egypt.058.q2","","","","","","corroborated","The Teaching of Khety mocks all other professions in favour of the scribe's to persuade the son; it lists potters, barbers, fishermen and washermen among others. (https://en.wikipedia.org/wiki/The_Satire_of_the_Trades)","one-page weak-pages"
"fact.ancient_egypt.satire_trades_mockery","source.ucl_satire_trades","unverified","In the Satire of the Trades, a father taking his son to scribal school mocks other jobs: the potter is covered with earth, the barber wears out his arms, the fisherman works among crocodiles and the washerman handles filth.","https://www.ucl.ac.uk/museums-static/digitalegypt/literature/satireindex.html","L58 card.ancient_egypt.058.c1; L58 card.ancient_egypt.058.c2","L58 question.ancient_egypt.058.q1; L58 question.ancient_egypt.058.q2","","","","","","corroborated","The Teaching of Khety mocks all other professions in favour of the scribe's to persuade the son; it lists potters, barbers, fishermen and washermen among others. (https://en.wikipedia.org/wiki/The_Satire_of_the_Trades)","one-page weak-pages unopened-source"
"fact.ancient_egypt.satire_trades_dating","source.ucl_satire_trades","unverified","The Satire of the Trades probably dates to the Middle Kingdom, and students were still copying it as a writing exercise centuries later, in the New Kingdom.","https://www.ucl.ac.uk/museums-static/digitalegypt/literature/satireindex.html","L58 card.ancient_egypt.058.c1; L58 card.ancient_egypt.058.c2","L58 question.ancient_egypt.058.q1; L58 question.ancient_egypt.058.q2","","","","","","corroborated","The text is believed composed in the Middle Kingdom (12th Dynasty) and was used for centuries by children learning to read. (https://en.wikipedia.org/wiki/The_Satire_of_the_Trades https://www.labrujulaverde.com/en/2024/10/the-satire-of-the-trades-the-text-used-for-centuries-by-children-in-ancient-egypt-to-learn-to-read/)","unopened-source"
"fact.ancient_egypt.satire_trades_dating","source.whe_satire_trades","unverified","The Satire of the Trades probably dates to the Middle Kingdom, and students were still copying it as a writing exercise centuries later, in the New Kingdom.","https://www.worldhistory.org/article/1074/the-satire-of-the-trades/","L58 card.ancient_egypt.058.c1; L58 card.ancient_egypt.058.c2","L58 question.ancient_egypt.058.q1; L58 question.ancient_egypt.058.q2","","","","","","corroborated","The text is believed composed in the Middle Kingdom (12th Dynasty) and was used for centuries by children learning to read. (https://en.wikipedia.org/wiki/The_Satire_of_the_Trades https://www.labrujulaverde.com/en/2024/10/the-satire-of-the-trades-the-text-used-for-centuries-by-children-in-ancient-egypt-to-learn-to-read/)",""
"fact.ancient_egypt.satire_label_debated","source.ucl_satire_trades","unverified","Egyptologists debate whether 'satire' is the right word for the text, given how starkly realistic its descriptions are.","https://www.ucl.ac.uk/museums-static/digitalegypt/literature/satireindex.html","L58 card.ancient_egypt.058.c4","L58 question.ancient_egypt.058.q2","","","","","","corroborated","Egyptologists disagree on whether or not the text is satirical. (https://en.wikipedia.org/wiki/The_Satire_of_the_Trades)","one-page weak-pages unopened-source"
"fact.ancient_egypt.nearly_all_farmed","source.brit_ancient_egypt_economy","unverified","Nearly all ancient Egyptians worked in agriculture and were probably tied to the land.","https://www.britannica.com/place/ancient-Egypt/The-economy","L58 card.ancient_egypt.058.c3","L58 question.ancient_egypt.058.q3","","","","","","corroborated","Farmers and laborers were the majority of the population and the backbone of the economy; estimates run as high as 80 percent peasants. (https://timelessmyths.com/stories/peasants-in-ancient-egypt/)","one-page"
"fact.ancient_egypt.land_belonged_to_king","source.brit_ancient_egypt_economy","unverified","In theory all land in Egypt belonged to the king, though people living on it could not easily be removed, and some land could be bought and sold.","https://www.britannica.com/place/ancient-Egypt/The-economy","L58 card.ancient_egypt.058.c3","L58 question.ancient_egypt.058.q3","","","","","","corroborated","UCLA Encyclopedia of Egyptology and a Yale agrarian-history paper: primary right to land was vested in Pharaoh, yet documents record private sales, inheritance and transfers of land. (https://escholarship.org/content/qt1nr1d3s9/qt1nr1d3s9_noSplash_c3ce91b92af4cd8b8589826bf44c0bc1.pdf https://economics.yale.edu/sites/default/files/conferencia_2016-0418.pdf)",""
"fact.ancient_egypt.crafts_perfection","source.brit_ancient_egypt_economy","unverified","Egyptian craftspeople raised their techniques, many of which first came from Asia, to extraordinary levels of perfection.","https://www.britannica.com/place/ancient-Egypt/The-economy","L58 card.ancient_egypt.058.c4","L58 question.ancient_egypt.058.q2","","","","","","corroborated","Deir el-Medina's craftsmen were highly skilled artisans who cut and decorated the royal tombs. (https://www.scientificamerican.com/article/daily-life-in-ancient-egypt-2005-01/)","one-page"
"fact.ancient_egypt.deir_el_medina_tomb_builders","source.brit_deir_el_medina","unverified","Deir el-Medina was a New Kingdom village of the craftsmen, and their families, who cut and decorated the royal tombs in the Valley of the Kings.","https://www.britannica.com/place/Dayr-al-Madinah","L59 card.ancient_egypt.059.c2; L60 card.ancient_egypt.060.c3","L59 question.ancient_egypt.059.q1; L60 question.ancient_egypt.060.q3","","","","","","corroborated","Deir el-Medina housed the skilled artisans who built and decorated the tombs in the Valley of the Kings. (https://en.wikipedia.org/wiki/Deir_el-Medina https://www.odysseytraveller.com/articles/deir-el-medina/)",""
"fact.ancient_egypt.deir_el_medina_tomb_builders","source.sciam_daily_life_egypt","unverified","Deir el-Medina was a New Kingdom village of the craftsmen, and their families, who cut and decorated the royal tombs in the Valley of the Kings.","https://www.scientificamerican.com/article/daily-life-in-ancient-egypt-2005-01/","L59 card.ancient_egypt.059.c2; L60 card.ancient_egypt.060.c3","L59 question.ancient_egypt.059.q1; L60 question.ancient_egypt.060.q3","","","","","","corroborated","Deir el-Medina housed the skilled artisans who built and decorated the tombs in the Valley of the Kings. (https://en.wikipedia.org/wiki/Deir_el-Medina https://www.odysseytraveller.com/articles/deir-el-medina/)",""
"fact.ancient_egypt.deir_el_medina_documents","source.sciam_daily_life_egypt","unverified","Researchers have recovered tens of thousands of written documents from Deir el-Medina, most dating from about 1275 to 1075 BCE.","https://www.scientificamerican.com/article/daily-life-in-ancient-egypt-2005-01/","L59 card.ancient_egypt.059.c1; L59 card.ancient_egypt.059.c2","L59 question.ancient_egypt.059.q1","","","","","","corroborated","More than 20,000 ostraca were found near the village, the largest collection of everyday writing from ancient Egypt. (https://en.wikipedia.org/wiki/Deir_el-Medina https://exploreluxor.org/deir-el-medina/)",""
"fact.ancient_egypt.deir_el_medina_literacy","source.sciam_daily_life_egypt","unverified","In some periods most men at Deir el-Medina could read and write, while literacy across Egypt as a whole is estimated at only about 1 or 2 percent.","https://www.scientificamerican.com/article/daily-life-in-ancient-egypt-2005-01/","L59 card.ancient_egypt.059.c2","L59 question.ancient_egypt.059.q1","","","","","","corroborated","Deir el-Medina is noted for an unusually high literacy rate among its workmen compared with the rest of Egypt. (https://en.wikipedia.org/wiki/Deir_el-Medina)","one-page weak-pages"
"fact.ancient_egypt.ostraca_defined","source.brit_ostracon","unverified","Ostraca, flakes of limestone and pieces of broken pottery, were used especially by Egyptians for writing and sketching, as an alternative to papyrus.","https://www.britannica.com/topic/ostracon","L59 card.ancient_egypt.059.c3","L59 question.ancient_egypt.059.q3","","","","","","corroborated","Because papyrus was expensive, villagers wrote everyday records on flakes of limestone and broken pottery. (https://en.wikipedia.org/wiki/Ostracon https://exploreluxor.org/deir-el-medina/)",""
"fact.ancient_egypt.absence_register_ostracon","source.bm_absence_ostracon","unverified","A limestone ostracon from Deir el-Medina, now in the British Museum, records workmen's absences over 280 days of Year 40 of Ramesses II, with reasons such as illness, brewing beer and embalming a relative.","https://www.britishmuseum.org/collection/object/Y_EA5634","L59 card.ancient_egypt.059.c1; L59 card.ancient_egypt.059.c3; L60 card.ancient_egypt.060.c3","L59 question.ancient_egypt.059.q3; L60 question.ancient_egypt.060.q3","","","","","","corroborated","BM Images and Open Culture describe the Year 40 register of 280 days, with absences for illness, brewing beer and embalming a brother. (https://www.bmimages.com/preview.asp?image=00031743001 https://www.openculture.com/2022/02/3200-year-old-egyptian-tablet-shows-why-people-missed-work-the-scorpion-bit-him-brewing-beer-more.html)","unopened-source"
"fact.ancient_egypt.first_recorded_strike","source.museoegizio_strike_papyrus","unverified","In Year 29 of Ramesses III, about 1157 BCE, Deir el-Medina's tomb workers, whose grain rations were late, stopped work, shouted 'We are hungry!' and sat behind a temple: the first recorded strike.","https://collezionepapiri.museoegizio.it/en-GB/section/Papyrus-Collection/History-and-content/Highlights-Turin-Strike-Papyrus/","L59 card.ancient_egypt.059.c4; L60 card.ancient_egypt.060.c3","L59 question.ancient_egypt.059.q2; L60 question.ancient_egypt.060.q3","","","","","","corroborated","Guinness World Records and libcom date the first recorded labour strike to about 1157 BCE at Deir el-Medina, over late wage rations under Ramesses III. (https://www.guinnessworldrecords.com/world-records/first-recorded-strike https://libcom.org/article/records-strike-egypt-under-ramses-iii-c1157bce)",""
"fact.ancient_egypt.strike_papyrus_turin","source.museoegizio_strike_papyrus","unverified","The scribe Amunnakht recorded the strike on a papyrus now in the Museo Egizio in Turin; the grain was paid, but the workers struck again.","https://collezionepapiri.museoegizio.it/en-GB/section/Papyrus-Collection/History-and-content/Highlights-Turin-Strike-Papyrus/","L59 card.ancient_egypt.059.c4","L59 question.ancient_egypt.059.q2; L60 question.ancient_egypt.060.q3","","","","","","corroborated","The strikes and sit-ins were repeated over several months until rations were restored; the account is by the scribe Amennakhte. (https://en.wikipedia.org/wiki/Deir_el-Medina_strikes)","one-page weak-pages"
"fact.ancient_egypt.deir_el_medina_daily_window","source.brit_deir_el_medina","unverified","Deir el-Medina's thousands of papyri and ostraca are an invaluable source on the workers' daily lives, showing details rarely seen anywhere else in Egypt.","https://www.britannica.com/place/Dayr-al-Madinah","L60 card.ancient_egypt.060.c3","L60 question.ancient_egypt.060.q3","","","","","","corroborated","Thousands of ostraca and papyri from the village show details of daily life not seen elsewhere in Egypt. (https://exploreluxor.org/deir-el-medina/ https://www.scientificamerican.com/article/daily-life-in-ancient-egypt-2005-01/)",""
"fact.ancient_egypt.newkingdom_hyksos_name","source.brit_hyksos","unverified","‘Hyksos’ is the Greek form of an Egyptian title, heqa khasut, meaning ‘rulers of foreign lands.’","https://www.britannica.com/topic/Hyksos-Egyptian-dynasty","L61 card.ancient_egypt.061.c2","L61 question.ancient_egypt.061.q2","","","","","","corroborated","World History Encyclopedia: the term Heqa khasut means the ruler of foreign lands, Hellenized as Hyksos. (https://www.worldhistory.org/Second_Intermediate_Period_of_Egypt/ https://www.worldhistory.org/Hyksos/)",""
"fact.ancient_egypt.newkingdom_hyksos_name","source.arce_hyksos","unverified","‘Hyksos’ is the Greek form of an Egyptian title, heqa khasut, meaning ‘rulers of foreign lands.’","https://arce.org/resource/hyksos/","L61 card.ancient_egypt.061.c2","L61 question.ancient_egypt.061.q2","","","","","","corroborated","World History Encyclopedia: the term Heqa khasut means the ruler of foreign lands, Hellenized as Hyksos. (https://www.worldhistory.org/Second_Intermediate_Period_of_Egypt/ https://www.worldhistory.org/Hyksos/)",""
"fact.ancient_egypt.newkingdom_hyksos_settlers","source.arce_hyksos","unverified","For generations before the Hyksos kings, people from Southwest Asia (the Levant) had been settling in the eastern Nile Delta.","https://arce.org/resource/hyksos/","L61 card.ancient_egypt.061.c2","L61 question.ancient_egypt.061.q2","","","","","","corroborated","Britannica calls the Hyksos immigrants from Palestine from about the 18th century BCE; WHE describes them entering gradually over decades as traders welcomed at Avaris. (https://www.britannica.com/topic/Hyksos-Egyptian-dynasty https://www.worldhistory.org/Hyksos/)",""
"fact.ancient_egypt.newkingdom_hyksos_settlers","source.brit_hyksos","unverified","For generations before the Hyksos kings, people from Southwest Asia (the Levant) had been settling in the eastern Nile Delta.","https://www.britannica.com/topic/Hyksos-Egyptian-dynasty","L61 card.ancient_egypt.061.c2","L61 question.ancient_egypt.061.q2","","","","","","corroborated","Britannica calls the Hyksos immigrants from Palestine from about the 18th century BCE; WHE describes them entering gradually over decades as traders welcomed at Avaris. (https://www.britannica.com/topic/Hyksos-Egyptian-dynasty https://www.worldhistory.org/Hyksos/)",""
"fact.ancient_egypt.newkingdom_hyksos_avaris_century","source.brit_hyksos","unverified","From their capital at Avaris in the eastern Delta, the Hyksos ruled much of Lower Egypt as the 15th Dynasty for about a century.","https://www.britannica.com/topic/Hyksos-Egyptian-dynasty","L61 card.ancient_egypt.061.c1; L61 card.ancient_egypt.061.c2; L70 card.ancient_egypt.070.c2","L61 question.ancient_egypt.061.q2; L70 question.ancient_egypt.070.q1","","","","","","corroborated","ARCE and WHE: the Hyksos 15th Dynasty was based at Avaris (Tell el-Dab'a) in the north-eastern Delta; Britannica dates it c. 1630 to 1530 BCE. (https://arce.org/resource/hyksos/ https://www.worldhistory.org/Second_Intermediate_Period_of_Egypt/)",""
"fact.ancient_egypt.newkingdom_hyksos_rise_from_within","source.arce_hyksos","unverified","Many scholars now think the Hyksos rose to power from within, as leaders at Avaris gained power while the pharaohs’ authority declined, rather than by a sudden invasion.","https://arce.org/resource/hyksos/","L61 card.ancient_egypt.061.c2","L61 question.ancient_egypt.061.q2","","","","","","corroborated","WHE quotes Bunson: the Hyksos entered the Nile region gradually over decades, most likely traders first welcomed at Avaris; it finds no evidence for the later invasion story. (https://www.worldhistory.org/Hyksos/)","one-page"
"fact.ancient_egypt.newkingdom_hyksos_technology","source.brit_hyksos","unverified","The Hyksos introduced new technology to Egypt, including the horse and chariot, the composite bow and improved metal weapons.","https://www.britannica.com/topic/Hyksos-Egyptian-dynasty","L61 card.ancient_egypt.061.c3; L65 card.ancient_egypt.065.c3","L61 question.ancient_egypt.061.q1; L65 question.ancient_egypt.065.q3","","","","","","corroborated","WHE and ARCE: the Hyksos brought the horse and chariot, the composite bow and improved weapons to Egypt. (https://www.worldhistory.org/Hyksos/ https://arce.org/resource/hyksos/)",""
"fact.ancient_egypt.newkingdom_hyksos_chariot_adopted","source.whe_hyksos","unverified","Egypt adopted the Hyksos’ horse-drawn chariot and composite bow, advantages that later helped it build an empire.","https://www.worldhistory.org/Hyksos/","L61 card.ancient_egypt.061.c3","L61 question.ancient_egypt.061.q1; L65 question.ancient_egypt.065.q3","","","","","","corroborated","ARCE says the Hyksos contributed the horse and chariot to Egyptian culture; a UMass Lowell paper describes the chariot revolutionizing Egyptian warfare after the Hyksos. (https://arce.org/resource/hyksos/ https://faculty.uml.edu/ethan_spanier/Teaching/documents/CP3.5CarneyEgyptianchariot.pdf)",""
"fact.ancient_egypt.newkingdom_hyksos_expelled","source.brit_hyksos","unverified","Kamose of Thebes campaigned against the Hyksos, and his successor Ahmose captured Avaris and drove them out.","https://www.britannica.com/topic/Hyksos-Egyptian-dynasty","L61 card.ancient_egypt.061.c4","L61 question.ancient_egypt.061.q3; L63 question.ancient_egypt.063.q3","","","","","","corroborated","WHE and multiple summaries: Ahmose I besieged Avaris and forced the Hyksos out; ARCE records Kamose's campaign stelae at Karnak. (https://www.worldhistory.org/Hyksos/ https://arce.org/resource/hyksos/)",""
"fact.ancient_egypt.newkingdom_hyksos_expelled","source.arce_hyksos","unverified","Kamose of Thebes campaigned against the Hyksos, and his successor Ahmose captured Avaris and drove them out.","https://arce.org/resource/hyksos/","L61 card.ancient_egypt.061.c4","L61 question.ancient_egypt.061.q3; L63 question.ancient_egypt.063.q3","","","","","","corroborated","WHE and multiple summaries: Ahmose I besieged Avaris and forced the Hyksos out; ARCE records Kamose's campaign stelae at Karnak. (https://www.worldhistory.org/Hyksos/ https://arce.org/resource/hyksos/)",""
"fact.ancient_egypt.newkingdom_ahmose_new_kingdom","source.oup_oxford_history_egypt","unverified","Ahmose, who reigned about 1550 to 1525 BCE in the Oxford History’s chronology, founded the 18th Dynasty and so began the New Kingdom.","https://global.oup.com/academic/product/the-oxford-history-of-ancient-egypt-9780192804587","L61 card.ancient_egypt.061.c1; L61 card.ancient_egypt.061.c4; L70 card.ancient_egypt.070.c2","L61 question.ancient_egypt.061.q3; L63 question.ancient_egypt.063.q3; L70 question.ancient_egypt.070.q1","","","","","","corroborated","Oxford History text lists Ahmose (1550-1525 BC); the Met's New Kingdom essay says Ahmose I reunited Egypt, ushering in the New Kingdom. (https://archive.org/stream/TheOxfordHistoryOfAncient/The+Oxford+History+of+Ancient_djvu.txt https://www.metmuseum.org/essays/egypt-in-the-new-kingdom-ca-1550-1070-b-c)",""
"fact.ancient_egypt.newkingdom_ahmose_new_kingdom","source.brit_hyksos","unverified","Ahmose, who reigned about 1550 to 1525 BCE in the Oxford History’s chronology, founded the 18th Dynasty and so began the New Kingdom.","https://www.britannica.com/topic/Hyksos-Egyptian-dynasty","L61 card.ancient_egypt.061.c1; L61 card.ancient_egypt.061.c4; L70 card.ancient_egypt.070.c2","L61 question.ancient_egypt.061.q3; L63 question.ancient_egypt.063.q3; L70 question.ancient_egypt.070.q1","","","","","","corroborated","Oxford History text lists Ahmose (1550-1525 BC); the Met's New Kingdom essay says Ahmose I reunited Egypt, ushering in the New Kingdom. (https://archive.org/stream/TheOxfordHistoryOfAncient/The+Oxford+History+of+Ancient_djvu.txt https://www.metmuseum.org/essays/egypt-in-the-new-kingdom-ca-1550-1070-b-c)",""
"fact.ancient_egypt.newkingdom_hyksos_legitimate","source.brit_hyksos","unverified","Later Egyptian texts vilified the Hyksos, yet they had ruled as pharaohs and appear as legitimate kings in the Turin king list.","https://www.britannica.com/topic/Hyksos-Egyptian-dynasty","L61 card.ancient_egypt.061.c4","L61 question.ancient_egypt.061.q3; L63 question.ancient_egypt.063.q3","","","","","","corroborated","WHE: New Kingdom scribes demonized the Hyksos as invaders without evidence; ARCE: the Turin Royal Canon records them as the 15th dynasty. (https://www.worldhistory.org/Hyksos/ https://arce.org/resource/hyksos/)",""
"fact.ancient_egypt.newkingdom_hyksos_legitimate","source.arce_hyksos","unverified","Later Egyptian texts vilified the Hyksos, yet they had ruled as pharaohs and appear as legitimate kings in the Turin king list.","https://arce.org/resource/hyksos/","L61 card.ancient_egypt.061.c4","L61 question.ancient_egypt.061.q3; L63 question.ancient_egypt.063.q3","","","","","","corroborated","WHE: New Kingdom scribes demonized the Hyksos as invaders without evidence; ARCE: the Turin Royal Canon records them as the 15th dynasty. (https://www.worldhistory.org/Hyksos/ https://arce.org/resource/hyksos/)",""
"fact.ancient_egypt.newkingdom_second_intermediate_dates","source.oup_oxford_history_egypt","unverified","In the Oxford History’s chronology, the Second Intermediate Period ran from about 1650 to 1550 BCE.","https://global.oup.com/academic/product/the-oxford-history-of-ancient-egypt-9780192804587","L70 card.ancient_egypt.070.c2","L70 question.ancient_egypt.070.q1","","","","","","corroborated","Full text of the Oxford History contents: The Second Intermediate Period (c.1650-1550 bc). (https://archive.org/stream/TheOxfordHistoryOfAncient/The+Oxford+History+of+Ancient_djvu.txt)","one-page"
"fact.ancient_egypt.newkingdom_ahmose_lesson","source.whe_new_kingdom","unverified","Ahmose understood that the Hyksos had grown so strong because earlier Egyptian kings had allowed them to.","https://www.worldhistory.org/New_Kingdom_of_Egypt/","L62 card.ancient_egypt.062.c1","L62 question.ancient_egypt.062.q2","","","","","","corroborated","WHE Hyksos article: the Hyksos were welcomed at Avaris and prospered before becoming kings; Egyptian scribes later justified wars of conquest by them. (https://www.worldhistory.org/Hyksos/)","one-page"
"fact.ancient_egypt.newkingdom_buffer_zones","source.whe_new_kingdom","unverified","After the Hyksos were driven out, Ahmose and his successors pushed Egypt’s borders outward, creating buffer zones in Nubia to the south and Canaan to the north.","https://www.worldhistory.org/New_Kingdom_of_Egypt/","L62 card.ancient_egypt.062.c2; L70 card.ancient_egypt.070.c3","L62 question.ancient_egypt.062.q2; L69 question.ancient_egypt.069.q3","","","","","","corroborated","Egypt Tours Portal and Wikipedia's military history summary: under Ahmose I and his successors Egypt created a buffer zone extending into Nubia in the south and Canaan in the north. (https://www.egypttoursportal.com/en-us/the-hyksos-invasion/ https://en.wikipedia.org/wiki/Military_of_ancient_Egypt)",""
"fact.ancient_egypt.newkingdom_buffers_to_empire","source.whe_new_kingdom","unverified","Later pharaohs, most notably Thutmose III, expanded those buffer zones into an empire.","https://www.worldhistory.org/New_Kingdom_of_Egypt/","L62 card.ancient_egypt.062.c2; L65 card.ancient_egypt.065.c4; L70 card.ancient_egypt.070.c3","L62 question.ancient_egypt.062.q2; L69 question.ancient_egypt.069.q3","","","","","","corroborated","Met Heilbrunn chronology: beginning with Thutmose III, Egypt becomes an empire controlling large parts of the Near East as well as Nubia. (https://www.metmuseum.org/toah/ht/03/afe.html)","one-page"
"fact.ancient_egypt.newkingdom_nubia_fourth_cataract","source.met_nubia_essay","unverified","In the New Kingdom Egypt conquered all of Nubia and controlled the Nile as far as the Fourth Cataract.","https://www.metmuseum.org/essays/nubia","L62 card.ancient_egypt.062.c3","L62 question.ancient_egypt.062.q3; L70 question.ancient_egypt.070.q2","","","","","","corroborated","Britannica: Thutmose I thrust past the Fourth Nile Cataract and set a new boundary at Kurgus; Wikipedia: Egypt expanded to the Fourth Cataract after destroying Kerma. (https://www.britannica.com/biography/Thutmose-I https://en.wikipedia.org/wiki/Viceroy_of_Kush)","unopened-source"
"fact.ancient_egypt.newkingdom_nubia_fourth_cataract","source.met_new_kingdom_essay","unverified","In the New Kingdom Egypt conquered all of Nubia and controlled the Nile as far as the Fourth Cataract.","https://www.metmuseum.org/essays/egypt-in-the-new-kingdom-ca-1550-1070-b-c","L62 card.ancient_egypt.062.c3","L62 question.ancient_egypt.062.q3; L70 question.ancient_egypt.070.q2","","","","","","corroborated","Britannica: Thutmose I thrust past the Fourth Nile Cataract and set a new boundary at Kurgus; Wikipedia: Egypt expanded to the Fourth Cataract after destroying Kerma. (https://www.britannica.com/biography/Thutmose-I https://en.wikipedia.org/wiki/Viceroy_of_Kush)","unopened-source"
"fact.ancient_egypt.newkingdom_nubia_gold","source.met_nubia_essay","unverified","Gold from the Nubian deserts was greatly prized by the Egyptians.","https://www.metmuseum.org/essays/nubia","L62 card.ancient_egypt.062.c3; L70 card.ancient_egypt.070.c3","L62 question.ancient_egypt.062.q3; L70 question.ancient_egypt.070.q2","","","","","","corroborated","UCL Digital Egypt: through the importance of Nubia's gold mines, the viceroy of Kush was one of the most important New Kingdom officials. (https://www.ucl.ac.uk/museums-static/digitalegypt/nubia/viceroy.html)","one-page unopened-source"
"fact.ancient_egypt.newkingdom_nubia_viceroys","source.ucl_viceroy_kush","unverified","Egypt ran New Kingdom Nubia through viceroys, who headed its administration and oversaw the collection of tribute.","https://www.ucl.ac.uk/museums-static/digitalegypt/nubia/viceroy.html","L62 card.ancient_egypt.062.c3","L62 question.ancient_egypt.062.q3; L70 question.ancient_egypt.070.q2","","","","","","corroborated","Wikipedia: the viceroy of Kush reported directly to the pharaoh; the tomb of the viceroy Huy shows him overseeing the collection of tribute. (https://en.wikipedia.org/wiki/Viceroy_of_Kush)","one-page weak-pages"
"fact.ancient_egypt.newkingdom_nubia_viceroys","source.met_nubia_essay","unverified","Egypt ran New Kingdom Nubia through viceroys, who headed its administration and oversaw the collection of tribute.","https://www.metmuseum.org/essays/nubia","L62 card.ancient_egypt.062.c3","L62 question.ancient_egypt.062.q3; L70 question.ancient_egypt.070.q2","","","","","","corroborated","Wikipedia: the viceroy of Kush reported directly to the pharaoh; the tomb of the viceroy Huy shows him overseeing the collection of tribute. (https://en.wikipedia.org/wiki/Viceroy_of_Kush)","one-page weak-pages unopened-source"
"fact.ancient_egypt.newkingdom_thutmose_i_euphrates","source.brit_thutmose_i","unverified","Thutmose I campaigned through Syria as far as the Euphrates River.","https://www.britannica.com/biography/Thutmose-I","L62 card.ancient_egypt.062.c4; L70 card.ancient_egypt.070.c3","L62 question.ancient_egypt.062.q1","","","","","","corroborated","Wikipedia (Thutmose I, Tombos Stela): Thutmose I campaigned in the Levant and reached the Euphrates, the first pharaoh to cross it. (https://en.wikipedia.org/wiki/Thutmose_I https://en.wikipedia.org/wiki/Tombos_Stela)","weak-pages"
"fact.ancient_egypt.newkingdom_karnak_built_over_time","source.whe_karnak","unverified","Karnak was built up over nearly 2,000 years, from the Middle Kingdom to the Ptolemaic period, as ruler after ruler added to it.","https://www.worldhistory.org/Karnak/","L63 card.ancient_egypt.063.c1","","","","","","","corroborated","Wikipedia: construction began under Senusret I in the Middle Kingdom and continued into the Ptolemaic period, though most extant buildings are New Kingdom. (https://en.wikipedia.org/wiki/Karnak)","one-page weak-pages"
"fact.ancient_egypt.newkingdom_karnak_largest","source.brit_karnak","unverified","Karnak, on the east bank of the Nile at Thebes (modern Luxor), is the largest temple complex in Egypt, the great temple of the state god Amun-Re.","https://www.britannica.com/place/Karnak","L63 card.ancient_egypt.063.c2","L63 question.ancient_egypt.063.q1; L66 question.ancient_egypt.066.q3","","","","","","corroborated","WHE and Wikipedia describe Karnak at Luxor as a vast temple complex centered on the precinct of Amun-Re, the main place of worship of the Theban triad. (https://www.worldhistory.org/Karnak/ https://en.wikipedia.org/wiki/Karnak)",""
"fact.ancient_egypt.newkingdom_amun_hidden_blue","source.brit_amon","unverified","Amun’s name meant ‘the Hidden One,’ and his image was painted blue to show that he was invisible.","https://www.britannica.com/topic/Amon","L63 card.ancient_egypt.063.c2","L63 question.ancient_egypt.063.q1; L66 question.ancient_egypt.066.q3","","","","","","corroborated","Wikipedia: the name Amun meant something like the hidden one or invisible, and Amun was painted with blue skin. (https://en.wikipedia.org/wiki/Amun)","one-page weak-pages"
"fact.ancient_egypt.newkingdom_amun_theban_god","source.brit_akhenaten_religion","unverified","Amun was the god of Thebes.","https://www.britannica.com/biography/Akhenaten/Religion-of-the-Aton","L63 card.ancient_egypt.063.c3","L63 question.ancient_egypt.063.q2; L63 question.ancient_egypt.063.q3","","","","","","corroborated","University of Memphis Hypostyle project: Amun-Re headed the Theban Triad worshipped at Karnak. (https://www.memphis.edu/hypostyle/meaning_function/amun-re.php)","one-page"
"fact.ancient_egypt.newkingdom_amun_wealth_after_hyksos","source.brit_amon","unverified","After the Theban victory over the Hyksos and the creation of an empire, Amun’s standing and the wealth of his temples grew.","https://www.britannica.com/topic/Amon","L63 card.ancient_egypt.063.c3; L70 card.ancient_egypt.070.c3","L63 question.ancient_egypt.063.q2; L63 question.ancient_egypt.063.q3","","","","","","corroborated","WHE: New Kingdom pharaohs lavished attention on the Temple of Amun, whose high priests became richer than the pharaoh. (https://www.worldhistory.org/Karnak/)","one-page"
"fact.ancient_egypt.newkingdom_karnak_wealthiest","source.brit_amon","unverified","From the New Kingdom on, Amun’s temple at Karnak was among the largest and wealthiest in the land.","https://www.britannica.com/topic/Amon","L63 card.ancient_egypt.063.c3","L63 question.ancient_egypt.063.q2; L63 question.ancient_egypt.063.q3","","","","","","corroborated","WHE: by the end of the New Kingdom Karnak employed over 80,000 priests and its high priests were wealthier than the pharaoh. (https://www.worldhistory.org/Karnak/)","one-page"
"fact.ancient_egypt.newkingdom_karnak_hypostyle","source.brit_karnak","unverified","Karnak’s Great Hypostyle Hall, called one of the wonders of antiquity, has 134 columns holding up its roof.","https://www.britannica.com/place/Karnak","L63 card.ancient_egypt.063.c4","","","","","","","corroborated","WHE: the hall is supported by 134 columns. (https://www.worldhistory.org/Karnak/)","one-page"
"fact.ancient_egypt.newkingdom_valley_thutmose_i_first","source.brit_thutmose_i","unverified","Thutmose I is thought to have been the first king to cut his tomb in the Valley of the Kings at Thebes, probably for greater security.","https://www.britannica.com/biography/Thutmose-I","L64 card.ancient_egypt.064.c2","L64 question.ancient_egypt.064.q1; L64 question.ancient_egypt.064.q2; L64 question.ancient_egypt.064.q3","","","","","","corroborated","Wikipedia (KV20, Thutmose I): Thutmose I was arguably the first king buried in the valley, and KV20 was probably its first royal tomb. (https://en.wikipedia.org/wiki/KV20 https://en.wikipedia.org/wiki/Thutmose_I)","weak-pages"
"fact.ancient_egypt.newkingdom_valley_thutmose_i_first","source.brit_valley_kings","unverified","Thutmose I is thought to have been the first king to cut his tomb in the Valley of the Kings at Thebes, probably for greater security.","https://www.britannica.com/place/Valley-of-the-Kings","L64 card.ancient_egypt.064.c2","L64 question.ancient_egypt.064.q1; L64 question.ancient_egypt.064.q2; L64 question.ancient_egypt.064.q3","","","","","","corroborated","Wikipedia (KV20, Thutmose I): Thutmose I was arguably the first king buried in the valley, and KV20 was probably its first royal tomb. (https://en.wikipedia.org/wiki/KV20 https://en.wikipedia.org/wiki/Thutmose_I)","weak-pages"
"fact.ancient_egypt.newkingdom_valley_hidden_burials","source.brit_valley_kings","unverified","Fearing for the safety of their rich burials, kings of the 18th, 19th and 20th Dynasties hid their rock-cut tombs in the Valley of the Kings, a narrow valley in the western hills at Thebes.","https://www.britannica.com/place/Valley-of-the-Kings","L64 card.ancient_egypt.064.c1; L64 card.ancient_egypt.064.c2; L70 card.ancient_egypt.070.c3","L64 question.ancient_egypt.064.q1; L64 question.ancient_egypt.064.q2; L64 question.ancient_egypt.064.q3","","","","","","corroborated","Theban Mapping Project and other guides: New Kingdom pharaohs chose hidden rock-cut tombs on the west bank opposite Luxor instead of pyramids; the valley was easily guarded. (https://thebanmappingproject.com/valley-kings https://en.wikipedia.org/wiki/Valley_of_the_Kings)",""
"fact.ancient_egypt.newkingdom_valley_qurn","source.tmp_valley_kings","unverified","Above the Valley of the Kings rises a peak called the Qurn, whose shape may have reminded Egyptians of a pyramid.","https://thebanmappingproject.com/valley-kings","L64 card.ancient_egypt.064.c3","","","","","","","corroborated","Wikipedia (El Qurn): the pyramid-shaped peak is considered a reason kings were buried beneath it, echoing the Old Kingdom pyramids. (https://en.wikipedia.org/wiki/El_Qurn)","one-page weak-pages unopened-source"
"fact.ancient_egypt.newkingdom_valley_temples_apart","source.tmp_valley_kings","unverified","New Kingdom kings’ mortuary temples were built separately, at the edge of the farmland, away from their hidden tombs.","https://thebanmappingproject.com/valley-kings","L64 card.ancient_egypt.064.c3","","","","","","","corroborated","Wikipedia (El Qurn) and a landscape study: the Temples of Millions of Years were built at the border of the cultivated land, since the tomb itself was hidden. (https://en.wikipedia.org/wiki/El_Qurn https://arxiv.org/pdf/1104.1785)","unopened-source"
"fact.ancient_egypt.newkingdom_valley_temples_apart","source.brit_mortuary_temple","unverified","New Kingdom kings’ mortuary temples were built separately, at the edge of the farmland, away from their hidden tombs.","https://www.britannica.com/topic/mortuary-temple","L64 card.ancient_egypt.064.c3","","","","","","","corroborated","Wikipedia (El Qurn) and a landscape study: the Temples of Millions of Years were built at the border of the cultivated land, since the tomb itself was hidden. (https://en.wikipedia.org/wiki/El_Qurn https://arxiv.org/pdf/1104.1785)",""
"fact.ancient_egypt.newkingdom_valley_tomb_design","source.brit_valley_kings","unverified","A typical tomb in the Valley of the Kings was a corridor descending into the rock, interrupted by deep shafts (perhaps to stop robbers or to catch floodwater), leading to a burial chamber.","https://www.britannica.com/place/Valley-of-the-Kings","L64 card.ancient_egypt.064.c4","L64 question.ancient_egypt.064.q2; L70 question.ancient_egypt.070.q4","","","","","","corroborated","Wikipedia (Valley of the Kings, KV tombs): tombs descend through corridors to a well shaft, which served to protect against robbers or to collect floodwaters. (https://en.wikipedia.org/wiki/Valley_of_the_Kings)","one-page weak-pages"
"fact.ancient_egypt.newkingdom_valley_tombs_robbed","source.brit_valley_kings","unverified","Virtually all the tombs in the Valley of the Kings were emptied in ancient times; Tutankhamun’s is the famous one that escaped pillage.","https://www.britannica.com/place/Valley-of-the-Kings","L64 card.ancient_egypt.064.c4","L64 question.ancient_egypt.064.q2; L70 question.ancient_egypt.070.q4","","","","","","corroborated","Wikipedia: nearly all the tombs were robbed in antiquity; Tutankhamun's tomb was found largely intact in 1922. (https://en.wikipedia.org/wiki/Valley_of_the_Kings)","one-page weak-pages"
"fact.ancient_egypt.newkingdom_needle_thutmose_iii","source.met_cleopatras_needle","unverified","The obelisks called Cleopatra’s Needles, in New York’s Central Park and in London, were first set up by Thutmose III before the sun temple at Heliopolis and have nothing to do with Cleopatra.","https://www.metmuseum.org/press-releases/cleopatras-needle-2013-exhibitions","L65 card.ancient_egypt.065.c1","","","","","","","corroborated","Central Park Conservancy and NYC Parks: the Central Park obelisk is Thutmose III's, one of a pair from Heliopolis, and is unrelated to Cleopatra. (https://www.centralparknyc.org/locations/obelisk https://www.nycgovparks.org/parks/central-park/monuments/1129)","unopened-source"
"fact.ancient_egypt.newkingdom_thutmose_iii_reign","source.oup_oxford_history_egypt","unverified","In the Oxford History’s chronology, Thutmose III reigned about 1479 to 1425 BCE.","https://global.oup.com/academic/product/the-oxford-history-of-ancient-egypt-9780192804587","L65 card.ancient_egypt.065.c2; L70 card.ancient_egypt.070.c2","","","","","","","corroborated","Oxford History full text: the reigns of Thutmose III 1479-1425 bc; Britannica gives c. 1479 to 1425 BCE. (https://archive.org/stream/TheOxfordHistoryOfAncient/The+Oxford+History+of+Ancient_djvu.txt https://www.britannica.com/biography/Thutmose-III)",""
"fact.ancient_egypt.newkingdom_thutmose_iii_before_cleopatra","source.oup_oxford_history_egypt","unverified","Thutmose III reigned about 1,400 years before Cleopatra, who died in 30 BCE.","https://global.oup.com/academic/product/the-oxford-history-of-ancient-egypt-9780192804587","L65 card.ancient_egypt.065.c1","","","","","","","corroborated","Arithmetic: reign c. 1479 to 1425 BCE (Met, Britannica) against Cleopatra's death in 30 BCE gives about 1,400 to 1,450 years. (https://www.britannica.com/biography/Thutmose-III https://www.centralparknyc.org/locations/obelisk)",""
"fact.ancient_egypt.newkingdom_thutmose_iii_before_cleopatra","source.brit_cleopatra","unverified","Thutmose III reigned about 1,400 years before Cleopatra, who died in 30 BCE.","https://www.britannica.com/biography/Cleopatra-queen-of-Egypt","L65 card.ancient_egypt.065.c1","","","","","","","corroborated","Arithmetic: reign c. 1479 to 1425 BCE (Met, Britannica) against Cleopatra's death in 30 BCE gives about 1,400 to 1,450 years. (https://www.britannica.com/biography/Thutmose-III https://www.centralparknyc.org/locations/obelisk)",""
"fact.ancient_egypt.newkingdom_thutmose_iii_hatshepsut","source.brit_thutmose_iii","unverified","Thutmose III became king as a boy, and Hatshepsut ruled as king beside him until her death in his 22nd year.","https://www.britannica.com/biography/Thutmose-III","L65 card.ancient_egypt.065.c2","","","","","","","corroborated","WHE Thutmose III and the Oxford History: Hatshepsut acted as regent and then co-ruler until her death, after which Thutmose III ruled alone. (https://www.worldhistory.org/Thutmose_III/ https://archive.org/stream/TheOxfordHistoryOfAncient/The+Oxford+History+of+Ancient_djvu.txt)",""
"fact.ancient_egypt.newkingdom_thutmose_iii_first_campaign","source.oup_oxford_history_egypt","unverified","Almost as soon as his sole rule began, Thutmose III set out on a campaign into the Levant.","https://global.oup.com/academic/product/the-oxford-history-of-ancient-egypt-9780192804587","L65 card.ancient_egypt.065.c2","","","","","","","corroborated","Britannica: after Hatshepsut's death Thutmose III marched against a coalition in Syria-Palestine, leading to Megiddo. (https://www.britannica.com/biography/Thutmose-III)","one-page"
"fact.ancient_egypt.newkingdom_megiddo_pass","source.brit_thutmose_iii","unverified","At Megiddo, Thutmose III rejected the safer routes and led his army along a narrow path over the mountain, surprising the enemy.","https://www.britannica.com/biography/Thutmose-III","L65 card.ancient_egypt.065.c3; L70 card.ancient_egypt.070.c2","L65 question.ancient_egypt.065.q1; L65 question.ancient_egypt.065.q3","","","","","","corroborated","WHE and Wikipedia: against his officers' advice he took the narrow Aruna pass and surprised the coalition at Megiddo. (https://www.worldhistory.org/article/1101/thutmose-iii-at-the-battle-of-megiddo/ https://en.wikipedia.org/wiki/Battle_of_Megiddo_(15th_century_BC))",""
"fact.ancient_egypt.newkingdom_megiddo_siege_spoils","source.oup_oxford_history_egypt","unverified","Megiddo fell after a siege of several months (sources give seven or eight), and the spoils included hundreds of chariots and more than 2,000 horses.","https://global.oup.com/academic/product/the-oxford-history-of-ancient-egypt-9780192804587","L65 card.ancient_egypt.065.c3","L65 question.ancient_egypt.065.q1; L65 question.ancient_egypt.065.q3","","","","","","corroborated","Wikipedia (Annals of Thutmose III): the spoils listed include 924 chariots and 2,041 mares; accounts give a seven-month siege. (https://en.wikipedia.org/wiki/Battle_of_Megiddo_(15th_century_BC) https://en.wikipedia.org/wiki/Annals_of_Thutmose_III)","weak-pages"
"fact.ancient_egypt.newkingdom_megiddo_siege_spoils","source.brit_thutmose_iii","unverified","Megiddo fell after a siege of several months (sources give seven or eight), and the spoils included hundreds of chariots and more than 2,000 horses.","https://www.britannica.com/biography/Thutmose-III","L65 card.ancient_egypt.065.c3","L65 question.ancient_egypt.065.q1; L65 question.ancient_egypt.065.q3","","","","","","corroborated","Wikipedia (Annals of Thutmose III): the spoils listed include 924 chariots and 2,041 mares; accounts give a seven-month siege. (https://en.wikipedia.org/wiki/Battle_of_Megiddo_(15th_century_BC) https://en.wikipedia.org/wiki/Annals_of_Thutmose_III)","weak-pages"
"fact.ancient_egypt.newkingdom_thutmose_iii_campaigns","source.brit_thutmose_iii","unverified","Thutmose III led 17 military campaigns in all.","https://www.britannica.com/biography/Thutmose-III","L65 card.ancient_egypt.065.c4","L65 question.ancient_egypt.065.q2","","","","","","corroborated","WHE: Thutmose III led 17 successful military campaigns in 20 years. (https://www.worldhistory.org/Thutmose_III/)","one-page"
"fact.ancient_egypt.newkingdom_thutmose_iii_princes","source.brit_thutmose_iii","unverified","The sons of conquered rulers were sent to Egypt as hostages and educated at court, so they could later go home to rule with Egyptian outlooks and sympathies.","https://www.britannica.com/biography/Thutmose-III","L65 card.ancient_egypt.065.c4","L65 question.ancient_egypt.065.q2","","","","","","corroborated","Oxford History text: the king sent the children of the city rulers back to Egypt to be Egyptianized; EBSCO Research Starters says the same. (https://archive.org/stream/TheOxfordHistoryOfAncient/The+Oxford+History+of+Ancient_djvu.txt https://www.ebsco.com/research-starters/history/thutmose-iii/)",""
"fact.ancient_egypt.newkingdom_thutmose_iii_princes","source.oup_oxford_history_egypt","unverified","The sons of conquered rulers were sent to Egypt as hostages and educated at court, so they could later go home to rule with Egyptian outlooks and sympathies.","https://global.oup.com/academic/product/the-oxford-history-of-ancient-egypt-9780192804587","L65 card.ancient_egypt.065.c4","L65 question.ancient_egypt.065.q2","","","","","","corroborated","Oxford History text: the king sent the children of the city rulers back to Egypt to be Egyptianized; EBSCO Research Starters says the same. (https://archive.org/stream/TheOxfordHistoryOfAncient/The+Oxford+History+of+Ancient_djvu.txt https://www.ebsco.com/research-starters/history/thutmose-iii/)",""
"fact.ancient_egypt.newkingdom_thutmose_iii_annals","source.brit_thutmose_iii","unverified","Thutmose III had the record of his campaigns carved on the walls of the temple of Amun at Karnak.","https://www.britannica.com/biography/Thutmose-III","L65 card.ancient_egypt.065.c4","L65 question.ancient_egypt.065.q2","","","","","","corroborated","WHE: he ordered his victories inscribed at the Temple of Amun at Karnak; Wikipedia: the Annals are on the walls around the sanctuary at Karnak. (https://www.worldhistory.org/Thutmose_III/ https://en.wikipedia.org/wiki/Annals_of_Thutmose_III)",""
"fact.ancient_egypt.newkingdom_akhenaten_reign","source.oup_oxford_history_egypt","unverified","In the Oxford History’s chronology, Amenhotep IV, later called Akhenaten, reigned about 1352 to 1336 BCE.","https://global.oup.com/academic/product/the-oxford-history-of-ancient-egypt-9780192804587","L66 card.ancient_egypt.066.c2; L70 card.ancient_egypt.070.c2","L66 question.ancient_egypt.066.q1","","","","","","corroborated","Oxford History full text: Amenhotep IV/Akhenaten (1352-1336 bc); Britannica gives c. 1353 to 1336 BCE. (https://archive.org/stream/TheOxfordHistoryOfAncient/The+Oxford+History+of+Ancient_djvu.txt https://www.britannica.com/biography/Akhenaten)",""
"fact.ancient_egypt.newkingdom_aten_elevated","source.brit_akhenaten","unverified","Akhenaten raised the cult of the Aten, the sun’s disc, above the worship of most other gods, including Amun.","https://www.britannica.com/biography/Akhenaten","L66 card.ancient_egypt.066.c1; L66 card.ancient_egypt.066.c2; L70 card.ancient_egypt.070.c2","L66 question.ancient_egypt.066.q1","","","","","","corroborated","WHE New Kingdom: Akhenaten abolished the old religion, especially the cult of Amun, and elevated the Aten. (https://www.worldhistory.org/New_Kingdom_of_Egypt/)","one-page"
"fact.ancient_egypt.newkingdom_aten_sun_disc","source.brit_akhenaten","unverified","The Aten was not shown in human form but as the disc of the sun itself, bathing the king in its rays.","https://www.britannica.com/biography/Akhenaten","L66 card.ancient_egypt.066.c2","L66 question.ancient_egypt.066.q1","","","","","","corroborated","Wikipedia (Aten): the Aten is depicted as a sun disc with rays ending in hands, not in human form. (https://en.wikipedia.org/wiki/Aten)","one-page weak-pages"
"fact.ancient_egypt.newkingdom_aten_sun_disc","source.brit_akhenaten_religion","unverified","The Aten was not shown in human form but as the disc of the sun itself, bathing the king in its rays.","https://www.britannica.com/biography/Akhenaten/Religion-of-the-Aton","L66 card.ancient_egypt.066.c2","L66 question.ancient_egypt.066.q1","","","","","","corroborated","Wikipedia (Aten): the Aten is depicted as a sun disc with rays ending in hands, not in human form. (https://en.wikipedia.org/wiki/Aten)","one-page weak-pages"
"fact.ancient_egypt.newkingdom_akhenaten_name","source.brit_akhenaten","unverified","Amenhotep IV changed his name to Akhenaten, meaning ‘beneficial to the Aten.’","https://www.britannica.com/biography/Akhenaten","L66 card.ancient_egypt.066.c2","L66 question.ancient_egypt.066.q1","","","","","","corroborated","Wikipedia (Akhenaten): born Amenhotep IV, he took the name Akhenaten, usually translated effective for the Aten. (https://en.wikipedia.org/wiki/Akhenaten)","one-page weak-pages"
"fact.ancient_egypt.newkingdom_akhetaten_founded","source.brit_tell_el_amarna","unverified","Akhenaten built a new capital on an empty site on the east bank of the Nile: Akhetaten, ‘Horizon of the Aten,’ known today as Amarna.","https://www.britannica.com/place/Tell-el-Amarna","L66 card.ancient_egypt.066.c1; L66 card.ancient_egypt.066.c3; L69 card.ancient_egypt.069.c1; L70 card.ancient_egypt.070.c3","L66 question.ancient_egypt.066.q3; L67 question.ancient_egypt.067.q3; L70 question.ancient_egypt.070.q3; L70 question.ancient_egypt.070.q5","","","","","","corroborated","Wikipedia (Amarna): Akhetaten, the Horizon of the Aten, was the capital built by Akhenaten, known today as Amarna. (https://en.wikipedia.org/wiki/Amarna http://www.griffith.ox.ac.uk/gri/9akhetat.html)",""
"fact.ancient_egypt.newkingdom_amun_erased","source.brit_akhenaten_religion","unverified","From his fifth year as king, Akhenaten set out to erase Amun’s name and image from monuments, causing widespread destruction in many temples.","https://www.britannica.com/biography/Akhenaten/Religion-of-the-Aton","L66 card.ancient_egypt.066.c3","L66 question.ancient_egypt.066.q3; L67 question.ancient_egypt.067.q3; L70 question.ancient_egypt.070.q5","","","","","","corroborated","WHE New Kingdom and Amarna Period articles: Akhenaten abolished the cult of Amun and closed the temples of the old gods. (https://www.worldhistory.org/New_Kingdom_of_Egypt/ https://www.worldhistory.org/Amarna_Period_of_Egypt/)",""
"fact.ancient_egypt.newkingdom_akhenaten_monotheism_debate","source.brit_akhenaten","unverified","Early Egyptologists called Akhenaten the world’s first monotheist; many scholars now describe his religion as monolatry, the worship of one god in preference to all others, and note it drew on other gods, so the question is still debated.","https://www.britannica.com/biography/Akhenaten","L66 card.ancient_egypt.066.c1; L66 card.ancient_egypt.066.c4","L66 question.ancient_egypt.066.q2","","","","","","corroborated","WHE describes the Aten as elevated to the one true god, while Britannica calls the religion monolatry: the sources themselves show the disagreement. (https://www.worldhistory.org/New_Kingdom_of_Egypt/ https://www.britannica.com/biography/Akhenaten/Religion-of-the-Aton)",""
"fact.ancient_egypt.newkingdom_akhenaten_monotheism_debate","source.brit_akhenaten_religion","unverified","Early Egyptologists called Akhenaten the world’s first monotheist; many scholars now describe his religion as monolatry, the worship of one god in preference to all others, and note it drew on other gods, so the question is still debated.","https://www.britannica.com/biography/Akhenaten/Religion-of-the-Aton","L66 card.ancient_egypt.066.c1; L66 card.ancient_egypt.066.c4","L66 question.ancient_egypt.066.q2","","","","","","corroborated","WHE describes the Aten as elevated to the one true god, while Britannica calls the religion monolatry: the sources themselves show the disagreement. (https://www.worldhistory.org/New_Kingdom_of_Egypt/ https://www.britannica.com/biography/Akhenaten/Religion-of-the-Aton)",""
"fact.ancient_egypt.newkingdom_akhetaten_abandoned","source.brit_tell_el_amarna","unverified","About four years after Akhenaten’s death, the court returned to Thebes and Akhetaten was abandoned.","https://www.britannica.com/place/Tell-el-Amarna","L66 card.ancient_egypt.066.c5","L70 question.ancient_egypt.070.q3","","","","","","corroborated","Wikipedia (Amarna): the city was abandoned shortly after Akhenaten's death; Britannica's Akhenaten article notes it was abandoned by Tutankhamun's third year. (https://en.wikipedia.org/wiki/Amarna https://www.britannica.com/biography/Akhenaten/Religion-of-the-Aton)",""
"fact.ancient_egypt.newkingdom_amun_restored","source.brit_akhenaten","unverified","After Akhenaten, Amun was restored as king of the gods, and the Aten religion quickly disappeared.","https://www.britannica.com/biography/Akhenaten","L66 card.ancient_egypt.066.c5; L70 card.ancient_egypt.070.c3","L70 question.ancient_egypt.070.q3","","","","","","corroborated","Britannica Kids and WHE: after Akhenaten's death the old gods were reestablished, Amun restored, and his new city abandoned. (https://kids.britannica.com/students/article/Akhenaten/275034 https://www.worldhistory.org/Amarna_Period_of_Egypt/)",""
"fact.ancient_egypt.newkingdom_nefertiti_beside_king","source.brit_nefertiti","unverified","Nefertiti, Akhenaten’s queen, worshipped the Aten alongside him and was shown at the same scale as the king in religious scenes.","https://www.britannica.com/biography/Nefertiti","L67 card.ancient_egypt.067.c2","","","","","","","corroborated","ARCE: Nefertiti appears prominently beside Akhenaten in Aten worship scenes, with an unusually prominent role for a queen. (https://arce.org/resource/nefertiti-egyptian-wife-mother-queen-and-icon/)","one-page"
"fact.ancient_egypt.newkingdom_nefertiti_smiting","source.arce_nefertiti","unverified","Some scenes show Nefertiti smiting Egypt’s enemies, a motif previously reserved for the pharaoh.","https://arce.org/resource/nefertiti-egyptian-wife-mother-queen-and-icon/","L67 card.ancient_egypt.067.c2","","","","","","","corroborated","Egypt Museum and published studies (Matić 2017) discuss Nefertiti smiting scenes as a royal motif otherwise shown for kings. (https://egypt-museum.com/nefertiti-smiting/ https://www.researchgate.net/publication/333076878_Her_striking_but_cold_beauty_Gender_and_violence_in_depictions_of_Queen_Nefertiti_smiting_the_enemies)",""
"fact.ancient_egypt.newkingdom_nefertiti_smiting","source.brit_nefertiti","unverified","Some scenes show Nefertiti smiting Egypt’s enemies, a motif previously reserved for the pharaoh.","https://www.britannica.com/biography/Nefertiti","L67 card.ancient_egypt.067.c2","","","","","","","corroborated","Egypt Museum and published studies (Matić 2017) discuss Nefertiti smiting scenes as a royal motif otherwise shown for kings. (https://egypt-museum.com/nefertiti-smiting/ https://www.researchgate.net/publication/333076878_Her_striking_but_cold_beauty_Gender_and_violence_in_depictions_of_Queen_Nefertiti_smiting_the_enemies)",""
"fact.ancient_egypt.newkingdom_nefertiti_name","source.brit_nefertiti","unverified","Nefertiti’s name is usually translated ‘a beautiful woman has come.’","https://www.britannica.com/biography/Nefertiti","L67 card.ancient_egypt.067.c2","","","","","","","corroborated","History.com and Wikipedia translate Nefertiti as the beautiful one has come / a beautiful woman has come. (https://www.history.com/articles/nefertiti)","one-page"
"fact.ancient_egypt.newkingdom_nefertiti_bust_found","source.smb_nefertiti_bust","unverified","On 6 December 1912, a German expedition led by Ludwig Borchardt found a painted limestone bust of Nefertiti in the workshop of the sculptor Thutmose at Amarna.","https://www.smb.museum/en/museums-institutions/aegyptisches-museum-und-papyrussammlung/collection-research/bust-of-nefertiti/discovery-and-partage/","L67 card.ancient_egypt.067.c3","L67 question.ancient_egypt.067.q1; L67 question.ancient_egypt.067.q3; L70 question.ancient_egypt.070.q5","","","","","","corroborated","Wikipedia and Archaeology Travel: unearthed 6 December 1912 by Borchardt's German team in Thutmose's workshop at Amarna; stucco-coated painted limestone. (https://en.wikipedia.org/wiki/Nefertiti_Bust https://archaeology-travel.com/artefacts/bust-of-nefertiti/)",""
"fact.ancient_egypt.newkingdom_nefertiti_bust_found","source.brit_nefertiti","unverified","On 6 December 1912, a German expedition led by Ludwig Borchardt found a painted limestone bust of Nefertiti in the workshop of the sculptor Thutmose at Amarna.","https://www.britannica.com/biography/Nefertiti","L67 card.ancient_egypt.067.c3","L67 question.ancient_egypt.067.q1; L67 question.ancient_egypt.067.q3; L70 question.ancient_egypt.070.q5","","","","","","corroborated","Wikipedia and Archaeology Travel: unearthed 6 December 1912 by Borchardt's German team in Thutmose's workshop at Amarna; stucco-coated painted limestone. (https://en.wikipedia.org/wiki/Nefertiti_Bust https://archaeology-travel.com/artefacts/bust-of-nefertiti/)",""
"fact.ancient_egypt.newkingdom_nefertiti_bust_berlin","source.smb_nefertiti_bust","unverified","Nefertiti’s bust is displayed in the Neues Museum in Berlin.","https://www.smb.museum/en/museums-institutions/aegyptisches-museum-und-papyrussammlung/collection-research/bust-of-nefertiti/discovery-and-partage/","L67 card.ancient_egypt.067.c3","L67 question.ancient_egypt.067.q1; L67 question.ancient_egypt.067.q3; L70 question.ancient_egypt.070.q5","","","","","","corroborated","Wikipedia: the bust is on display in the Neues Museum, Berlin. (https://en.wikipedia.org/wiki/Nefertiti_Bust)","one-page weak-pages"
"fact.ancient_egypt.newkingdom_nefertiti_bust_eye","source.smarthistory_nefertiti_bust","unverified","Only the bust’s right eye has an inlay; the empty left eye and its unfinished state suggest to many that it was a sculptor’s model kept in the workshop.","https://smarthistory.org/thutmose-model-bust-of-queen-nefertiti/","L67 card.ancient_egypt.067.c1; L67 card.ancient_egypt.067.c3","L67 question.ancient_egypt.067.q1; L67 question.ancient_egypt.067.q3; L70 question.ancient_egypt.070.q5","","","","","","corroborated","Wikipedia (Nefertiti Bust): the left eye lacks the quartz inlay present in the right; it is thought to have been a model for other portraits. (https://en.wikipedia.org/wiki/Nefertiti_Bust)","one-page weak-pages unopened-source"
"fact.ancient_egypt.newkingdom_nefertiti_later_role","source.brit_nefertiti","unverified","Some scholars think Nefertiti ruled beside Akhenaten as co-regent, or even as king under another name; others disagree, and the evidence is not conclusive.","https://www.britannica.com/biography/Nefertiti","L67 card.ancient_egypt.067.c4","L67 question.ancient_egypt.067.q2","","","","","","corroborated","New World Encyclopedia and Wikipedia (Neferneferuaten) set out the co-regent theory and the scholars who argue against it. (https://www.newworldencyclopedia.org/entry/Nefertiti https://www.history.com/articles/nefertiti)",""
"fact.ancient_egypt.newkingdom_punt_goods","source.dartmouth_punt_baboons","unverified","From Punt, Egyptian expeditions brought back incense, gold, leopard skins and living baboons.","https://home.dartmouth.edu/news/2020/12/mummified-baboons-shine-new-light-lost-land-punt","L68 card.ancient_egypt.068.c1; L68 card.ancient_egypt.068.c2","L68 question.ancient_egypt.068.q1","","","","","","corroborated","eLife study and Wikipedia (Land of Punt): Punt supplied gold, aromatic resins such as myrrh, ebony, animal skins and live baboons. (https://elifesciences.org/articles/60860 https://en.wikipedia.org/wiki/Land_of_Punt)",""
"fact.ancient_egypt.newkingdom_punt_pepi_ii","source.brit_punt","unverified","Expeditions to Punt are recorded at least as early as the reign of Pepi II, about 2200 BCE.","https://www.britannica.com/place/Punt-historical-region-Africa","L68 card.ancient_egypt.068.c2","L68 question.ancient_egypt.068.q1","","","","","","corroborated","Wikipedia (Land of Punt): an expedition under Pepi II Neferkare about 2200 BC is historically verified. (https://en.wikipedia.org/wiki/Land_of_Punt)","one-page weak-pages"
"fact.ancient_egypt.newkingdom_punt_hatshepsut_record","source.brit_punt","unverified","Hatshepsut sent a famous expedition to Punt and had it recorded on the walls of her temple at Deir el-Bahri.","https://www.britannica.com/place/Punt-historical-region-Africa","L68 card.ancient_egypt.068.c2","L68 question.ancient_egypt.068.q1","","","","","","corroborated","Wikipedia (Land of Punt, Mortuary temple of Hatshepsut): the reliefs of her Punt expedition are at Deir el-Bahri. (https://en.wikipedia.org/wiki/Land_of_Punt https://en.wikipedia.org/wiki/Mortuary_temple_of_Hatshepsut)","weak-pages"
"fact.ancient_egypt.newkingdom_punt_ships_carried","source.bu_punt_ships","unverified","Excavations at Wadi Gawasis on the Red Sea show that Egyptians built ships by the Nile, took them apart, carried them across the desert and reassembled them on the coast for voyages to Punt.","https://www.bu.edu/articles/2011/digging-away-at-a-mystery/","L68 card.ancient_egypt.068.c3","L68 question.ancient_egypt.068.q3","","","","","","corroborated","Archaeology magazine and Wikipedia (Mersa Gawasis): ships were built on the Nile, disassembled and carried about 150 km across the desert from Qift, then reassembled at the harbor. (https://archive.archaeology.org/0907/underwater/egypt.html https://en.wikipedia.org/wiki/Mersa_Gawasis)",""
"fact.ancient_egypt.newkingdom_punt_wonders_boxes","source.bu_punt_ships","unverified","Caves at Wadi Gawasis held ship timbers, rope and cargo boxes inscribed ‘wonders of Punt,’ from roughly 4,000 years ago.","https://www.bu.edu/articles/2011/digging-away-at-a-mystery/","L68 card.ancient_egypt.068.c3","L68 question.ancient_egypt.068.q3","","","","","","corroborated","ISMEO (Italian mission at Mersa/Wadi Gawasis) and Wikipedia: two boxes with the cartouche of Amenemhat IV are labeled wonders of Punt, among rope, timbers and anchors. (https://www.ismeo.eu/portfolio_page/italian-archaeological-mission-at-mersa-wadi-gawasis/ https://en.wikipedia.org/wiki/Mersa_Gawasis)",""
"fact.ancient_egypt.newkingdom_punt_location_debate","source.dartmouth_punt_baboons","unverified","Punt lay somewhere in the southern Red Sea region, and scholars have debated its location for more than 150 years; the leading candidates include the Horn of Africa and southern Arabia.","https://home.dartmouth.edu/news/2020/12/mummified-baboons-shine-new-light-lost-land-punt","L68 card.ancient_egypt.068.c1; L68 card.ancient_egypt.068.c4","L68 question.ancient_egypt.068.q2; L68 question.ancient_egypt.068.q3","","","","","","corroborated","eLife study: comparison samples spanned eastern Africa and southern Arabia, every hypothesized location for Punt; Wikipedia summarizes the Horn of Africa majority view and the Arabian alternative. (https://elifesciences.org/articles/60860 https://en.wikipedia.org/wiki/Land_of_Punt)",""
"fact.ancient_egypt.newkingdom_punt_location_debate","source.brit_punt","unverified","Punt lay somewhere in the southern Red Sea region, and scholars have debated its location for more than 150 years; the leading candidates include the Horn of Africa and southern Arabia.","https://www.britannica.com/place/Punt-historical-region-Africa","L68 card.ancient_egypt.068.c1; L68 card.ancient_egypt.068.c4","L68 question.ancient_egypt.068.q2; L68 question.ancient_egypt.068.q3","","","","","","corroborated","eLife study: comparison samples spanned eastern Africa and southern Arabia, every hypothesized location for Punt; Wikipedia summarizes the Horn of Africa majority view and the Arabian alternative. (https://elifesciences.org/articles/60860 https://en.wikipedia.org/wiki/Land_of_Punt)",""
"fact.ancient_egypt.newkingdom_punt_baboon_isotopes","source.dartmouth_punt_baboons","unverified","Chemical (isotope) signatures in two New Kingdom baboon mummies suggest the animals most likely came from Eritrea, Ethiopia or Somalia; the researchers call the result provisional.","https://home.dartmouth.edu/news/2020/12/mummified-baboons-shine-new-light-lost-land-punt","L68 card.ancient_egypt.068.c4","L68 question.ancient_egypt.068.q2; L68 question.ancient_egypt.068.q3","","","","","","corroborated","ScienceDaily and eLife: the two New Kingdom P. hamadryas mummies were most likely from a location in Eritrea, Ethiopia or Somalia. (https://www.sciencedaily.com/releases/2020/12/201215082048.htm https://elifesciences.org/articles/60860)",""
"fact.ancient_egypt.newkingdom_amarna_letters_found","source.brit_tell_el_amarna","unverified","The Amarna Letters, clay tablets, were discovered by chance at Tell el-Amarna in 1887 by a local woman.","https://www.britannica.com/place/Tell-el-Amarna","L69 card.ancient_egypt.069.c1","L70 question.ancient_egypt.070.q5","","","","","","corroborated","WHE: the first letters were found in 1887; Wikipedia: first discovered around 1887 by local Egyptians. (https://www.worldhistory.org/Amarna_Letters/ https://en.wikipedia.org/wiki/Amarna_letters)",""
"fact.ancient_egypt.newkingdom_amarna_letters_count","source.natgeo_amarna_letters","unverified","There are 382 known Amarna tablets.","https://www.nationalgeographic.com/history/history-magazine/article/pharaohs-amarna-letters-expose-politics-3300-years-ago","L69 card.ancient_egypt.069.c2","L69 question.ancient_egypt.069.q1","","","","","","corroborated","WHE: there are 382 known tablets, numbered with the acronym EA. (https://www.worldhistory.org/Amarna_Letters/)","one-page"
"fact.ancient_egypt.newkingdom_amarna_letters_akkadian","source.met_amarna_letters_essay","unverified","The Amarna Letters are cuneiform tablets written mostly in Akkadian, the diplomatic language of the day.","https://www.metmuseum.org/essays/the-amarna-letters","L69 card.ancient_egypt.069.c2","L69 question.ancient_egypt.069.q1","","","","","","corroborated","Britannica: written in a form of Babylonian cuneiform; Wikipedia: mostly in Akkadian, the regional language of diplomacy for this period. (https://www.britannica.com/topic/Amarna-Letters https://en.wikipedia.org/wiki/Amarna_letters)","unopened-source"
"fact.ancient_egypt.newkingdom_amarna_letters_akkadian","source.natgeo_amarna_letters","unverified","The Amarna Letters are cuneiform tablets written mostly in Akkadian, the diplomatic language of the day.","https://www.nationalgeographic.com/history/history-magazine/article/pharaohs-amarna-letters-expose-politics-3300-years-ago","L69 card.ancient_egypt.069.c2","L69 question.ancient_egypt.069.q1","","","","","","corroborated","Britannica: written in a form of Babylonian cuneiform; Wikipedia: mostly in Akkadian, the regional language of diplomacy for this period. (https://www.britannica.com/topic/Amarna-Letters https://en.wikipedia.org/wiki/Amarna_letters)",""
"fact.ancient_egypt.newkingdom_amarna_letters_reigns","source.brit_amarna_letters","unverified","The Amarna Letters date to the reigns of Amenhotep III and Akhenaten.","https://www.britannica.com/topic/Amarna-Letters","L69 card.ancient_egypt.069.c2","L69 question.ancient_egypt.069.q1","","","","","","corroborated","WHE: the letters span the reigns of Amenhotep III, Akhenaten and possibly Smenkhkare or Tutankhamun. (https://www.worldhistory.org/Amarna_Letters/)","one-page"
"fact.ancient_egypt.newkingdom_amarna_letters_brothers","source.brit_amarna_letters","unverified","The great kings of Babylonia, Assyria, Mitanni and the Hittites wrote to the pharaoh as equals and called him ‘brother.’","https://www.britannica.com/topic/Amarna-Letters","L69 card.ancient_egypt.069.c3; L70 card.ancient_egypt.070.c3","L69 question.ancient_egypt.069.q2","","","","","","corroborated","WHE: the Great Powers (Babylon, Hatti, Egypt, Mitanni, Assyria) wrote to each other in a brotherly pattern, on terms of equality. (https://www.worldhistory.org/Amarna_Letters/)","one-page"
"fact.ancient_egypt.newkingdom_amarna_letters_brothers","source.natgeo_amarna_letters","unverified","The great kings of Babylonia, Assyria, Mitanni and the Hittites wrote to the pharaoh as equals and called him ‘brother.’","https://www.nationalgeographic.com/history/history-magazine/article/pharaohs-amarna-letters-expose-politics-3300-years-ago","L69 card.ancient_egypt.069.c3; L70 card.ancient_egypt.070.c3","L69 question.ancient_egypt.069.q2","","","","","","corroborated","WHE: the Great Powers (Babylon, Hatti, Egypt, Mitanni, Assyria) wrote to each other in a brotherly pattern, on terms of equality. (https://www.worldhistory.org/Amarna_Letters/)","one-page"
"fact.ancient_egypt.newkingdom_amarna_letters_gifts","source.brit_amarna_letters","unverified","Letters from the great kings are often preoccupied with the exchange of gifts and with royal marriages.","https://www.britannica.com/topic/Amarna-Letters","L69 card.ancient_egypt.069.c3","L69 question.ancient_egypt.069.q2","","","","","","corroborated","WHE and the Met: the letters negotiate diplomatic marriages, and Egyptian gold was exchanged for horses, copper and lapis lazuli. (https://www.worldhistory.org/Amarna_Letters/ https://www.metmuseum.org/essays/the-amarna-letters)",""
"fact.ancient_egypt.newkingdom_amarna_tushratta_statues","source.natgeo_amarna_letters","unverified","Tushratta, king of Mitanni, complained that gold statues he had been promised arrived as gold-plated wood.","https://www.nationalgeographic.com/history/history-magazine/article/pharaohs-amarna-letters-expose-politics-3300-years-ago","L69 card.ancient_egypt.069.c3","L69 question.ancient_egypt.069.q2","","","","","","corroborated","Wikipedia (Amarna letter EA 26/27) and summaries: Tushratta repeatedly complained that Akhenaten sent gold-plated statues instead of solid gold ones. (https://en.wikipedia.org/wiki/Amarna_letter_EA_26 https://en.wikipedia.org/wiki/Amarna_letter_EA_27)","weak-pages"
"fact.ancient_egypt.newkingdom_amarna_vassal_bowing","source.natgeo_amarna_letters","unverified","A vassal ruler of Gezer wrote to the pharaoh: ‘I fall at the feet of the king, my lord, my god, my Sun, seven times and seven times.’","https://www.nationalgeographic.com/history/history-magazine/article/pharaohs-amarna-letters-expose-politics-3300-years-ago","L69 card.ancient_egypt.069.c4","L69 question.ancient_egypt.069.q2; L69 question.ancient_egypt.069.q3","","","","","","corroborated","WHE quotes the same vassal formula from Rib-Hadda: I fall at the feet of my lord 7 times and 7 times. (https://www.worldhistory.org/Amarna_Letters/)","one-page"
"fact.ancient_egypt.newkingdom_amarna_vassal_complaints","source.brit_amarna_letters","unverified","Letters from vassal rulers in Syria and Canaan deal with local political and military troubles and often complain that the Egyptian court is not paying attention.","https://www.britannica.com/topic/Amarna-Letters","L69 card.ancient_egypt.069.c4","L69 question.ancient_egypt.069.q2; L69 question.ancient_egypt.069.q3","","","","","","corroborated","WHE and Wikipedia: vassal rulers such as Rib-Hadda of Byblos wrote repeated pleas to the pharaoh for help against local enemies. (https://www.worldhistory.org/Amarna_Letters/ https://en.wikipedia.org/wiki/Amarna_letters)",""
"fact.ancient_egypt.newkingdom_story_arc","source.brit_amon","unverified","In the New Kingdom, Theban kings drove out the Hyksos and built an empire, and Amun and his temples grew rich; then Akhenaten raised the Aten above Amun, a revolution that did not outlast him.","https://www.britannica.com/topic/Amon","L70 card.ancient_egypt.070.c1; L70 card.ancient_egypt.070.c3","L70 question.ancient_egypt.070.q3","","","","","","corroborated","WHE New Kingdom: Ahmose expelled the Hyksos, later pharaohs built an empire, Amun's priests grew richer than the pharaoh, and Akhenaten's Aten religion was abolished after him. (https://www.worldhistory.org/New_Kingdom_of_Egypt/)","one-page"
"fact.ancient_egypt.newkingdom_story_arc","source.brit_akhenaten","unverified","In the New Kingdom, Theban kings drove out the Hyksos and built an empire, and Amun and his temples grew rich; then Akhenaten raised the Aten above Amun, a revolution that did not outlast him.","https://www.britannica.com/biography/Akhenaten","L70 card.ancient_egypt.070.c1; L70 card.ancient_egypt.070.c3","L70 question.ancient_egypt.070.q3","","","","","","corroborated","WHE New Kingdom: Ahmose expelled the Hyksos, later pharaohs built an empire, Amun's priests grew richer than the pharaoh, and Akhenaten's Aten religion was abolished after him. (https://www.worldhistory.org/New_Kingdom_of_Egypt/)","one-page"
"fact.ancient_egypt.tutankhamun_reign","source.brit_tutankhamun","unverified","Tutankhamun reigned about 1333 to 1323 BCE, in the New Kingdom; he became king at about nine and died at about 19.","https://www.britannica.com/biography/Tutankhamun","L71 card.ancient_egypt.071.c2; L71 card.ancient_egypt.071.c3; L80 card.ancient_egypt.080.c2","L71 question.ancient_egypt.071.q3; L80 question.ancient_egypt.080.q3","","","","","","corroborated","Britannica: ruled c. 1333 to 1323 BCE, nine years of age when he ascended, died in his 19th year; History Hit and Live Science also give accession as a child and death at about 19. (https://www.historyhit.com/how-did-tutankhamun-die/ https://www.livescience.com/8369-killed-king-tut-evidence-sparks-debate.html)",""
"fact.ancient_egypt.tutankhamun_name_change","source.brit_tutankhamun","unverified","Tutankhamun was born Tutankhaten, a name including the Aten, Akhenaten’s god; as king he became Tutankhamun, a name including Amun.","https://www.britannica.com/biography/Tutankhamun","L71 card.ancient_egypt.071.c2; L78 card.ancient_egypt.078.c4","L71 question.ancient_egypt.071.q3","","","","","","corroborated","Britannica: Tutankhaten, as he was originally known, changed his name to Tutankhamun; the Aton was Akhenaten’s god. Wikipedia glosses the names as living image of Aten and of Amun. (https://en.wikipedia.org/wiki/Tutankhamun)","one-page weak-pages"
"fact.ancient_egypt.tutankhamun_restoration_decree","source.brit_tutankhamun","unverified","Under Tutankhamun, a decree restored the temples, images, priests and privileges of the old gods after Akhenaten’s reign.","https://www.britannica.com/biography/Tutankhamun","L71 card.ancient_egypt.071.c2; L78 card.ancient_egypt.078.c4","L71 question.ancient_egypt.071.q3","","","","","","corroborated","Britannica: he issued a decree restoring the temples, images, personnel and privileges of the old gods; Wikipedia describes the restoration stela reversing Akhenaten’s changes. (https://en.wikipedia.org/wiki/Tutankhamun)","one-page weak-pages"
"fact.ancient_egypt.tutankhamun_death_debated","source.brit_tutankhamun","unverified","How Tutankhamun died is debated: a 2010 study found malaria parasites and proposed malaria with bone disease, others point to a broken leg; neither is certain.","https://www.britannica.com/biography/Tutankhamun","L71 card.ancient_egypt.071.c3","L80 question.ancient_egypt.080.q3","","","","","","corroborated","Britannica reports the 2010 malaria and bone disease finding; History Hit concludes a broken leg and malaria are the most likely culprits but neither diagnosis is categorical; Live Science covers the dispute. (https://www.historyhit.com/how-did-tutankhamun-die/ https://www.livescience.com/8369-killed-king-tut-evidence-sparks-debate.html)",""
"fact.ancient_egypt.tutankhamun_tomb_escaped_robbers","source.brit_tutankhamun","unverified","Tutankhamun’s small tomb, hastily converted for him and later sheltered by rock chippings from a later tomb, was the only royal tomb in the valley to largely escape plundering.","https://www.britannica.com/biography/Tutankhamun","L71 card.ancient_egypt.071.c4","L71 question.ancient_egypt.071.q1; L71 question.ancient_egypt.071.q2; L72 question.ancient_egypt.072.q3; L79 question.ancient_egypt.079.q3","","","","","","corroborated","Britannica: only the little tomb of Tutankhamun, protected by rock chippings from a later Ramesside tomb, escaped pillage; a small tomb hastily converted for his use. Wikipedia: robbed twice soon after burial but the only known near-intact royal burial. (https://en.wikipedia.org/wiki/Tomb_of_Tutankhamun)","one-page weak-pages"
"fact.ancient_egypt.tutankhamun_tomb_escaped_robbers","source.brit_valley_of_the_kings","unverified","Tutankhamun’s small tomb, hastily converted for him and later sheltered by rock chippings from a later tomb, was the only royal tomb in the valley to largely escape plundering.","https://www.britannica.com/place/Valley-of-the-Kings","L71 card.ancient_egypt.071.c4","L71 question.ancient_egypt.071.q1; L71 question.ancient_egypt.071.q2; L72 question.ancient_egypt.072.q3; L79 question.ancient_egypt.079.q3","","","","","","corroborated","Britannica: only the little tomb of Tutankhamun, protected by rock chippings from a later Ramesside tomb, escaped pillage; a small tomb hastily converted for his use. Wikipedia: robbed twice soon after burial but the only known near-intact royal burial. (https://en.wikipedia.org/wiki/Tomb_of_Tutankhamun)","one-page weak-pages"
"fact.ancient_egypt.tutankhamun_gold_coffins_mask","source.brit_tutankhamun","unverified","Tutankhamun’s mummy lay in a nest of three coffins, the innermost of solid gold, and wore a golden portrait mask.","https://www.britannica.com/biography/Tutankhamun","L71 card.ancient_egypt.071.c4","L71 question.ancient_egypt.071.q1; L71 question.ancient_egypt.071.q2; L72 question.ancient_egypt.072.q3; L79 question.ancient_egypt.079.q3","","","","","","corroborated","Britannica: three coffins, the innermost of solid gold, and a magnificent golden portrait mask. Smarthistory and Wikipedia describe the solid gold innermost coffin (about 110 kg) and the gold mask. (https://smarthistory.org/tutankhamuns-tomb-innermost-coffin-and-death-mask/ https://en.wikipedia.org/wiki/Mask_of_Tutankhamun)",""
"fact.ancient_egypt.tutankhamun_objects_count","source.smithsonian_tut_objects","unverified","Tutankhamun’s tomb held more than 5,000 objects.","https://www.smithsonianmag.com/travel/grand-egyptian-museum-next-big-thing-180961333/","L71 card.ancient_egypt.071.c4","L71 question.ancient_egypt.071.q1; L71 question.ancient_egypt.071.q2; L72 question.ancient_egypt.072.q3; L79 question.ancient_egypt.079.q3","","","","","","corroborated","Grand Egyptian Museum coverage (NBC News, Artnet) reports more than 5,300 objects from the tomb, 5,398 items in total. (https://www.nbcnews.com/world/africa/egypt-ancient-pharaoh-tutankhamun-grand-museum-giza-pyramids-rcna240005 https://news.artnet.com/art-world/grand-egyptian-museum-king-tut-highlights-2706526)",""
"fact.ancient_egypt.tutankhamun_fame_from_tomb","source.brit_tutankhamun","unverified","But for his tomb, Tutankhamun has little claim to fame, yet he is better known than his longer-lived, better-documented predecessors and successors.","https://www.britannica.com/biography/Tutankhamun","L71 card.ancient_egypt.071.c1; L71 card.ancient_egypt.071.c4; L80 card.ancient_egypt.080.c3","L71 question.ancient_egypt.071.q1; L71 question.ancient_egypt.071.q2; L72 question.ancient_egypt.072.q3; L79 question.ancient_egypt.079.q3","","","","","","corroborated","Britannica says exactly this; ASOR’s Ancient Near East Today notes the common view of him as a minor king whose tomb made him famous. (https://anetoday.org/lacovara-decoding-tutankhamun/)","one-page"
"fact.ancient_egypt.ozymandias_poem","source.brit_ozymandias_poem","unverified","Shelley’s sonnet “Ozymandias,” published in 1818, is about a ruined statue of Ramesses II, whose boastful inscription stands amid empty desert.","https://www.britannica.com/topic/Ozymandias-poem","L72 card.ancient_egypt.072.c1; L78 card.ancient_egypt.078.c1","L78 question.ancient_egypt.078.q3","","","","","","corroborated","Britannica: Ozymandias is the Greek name for Ramses II; published January 11, 1818, in The Examiner; boastful inscription contrasted with empty surroundings. Wikipedia Ozymandias agrees on subject and 1818 publication. (https://en.wikipedia.org/wiki/Ozymandias)","one-page weak-pages"
"fact.ancient_egypt.ramesses_reign_66","source.brit_ramses_ii","unverified","Ramesses II, son of Seti I, reigned from 1279 to 1213 BCE, 66 years, one of the longest reigns in Egyptian history, and had more than 100 children, outliving many of them.","https://www.britannica.com/biography/Ramses-II-king-of-Egypt","L72 card.ancient_egypt.072.c2; L76 card.ancient_egypt.076.c2; L80 card.ancient_egypt.080.c2","L72 question.ancient_egypt.072.q1","","","","","","corroborated","Britannica: reigned 1279 to 1213 BCE, second longest (maybe longest) reign, over 100 children, father Seti I. National Geographic: 66 years on the throne, more than a hundred children. (https://www.nationalgeographic.com/culture/article/ramses-ii)","one-page"
"fact.ancient_egypt.ramesses_building_projects","source.brit_ramses_ii","unverified","Ramesses II’s building included the Ramesseum, the two temples at Abu Simbel, a new capital called Per-Ramessu, and work on Karnak’s Hypostyle Hall and at Abydos.","https://www.britannica.com/biography/Ramses-II-king-of-Egypt","L72 card.ancient_egypt.072.c3","L72 question.ancient_egypt.072.q3; L73 question.ancient_egypt.073.q3","","","","","","corroborated","Britannica lists the Hypostyle Hall at Karnak, the temple at Abydos, Abu Simbel, the Ramesseum and the new capital Per Ramessu. Wikipedia Ramesseum and Pi-Ramesses confirm. (https://en.wikipedia.org/wiki/Ramesseum https://en.wikipedia.org/wiki/Ramesses_II)","weak-pages"
"fact.ancient_egypt.ramesses_most_monuments","source.natgeo_ramses_ii","unverified","Ramesses II erected more monuments and statues than any other pharaoh.","https://www.nationalgeographic.com/culture/article/ramses-ii","L72 card.ancient_egypt.072.c3; L80 card.ancient_egypt.080.c3","L72 question.ancient_egypt.072.q3; L73 question.ancient_egypt.073.q3; L80 question.ancient_egypt.080.q4","","","","","","corroborated","National Geographic says he erected more monuments and statues than any other pharaoh; Facts and Details and other summaries repeat that he built more monuments than any other Egyptian king. (https://africame.factsanddetails.com/article/entry-1061.html)","one-page"
"fact.ancient_egypt.ramesses_usurped_statue","source.museoegizio_usurped_statue","unverified","A statue in Turin’s Museo Egizio, made for an earlier king, probably Amenhotep II, was recarved to look like Ramesses II and given his name on the belt.","https://collezioni.museoegizio.it/en-GB/material/Cat_1381","L72 card.ancient_egypt.072.c4","L72 question.ancient_egypt.072.q2","","","","","","corroborated","Museo Egizio object Cat. 1381: statue of Amenhotep II usurped by Ramesses II, recarved toward his official portrait, his name on the belt. Search results (DailyArt, Academia paper on Turin statues) describe Ramesses’ usurped statues. (https://www.dailyartmagazine.com/masterpiece-story-statue-ramesses-ii/ https://en.wikipedia.org/wiki/Ramesses_II)",""
"fact.ancient_egypt.younger_memnon_head","source.bm_younger_memnon","unverified","A 7.25-ton granite fragment of a Ramesses II statue from the Ramesseum, now in the British Museum, inspired Shelley’s “Ozymandias” as it was about to reach England in 1818.","https://www.britishmuseum.org/collection/galleries/egyptian-sculpture/colossal-statue-ramesses-ii","L72 card.ancient_egypt.072.c5","","","","","","","corroborated","British Museum text (on Google Arts & Culture): weighing 7.25 tons, from the Ramesseum, removed by Belzoni in 1816, its imminent arrival in England in 1818 inspired Shelley. Wikipedia Younger Memnon agrees. (https://artsandculture.google.com/asset/statue-of-ramesses-ii-the-younger-memnon/lQG69yeO93YAQA?hl=en https://en.wikipedia.org/wiki/Younger_Memnon)","unopened-source"
"fact.ancient_egypt.abu_simbel_sun_alignment","source.brit_abu_simbel","unverified","On about February 22 and October 22, the first rays of the morning sun run the length of Abu Simbel’s great temple and light its inner shrine.","https://www.britannica.com/place/Abu-Simbel","L73 card.ancient_egypt.073.c1","","","","","","","corroborated","Britannica gives about February 22 and October 22; Egypt tourism and Wikipedia describe the twice-yearly solar alignment lighting the sanctuary. (https://en.wikipedia.org/wiki/Abu_Simbel)","one-page weak-pages"
"fact.ancient_egypt.abu_simbel_two_temples","source.brit_abu_simbel","unverified","Ramesses II built two temples at Abu Simbel: a great temple to the sun gods Amon-Re and Re-Horakhte, and a smaller one for Nefertari and the goddess Hathor.","https://www.britannica.com/place/Abu-Simbel","L73 card.ancient_egypt.073.c2","L73 question.ancient_egypt.073.q1; L73 question.ancient_egypt.073.q3","","","","","","corroborated","Britannica: two temples built by Ramses II, the main one dedicated to Amon-Re and Re-Horakhte, the smaller to Nefertari for the worship of Hathor. National Geographic mentions the temples and colossi. (https://www.nationalgeographic.com/culture/article/ramses-ii https://en.wikipedia.org/wiki/Abu_Simbel)",""
"fact.ancient_egypt.abu_simbel_colossi","source.brit_abu_simbel","unverified","Four seated figures of Ramesses II, each 20 metres tall, flank the great temple’s entrance; the smaller temple has 10.5-metre statues of the king and queen.","https://www.britannica.com/place/Abu-Simbel","L73 card.ancient_egypt.073.c2","L73 question.ancient_egypt.073.q1; L73 question.ancient_egypt.073.q3","","","","","","corroborated","Britannica: 66-foot (20-metre) seated figures, two on either side of the entrance; 35-foot (10.5-metre) statues at the smaller temple. National Geographic: four 60-plus-foot seated statues. (https://www.nationalgeographic.com/culture/article/ramses-ii)","one-page"
"fact.ancient_egypt.abu_simbel_unesco_campaign","source.unesco_nubia_campaign","unverified","The Aswan High Dam’s reservoir threatened to flood Abu Simbel, and in 1960 UNESCO launched an international campaign to save the monuments of Nubia.","https://whc.unesco.org/en/activities/172/","L73 card.ancient_egypt.073.c3","L73 question.ancient_egypt.073.q2","","","","","","corroborated","UNESCO World Heritage Centre pages (activities/172, story of Abu Simbel): 1960 appeal for an International Campaign to Save the Monuments of Nubia, threatened by the High Dam; JSTOR Daily and Gulf News retell the rescue. (https://whc.unesco.org/en/story-abu-simbel/ https://daily.jstor.org/an-epic-face-lift-moving-abu-simbel-out-of-the-nile)",""
"fact.ancient_egypt.abu_simbel_unesco_campaign","source.brit_abu_simbel","unverified","The Aswan High Dam’s reservoir threatened to flood Abu Simbel, and in 1960 UNESCO launched an international campaign to save the monuments of Nubia.","https://www.britannica.com/place/Abu-Simbel","L73 card.ancient_egypt.073.c3","L73 question.ancient_egypt.073.q2","","","","","","corroborated","UNESCO World Heritage Centre pages (activities/172, story of Abu Simbel): 1960 appeal for an International Campaign to Save the Monuments of Nubia, threatened by the High Dam; JSTOR Daily and Gulf News retell the rescue. (https://whc.unesco.org/en/story-abu-simbel/ https://daily.jstor.org/an-epic-face-lift-moving-abu-simbel-out-of-the-nile)",""
"fact.ancient_egypt.abu_simbel_relocation","source.brit_abu_simbel","unverified","Between 1963 and 1968, with funds from more than 50 countries, both temples were cut into some 16,000 blocks and rebuilt more than 60 metres higher.","https://www.britannica.com/place/Abu-Simbel","L73 card.ancient_egypt.073.c1; L73 card.ancient_egypt.073.c4","L73 question.ancient_egypt.073.q2; L80 question.ancient_egypt.080.q2","","","","","","corroborated","Britannica: 1963 to 1968, funds from more than 50 countries, temples disassembled and rebuilt more than 200 feet (60 metres) above, some 16,000 blocks. Other accounts: 1964 to 1968, 65 metres higher, over 50 nations. (https://www.webuildvalue.com/en/stories-behind-projects/abu-simbel-how-the-temples-were-saved.html https://rarehistoricalphotos.com/abu-simbel-relocation-1964-1968/)",""
"fact.ancient_egypt.kadesh_date_place","source.brit_kadesh_battle","unverified","Around 1274 BCE (Britannica says 1275), Ramesses II fought the Hittites under King Muwatallis at Kadesh, on the Orontes River in Syria.","https://www.britannica.com/event/Battle-of-Kadesh","L74 card.ancient_egypt.074.c2; L80 card.ancient_egypt.080.c2","L74 question.ancient_egypt.074.q1","","","","","","corroborated","Britannica dates the battle 1275 BCE on the Orontes against Muwatallis; BAS and World History Encyclopedia give 1274 BCE. (https://www.worldhistory.org/article/78/the-battle-of-kadesh--the-first-peace-treaty/ https://en.wikipedia.org/wiki/Battle_of_Kadesh)",""
"fact.ancient_egypt.kadesh_date_place","source.bas_hittite_treaty","unverified","Around 1274 BCE (Britannica says 1275), Ramesses II fought the Hittites under King Muwatallis at Kadesh, on the Orontes River in Syria.","https://library.biblicalarchaeology.org/sidebar/good-peace-the-hittite-egyptian-treaty/","L74 card.ancient_egypt.074.c2; L80 card.ancient_egypt.080.c2","L74 question.ancient_egypt.074.q1","","","","","","corroborated","Britannica dates the battle 1275 BCE on the Orontes against Muwatallis; BAS and World History Encyclopedia give 1274 BCE. (https://www.worldhistory.org/article/78/the-battle-of-kadesh--the-first-peace-treaty/ https://en.wikipedia.org/wiki/Battle_of_Kadesh)",""
"fact.ancient_egypt.kadesh_ambush","source.brit_kadesh_battle","unverified","At Kadesh, false Hittite deserters misled Ramesses, and a surprise Hittite attack scattered his army; it was one of the largest chariot battles ever fought.","https://www.britannica.com/event/Battle-of-Kadesh","L74 card.ancient_egypt.074.c2","L74 question.ancient_egypt.074.q1","","","","","","corroborated","Britannica: supposed deserters were agents; surprise assault scattered the Egyptians; among the largest chariot battles. Wikipedia Battle of Kadesh describes the spies and the chariot battle. (https://en.wikipedia.org/wiki/Battle_of_Kadesh)","one-page weak-pages"
"fact.ancient_egypt.kadesh_draw","source.brit_kadesh_battle","unverified","Ramesses regrouped and counterattacked, and Kadesh ended in an honorable draw: neither side won outright, and he did not take the city.","https://www.britannica.com/event/Battle-of-Kadesh","L74 card.ancient_egypt.074.c3; L80 card.ancient_egypt.080.c3","L74 question.ancient_egypt.074.q2; L74 question.ancient_egypt.074.q3; L80 question.ancient_egypt.080.q4","","","","","","corroborated","Britannica: an honorable draw, neither side achieved outright triumph, Ramses could not recapture Kadesh. World History Encyclopedia: today considered a draw for both sides. (https://www.worldhistory.org/article/78/the-battle-of-kadesh--the-first-peace-treaty/)","one-page"
"fact.ancient_egypt.kadesh_propaganda","source.natgeo_ramses_ii","unverified","Ramesses claimed Kadesh as a great victory, and his temple reliefs show him single-handedly defeating the enemy.","https://www.nationalgeographic.com/culture/article/ramses-ii","L74 card.ancient_egypt.074.c1; L74 card.ancient_egypt.074.c3; L80 card.ancient_egypt.080.c3","L74 question.ancient_egypt.074.q2; L74 question.ancient_egypt.074.q3; L80 question.ancient_egypt.080.q4","","","","","","corroborated","National Geographic: murals on temple walls depict him single-handedly defeating the aggressors. World History Encyclopedia: Ramesses claimed a great victory and had it recorded. (https://www.worldhistory.org/article/78/the-battle-of-kadesh--the-first-peace-treaty/)","one-page"
"fact.ancient_egypt.kadesh_treaty_oldest","source.natgeo_ramses_ii","unverified","Years after Kadesh, Ramesses II and the Hittite king Hattusili III made peace; theirs is the oldest known peace treaty whose text survives.","https://www.nationalgeographic.com/culture/article/ramses-ii","L74 card.ancient_egypt.074.c4","L74 question.ancient_egypt.074.q3","","","","","","corroborated","National Geographic: earliest peace accord whose text has survived; Britannica calls it the first known example; the UN gifts page names Hattusili III and Ramses. (https://www.un.org/ungifts/replica-peace-treaty-between-hattusilis-and-ramses-ii https://en.wikipedia.org/wiki/Egyptian%E2%80%93Hittite_peace_treaty)",""
"fact.ancient_egypt.kadesh_treaty_oldest","source.brit_kadesh_battle","unverified","Years after Kadesh, Ramesses II and the Hittite king Hattusili III made peace; theirs is the oldest known peace treaty whose text survives.","https://www.britannica.com/event/Battle-of-Kadesh","L74 card.ancient_egypt.074.c4","L74 question.ancient_egypt.074.q3","","","","","","corroborated","National Geographic: earliest peace accord whose text has survived; Britannica calls it the first known example; the UN gifts page names Hattusili III and Ramses. (https://www.un.org/ungifts/replica-peace-treaty-between-hattusilis-and-ramses-ii https://en.wikipedia.org/wiki/Egyptian%E2%80%93Hittite_peace_treaty)",""
"fact.ancient_egypt.kadesh_treaty_equals","source.brit_ramses_ii","unverified","The Egyptian-Hittite treaty was made as between equal great powers, and its promises were reciprocal.","https://www.britannica.com/biography/Ramses-II-king-of-Egypt","L74 card.ancient_egypt.074.c4","L74 question.ancient_egypt.074.q3","","","","","","corroborated","Britannica: concluded as between equal great powers, provisions reciprocal. UN gifts page lists mutual pledges of nonaggression and mutual help. (https://www.un.org/ungifts/replica-peace-treaty-between-hattusilis-and-ramses-ii)","one-page"
"fact.ancient_egypt.kadesh_treaty_copies","source.bas_hittite_treaty","unverified","Both versions of the treaty survive: the Egyptian one on temple walls at Karnak, the Hittite one on a clay tablet from their capital, Hattusa.","https://library.biblicalarchaeology.org/sidebar/good-peace-the-hittite-egyptian-treaty/","L74 card.ancient_egypt.074.c4","L74 question.ancient_egypt.074.q3","","","","","","corroborated","BAS: Egyptian version on the walls of the temple of Amun at Karnak, Hittite version a cuneiform tablet from Hattusa; UN: original clay tablet in the Istanbul Archaeological Museum. (https://en.wikipedia.org/wiki/Egyptian%E2%80%93Hittite_peace_treaty)","one-page weak-pages"
"fact.ancient_egypt.kadesh_treaty_copies","source.un_kadesh_treaty_replica","unverified","Both versions of the treaty survive: the Egyptian one on temple walls at Karnak, the Hittite one on a clay tablet from their capital, Hattusa.","https://www.un.org/ungifts/replica-peace-treaty-between-hattusilis-and-ramses-ii","L74 card.ancient_egypt.074.c4","L74 question.ancient_egypt.074.q3","","","","","","corroborated","BAS: Egyptian version on the walls of the temple of Amun at Karnak, Hittite version a cuneiform tablet from Hattusa; UN: original clay tablet in the Istanbul Archaeological Museum. (https://en.wikipedia.org/wiki/Egyptian%E2%80%93Hittite_peace_treaty)","one-page weak-pages"
"fact.ancient_egypt.kadesh_treaty_un_replica","source.un_kadesh_treaty_replica","unverified","A replica of the treaty hangs at UN Headquarters, near the Security Council Chamber.","https://www.un.org/ungifts/replica-peace-treaty-between-hattusilis-and-ramses-ii","L74 card.ancient_egypt.074.c4","L74 question.ancient_egypt.074.q3","","","","","","corroborated","UN gifts page: replica placed in the delegates corridor near the entrance of the Security Council Chamber; Wikipedia treaty page notes the UN replica. (https://en.wikipedia.org/wiki/Egyptian%E2%80%93Hittite_peace_treaty)","one-page weak-pages"
"fact.ancient_egypt.khufu_identity","source.brit_khufu","unverified","Khufu, called Cheops by the Greeks, was the second king of the 4th Dynasty, son and successor of King Sneferu, and built the Great Pyramid at Giza.","https://www.britannica.com/biography/Khufu","L75 card.ancient_egypt.075.c1; L75 card.ancient_egypt.075.c2; L80 card.ancient_egypt.080.c2","L75 question.ancient_egypt.075.q1; L75 question.ancient_egypt.075.q2; L75 question.ancient_egypt.075.q3; L80 question.ancient_egypt.080.q5","","","","","","corroborated","Britannica Khufu: second king of the 4th dynasty, Cheops, son and successor of Snefru; Britannica Great Pyramid: built by Khufu. Wikipedia Khufu agrees. (https://en.wikipedia.org/wiki/Khufu)","one-page weak-pages"
"fact.ancient_egypt.khufu_identity","source.brit_great_pyramid","unverified","Khufu, called Cheops by the Greeks, was the second king of the 4th Dynasty, son and successor of King Sneferu, and built the Great Pyramid at Giza.","https://www.britannica.com/topic/Great-Pyramid-of-Giza","L75 card.ancient_egypt.075.c1; L75 card.ancient_egypt.075.c2; L80 card.ancient_egypt.080.c2","L75 question.ancient_egypt.075.q1; L75 question.ancient_egypt.075.q2; L75 question.ancient_egypt.075.q3; L80 question.ancient_egypt.080.q5","","","","","","corroborated","Britannica Khufu: second king of the 4th dynasty, Cheops, son and successor of Snefru; Britannica Great Pyramid: built by Khufu. Wikipedia Khufu agrees. (https://en.wikipedia.org/wiki/Khufu)","one-page weak-pages"
"fact.ancient_egypt.khufu_few_sources","source.brit_khufu","unverified","Few written sources about Khufu’s life remain.","https://www.britannica.com/biography/Khufu","L75 card.ancient_egypt.075.c2; L80 card.ancient_egypt.080.c3","L75 question.ancient_egypt.075.q2; L75 question.ancient_egypt.075.q3","","","","","","corroborated","Britannica: although few written sources remain. Wikipedia Khufu notes that little is known of him beyond his pyramid and a few inscriptions. (https://en.wikipedia.org/wiki/Khufu)","one-page weak-pages"
"fact.ancient_egypt.khufu_ivory_statuette","source.egyptian_museum_khufu_statuette","unverified","The only known statue of Khufu bearing his name is an ivory statuette 7.5 cm tall, found by Flinders Petrie at Abydos in 1903, wearing the crown of Lower Egypt.","https://egyptianmuseumcairo.eg/artefacts/statuette-of-khufu/","L75 card.ancient_egypt.075.c1; L75 card.ancient_egypt.075.c3","L75 question.ancient_egypt.075.q1","","","","","","corroborated","Egyptian Museum Cairo: ivory, 7.5 cm, found in 1903 by Petrie at Abydos, crown of Lower Egypt, only known 3D representation; Abydos Archaeology: only surviving 3D image bearing his name. Wikipedia Khufu Statuette agrees. (https://en.wikipedia.org/wiki/Khufu_Statuette)","one-page weak-pages"
"fact.ancient_egypt.khufu_ivory_statuette","source.abydos_khufu_statuette","unverified","The only known statue of Khufu bearing his name is an ivory statuette 7.5 cm tall, found by Flinders Petrie at Abydos in 1903, wearing the crown of Lower Egypt.","https://abydos.org/blog/2019/5/17/happy-museum-day-king-khufu","L75 card.ancient_egypt.075.c1; L75 card.ancient_egypt.075.c3","L75 question.ancient_egypt.075.q1","","","","","","corroborated","Egyptian Museum Cairo: ivory, 7.5 cm, found in 1903 by Petrie at Abydos, crown of Lower Egypt, only known 3D representation; Abydos Archaeology: only surviving 3D image bearing his name. Wikipedia Khufu Statuette agrees. (https://en.wikipedia.org/wiki/Khufu_Statuette)","one-page weak-pages"
"fact.ancient_egypt.khufu_statuette_head_found","source.abydos_khufu_statuette","unverified","The statuette’s head was knocked off during the dig and lost for three weeks, until Petrie’s team found it by sifting the excavated dirt.","https://abydos.org/blog/2019/5/17/happy-museum-day-king-khufu","L75 card.ancient_egypt.075.c3","L75 question.ancient_egypt.075.q1","","","","","","corroborated","Abydos Archaeology: head accidentally knocked off, lost for three weeks, recovered by sifting the backdirt; Wikipedia Khufu Statuette: the head was found three weeks later. (https://en.wikipedia.org/wiki/Khufu_Statuette)","one-page weak-pages"
"fact.ancient_egypt.khufu_herodotus_reputation","source.brit_khufu","unverified","Herodotus, writing some 2,000 years after Khufu, called his and Khafre’s reigns 106 years of oppression, but in Egypt Khufu was remembered as a wise ruler.","https://www.britannica.com/biography/Khufu","L75 card.ancient_egypt.075.c4","","","","","","","corroborated","Britannica: Herodotus represented the reigns as 106 years of oppression and misery, belied by Khufu’s posthumous reputation in Egypt as a wise ruler. Ancient Egypt Online quotes Herodotus on Cheops’ misery; Khufu c. 2589 to 2566 BCE vs Herodotus 5th century BCE. (https://ancientegyptonline.co.uk/herodcheops/ https://egyptianmuseumcairo.eg/artefacts/statuette-of-khufu/)",""
"fact.ancient_egypt.seti_reign_family","source.brit_seti_i","unverified","Seti I, son of Ramesses I and father of Ramesses II, reigned about 1290 to 1279 BCE in the 19th Dynasty.","https://www.britannica.com/biography/Seti-I","L76 card.ancient_egypt.076.c2; L80 card.ancient_egypt.080.c2","L80 question.ancient_egypt.080.q1","","","","","","corroborated","Britannica: reigned c. 1290 to c. 1279 BCE, 19th dynasty, father Ramses I, son Ramses II. Soane Museum: Seti died 1279 BC and was father of Ramesses II. (https://www.soane.org/sarcophagus-seti-i)","one-page"
"fact.ancient_egypt.seti_campaigns","source.brit_seti_i","unverified","Seti I restored Egypt’s power abroad, fighting in Palestine and Syria and at least once against the Hittite king Muwatallis.","https://www.britannica.com/biography/Seti-I","L76 card.ancient_egypt.076.c2","L80 question.ancient_egypt.080.q1","","","","","","corroborated","Britannica: battled in northern Palestine and Syria and fought at least one battle with the Hittite king Muwatallis. Soane Museum: ruled when Egypt was an important military power. (https://www.soane.org/sarcophagus-seti-i https://en.wikipedia.org/wiki/Seti_I)",""
"fact.ancient_egypt.seti_better_ruler","source.brit_seti_i","unverified","Ramesses II became far more famous, but scholars often regard his father Seti I as the better ruler.","https://www.britannica.com/biography/Seti-I","L76 card.ancient_egypt.076.c1; L76 card.ancient_egypt.076.c2; L80 card.ancient_egypt.080.c3","L80 question.ancient_egypt.080.q1","","","","","","corroborated","Britannica says Seti is often regarded as the superior ruler of the dynasty though his son is more renowned; Wikipedia Seti I describes his reign as a high point of the 19th Dynasty. (https://en.wikipedia.org/wiki/Seti_I)","one-page weak-pages"
"fact.ancient_egypt.seti_abydos_reliefs","source.brit_seti_i","unverified","Seti I’s temple at Abydos has reliefs among the finest in any Egyptian temple, many still with their original color.","https://www.britannica.com/biography/Seti-I","L76 card.ancient_egypt.076.c1; L76 card.ancient_egypt.076.c3","L76 question.ancient_egypt.076.q1; L76 question.ancient_egypt.076.q3","","","","","","corroborated","Britannica: reliefs of great delicacy on which much of the original color remains; Rosicrucian Egyptian Museum: some of the finest and most detailed in any Egyptian temple. (https://en.wikipedia.org/wiki/Temple_of_Seti_I_(Abydos))","one-page weak-pages"
"fact.ancient_egypt.seti_abydos_reliefs","source.rosicrucian_seti_temple","unverified","Seti I’s temple at Abydos has reliefs among the finest in any Egyptian temple, many still with their original color.","https://egyptianmuseum.org/explore/new-kingdom-monuments-abydos-the-temple-of-seti","L76 card.ancient_egypt.076.c1; L76 card.ancient_egypt.076.c3","L76 question.ancient_egypt.076.q1; L76 question.ancient_egypt.076.q3","","","","","","corroborated","Britannica: reliefs of great delicacy on which much of the original color remains; Rosicrucian Egyptian Museum: some of the finest and most detailed in any Egyptian temple. (https://en.wikipedia.org/wiki/Temple_of_Seti_I_(Abydos))","one-page weak-pages"
"fact.ancient_egypt.abydos_king_list","source.rosicrucian_seti_temple","unverified","A wall in Seti I’s Abydos temple shows Seti and his son Ramesses honoring a list of 76 kings, from Menes to Seti himself.","https://egyptianmuseum.org/explore/new-kingdom-monuments-abydos-the-temple-of-seti","L76 card.ancient_egypt.076.c3","L76 question.ancient_egypt.076.q1; L76 question.ancient_egypt.076.q3","","","","","","corroborated","Rosicrucian Egyptian Museum: 76 pharaohs from Menes to Seti I; Wikipedia Abydos King List: Seti I and Ramesses II making an offering on behalf of their ancestors. (https://en.wikipedia.org/wiki/Abydos_King_List)","one-page weak-pages"
"fact.ancient_egypt.abydos_list_omissions","source.rosicrucian_seti_temple","unverified","The Abydos King List leaves out rulers such as Hatshepsut, Akhenaten and Tutankhamun.","https://egyptianmuseum.org/explore/new-kingdom-monuments-abydos-the-temple-of-seti","L76 card.ancient_egypt.076.c3","L76 question.ancient_egypt.076.q1; L76 question.ancient_egypt.076.q3","","","","","","corroborated","Rosicrucian Egyptian Museum: excluded Hatshepsut, Akhnaton, Smenkhkare, Tutankhamun and Ay; Wikipedia Abydos King List gives the same omissions. (https://en.wikipedia.org/wiki/Abydos_King_List)","one-page weak-pages"
"fact.ancient_egypt.seti_tomb_kv17","source.tmp_kv17_seti","unverified","Seti I’s tomb, KV17, is one of the longest in the Valley of the Kings and the first decorated with a complete program of religious texts.","https://thebanmappingproject.com/tombs/kv-17-sety-i","L76 card.ancient_egypt.076.c4","L76 question.ancient_egypt.076.q2","","","","","","corroborated","Theban Mapping Project: longest and deepest of the valley’s tombs, first decorated with a complete programme of religious texts; Madain Project and Wikipedia Tomb of Seti I (137 m) agree. (https://madainproject.com/kv17_(tomb_of_seti_i) https://en.wikipedia.org/wiki/Tomb_of_Seti_I)",""
"fact.ancient_egypt.seti_tomb_belzoni","source.tmp_kv17_seti","unverified","Giovanni Belzoni found Seti I’s tomb in 1817, with its wall paintings still looking fresh.","https://thebanmappingproject.com/tombs/kv-17-sety-i","L76 card.ancient_egypt.076.c4","L76 question.ancient_egypt.076.q2","","","","","","corroborated","Theban Mapping Project and Madain Project: discovered by Belzoni on 16 October 1817, paintings in excellent condition with paint still fresh; Soane Museum: discovered in 1817 by Belzoni. (https://madainproject.com/kv17_(tomb_of_seti_i) https://www.soane.org/sarcophagus-seti-i)",""
"fact.ancient_egypt.seti_sarcophagus_soane","source.soane_seti_sarcophagus","unverified","Seti I’s alabaster sarcophagus is now in Sir John Soane’s Museum in London.","https://www.soane.org/sarcophagus-seti-i","L76 card.ancient_egypt.076.c4","L76 question.ancient_egypt.076.q2","","","","","","corroborated","Soane Museum page: alabaster sarcophagus of Seti I in the Sepulchral Chamber; Wikipedia Sarcophagus of Seti I: sold to Soane in 1824. (https://en.wikipedia.org/wiki/Sarcophagus_of_Seti_I)","one-page weak-pages"
"fact.ancient_egypt.cleopatra_macedonian","source.brit_cleopatra","unverified","Cleopatra VII, born in 70 or 69 BCE, belonged to the Ptolemies, a royal family of Macedonian Greek descent.","https://www.britannica.com/biography/Cleopatra-queen-of-Egypt","L77 card.ancient_egypt.077.c2","L77 question.ancient_egypt.077.q1","","","","","","corroborated","Britannica: born 70/69 BCE, Macedonian descent, daughter of Ptolemy XII. Wikipedia Ethnicity of Cleopatra: paternal line Macedonian Greek. (https://en.wikipedia.org/wiki/Ethnicity_of_Cleopatra)","one-page weak-pages"
"fact.ancient_egypt.cleopatra_learned_egyptian","source.plutarch_antony_lacus","unverified","Plutarch says the kings of Egypt before Cleopatra had not even tried to learn Egyptian, but she did, and she seldom needed an interpreter.","https://penelope.uchicago.edu/Thayer/E/Roman/Texts/Plutarch/Lives/Antony*.html","L77 card.ancient_egypt.077.c1; L77 card.ancient_egypt.077.c2","L77 question.ancient_egypt.077.q1","","","","","","corroborated","Plutarch, Antony 27 (LacusCurtius): seldom needed an interpreter; earlier kings had not made an effort to learn the native language. Britannica quotes Plutarch: she alone of her house took the trouble to learn Egyptian. (https://www.britannica.com/biography/Cleopatra-queen-of-Egypt)","one-page"
"fact.ancient_egypt.cleopatra_learned_egyptian","source.brit_cleopatra","unverified","Plutarch says the kings of Egypt before Cleopatra had not even tried to learn Egyptian, but she did, and she seldom needed an interpreter.","https://www.britannica.com/biography/Cleopatra-queen-of-Egypt","L77 card.ancient_egypt.077.c1; L77 card.ancient_egypt.077.c2","L77 question.ancient_egypt.077.q1","","","","","","corroborated","Plutarch, Antony 27 (LacusCurtius): seldom needed an interpreter; earlier kings had not made an effort to learn the native language. Britannica quotes Plutarch: she alone of her house took the trouble to learn Egyptian. (https://www.britannica.com/biography/Cleopatra-queen-of-Egypt)","one-page"
"fact.ancient_egypt.cleopatra_new_isis","source.brit_cleopatra","unverified","For political reasons Cleopatra styled herself the new Isis.","https://www.britannica.com/biography/Cleopatra-queen-of-Egypt","L77 card.ancient_egypt.077.c2","L77 question.ancient_egypt.077.q1","","","","","","corroborated","Britannica: for political reasons she styled herself as the new Isis; Wikipedia Cleopatra describes her identification with Isis. (https://en.wikipedia.org/wiki/Cleopatra)","one-page weak-pages"
"fact.ancient_egypt.cleopatra_reign_caesar","source.brit_cleopatra","unverified","Cleopatra ruled from 51 to 30 BCE; forced out by her brother Ptolemy XIII, she regained power with Julius Caesar’s help and had a son by him, Caesarion.","https://www.britannica.com/biography/Cleopatra-queen-of-Egypt","L77 card.ancient_egypt.077.c3; L80 card.ancient_egypt.080.c2","L77 question.ancient_egypt.077.q3","","","","","","corroborated","Britannica: queen 51 to 30 BCE, co-ruled with Ptolemy XIII, exiled, restored with Caesar’s support, son Caesarion. Wikipedia Cleopatra agrees. (https://en.wikipedia.org/wiki/Cleopatra)","one-page weak-pages"
"fact.ancient_egypt.cleopatra_antony_actium","source.brit_cleopatra","unverified","Cleopatra later allied with Mark Antony; Octavian defeated them at the Battle of Actium in 31 BCE, and she died in 30 BCE.","https://www.britannica.com/biography/Cleopatra-queen-of-Egypt","L77 card.ancient_egypt.077.c3; L80 card.ancient_egypt.080.c3","L77 question.ancient_egypt.077.q3","","","","","","corroborated","Britannica: partnered with Antony, defeated by Octavian at Actium (31 BCE), died August 30 BCE. Wikipedia Battle of Actium confirms. (https://en.wikipedia.org/wiki/Battle_of_Actium)","one-page weak-pages"
"fact.ancient_egypt.cleopatra_death_uncertain","source.brit_cleopatra","unverified","Legend says Cleopatra killed herself with an asp’s bite, but how she died is uncertain.","https://www.britannica.com/biography/Cleopatra-queen-of-Egypt","L77 card.ancient_egypt.077.c3","L77 question.ancient_egypt.077.q3","","","","","","corroborated","Britannica: legend holds she used an asp; scholars debate this or poisoning. Wikipedia Death of Cleopatra: the manner of death is uncertain. (https://en.wikipedia.org/wiki/Death_of_Cleopatra)","one-page weak-pages"
"fact.ancient_egypt.cleopatra_coin_profile","source.artic_cleopatra_coin","unverified","A coin from Cleopatra’s alliance with Antony shows both with beaked noses and jutting chins, like her Ptolemaic ancestors; the paired faces advertised their partnership.","https://www.artic.edu/artworks/194522/tetradrachm-coin-portraying-queen-cleopatra-vii","L77 card.ancient_egypt.077.c4","L77 question.ancient_egypt.077.q2","","","","","","corroborated","Art Institute of Chicago catalogue (search extract): Cleopatra and Antony sport beaked noses and protruding chins familiar from the Ptolemaic founders; paired faces advertised the partnership. History Collection: coins show an aquiline nose and jutting chin she authorized. (https://publications.artic.edu/roman/api/epub/480/510/print_view https://historycollection.com/cleopatra-real-face-coins-appearance/)",""
"fact.ancient_egypt.cleopatra_mother_uncertain","source.brit_cleopatra","unverified","Cleopatra’s mother is not known for certain, so part of her ancestry is uncertain.","https://www.britannica.com/biography/Cleopatra-queen-of-Egypt","L77 card.ancient_egypt.077.c4","L77 question.ancient_egypt.077.q2","","","","","","corroborated","Britannica: daughter of Ptolemy XII and, most likely, Cleopatra V. Wikipedia Ethnicity of Cleopatra: her mother is not known with certainty. (https://en.wikipedia.org/wiki/Ethnicity_of_Cleopatra)","one-page weak-pages"
"fact.ancient_egypt.cleopatra_plutarch_beauty","source.plutarch_antony_lacus","unverified","Plutarch wrote that Cleopatra’s beauty was not in itself incomparable, but that her conversation had an irresistible charm.","https://penelope.uchicago.edu/Thayer/E/Roman/Texts/Plutarch/Lives/Antony*.html","L77 card.ancient_egypt.077.c4","L77 question.ancient_egypt.077.q2","","","","","","corroborated","Plutarch, Antony 27 (LacusCurtius translation): beauty not altogether incomparable, converse with her had an irresistible charm. The Perseus Digital Library hosts the same chapter. (https://www.perseus.tufts.edu/hopper/text?doc=Perseus:text:1999.01.0007:text=Ant.:chapter=27)","one-page"
"fact.ancient_egypt.pharaoh_five_names","source.brit_pharaoh","unverified","A pharaoh’s full title had five names, each introduced by a title: Horus, Two Ladies, Golden Horus, King of Upper and Lower Egypt, and Son of Re.","https://www.britannica.com/topic/pharaoh","L78 card.ancient_egypt.078.c1; L78 card.ancient_egypt.078.c2","L78 question.ancient_egypt.078.q1","","","","","","corroborated","Britannica Pharaoh: the full title consisted of five names preceded by Horus, Two Ladies, Golden Horus, King of Upper and Lower Egypt, and Son of Re. Wikipedia Ancient Egyptian royal titulary lists the same five. (https://en.wikipedia.org/wiki/Ancient_Egyptian_royal_titulary)","one-page weak-pages"
"fact.ancient_egypt.pharaoh_names_coronation","source.brit_pharaoh","unverified","Of the king’s five names, one was given at birth and the other four at his coronation.","https://www.britannica.com/topic/pharaoh","L78 card.ancient_egypt.078.c1; L78 card.ancient_egypt.078.c2","L78 question.ancient_egypt.078.q1","","","","","","corroborated","Britannica Pharaoh: one name bestowed at birth, four conferred at coronation. Wikipedia titulary: the throne name was adopted on accession, the nomen given at birth. (https://en.wikipedia.org/wiki/Ancient_Egyptian_royal_titulary)","one-page weak-pages"
"fact.ancient_egypt.cartouche_names","source.livius_cartouche","unverified","Two of the king’s names, the throne name and the birth name, were written inside an oval called a cartouche.","https://www.livius.org/articles/concept/cartouche/","L78 card.ancient_egypt.078.c1; L78 card.ancient_egypt.078.c3","L78 question.ancient_egypt.078.q2","","","","","","corroborated","Livius: the cartouche held the throne name (prenomen) and personal name (nomen). Wikipedia Cartouche: it encircles the praenomen and nomen. (https://en.wikipedia.org/wiki/Cartouche)","one-page weak-pages"
"fact.ancient_egypt.cartouche_shen","source.livius_cartouche","unverified","The cartouche shows a loop of rope and represents a shen ring, a circle symbolizing eternity, protecting the name inside.","https://www.livius.org/articles/concept/cartouche/","L78 card.ancient_egypt.078.c3","L78 question.ancient_egypt.078.q2","","","","","","corroborated","Livius: resembles the loop of a rope and represents a shen ring symbolizing eternity, a protective emblem. Wikipedia Shen ring: represents eternal protection. (https://en.wikipedia.org/wiki/Shen_ring https://en.wikipedia.org/wiki/Cartouche)","weak-pages"
"fact.ancient_egypt.cartouche_word_cartridge","source.etymonline_cartouche","unverified","The word cartouche is French for a paper cartridge; the ovals got the name because they looked like rolled paper cartridges.","https://www.etymonline.com/word/cartouche","L78 card.ancient_egypt.078.c3","L78 question.ancient_egypt.078.q2","","","","","","corroborated","Online Etymology Dictionary: from French cartouche, paper cartridge, applied to the Egyptian ovals from their resemblance to rolled paper cartridges. Wikipedia Cartouche: French soldiers thought the sign resembled a powder cartridge. (https://en.wikipedia.org/wiki/Cartouche)","one-page weak-pages"
"fact.ancient_egypt.ozymandias_usermaatre","source.bm_younger_memnon","unverified","“Ozymandias,” the Greek name for Ramesses II, comes from his throne name, Usermaatre.","https://www.britishmuseum.org/collection/galleries/egyptian-sculpture/colossal-statue-ramesses-ii","L78 card.ancient_egypt.078.c4","L78 question.ancient_egypt.078.q3","","","","","","corroborated","British Museum Younger Memnon page (search extract): the Greek name Ozymandias derives from Ramesses’ throne name, Usermaatra; Britannica: Ozymandias is the Greek name for Ramses II; Wikipedia Ramesses II: from Usermaatre. (https://en.wikipedia.org/wiki/Ramesses_II https://en.wikipedia.org/wiki/Ozymandias)","weak-pages unopened-source"
"fact.ancient_egypt.ozymandias_usermaatre","source.brit_ozymandias_poem","unverified","“Ozymandias,” the Greek name for Ramesses II, comes from his throne name, Usermaatre.","https://www.britannica.com/topic/Ozymandias-poem","L78 card.ancient_egypt.078.c4","L78 question.ancient_egypt.078.q3","","","","","","corroborated","British Museum Younger Memnon page (search extract): the Greek name Ozymandias derives from Ramesses’ throne name, Usermaatra; Britannica: Ozymandias is the Greek name for Ramses II; Wikipedia Ramesses II: from Usermaatre. (https://en.wikipedia.org/wiki/Ramesses_II https://en.wikipedia.org/wiki/Ozymandias)","weak-pages"
"fact.ancient_egypt.carter_death_1939","source.brit_howard_carter","unverified","Howard Carter, who led the Tutankhamun excavation, died in London in 1939, aged 64.","https://www.britannica.com/biography/Howard-Carter","L79 card.ancient_egypt.079.c1","","","","","","","corroborated","Britannica: born May 9, 1874; died March 2, 1939, London. Wikipedia Howard Carter gives the same dates. (https://en.wikipedia.org/wiki/Howard_Carter)","one-page weak-pages"
"fact.ancient_egypt.carnarvon_mosquito_death","source.brit_carnarvon","unverified","Lord Carnarvon, Carter’s patron, died in Cairo in April 1923 of infection after a mosquito bite received while visiting the newly opened burial chamber.","https://www.britannica.com/biography/George-Edward-Stanhope-Molyneux-Herbert-5th-earl-of-Carnarvon","L79 card.ancient_egypt.079.c2","L79 question.ancient_egypt.079.q1; L79 question.ancient_egypt.079.q3","","","","","","corroborated","Britannica: patron of Carter, died April 5, 1923, Cairo, of infections after a mosquito bite at Thebes; BMJ 2002: erysipelas-related septicaemia and pneumonia. (https://pmc.ncbi.nlm.nih.gov/articles/PMC139048 https://en.wikipedia.org/wiki/George_Herbert,_5th_Earl_of_Carnarvon)",""
"fact.ancient_egypt.carnarvon_mosquito_death","source.bmj_mummy_curse_2002","unverified","Lord Carnarvon, Carter’s patron, died in Cairo in April 1923 of infection after a mosquito bite received while visiting the newly opened burial chamber.","https://pmc.ncbi.nlm.nih.gov/articles/PMC139048","L79 card.ancient_egypt.079.c2","L79 question.ancient_egypt.079.q1; L79 question.ancient_egypt.079.q3","","","","","","corroborated","Britannica: patron of Carter, died April 5, 1923, Cairo, of infections after a mosquito bite at Thebes; BMJ 2002: erysipelas-related septicaemia and pneumonia. (https://pmc.ncbi.nlm.nih.gov/articles/PMC139048 https://en.wikipedia.org/wiki/George_Herbert,_5th_Earl_of_Carnarvon)",""
"fact.ancient_egypt.curse_newspapers","source.bmj_mummy_curse_2002","unverified","Carnarvon’s death set off sensational newspaper stories about a mummy’s curse.","https://pmc.ncbi.nlm.nih.gov/articles/PMC139048","L79 card.ancient_egypt.079.c2","L79 question.ancient_egypt.079.q1; L79 question.ancient_egypt.079.q3","","","","","","corroborated","BMJ 2002 says his death sparked newspaper sensationalism; EurekAlert release on the study and Wikipedia Curse of the pharaohs describe the press frenzy. (https://www.eurekalert.org/news-releases/666782 https://en.wikipedia.org/wiki/Curse_of_the_pharaohs)",""
"fact.ancient_egypt.curse_alcott_1869","source.bmj_mummy_curse_2002","unverified","Mummy curses appeared in fiction long before, such as Louisa May Alcott’s 1869 story “Lost in a Pyramid; or, The Mummy’s Curse.”","https://pmc.ncbi.nlm.nih.gov/articles/PMC139048","L79 card.ancient_egypt.079.c3","","","","","","","corroborated","BMJ 2002 cites Alcott’s 1869 story among earlier fiction; Wikipedia and Reactor describe “Lost in a Pyramid; or, The Mummy’s Curse” (Frank Leslie, 1869) as an early curse tale. (https://en.wikipedia.org/wiki/Lost_in_a_Pyramid;_or,_The_Mummy%27s_Curse https://reactormag.com/maybe-just-dont-rob-graves-louisa-may-alcotts-lost-in-a-pyramid-or-the-mummys-curse/)",""
"fact.ancient_egypt.curse_bmj_study","source.bmj_mummy_curse_2002","unverified","A 2002 BMJ study compared Westerners exposed to the “curse” with those who were not: the exposed died at an average age of 70, with no significant difference, so no evidence of a curse.","https://pmc.ncbi.nlm.nih.gov/articles/PMC139048","L79 card.ancient_egypt.079.c4","L79 question.ancient_egypt.079.q2","","","","","","corroborated","BMJ 2002 (PMC139048): 25 exposed, mean age at death 70 versus 75, P=0.87; no evidence of a curse. EurekAlert release: no evidence for the existence of the mummy’s curse. (https://www.eurekalert.org/news-releases/666782 https://pubmed.ncbi.nlm.nih.gov/12493675/)",""
"fact.ancient_egypt.famous_pharaohs_fame_differs","source.brit_khufu","unverified","Egypt’s famous rulers are famous for different reasons: Khufu for his pyramid, Tutankhamun for his tomb, Ramesses II for his building and self-promotion, Cleopatra for her struggle with Rome.","https://www.britannica.com/biography/Khufu","L80 card.ancient_egypt.080.c1; L80 card.ancient_egypt.080.c3","L80 question.ancient_egypt.080.q4","","","","","","corroborated","Summary of the chapter’s sources: Britannica (Khufu known through the Great Pyramid, Tutankhamun famous for his tomb, Cleopatra and Rome) and National Geographic (Ramesses’ monuments and Kadesh murals). Wikipedia pages for each ruler agree. (https://en.wikipedia.org/wiki/Khufu https://en.wikipedia.org/wiki/Ramesses_II https://en.wikipedia.org/wiki/Cleopatra)","weak-pages"
"fact.ancient_egypt.famous_pharaohs_fame_differs","source.brit_tutankhamun","unverified","Egypt’s famous rulers are famous for different reasons: Khufu for his pyramid, Tutankhamun for his tomb, Ramesses II for his building and self-promotion, Cleopatra for her struggle with Rome.","https://www.britannica.com/biography/Tutankhamun","L80 card.ancient_egypt.080.c1; L80 card.ancient_egypt.080.c3","L80 question.ancient_egypt.080.q4","","","","","","corroborated","Summary of the chapter’s sources: Britannica (Khufu known through the Great Pyramid, Tutankhamun famous for his tomb, Cleopatra and Rome) and National Geographic (Ramesses’ monuments and Kadesh murals). Wikipedia pages for each ruler agree. (https://en.wikipedia.org/wiki/Khufu https://en.wikipedia.org/wiki/Ramesses_II https://en.wikipedia.org/wiki/Cleopatra)","weak-pages"
"fact.ancient_egypt.famous_pharaohs_fame_differs","source.natgeo_ramses_ii","unverified","Egypt’s famous rulers are famous for different reasons: Khufu for his pyramid, Tutankhamun for his tomb, Ramesses II for his building and self-promotion, Cleopatra for her struggle with Rome.","https://www.nationalgeographic.com/culture/article/ramses-ii","L80 card.ancient_egypt.080.c1; L80 card.ancient_egypt.080.c3","L80 question.ancient_egypt.080.q4","","","","","","corroborated","Summary of the chapter’s sources: Britannica (Khufu known through the Great Pyramid, Tutankhamun famous for his tomb, Cleopatra and Rome) and National Geographic (Ramesses’ monuments and Kadesh murals). Wikipedia pages for each ruler agree. (https://en.wikipedia.org/wiki/Khufu https://en.wikipedia.org/wiki/Ramesses_II https://en.wikipedia.org/wiki/Cleopatra)","weak-pages"
"fact.ancient_egypt.famous_pharaohs_fame_differs","source.brit_cleopatra","unverified","Egypt’s famous rulers are famous for different reasons: Khufu for his pyramid, Tutankhamun for his tomb, Ramesses II for his building and self-promotion, Cleopatra for her struggle with Rome.","https://www.britannica.com/biography/Cleopatra-queen-of-Egypt","L80 card.ancient_egypt.080.c1; L80 card.ancient_egypt.080.c3","L80 question.ancient_egypt.080.q4","","","","","","corroborated","Summary of the chapter’s sources: Britannica (Khufu known through the Great Pyramid, Tutankhamun famous for his tomb, Cleopatra and Rome) and National Geographic (Ramesses’ monuments and Kadesh murals). Wikipedia pages for each ruler agree. (https://en.wikipedia.org/wiki/Khufu https://en.wikipedia.org/wiki/Ramesses_II https://en.wikipedia.org/wiki/Cleopatra)","weak-pages"
"fact.ancient_egypt.sea_peoples_1177_attack","source.princeton_cline_1177","unverified","Historian Eric Cline dates the Sea Peoples’ attack on Egypt to 1177 BCE, the eighth year of Ramesses III’s reign; some attackers came by land and others by sea.","http://assets.press.princeton.edu/chapters/s10185.pdf","L81 card.ancient_egypt.081.c1; L81 card.ancient_egypt.081.c2; L90 card.ancient_egypt.090.c2","L81 question.ancient_egypt.081.q1; L81 question.ancient_egypt.081.q3","","","","","","corroborated","Wikipedia (Ramesses III, Battle of the Delta): in Year 8 of his reign, around 1177/1175 BCE, Ramesses III faced a Sea Peoples invasion by land and sea. Britannica: Ramses III fought the second Sea Peoples war. (https://en.wikipedia.org/wiki/Ramesses_III https://en.wikipedia.org/wiki/Battle_of_the_Delta)","weak-pages"
"fact.ancient_egypt.sea_peoples_1177_attack","source.brit_sea_peoples","unverified","Historian Eric Cline dates the Sea Peoples’ attack on Egypt to 1177 BCE, the eighth year of Ramesses III’s reign; some attackers came by land and others by sea.","https://www.britannica.com/topic/Sea-People","L81 card.ancient_egypt.081.c1; L81 card.ancient_egypt.081.c2; L90 card.ancient_egypt.090.c2","L81 question.ancient_egypt.081.q1; L81 question.ancient_egypt.081.q3","","","","","","corroborated","Wikipedia (Ramesses III, Battle of the Delta): in Year 8 of his reign, around 1177/1175 BCE, Ramesses III faced a Sea Peoples invasion by land and sea. Britannica: Ramses III fought the second Sea Peoples war. (https://en.wikipedia.org/wiki/Ramesses_III https://en.wikipedia.org/wiki/Battle_of_the_Delta)","weak-pages"
"fact.ancient_egypt.sea_peoples_battles_delta","source.princeton_cline_1177","unverified","Ramesses III defeated the Sea Peoples in battles on land and at sea, probably fought in or near the Nile Delta.","http://assets.press.princeton.edu/chapters/s10185.pdf","L81 card.ancient_egypt.081.c2","L81 question.ancient_egypt.081.q1; L81 question.ancient_egypt.081.q3","","","","","","corroborated","Wikipedia (Battle of Djahy, Battle of the Delta): the Sea Peoples were defeated first on land, then in a naval battle at the mouths of the Nile, in Year 8. (https://en.wikipedia.org/wiki/Battle_of_the_Delta https://en.wikipedia.org/wiki/Battle_of_Djahy)","weak-pages"
"fact.ancient_egypt.sea_peoples_medinet_habu","source.brit_sea_peoples","unverified","Ramesses III recorded the battles and rows of captured Sea Peoples on the walls of his mortuary temple at Medinet Habu, near Thebes.","https://www.britannica.com/topic/Sea-People","L81 card.ancient_egypt.081.c2","L81 question.ancient_egypt.081.q1; L81 question.ancient_egypt.081.q3","","","","","","corroborated","Wikipedia (Battle of the Delta, Medinet Habu): the battle and prisoners are documented in detail on the walls of Ramesses III’s mortuary temple at Medinet Habu; copied by the University of Chicago’s Oriental Institute since the 1920s. (https://en.wikipedia.org/wiki/Battle_of_the_Delta https://en.wikipedia.org/wiki/Medinet_Habu)","weak-pages"
"fact.ancient_egypt.sea_peoples_medinet_habu","source.princeton_cline_1177","unverified","Ramesses III recorded the battles and rows of captured Sea Peoples on the walls of his mortuary temple at Medinet Habu, near Thebes.","http://assets.press.princeton.edu/chapters/s10185.pdf","L81 card.ancient_egypt.081.c2","L81 question.ancient_egypt.081.q1; L81 question.ancient_egypt.081.q3","","","","","","corroborated","Wikipedia (Battle of the Delta, Medinet Habu): the battle and prisoners are documented in detail on the walls of Ramesses III’s mortuary temple at Medinet Habu; copied by the University of Chicago’s Oriental Institute since the 1920s. (https://en.wikipedia.org/wiki/Battle_of_the_Delta https://en.wikipedia.org/wiki/Medinet_Habu)","weak-pages"
"fact.ancient_egypt.sea_peoples_diverse_gear","source.princeton_cline_1177","unverified","Egyptian images show the Sea Peoples with different gear, from feathered headdresses to horned helmets, suggesting diverse groups from different places.","http://assets.press.princeton.edu/chapters/s10185.pdf","L81 card.ancient_egypt.081.c3","","","","","","","corroborated","Britannica: Sea Peoples were groups of seafarers (Peleset, Sherden, Shekelesh, Teresh, Luka) of different origins; Wikipedia Peleset: depicted at Medinet Habu with feathered headdresses, Sherden with horned helmets. (https://www.britannica.com/topic/Sea-People https://en.wikipedia.org/wiki/Peleset)",""
"fact.ancient_egypt.sea_peoples_names_identity","source.brit_sea_peoples","unverified","Egyptian texts name Sea Peoples groups such as the Peleset, generally believed to be the Philistines, and the Sherden, probably from Sardinia; their exact origins remain uncertain.","https://www.britannica.com/topic/Sea-People","L81 card.ancient_egypt.081.c3","","","","","","","corroborated","Wikipedia (Sea Peoples, Peleset): the Peleset are commonly identified with the Philistines, the Sherden possibly with Sardinia; the origins of the Sea Peoples remain undocumented and debated. (https://en.wikipedia.org/wiki/Sea_Peoples https://en.wikipedia.org/wiki/Peleset)","weak-pages"
"fact.ancient_egypt.sea_peoples_collapse_debate","source.brit_sea_peoples","unverified","Scholars once blamed the Sea Peoples for destroying powers such as the Hittite empire; recent research sees the Late Bronze Age collapse as having many causes, including climate change, and their role is debated.","https://www.britannica.com/topic/Sea-People","L81 card.ancient_egypt.081.c4","L81 question.ancient_egypt.081.q2; L90 question.ancient_egypt.090.q3","","","","","","corroborated","ASOR Ancient Near East Today (Cline): the Sea Peoples were a convenient scapegoat; the collapse resulted from a combination of factors including climate change, drought, earthquakes and systems collapse. (https://anetoday.org/sea-peoples-bronze-age/)","one-page"
"fact.ancient_egypt.sea_peoples_collapse_debate","source.princeton_cline_1177","unverified","Scholars once blamed the Sea Peoples for destroying powers such as the Hittite empire; recent research sees the Late Bronze Age collapse as having many causes, including climate change, and their role is debated.","http://assets.press.princeton.edu/chapters/s10185.pdf","L81 card.ancient_egypt.081.c4","L81 question.ancient_egypt.081.q2; L90 question.ancient_egypt.090.q3","","","","","","corroborated","ASOR Ancient Near East Today (Cline): the Sea Peoples were a convenient scapegoat; the collapse resulted from a combination of factors including climate change, drought, earthquakes and systems collapse. (https://anetoday.org/sea-peoples-bronze-age/)","one-page"
"fact.ancient_egypt.sea_peoples_egypt_diminished","source.princeton_cline_1177","unverified","Egypt was the only major power to successfully resist the Sea Peoples, but afterward New Kingdom Egypt was much diminished in influence and power.","http://assets.press.princeton.edu/chapters/s10185.pdf","L81 card.ancient_egypt.081.c4","L81 question.ancient_egypt.081.q2; L90 question.ancient_egypt.090.q3","","","","","","corroborated","Bryn Mawr Classical Review of Cline’s 1177 B.C. and ASOR article: Ramesses III repelled the Sea Peoples, yet Egypt afterward entered a long decline as a regional power. (https://bmcr.brynmawr.edu/2015/2015.08.37/ https://anetoday.org/sea-peoples-bronze-age/)",""
"fact.ancient_egypt.herihor_priest_king","source.brit_herihor","unverified","Herihor, high priest of Amun at Karnak in Thebes, took the full pharaonic title and founded a line of priest-kings that ruled southern Egypt as the country became disunited late in the 20th dynasty.","https://www.britannica.com/biography/Herihor","L82 card.ancient_egypt.082.c2","L82 question.ancient_egypt.082.q1","","","","","","corroborated","Wikipedia (Herihor): the High Priest of Amun openly took the royal title at Thebes, in the Temple of Khonsu; his line of high priests effectively ruled Upper Egypt. (https://en.wikipedia.org/wiki/Herihor https://en.wikipedia.org/wiki/High_Priest_of_Amun)","weak-pages"
"fact.ancient_egypt.tanis_thebes_split","source.gem_third_intermediate","unverified","In the 21st Dynasty, kings ruled Lower Egypt from Tanis, in the Delta, while the High Priests of Amun in Thebes became more and more powerful.","https://www.globalegyptianmuseum.org/glossary.aspx?id=30","L82 card.ancient_egypt.082.c3; L90 card.ancient_egypt.090.c3","L82 question.ancient_egypt.082.q3","","","","","","corroborated","Wikipedia (Twenty-first Dynasty of Egypt): pharaohs ruled from Tanis in the eastern Delta, mostly active in Lower Egypt, while the High Priests of Amun at Thebes effectively ruled Middle and Upper Egypt. (https://en.wikipedia.org/wiki/Twenty-first_Dynasty_of_Egypt)","one-page weak-pages"
"fact.ancient_egypt.libyan_shoshenq_dynasty","source.gem_third_intermediate","unverified","Shoshenq, a Libyan leader, founded Egypt’s 22nd Dynasty, which governed from Tanis.","https://www.globalegyptianmuseum.org/glossary.aspx?id=30","L82 card.ancient_egypt.082.c3","L82 question.ancient_egypt.082.q3","","","","","","corroborated","Wikipedia (Shoshenq I, Twenty-second Dynasty): Shoshenq I, of Libyan Meshwesh descent, founded the 22nd Dynasty around 943 BCE, with Tanis/Bubastis as royal seats. (https://en.wikipedia.org/wiki/Shoshenq_I https://en.wikipedia.org/wiki/Twenty-second_Dynasty_of_Egypt)","weak-pages"
"fact.ancient_egypt.libyan_shoshenq_dynasty","source.princeton_cline_1177","unverified","Shoshenq, a Libyan leader, founded Egypt’s 22nd Dynasty, which governed from Tanis.","http://assets.press.princeton.edu/chapters/s10185.pdf","L82 card.ancient_egypt.082.c3","L82 question.ancient_egypt.082.q3","","","","","","corroborated","Wikipedia (Shoshenq I, Twenty-second Dynasty): Shoshenq I, of Libyan Meshwesh descent, founded the 22nd Dynasty around 943 BCE, with Tanis/Bubastis as royal seats. (https://en.wikipedia.org/wiki/Shoshenq_I https://en.wikipedia.org/wiki/Twenty-second_Dynasty_of_Egypt)","weak-pages"
"fact.ancient_egypt.kush_ends_third_intermediate","source.gem_third_intermediate","unverified","The Third Intermediate Period ended when the rulers of Kush, advancing from the south, took control of Egypt as its 25th Dynasty.","https://www.globalegyptianmuseum.org/glossary.aspx?id=30","L82 card.ancient_egypt.082.c3","L82 question.ancient_egypt.082.q3","","","","","","corroborated","Wikipedia (Third Intermediate Period, Twenty-fifth Dynasty): the Kushite kings from Napata conquered Egypt and ruled as the 25th Dynasty, ending the period’s divisions. (https://en.wikipedia.org/wiki/Third_Intermediate_Period_of_Egypt https://en.wikipedia.org/wiki/Twenty-fifth_Dynasty_of_Egypt)","weak-pages"
"fact.ancient_egypt.kush_ends_third_intermediate","source.brit_nubia","unverified","The Third Intermediate Period ended when the rulers of Kush, advancing from the south, took control of Egypt as its 25th Dynasty.","https://www.britannica.com/place/Nubia","L82 card.ancient_egypt.082.c3","L82 question.ancient_egypt.082.q3","","","","","","corroborated","Wikipedia (Third Intermediate Period, Twenty-fifth Dynasty): the Kushite kings from Napata conquered Egypt and ruled as the 25th Dynasty, ending the period’s divisions. (https://en.wikipedia.org/wiki/Third_Intermediate_Period_of_Egypt https://en.wikipedia.org/wiki/Twenty-fifth_Dynasty_of_Egypt)","weak-pages"
"fact.ancient_egypt.royal_mummies_cache","source.pmc_amenhotep_mummy_ct","unverified","After the royal tombs at Thebes were robbed, 21st Dynasty priests and officials rewrapped damaged royal mummies and hid several New Kingdom kings in a cache at Deir el-Bahari to protect them.","https://pmc.ncbi.nlm.nih.gov/articles/PMC8748262/","L82 card.ancient_egypt.082.c4","L82 question.ancient_egypt.082.q2","","","","","","corroborated","Wikipedia (Royal Cache TT320): royal burials looted in the late Ramesside period were moved repeatedly by 21st Dynasty priests for protection and ended up in TT320 at Deir el-Bahari. (https://en.wikipedia.org/wiki/Royal_Cache)","one-page weak-pages"
"fact.ancient_egypt.royal_cache_found_1881","source.pmc_amenhotep_mummy_ct","unverified","The Deir el-Bahari cache was discovered in 1881, and the mummy and coffin of Ramesses II were among those found in it.","https://pmc.ncbi.nlm.nih.gov/articles/PMC8748262/","L82 card.ancient_egypt.082.c4","L82 question.ancient_egypt.082.q2","","","","","","corroborated","Wikipedia (Royal Cache) and the Met (mummy cloth fragment of Ramesses II, Maspero excavations 1881): the 1881 cache held Seti I and Ramesses II among other kings. (https://en.wikipedia.org/wiki/Royal_Cache https://www.metmuseum.org/art/collection/search/554837)",""
"fact.ancient_egypt.royal_cache_found_1881","source.smithsonian_ramses_sarcophagus","unverified","The Deir el-Bahari cache was discovered in 1881, and the mummy and coffin of Ramesses II were among those found in it.","https://www.smithsonianmag.com/smart-news/ramses-II-long-lost-sarcophagus-finally-been-identified-180984441/","L82 card.ancient_egypt.082.c4","L82 question.ancient_egypt.082.q2","","","","","","corroborated","Wikipedia (Royal Cache) and the Met (mummy cloth fragment of Ramesses II, Maspero excavations 1881): the 1881 cache held Seti I and Ramesses II among other kings. (https://en.wikipedia.org/wiki/Royal_Cache https://www.metmuseum.org/art/collection/search/554837)",""
"fact.ancient_egypt.kush_in_nubia","source.brit_kush","unverified","Kush was the southern part of the ancient region of Nubia, which extended from near the Nile’s first cataract south to about Khartoum, in what is now Sudan.","https://www.britannica.com/place/Kush","L83 card.ancient_egypt.083.c2","L83 question.ancient_egypt.083.q1; L83 question.ancient_egypt.083.q3; L90 question.ancient_egypt.090.q5","","","","","","corroborated","Wikipedia (Kingdom of Kush, Nubia): Kush was an ancient kingdom in Nubia, centered on the Nile valley in what is now northern Sudan, south of Egypt. (https://en.wikipedia.org/wiki/Kingdom_of_Kush https://en.wikipedia.org/wiki/Nubia)","weak-pages"
"fact.ancient_egypt.kush_in_nubia","source.brit_nubia","unverified","Kush was the southern part of the ancient region of Nubia, which extended from near the Nile’s first cataract south to about Khartoum, in what is now Sudan.","https://www.britannica.com/place/Nubia","L83 card.ancient_egypt.083.c2","L83 question.ancient_egypt.083.q1; L83 question.ancient_egypt.083.q3; L90 question.ancient_egypt.090.q5","","","","","","corroborated","Wikipedia (Kingdom of Kush, Nubia): Kush was an ancient kingdom in Nubia, centered on the Nile valley in what is now northern Sudan, south of Egypt. (https://en.wikipedia.org/wiki/Kingdom_of_Kush https://en.wikipedia.org/wiki/Nubia)","weak-pages"
"fact.ancient_egypt.kush_early_civilization","source.natgeo_sudan_pyramids","unverified","Kush was one of Africa’s earliest civilizations, and its kings ruled Egypt as the 25th Dynasty for nearly a century.","https://www.nationalgeographic.com/history/article/sudan-archaeology-pyramdis-kush-nubia","L83 card.ancient_egypt.083.c1; L83 card.ancient_egypt.083.c3","L90 question.ancient_egypt.090.q1","","","","","","corroborated","World History Encyclopedia (Kush) and Wikipedia (Twenty-fifth Dynasty): Kush was a powerful Nubian kingdom; its 25th Dynasty ruled Egypt from about 744 to 656 BCE. (https://www.worldhistory.org/Kush/ https://en.wikipedia.org/wiki/Twenty-fifth_Dynasty_of_Egypt)",""
"fact.ancient_egypt.kush_early_civilization","source.brit_nubia","unverified","Kush was one of Africa’s earliest civilizations, and its kings ruled Egypt as the 25th Dynasty for nearly a century.","https://www.britannica.com/place/Nubia","L83 card.ancient_egypt.083.c1; L83 card.ancient_egypt.083.c3","L90 question.ancient_egypt.090.q1","","","","","","corroborated","World History Encyclopedia (Kush) and Wikipedia (Twenty-fifth Dynasty): Kush was a powerful Nubian kingdom; its 25th Dynasty ruled Egypt from about 744 to 656 BCE. (https://www.worldhistory.org/Kush/ https://en.wikipedia.org/wiki/Twenty-fifth_Dynasty_of_Egypt)",""
"fact.ancient_egypt.kush_napata_amun","source.brit_piye","unverified","The Kushite kings ruled from Napata, near Mount Barkal, and the cult of the Egyptian god Amun was strongly rooted among the Kushites.","https://www.britannica.com/biography/Piye","L83 card.ancient_egypt.083.c2; L90 card.ancient_egypt.090.c3","L83 question.ancient_egypt.083.q1; L83 question.ancient_egypt.083.q3; L90 question.ancient_egypt.090.q5","","","","","","corroborated","Wikipedia (Napata, Jebel Barkal): Napata, at Jebel Barkal, was the Kushite capital, and Jebel Barkal held a major temple of Amun venerated by the Kushite kings. (https://en.wikipedia.org/wiki/Napata https://en.wikipedia.org/wiki/Jebel_Barkal)","weak-pages"
"fact.ancient_egypt.kush_napata_amun","source.brit_sudan_kush","unverified","The Kushite kings ruled from Napata, near Mount Barkal, and the cult of the Egyptian god Amun was strongly rooted among the Kushites.","https://www.britannica.com/place/Sudan/The-kingdom-of-Kush","L83 card.ancient_egypt.083.c2; L90 card.ancient_egypt.090.c3","L83 question.ancient_egypt.083.q1; L83 question.ancient_egypt.083.q3; L90 question.ancient_egypt.090.q5","","","","","","corroborated","Wikipedia (Napata, Jebel Barkal): Napata, at Jebel Barkal, was the Kushite capital, and Jebel Barkal held a major temple of Amun venerated by the Kushite kings. (https://en.wikipedia.org/wiki/Napata https://en.wikipedia.org/wiki/Jebel_Barkal)","weak-pages"
"fact.ancient_egypt.piye_conquers_egypt","source.brit_piye","unverified","In the 8th century BCE the Kushite king Piye invaded Egypt, ended its petty kingdoms and took Memphis; by about 715 BCE, under Piye and then Shabaka, all of Egypt was ruled from Kush.","https://www.britannica.com/biography/Piye","L83 card.ancient_egypt.083.c3; L90 card.ancient_egypt.090.c2","L90 question.ancient_egypt.090.q1","","","","","","corroborated","Wikipedia (Piye, Shabaka): Piye conquered Egypt around 727 BCE, defeating Tefnakht and taking Memphis; Shabaka consolidated control over all of Egypt by about 715 BCE. (https://en.wikipedia.org/wiki/Piye https://en.wikipedia.org/wiki/Shabaka)","weak-pages"
"fact.ancient_egypt.piye_conquers_egypt","source.brit_nubia","unverified","In the 8th century BCE the Kushite king Piye invaded Egypt, ended its petty kingdoms and took Memphis; by about 715 BCE, under Piye and then Shabaka, all of Egypt was ruled from Kush.","https://www.britannica.com/place/Nubia","L83 card.ancient_egypt.083.c3; L90 card.ancient_egypt.090.c2","L90 question.ancient_egypt.090.q1","","","","","","corroborated","Wikipedia (Piye, Shabaka): Piye conquered Egypt around 727 BCE, defeating Tefnakht and taking Memphis; Shabaka consolidated control over all of Egypt by about 715 BCE. (https://en.wikipedia.org/wiki/Piye https://en.wikipedia.org/wiki/Shabaka)","weak-pages"
"fact.ancient_egypt.piye_conquers_egypt","source.brit_sudan_kush","unverified","In the 8th century BCE the Kushite king Piye invaded Egypt, ended its petty kingdoms and took Memphis; by about 715 BCE, under Piye and then Shabaka, all of Egypt was ruled from Kush.","https://www.britannica.com/place/Sudan/The-kingdom-of-Kush","L83 card.ancient_egypt.083.c3; L90 card.ancient_egypt.090.c2","L90 question.ancient_egypt.090.q1","","","","","","corroborated","Wikipedia (Piye, Shabaka): Piye conquered Egypt around 727 BCE, defeating Tefnakht and taking Memphis; Shabaka consolidated control over all of Egypt by about 715 BCE. (https://en.wikipedia.org/wiki/Piye https://en.wikipedia.org/wiki/Shabaka)","weak-pages"
"fact.ancient_egypt.piye_victory_stela","source.brit_piye","unverified","Piye recorded his conquest on a great stone stela that was found at Mount Barkal, where he returned with the spoils.","https://www.britannica.com/biography/Piye","L83 card.ancient_egypt.083.c3","L90 question.ancient_egypt.090.q1","","","","","","corroborated","Wikipedia (Piye): Piye’s Victory Stela, found at Jebel Barkal and now in the Egyptian Museum, records his campaign in Egypt. (https://en.wikipedia.org/wiki/Piye)","one-page weak-pages"
"fact.ancient_egypt.kush_pyramids_sudan","source.natgeo_sudan_pyramids","unverified","Kushite kings were buried in pyramids, and Sudan has some 255 ancient pyramids, more than twice as many as Egypt built.","https://www.nationalgeographic.com/history/article/sudan-archaeology-pyramdis-kush-nubia","L83 card.ancient_egypt.083.c4","L83 question.ancient_egypt.083.q2","","","","","","corroborated","Wikipedia (Nubian pyramids): Sudan has about 255 pyramids, more than Egypt’s roughly 135 recorded as of 2008. (https://en.wikipedia.org/wiki/Nubian_pyramids)","one-page weak-pages"
"fact.ancient_egypt.kush_pyramids_sudan","source.brit_sudan_kush","unverified","Kushite kings were buried in pyramids, and Sudan has some 255 ancient pyramids, more than twice as many as Egypt built.","https://www.britannica.com/place/Sudan/The-kingdom-of-Kush","L83 card.ancient_egypt.083.c4","L83 question.ancient_egypt.083.q2","","","","","","corroborated","Wikipedia (Nubian pyramids): Sudan has about 255 pyramids, more than Egypt’s roughly 135 recorded as of 2008. (https://en.wikipedia.org/wiki/Nubian_pyramids)","one-page weak-pages"
"fact.ancient_egypt.kush_driven_out_assyria","source.brit_sudan_kush","unverified","After the Assyrians invaded Egypt in 671 BCE and defeated the army of the Kushite king Taharqa, the Kushites were driven back to Nubia by 654 BCE.","https://www.britannica.com/place/Sudan/The-kingdom-of-Kush","L83 card.ancient_egypt.083.c4","L83 question.ancient_egypt.083.q2","","","","","","corroborated","Wikipedia (Assyrian conquest of Egypt, Taharqa): Esarhaddon took Memphis in 671 BCE, wounding Taharqa; Assyrian campaigns and the sack of Thebes ended Kushite rule in Egypt by the 650s BCE. (https://en.wikipedia.org/wiki/Assyrian_conquest_of_Egypt https://en.wikipedia.org/wiki/Taharqa)","weak-pages"
"fact.ancient_egypt.kush_thousand_more_years","source.brit_sudan_kush","unverified","After leaving Egypt, Kush lasted about another thousand years, with its capital later moved south to Meroe, until the king of Aksum destroyed Meroe in 350 CE.","https://www.britannica.com/place/Sudan/The-kingdom-of-Kush","L83 card.ancient_egypt.083.c4","L83 question.ancient_egypt.083.q2","","","","","","corroborated","World History Encyclopedia (Kush): Kush continued with Meroe as capital until an Aksumite invasion; the kingdom ended about 350 CE. (https://www.worldhistory.org/Kush/ https://en.wikipedia.org/wiki/Kingdom_of_Kush)",""
"fact.ancient_egypt.persia_cambyses_525","source.brit_cambyses_ii","unverified","In 525 BCE the Persian king Cambyses II won the Battle of Pelusium in the Nile Delta, took Memphis, and Egyptian resistance collapsed.","https://www.britannica.com/biography/Cambyses-II","L84 card.ancient_egypt.084.c1; L84 card.ancient_egypt.084.c2; L90 card.ancient_egypt.090.c2","L84 question.ancient_egypt.084.q1; L90 question.ancient_egypt.090.q4","","","","","","corroborated","World History Encyclopedia (Cambyses II) and Wikipedia (Battle of Pelusium): Cambyses defeated Psamtik III at Pelusium in 525 BCE, besieged and took Memphis, and all Egypt fell. (https://www.worldhistory.org/Cambyses_II/ https://en.wikipedia.org/wiki/Battle_of_Pelusium)",""
"fact.ancient_egypt.persia_cambyses_crowned","source.brit_persian_egypt","unverified","After conquering Egypt, Cambyses II had himself crowned as pharaoh.","https://www.britannica.com/topic/Persian-Egypt","L84 card.ancient_egypt.084.c1; L84 card.ancient_egypt.084.c2","L84 question.ancient_egypt.084.q1; L90 question.ancient_egypt.090.q4","","","","","","corroborated","World History Encyclopedia (Cambyses II): after conquering Egypt he went to Sais to be crowned pharaoh, took an Egyptian throne name and joined Egyptian ceremonies. (https://www.worldhistory.org/Cambyses_II/)","one-page"
"fact.ancient_egypt.persia_darius_policies","source.brit_persian_egypt","unverified","The Persian king Darius I restored the Egyptian priests’ privileges, ordered a written codification of Egyptian law, and completed or repaired a canal from the Nile to the Red Sea.","https://www.britannica.com/topic/Persian-Egypt","L84 card.ancient_egypt.084.c2","L84 question.ancient_egypt.084.q1; L90 question.ancient_egypt.090.q4","","","","","","corroborated","Encyclopaedia Iranica (Darius I) and Wikipedia (Canal of the Pharaohs): Darius ordered Egypt’s laws codified and completed a Nile to Red Sea canal commemorated by his Suez stelae. (https://www.iranicaonline.org/articles/darius-iii/ https://en.wikipedia.org/wiki/Canal_of_the_Pharaohs)",""
"fact.ancient_egypt.persia_herodotus_timing","source.brit_persian_egypt","unverified","Egypt was under Persian rule from 525 to 404 BCE, so Herodotus’s 5th-century BCE visit came while Egypt was Persian.","https://www.britannica.com/topic/Persian-Egypt","L84 card.ancient_egypt.084.c3","L84 question.ancient_egypt.084.q2; L84 question.ancient_egypt.084.q3","","","","","","corroborated","Wikipedia (First Achaemenid conquest of Egypt, Herodotus): Egypt was an Achaemenid satrapy from 525 to 404 BCE; Herodotus visited Egypt around 450 BCE. (https://en.wikipedia.org/wiki/First_Achaemenid_conquest_of_Egypt https://www.britannica.com/biography/Herodotus-Greek-historian)",""
"fact.ancient_egypt.persia_herodotus_timing","source.perseus_herodotus_histories","unverified","Egypt was under Persian rule from 525 to 404 BCE, so Herodotus’s 5th-century BCE visit came while Egypt was Persian.","https://www.perseus.tufts.edu/hopper/text?doc=Perseus:text:1999.01.0126:book=2:chapter=5","L84 card.ancient_egypt.084.c3","L84 question.ancient_egypt.084.q2; L84 question.ancient_egypt.084.q3","","","","","","corroborated","Wikipedia (First Achaemenid conquest of Egypt, Herodotus): Egypt was an Achaemenid satrapy from 525 to 404 BCE; Herodotus visited Egypt around 450 BCE. (https://en.wikipedia.org/wiki/First_Achaemenid_conquest_of_Egypt https://www.britannica.com/biography/Herodotus-Greek-historian)",""
"fact.ancient_egypt.persia_herodotus_doubted","source.brit_cambyses_ii","unverified","Herodotus accused Cambyses of many atrocities in Egypt and blamed them on madness, but contemporary Egyptian sources suggest his accusations must largely be discounted.","https://www.britannica.com/biography/Cambyses-II","L84 card.ancient_egypt.084.c3","L84 question.ancient_egypt.084.q2; L84 question.ancient_egypt.084.q3","","","","","","corroborated","Wikipedia (Cambyses II): Egyptian records such as the Apis burial of 524 BCE and the Udjahorresnet inscription contradict Herodotus’s tales of sacrilege; modern historians treat them as largely hostile propaganda. (https://en.wikipedia.org/wiki/Cambyses_II)","one-page weak-pages"
"fact.ancient_egypt.persia_independence_404","source.brit_persian_egypt","unverified","Egypt rebelled against Persia near the end of Darius I’s reign, and in 404 BCE it regained its independence under Amyrtaeus of Sais.","https://www.britannica.com/topic/Persian-Egypt","L84 card.ancient_egypt.084.c4","L90 question.ancient_egypt.090.q2","","","","","","corroborated","Britannica (Amyrtaeus of Sais) and Wikipedia (Amyrtaeus): a successful rebellion in 404 BCE made Amyrtaeus king, ending the first Persian occupation (525 to 404 BCE). (https://www.britannica.com/biography/Amyrtaeus-of-Sais https://en.wikipedia.org/wiki/Amyrtaeus)",""
"fact.ancient_egypt.persia_nectanebo_last","source.brit_nectanebo_ii","unverified","Nectanebo II, who reigned from 360 to 343 BCE, was the last native Egyptian king; when Persia reconquered Egypt in 343 BCE he fled south, and nothing more is known of him.","https://www.britannica.com/biography/Nectanebo-II","L84 card.ancient_egypt.084.c4; L90 card.ancient_egypt.090.c3","L90 question.ancient_egypt.090.q2; L90 question.ancient_egypt.090.q4","","","","","","corroborated","Wikipedia (Nectanebo II, Thirtieth Dynasty): last ruler of the last native dynasty; Artaxerxes III invaded in 343 BCE and Nectanebo fled to Upper Egypt. (https://en.wikipedia.org/wiki/Nectanebo_II https://en.wikipedia.org/wiki/Thirtieth_Dynasty_of_Egypt)","weak-pages"
"fact.ancient_egypt.persia_until_332","source.brit_persian_egypt","unverified","Egypt remained under Persian rule until 332 BCE, when the Persian satrap surrendered to Alexander the Great.","https://www.britannica.com/topic/Persian-Egypt","L85 card.ancient_egypt.085.c2","","","","","","","corroborated","Wikipedia (Thirty-first Dynasty of Egypt): the second Persian period lasted from 343 to 332 BCE, when the satrap Mazaces handed Egypt to Alexander. (https://en.wikipedia.org/wiki/Thirty-first_Dynasty_of_Egypt)","one-page weak-pages"
"fact.ancient_egypt.persia_until_332","source.brit_alexander_the_great","unverified","Egypt remained under Persian rule until 332 BCE, when the Persian satrap surrendered to Alexander the Great.","https://www.britannica.com/biography/Alexander-the-Great","L85 card.ancient_egypt.085.c2","","","","","","","corroborated","Wikipedia (Thirty-first Dynasty of Egypt): the second Persian period lasted from 343 to 332 BCE, when the satrap Mazaces handed Egypt to Alexander. (https://en.wikipedia.org/wiki/Thirty-first_Dynasty_of_Egypt)","one-page weak-pages"
"fact.ancient_egypt.alexander_welcomed_332","source.brit_alexander_the_great","unverified","In November 332 BCE Alexander the Great, king of Macedonia, reached Egypt; the people welcomed him as their deliverer, and the Persian satrap Mazaces surrendered.","https://www.britannica.com/biography/Alexander-the-Great","L85 card.ancient_egypt.085.c1; L85 card.ancient_egypt.085.c2; L90 card.ancient_egypt.090.c2","L85 question.ancient_egypt.085.q1","","","","","","corroborated","Livius and Wikipedia (Alexander the Great in Egypt): Mazaces surrendered Egypt without resistance in 332 BCE, and Egyptians hailed Alexander as a liberator from Persian rule. (https://www.livius.org/sources/content/arrian/anabasis/alexander-visits-siwah/ https://en.wikipedia.org/wiki/Alexander_the_Great)",""
"fact.ancient_egypt.alexander_memphis_crowned","source.brit_alexander_the_great","unverified","At Memphis, Alexander sacrificed to the sacred Apis bull and was crowned with the traditional double crown of the pharaohs.","https://www.britannica.com/biography/Alexander-the-Great","L85 card.ancient_egypt.085.c3","L85 question.ancient_egypt.085.q2; L85 question.ancient_egypt.085.q3; L90 question.ancient_egypt.090.q4; L90 question.ancient_egypt.090.q5","","","","","","corroborated","World History and 1440 Review summaries: at Memphis in November 332 BCE Alexander offered sacrifices to the Apis bull and was offered the double crown of the Two Lands. (https://1440review.com/2023/06/19/the-son-of-ra-alexander-at-memphis/ https://en.wikipedia.org/wiki/Alexander_the_Great)",""
"fact.ancient_egypt.alexander_siwa_son_of_amun","source.brit_alexander_the_great","unverified","At the oracle of Amun in the Siwa oasis, the priest greeted Alexander with the traditional salutation of a pharaoh, as son of Amun.","https://www.britannica.com/biography/Alexander-the-Great","L85 card.ancient_egypt.085.c3; L90 card.ancient_egypt.090.c3","L85 question.ancient_egypt.085.q2; L85 question.ancient_egypt.085.q3; L90 question.ancient_egypt.090.q4; L90 question.ancient_egypt.090.q5","","","","","","corroborated","Livius (Arrian on Alexander at Siwa) and TheCollector: at Siwa the oracle’s priest addressed Alexander as son of Ammon, and he adopted the title. (https://www.livius.org/sources/content/arrian/anabasis/alexander-visits-siwah/ https://www.thecollector.com/alexander-the-great-oracle-siwa/)",""
"fact.ancient_egypt.alexander_founds_alexandria","source.brit_alexander_the_great","unverified","Alexander founded Alexandria near the western arm of the Nile, between the sea and Lake Mareotis, on a site protected by the island of Pharos.","https://www.britannica.com/biography/Alexander-the-Great","L85 card.ancient_egypt.085.c4","L86 question.ancient_egypt.086.q3","","","","","","corroborated","Wikipedia (Alexandria, Heptastadion): Alexander founded the city on the coast between Lake Mareotis and the sea, opposite the island of Pharos, which a causeway later linked to the city. (https://en.wikipedia.org/wiki/Alexandria https://en.wikipedia.org/wiki/Heptastadion)","weak-pages"
"fact.ancient_egypt.alexander_founds_alexandria","source.brit_alexandria_city","unverified","Alexander founded Alexandria near the western arm of the Nile, between the sea and Lake Mareotis, on a site protected by the island of Pharos.","https://www.britannica.com/place/Alexandria-Egypt","L85 card.ancient_egypt.085.c4","L86 question.ancient_egypt.086.q3","","","","","","corroborated","Wikipedia (Alexandria, Heptastadion): Alexander founded the city on the coast between Lake Mareotis and the sea, opposite the island of Pharos, which a causeway later linked to the city. (https://en.wikipedia.org/wiki/Alexandria https://en.wikipedia.org/wiki/Heptastadion)","weak-pages"
"fact.ancient_egypt.alexander_body_to_egypt","source.brit_alexander_the_great","unverified","Alexander died in Babylon in 323 BCE; his general Ptolemy diverted his body to Egypt, where it was eventually placed in a golden coffin in Alexandria.","https://www.britannica.com/biography/Alexander-the-Great","L85 card.ancient_egypt.085.c4","L86 question.ancient_egypt.086.q3","","","","","","corroborated","History Hit and Wikipedia (Tomb of Alexander the Great): Ptolemy seized the funeral cortege in 321 BCE, took the body to Memphis and later Alexandria, where it lay in a gold coffin. (https://www.historyhit.com/alexander-corpse/ https://en.wikipedia.org/wiki/Tomb_of_Alexander_the_Great)",""
"fact.ancient_egypt.alexander_body_to_egypt","source.brit_ptolemy_i_soter","unverified","Alexander died in Babylon in 323 BCE; his general Ptolemy diverted his body to Egypt, where it was eventually placed in a golden coffin in Alexandria.","https://www.britannica.com/biography/Ptolemy-I-Soter","L85 card.ancient_egypt.085.c4","L86 question.ancient_egypt.086.q3","","","","","","corroborated","History Hit and Wikipedia (Tomb of Alexander the Great): Ptolemy seized the funeral cortege in 321 BCE, took the body to Memphis and later Alexandria, where it lay in a gold coffin. (https://www.historyhit.com/alexander-corpse/ https://en.wikipedia.org/wiki/Tomb_of_Alexander_the_Great)",""
"fact.ancient_egypt.pharos_built","source.brit_pharos_lighthouse","unverified","The lighthouse on the island of Pharos, built by Sostratus of Cnidus, was finished under Ptolemy II in about 280 BCE and was one of the Seven Wonders of the World.","https://www.britannica.com/topic/Pharos-of-Alexandria","L86 card.ancient_egypt.086.c1; L86 card.ancient_egypt.086.c2","L86 question.ancient_egypt.086.q1; L86 question.ancient_egypt.086.q3","","","","","","corroborated","Wikipedia and World History Encyclopedia (Lighthouse of Alexandria): built by Sostratus of Cnidus under Ptolemy II (280 to 247 BCE); one of the Seven Wonders. (https://en.wikipedia.org/wiki/Lighthouse_of_Alexandria https://www.worldhistory.org/Lighthouse_of_Alexandria/)",""
"fact.ancient_egypt.pharos_height","source.brit_pharos_lighthouse","unverified","The Pharos lighthouse was more than 110 metres high; the only taller human-made structures of its time would have been the pyramids of Giza.","https://www.britannica.com/topic/Pharos-of-Alexandria","L86 card.ancient_egypt.086.c2","L86 question.ancient_egypt.086.q1; L86 question.ancient_egypt.086.q3","","","","","","corroborated","Wikipedia (Lighthouse of Alexandria): estimated at 103 to 118 m, at least 100 m overall, among the tallest structures of the ancient world. (https://en.wikipedia.org/wiki/Lighthouse_of_Alexandria)","one-page weak-pages"
"fact.ancient_egypt.pharos_fire","source.brit_pharos_lighthouse","unverified","According to ancient sources, a broad spiral ramp led to the top of the lighthouse, where a fire burned at night.","https://www.britannica.com/topic/Pharos-of-Alexandria","L86 card.ancient_egypt.086.c2","L86 question.ancient_egypt.086.q1; L86 question.ancient_egypt.086.q3","","","","","","corroborated","World History Encyclopedia (Lighthouse of Alexandria): a fire at the top was kept burning at night to guide ships into the harbor. (https://www.worldhistory.org/Lighthouse_of_Alexandria/)","one-page"
"fact.ancient_egypt.pharos_end","source.brit_pharos_lighthouse","unverified","The lighthouse was destroyed by an earthquake in the 1300s, and in 1477 the sultan Qaitbay built a fort from its ruins.","https://www.britannica.com/topic/Pharos-of-Alexandria","L86 card.ancient_egypt.086.c2","L86 question.ancient_egypt.086.q1; L86 question.ancient_egypt.086.q3","","","","","","corroborated","Wikipedia (Lighthouse of Alexandria, Citadel of Qaitbay): earthquakes in 1303 and 1323 finished the ruin; Qaitbay began his fortress on the site in 1477 using its stones. (https://en.wikipedia.org/wiki/Citadel_of_Qaitbay https://en.wikipedia.org/wiki/Lighthouse_of_Alexandria)","weak-pages"
"fact.ancient_egypt.library_founded","source.brit_library_alexandria","unverified","Around 295 BCE, Ptolemy I charged Demetrius of Phaleron with founding the Library of Alexandria and the Mouseion, a research institute for scholars.","https://www.britannica.com/topic/Library-of-Alexandria","L86 card.ancient_egypt.086.c3","","","","","","","corroborated","World History Encyclopedia (Library of Alexandria): proposed by Ptolemy I Soter and built under Ptolemy II; Demetrius of Phalerum advised on its founding. (https://www.worldhistory.org/Library_of_Alexandria/)","one-page"
"fact.ancient_egypt.library_founded","source.brit_ptolemy_i_soter","unverified","Around 295 BCE, Ptolemy I charged Demetrius of Phaleron with founding the Library of Alexandria and the Mouseion, a research institute for scholars.","https://www.britannica.com/biography/Ptolemy-I-Soter","L86 card.ancient_egypt.086.c3","","","","","","","corroborated","World History Encyclopedia (Library of Alexandria): proposed by Ptolemy I Soter and built under Ptolemy II; Demetrius of Phalerum advised on its founding. (https://www.worldhistory.org/Library_of_Alexandria/)","one-page"
"fact.ancient_egypt.library_all_books_ships","source.brit_library_alexandria","unverified","The Library aimed to gather all the books in the world, and books found on ships entering Alexandria were confiscated or copied for it.","https://www.britannica.com/topic/Library-of-Alexandria","L86 card.ancient_egypt.086.c1; L86 card.ancient_egypt.086.c3","","","","","","","corroborated","World History Encyclopedia (Library of Alexandria): every ship entering the port was searched; books were copied and the originals kept, with copies returned to owners. (https://www.worldhistory.org/Library_of_Alexandria/)","one-page"
"fact.ancient_egypt.library_48bce_damage","source.brit_library_alexandria","unverified","At least part of the Library was damaged in 48 BCE during Julius Caesar’s civil war, but scholars seem to have kept working there afterward.","https://www.britannica.com/topic/Library-of-Alexandria","L86 card.ancient_egypt.086.c4","L86 question.ancient_egypt.086.q2","","","","","","corroborated","HISTORY (What destroyed the Library of Alexandria?): Caesar’s harbor fire in 48 BCE burned at least part of the library, but scholars such as Strabo worked there later. (https://www.history.com/articles/library-of-alexandria-destroyed)","one-page"
"fact.ancient_egypt.library_48bce_damage","source.natgeo_library_alexandria","unverified","At least part of the Library was damaged in 48 BCE during Julius Caesar’s civil war, but scholars seem to have kept working there afterward.","https://www.nationalgeographic.com/history/article/who-burned-library-of-alexandria-egypt","L86 card.ancient_egypt.086.c4","L86 question.ancient_egypt.086.q2","","","","","","corroborated","HISTORY (What destroyed the Library of Alexandria?): Caesar’s harbor fire in 48 BCE burned at least part of the library, but scholars such as Strabo worked there later. (https://www.history.com/articles/library-of-alexandria-destroyed)","one-page"
"fact.ancient_egypt.library_slow_decline","source.natgeo_library_alexandria","unverified","Historians describe the Library of Alexandria’s end as a slow decline through neglect and several blows over centuries, not a single fire, and its causes are still debated.","https://www.nationalgeographic.com/history/article/who-burned-library-of-alexandria-egypt","L86 card.ancient_egypt.086.c1; L86 card.ancient_egypt.086.c4; L90 card.ancient_egypt.090.c3","L86 question.ancient_egypt.086.q2","","","","","","corroborated","TIME (The Real Lesson of the Burning of the Library of Alexandria) and HISTORY: the single catastrophic fire is a myth; the library declined over centuries of neglect punctuated by smaller losses. (https://time.com/5912689/library-of-alexandria-burning/ https://www.history.com/articles/library-of-alexandria-destroyed)",""
"fact.ancient_egypt.library_slow_decline","source.brit_library_alexandria","unverified","Historians describe the Library of Alexandria’s end as a slow decline through neglect and several blows over centuries, not a single fire, and its causes are still debated.","https://www.britannica.com/topic/Library-of-Alexandria","L86 card.ancient_egypt.086.c1; L86 card.ancient_egypt.086.c4; L90 card.ancient_egypt.090.c3","L86 question.ancient_egypt.086.q2","","","","","","corroborated","TIME (The Real Lesson of the Burning of the Library of Alexandria) and HISTORY: the single catastrophic fire is a myth; the library declined over centuries of neglect punctuated by smaller losses. (https://time.com/5912689/library-of-alexandria-burning/ https://www.history.com/articles/library-of-alexandria-destroyed)",""
"fact.ancient_egypt.library_arab_myth","source.natgeo_library_alexandria","unverified","Modern historians call the story that Arab conquerors burned the Library of Alexandria a myth.","https://www.nationalgeographic.com/history/article/who-burned-library-of-alexandria-egypt","L86 card.ancient_egypt.086.c4","L86 question.ancient_egypt.086.q2","","","","","","corroborated","HISTORY and TIME: the tale of Caliph Omar ordering the books burned appears centuries later and is considered unreliable by historians. (https://www.history.com/articles/library-of-alexandria-destroyed https://time.com/5912689/library-of-alexandria-burning/)",""
"fact.ancient_egypt.ptolemy_general_to_king","source.brit_ptolemy_i_soter","unverified","Ptolemy I, a Macedonian general of Alexander the Great, became satrap (governor) of Egypt after Alexander’s death in 323 BCE and proclaimed himself king in 305 BCE.","https://www.britannica.com/biography/Ptolemy-I-Soter","L87 card.ancient_egypt.087.c1; L87 card.ancient_egypt.087.c2","L87 question.ancient_egypt.087.q1","","","","","","corroborated","Wikipedia (Ptolemy I Soter) and History Hit: Alexander’s general Ptolemy became satrap of Egypt in the 323 BCE division of the empire and took the title of king in 305 BCE. (https://en.wikipedia.org/wiki/Ptolemy_I_Soter https://www.historyhit.com/alexander-corpse/)",""
"fact.ancient_egypt.ptolemaic_span","source.brit_ptolemaic_dynasty","unverified","The Ptolemaic dynasty ruled Egypt from 305 BCE until Cleopatra VII’s death in 30 BCE; counted from Ptolemy’s start as governor in 323 BCE, that is almost 300 years.","https://www.britannica.com/topic/Ptolemaic-dynasty","L87 card.ancient_egypt.087.c1; L87 card.ancient_egypt.087.c2","L87 question.ancient_egypt.087.q1","","","","","","corroborated","Wikipedia (Ptolemaic Kingdom): founded 305 BCE and ended with the death of Cleopatra in 30 BCE; Ptolemy governed Egypt as satrap from 323 BCE. (https://en.wikipedia.org/wiki/Ptolemaic_Kingdom)","one-page weak-pages"
"fact.ancient_egypt.ptolemaic_span","source.brit_ptolemy_i_soter","unverified","The Ptolemaic dynasty ruled Egypt from 305 BCE until Cleopatra VII’s death in 30 BCE; counted from Ptolemy’s start as governor in 323 BCE, that is almost 300 years.","https://www.britannica.com/biography/Ptolemy-I-Soter","L87 card.ancient_egypt.087.c1; L87 card.ancient_egypt.087.c2","L87 question.ancient_egypt.087.q1","","","","","","corroborated","Wikipedia (Ptolemaic Kingdom): founded 305 BCE and ended with the death of Cleopatra in 30 BCE; Ptolemy governed Egypt as satrap from 323 BCE. (https://en.wikipedia.org/wiki/Ptolemaic_Kingdom)","one-page weak-pages"
"fact.ancient_egypt.ptolemies_all_named_ptolemy","source.brit_ptolemaic_dynasty","unverified","The dynasty’s kings were all named Ptolemy, numbered from Ptolemy I to Ptolemy XV.","https://www.britannica.com/topic/Ptolemaic-dynasty","L87 card.ancient_egypt.087.c1; L87 card.ancient_egypt.087.c2","L87 question.ancient_egypt.087.q1","","","","","","corroborated","Wikipedia (Ptolemaic dynasty): all male rulers took the name Ptolemy; the last was Ptolemy XV Caesarion. (https://en.wikipedia.org/wiki/Ptolemaic_dynasty)","one-page weak-pages"
"fact.ancient_egypt.ptolemies_pharaoh_style","source.brit_ptolemaic_dynasty","unverified","The Ptolemies supported Egyptian religious foundations and appeared on temple reliefs in the traditional pharaonic style.","https://www.britannica.com/topic/Ptolemaic-dynasty","L87 card.ancient_egypt.087.c3; L90 card.ancient_egypt.090.c3","L87 question.ancient_egypt.087.q2; L87 question.ancient_egypt.087.q3; L89 question.ancient_egypt.089.q3; L90 question.ancient_egypt.090.q4","","","","","","corroborated","World History Encyclopedia (Ptolemy II Philadelphus): the Ptolemies built and endowed Egyptian temples and were depicted as traditional pharaohs to legitimize their rule. (https://www.worldhistory.org/Ptolemy_II_Philadelphus/)","one-page"
"fact.ancient_egypt.ptolemy_serapis","source.brit_serapis","unverified","Ptolemy I promoted Serapis, a god with Egyptian roots given many Greek features, whose cult fused Egyptian and Greek religion.","https://www.britannica.com/topic/Serapis","L87 card.ancient_egypt.087.c3; L89 card.ancient_egypt.089.c3","L87 question.ancient_egypt.087.q2; L87 question.ancient_egypt.087.q3; L89 question.ancient_egypt.089.q3; L90 question.ancient_egypt.090.q4","","","","","","corroborated","World History Encyclopedia (Serapis): a Graeco-Egyptian god developed under Ptolemy I, blending Osiris and Apis with Zeus to unite Egyptian and Greek subjects. (https://www.worldhistory.org/Serapis/)","one-page"
"fact.ancient_egypt.ptolemy_serapis","source.brit_ptolemaic_dynasty","unverified","Ptolemy I promoted Serapis, a god with Egyptian roots given many Greek features, whose cult fused Egyptian and Greek religion.","https://www.britannica.com/topic/Ptolemaic-dynasty","L87 card.ancient_egypt.087.c3; L89 card.ancient_egypt.089.c3","L87 question.ancient_egypt.087.q2; L87 question.ancient_egypt.087.q3; L89 question.ancient_egypt.089.q3; L90 question.ancient_egypt.090.q4","","","","","","corroborated","World History Encyclopedia (Serapis): a Graeco-Egyptian god developed under Ptolemy I, blending Osiris and Apis with Zeus to unite Egyptian and Greek subjects. (https://www.worldhistory.org/Serapis/)","one-page"
"fact.ancient_egypt.manetho_under_ptolemies","source.brit_manetho","unverified","Manetho wrote his Greek history of Egypt around 300 BCE, early in the rule of the Ptolemies.","https://www.britannica.com/biography/Manetho","L87 card.ancient_egypt.087.c3","L87 question.ancient_egypt.087.q2; L87 question.ancient_egypt.087.q3; L89 question.ancient_egypt.089.q3; L90 question.ancient_egypt.090.q4","","","","","","corroborated","Wikipedia (Manetho): an Egyptian priest of the early Ptolemaic era (3rd century BCE) who wrote the Aegyptiaca in Greek, reportedly for Ptolemy I or II. (https://en.wikipedia.org/wiki/Manetho)","one-page weak-pages"
"fact.ancient_egypt.manetho_under_ptolemies","source.brit_ptolemaic_dynasty","unverified","Manetho wrote his Greek history of Egypt around 300 BCE, early in the rule of the Ptolemies.","https://www.britannica.com/topic/Ptolemaic-dynasty","L87 card.ancient_egypt.087.c3","L87 question.ancient_egypt.087.q2; L87 question.ancient_egypt.087.q3; L89 question.ancient_egypt.089.q3; L90 question.ancient_egypt.090.q4","","","","","","corroborated","Wikipedia (Manetho): an Egyptian priest of the early Ptolemaic era (3rd century BCE) who wrote the Aegyptiaca in Greek, reportedly for Ptolemy I or II. (https://en.wikipedia.org/wiki/Manetho)","one-page weak-pages"
"fact.ancient_egypt.ptolemy_ii_arsinoe","source.brit_ptolemaic_dynasty","unverified","Ptolemy II married his full sister, Arsinoe II, which became a distinctive feature of the dynasty.","https://www.britannica.com/topic/Ptolemaic-dynasty","L87 card.ancient_egypt.087.c4","","","","","","","corroborated","World History Encyclopedia (Ptolemy II Philadelphus): he was the first pharaoh of the dynasty to marry his full sister, Arsinoe II. (https://www.worldhistory.org/Ptolemy_II_Philadelphus/)","one-page"
"fact.ancient_egypt.ptolemies_cleopatra_egyptian","source.brit_cleopatra","unverified","According to the ancient writer Plutarch, Cleopatra VII alone of the Ptolemies took the trouble to learn Egyptian.","https://www.britannica.com/biography/Cleopatra-queen-of-Egypt","L87 card.ancient_egypt.087.c4","","","","","","","corroborated","Wikipedia (Cleopatra): Plutarch says she was the first Ptolemaic ruler to learn the Egyptian language. (https://en.wikipedia.org/wiki/Cleopatra)","one-page weak-pages"
"fact.ancient_egypt.rome_egypt_private_province","source.whe_roman_egypt","unverified","After 30 BCE, Octavian (the future emperor Augustus) treated Egypt as his own private kingdom, as heir of the Ptolemies, and it was run by a prefect appointed by the emperor.","https://www.worldhistory.org/Roman_Egypt/","L88 card.ancient_egypt.088.c2","L88 question.ancient_egypt.088.q2","","","","","","corroborated","UNRV (Why Egypt was the emperor’s personal province) and Wikipedia (Roman Egypt): Augustus kept Egypt under direct imperial control through an equestrian prefect. (https://www.unrv.com/articles/why-egypt-was-the-emperors-personal-province.php https://en.wikipedia.org/wiki/Egypt_(Roman_province))",""
"fact.ancient_egypt.rome_egypt_private_province","source.brit_cleopatra","unverified","After 30 BCE, Octavian (the future emperor Augustus) treated Egypt as his own private kingdom, as heir of the Ptolemies, and it was run by a prefect appointed by the emperor.","https://www.britannica.com/biography/Cleopatra-queen-of-Egypt","L88 card.ancient_egypt.088.c2","L88 question.ancient_egypt.088.q2","","","","","","corroborated","UNRV (Why Egypt was the emperor’s personal province) and Wikipedia (Roman Egypt): Augustus kept Egypt under direct imperial control through an equestrian prefect. (https://www.unrv.com/articles/why-egypt-was-the-emperors-personal-province.php https://en.wikipedia.org/wiki/Egypt_(Roman_province))",""
"fact.ancient_egypt.rome_senators_barred","source.whe_roman_egypt","unverified","Roman senators were forbidden to visit Egypt without the emperor’s permission.","https://www.worldhistory.org/Roman_Egypt/","L88 card.ancient_egypt.088.c2","L88 question.ancient_egypt.088.q2","","","","","","corroborated","Imperium Romanum and UNRV: by Augustus’s decree no senator could enter Egypt without the emperor’s permission, because the province could be a usurper’s power base. (https://imperiumromanum.pl/en/curiosities/senators-in-egypt/ https://www.unrv.com/articles/why-egypt-was-the-emperors-personal-province.php)",""
"fact.ancient_egypt.rome_breadbasket","source.whe_roman_egypt","unverified","Under Rome, Egypt’s granaries became Rome’s property, and Egypt became the breadbasket of the empire.","https://www.worldhistory.org/Roman_Egypt/","L88 card.ancient_egypt.088.c3; L90 card.ancient_egypt.090.c3","L88 question.ancient_egypt.088.q1","","","","","","corroborated","UNRV (How Roman Egypt fed the city of Rome): Egyptian grain shipped from Alexandria was central to feeding Rome. (https://www.unrv.com/articles/how-roman-egypt-fed-the-city-of-rome.php)","one-page"
"fact.ancient_egypt.josephus_four_months","source.gutenberg_josephus_wars","unverified","The historian Josephus, writing in the 1st century CE, said Egypt sent Rome enough grain to feed it for four months of the year, besides paying tribute in money.","https://www.gutenberg.org/files/2850/2850-h/2850-h.htm","L88 card.ancient_egypt.088.c1; L88 card.ancient_egypt.088.c3","L88 question.ancient_egypt.088.q1","","","","","","corroborated","UNRV and Wikipedia (Cura annonae): Josephus (Jewish War 2.386) says Egypt supplied Rome with grain for four months of the year and Africa for eight. (https://www.unrv.com/articles/how-roman-egypt-fed-the-city-of-rome.php https://en.wikipedia.org/wiki/Cura_annonae)",""
"fact.ancient_egypt.josephus_desert_walls","source.gutenberg_josephus_wars","unverified","Josephus noted that Egypt was walled round by almost impassable deserts, harborless seas and rivers, yet it still submitted to Rome.","https://www.gutenberg.org/files/2850/2850-h/2850-h.htm","L88 card.ancient_egypt.088.c4","L88 question.ancient_egypt.088.q3","","","","","","corroborated","Lexundria text of Josephus, Wars 2.385 to 2.386: Egypt is fenced by deserts, harborless seas and rivers, yet two legions in Alexandria hold it for Rome. (https://lexundria.com/j_bj/2.333-2.404/wst)","one-page"
"fact.ancient_egypt.christianity_st_mark","source.brit_copt","unverified","Christianity is said to have been brought to Alexandria by St. Mark in the first half of the 1st century CE, and it spread quickly throughout Egypt.","https://www.britannica.com/topic/Copt","L89 card.ancient_egypt.089.c2","","","","","","","corroborated","Britannica summary (Coptic Orthodox Church) and Wikipedia (Coptic Orthodox Church): the church traces its founding to St. Mark in Alexandria in the 1st century. (https://www.britannica.com/summary/Coptic-Orthodox-Church-of-Alexandria https://en.wikipedia.org/wiki/Coptic_Orthodox_Church)",""
"fact.ancient_egypt.copts_coptic_language","source.brit_copt","unverified","The Copts, Egypt’s Christians, descend from pre-Islamic Egyptians who spoke Coptic, a late form of the Egyptian language.","https://www.britannica.com/topic/Copt","L89 card.ancient_egypt.089.c2","","","","","","","corroborated","Britannica (Who are the Copts?) and Wikipedia (Coptic language): Coptic is the latest stage of the Egyptian language, spoken by Egypt’s Christians. (https://www.britannica.com/question/Who-are-the-Copts https://en.wikipedia.org/wiki/Coptic_language)",""
"fact.ancient_egypt.serapeum_destroyed_391","source.brit_serapis","unverified","In 391 CE Theophilus, the patriarch of Alexandria, and his followers destroyed the Serapeum at Alexandria, and other pagan temples were destroyed too, with Emperor Theodosius I’s encouragement.","https://www.britannica.com/topic/Serapis","L89 card.ancient_egypt.089.c1; L89 card.ancient_egypt.089.c3","L89 question.ancient_egypt.089.q1; L89 question.ancient_egypt.089.q3","","","","","","corroborated","National Geographic (Library of Alexandria): Christians tore down the Serapeum in 391; Wikipedia (Serapeum of Alexandria) dates its destruction to 391 under Theophilus. (https://www.nationalgeographic.com/history/article/who-burned-library-of-alexandria-egypt https://en.wikipedia.org/wiki/Serapeum_of_Alexandria)",""
"fact.ancient_egypt.philae_last_hieroglyphs_394","source.memphis_philae_hieroglyph","unverified","The last known hieroglyphic inscription, carved at the temple of Philae, is dated 394 CE.","https://www.memphis.edu/egypt/resources/colortour/philae2.php","L89 card.ancient_egypt.089.c3","L89 question.ancient_egypt.089.q1; L89 question.ancient_egypt.089.q3","","","","","","corroborated","Wikipedia (Graffito of Esmet-Akhom) and HistoryofInformation: the last known hieroglyphic inscription was carved at Philae on 24 August 394 CE. (https://en.wikipedia.org/wiki/Graffito_of_Esmet-Akhom https://www.historyofinformation.com/detail.php?entryid=3974)",""
"fact.ancient_egypt.philae_last_hieroglyphs_394","source.brit_hieroglyph","unverified","The last known hieroglyphic inscription, carved at the temple of Philae, is dated 394 CE.","https://www.britannica.com/topic/hieroglyph","L89 card.ancient_egypt.089.c3","L89 question.ancient_egypt.089.q1; L89 question.ancient_egypt.089.q3","","","","","","corroborated","Wikipedia (Graffito of Esmet-Akhom) and HistoryofInformation: the last known hieroglyphic inscription was carved at Philae on 24 August 394 CE. (https://en.wikipedia.org/wiki/Graffito_of_Esmet-Akhom https://www.historyofinformation.com/detail.php?entryid=3974)",""
"fact.ancient_egypt.philae_closed_justinian","source.brit_philae","unverified","The Temple of Isis at Philae flourished in Roman times and was not closed until the reign of Justinian I (527 to 565 CE); late in his reign it was made into a church.","https://www.britannica.com/place/Philae-island-Egypt","L89 card.ancient_egypt.089.c1; L89 card.ancient_egypt.089.c3","L89 question.ancient_egypt.089.q1; L89 question.ancient_egypt.089.q3","","","","","","corroborated","Wikipedia (Philae temple complex, Graffito of Esmet-Akhom): Justinian ordered the temple closed between 535 and 537 CE, and it was converted into a church. (https://en.wikipedia.org/wiki/Philae_temple_complex https://en.wikipedia.org/wiki/Graffito_of_Esmet-Akhom)","weak-pages"
"fact.ancient_egypt.arab_conquest_642","source.brit_amr_ibn_al_as","unverified","Arab forces under ʿAmr ibn al-ʿĀṣ defeated Byzantine armies in 640 and 641 CE and entered Alexandria, Egypt’s capital, in 642 CE.","https://www.britannica.com/biography/Amr-ibn-al-As","L89 card.ancient_egypt.089.c4; L90 card.ancient_egypt.090.c2","L89 question.ancient_egypt.089.q2","","","","","","corroborated","OpenStax World History (Arab-Islamic conquests): Muslim armies took Alexandria in 641 to 642; Wikipedia (Muslim conquest of Egypt) dates the conquest 639 to 642. (https://openstax.org/books/world-history-volume-1/pages/11-2-the-arab-islamic-conquests-and-the-first-islamic-states https://en.wikipedia.org/wiki/Muslim_conquest_of_Egypt)",""
"fact.ancient_egypt.arab_conquest_642","source.brit_alexandria_city","unverified","Arab forces under ʿAmr ibn al-ʿĀṣ defeated Byzantine armies in 640 and 641 CE and entered Alexandria, Egypt’s capital, in 642 CE.","https://www.britannica.com/place/Alexandria-Egypt","L89 card.ancient_egypt.089.c4; L90 card.ancient_egypt.090.c2","L89 question.ancient_egypt.089.q2","","","","","","corroborated","OpenStax World History (Arab-Islamic conquests): Muslim armies took Alexandria in 641 to 642; Wikipedia (Muslim conquest of Egypt) dates the conquest 639 to 642. (https://openstax.org/books/world-history-volume-1/pages/11-2-the-arab-islamic-conquests-and-the-first-islamic-states https://en.wikipedia.org/wiki/Muslim_conquest_of_Egypt)",""
"fact.ancient_egypt.islam_gradual_majority","source.saleh_egypt_islamization","unverified","Egypt was mostly Christian at the Arab conquest and became Muslim gradually over the following centuries; historians have no definite answer for when Muslims became the majority.","https://meea.sites.luc.edu/volume12/PDFS/Saleh_Historical%20Origins%20of%20Inter-Religion%20differences.pdf","L89 card.ancient_egypt.089.c4","L89 question.ancient_egypt.089.q2","","","","","","corroborated","Wikipedia (Islamization of Egypt): conversion was gradual, and estimates of when Muslims became the majority range from the 9th to the 14th century. (https://en.wikipedia.org/wiki/Islamization_of_Egypt)","one-page weak-pages"
"fact.ancient_egypt.coptic_church_arabic","source.brit_copt","unverified","In the 12th century the Coptic church officially adopted Arabic for use alongside the Coptic language.","https://www.britannica.com/topic/Copt","L89 card.ancient_egypt.089.c4","L89 question.ancient_egypt.089.q2","","","","","","corroborated","Britannica search summary (Egypt: Languages): by the 12th century Arabic was in common use even among Christian Copts, whose tongue survived only as a liturgical language. (https://www.britannica.com/place/Egypt/Languages)","one-page"
"fact.ancient_egypt.decline_rulers_sequence","source.gem_third_intermediate","unverified","After the New Kingdom, Egypt’s rulers included Libyans, Kushites, Persians, Macedonian Greeks, Romans and later Arabs, with a last spell of native kings from 404 to 343 BCE.","https://www.globalegyptianmuseum.org/glossary.aspx?id=30","L90 card.ancient_egypt.090.c2; L90 card.ancient_egypt.090.c3","L90 question.ancient_egypt.090.q1; L90 question.ancient_egypt.090.q4","","","","","","corroborated","Wikipedia (Late Period of ancient Egypt, History of ancient Egypt): after the New Kingdom came Libyan and Kushite dynasties, two Persian periods around native Dynasties 28 to 30, then Macedonian, Ptolemaic, Roman and Arab rule. (https://en.wikipedia.org/wiki/Late_Period_of_ancient_Egypt https://en.wikipedia.org/wiki/History_of_ancient_Egypt)","weak-pages"
"fact.ancient_egypt.decline_rulers_sequence","source.brit_sudan_kush","unverified","After the New Kingdom, Egypt’s rulers included Libyans, Kushites, Persians, Macedonian Greeks, Romans and later Arabs, with a last spell of native kings from 404 to 343 BCE.","https://www.britannica.com/place/Sudan/The-kingdom-of-Kush","L90 card.ancient_egypt.090.c2; L90 card.ancient_egypt.090.c3","L90 question.ancient_egypt.090.q1; L90 question.ancient_egypt.090.q4","","","","","","corroborated","Wikipedia (Late Period of ancient Egypt, History of ancient Egypt): after the New Kingdom came Libyan and Kushite dynasties, two Persian periods around native Dynasties 28 to 30, then Macedonian, Ptolemaic, Roman and Arab rule. (https://en.wikipedia.org/wiki/Late_Period_of_ancient_Egypt https://en.wikipedia.org/wiki/History_of_ancient_Egypt)","weak-pages"
"fact.ancient_egypt.decline_rulers_sequence","source.brit_persian_egypt","unverified","After the New Kingdom, Egypt’s rulers included Libyans, Kushites, Persians, Macedonian Greeks, Romans and later Arabs, with a last spell of native kings from 404 to 343 BCE.","https://www.britannica.com/topic/Persian-Egypt","L90 card.ancient_egypt.090.c2; L90 card.ancient_egypt.090.c3","L90 question.ancient_egypt.090.q1; L90 question.ancient_egypt.090.q4","","","","","","corroborated","Wikipedia (Late Period of ancient Egypt, History of ancient Egypt): after the New Kingdom came Libyan and Kushite dynasties, two Persian periods around native Dynasties 28 to 30, then Macedonian, Ptolemaic, Roman and Arab rule. (https://en.wikipedia.org/wiki/Late_Period_of_ancient_Egypt https://en.wikipedia.org/wiki/History_of_ancient_Egypt)","weak-pages"
"fact.ancient_egypt.decline_rulers_sequence","source.brit_ptolemaic_dynasty","unverified","After the New Kingdom, Egypt’s rulers included Libyans, Kushites, Persians, Macedonian Greeks, Romans and later Arabs, with a last spell of native kings from 404 to 343 BCE.","https://www.britannica.com/topic/Ptolemaic-dynasty","L90 card.ancient_egypt.090.c2; L90 card.ancient_egypt.090.c3","L90 question.ancient_egypt.090.q1; L90 question.ancient_egypt.090.q4","","","","","","corroborated","Wikipedia (Late Period of ancient Egypt, History of ancient Egypt): after the New Kingdom came Libyan and Kushite dynasties, two Persian periods around native Dynasties 28 to 30, then Macedonian, Ptolemaic, Roman and Arab rule. (https://en.wikipedia.org/wiki/Late_Period_of_ancient_Egypt https://en.wikipedia.org/wiki/History_of_ancient_Egypt)","weak-pages"
"fact.ancient_egypt.decline_rulers_sequence","source.brit_amr_ibn_al_as","unverified","After the New Kingdom, Egypt’s rulers included Libyans, Kushites, Persians, Macedonian Greeks, Romans and later Arabs, with a last spell of native kings from 404 to 343 BCE.","https://www.britannica.com/biography/Amr-ibn-al-As","L90 card.ancient_egypt.090.c2; L90 card.ancient_egypt.090.c3","L90 question.ancient_egypt.090.q1; L90 question.ancient_egypt.090.q4","","","","","","corroborated","Wikipedia (Late Period of ancient Egypt, History of ancient Egypt): after the New Kingdom came Libyan and Kushite dynasties, two Persian periods around native Dynasties 28 to 30, then Macedonian, Ptolemaic, Roman and Arab rule. (https://en.wikipedia.org/wiki/Late_Period_of_ancient_Egypt https://en.wikipedia.org/wiki/History_of_ancient_Egypt)","weak-pages"
"fact.ancient_egypt.hieroglyphs_unread_1400_years","source.brit_hieroglyph","unverified","From the last known hieroglyphic inscription in 394 CE to Champollion’s breakthrough in 1822, more than 1,400 years passed in which no one could read hieroglyphs.","https://www.britannica.com/topic/hieroglyph","L91 card.ancient_egypt.091.c1; L91 card.ancient_egypt.091.c4","L91 question.ancient_egypt.091.q2; L92 question.ancient_egypt.092.q3; L93 question.ancient_egypt.093.q3","","","","","","corroborated","Encyclopedia summaries: after the last inscription of 394 CE the meaning of hieroglyphs was lost until Champollion’s decipherment of 1822 (1822 minus 394 is 1,428 years). (https://en.wikipedia.org/wiki/Decipherment_of_ancient_Egyptian_scripts https://www.britannica.com/biography/Horapollon)",""
"fact.ancient_egypt.hieroglyphs_unread_1400_years","source.brit_champollion","unverified","From the last known hieroglyphic inscription in 394 CE to Champollion’s breakthrough in 1822, more than 1,400 years passed in which no one could read hieroglyphs.","https://www.britannica.com/biography/Jean-Francois-Champollion","L91 card.ancient_egypt.091.c1; L91 card.ancient_egypt.091.c4","L91 question.ancient_egypt.091.q2; L92 question.ancient_egypt.092.q3; L93 question.ancient_egypt.093.q3","","","","","","corroborated","Encyclopedia summaries: after the last inscription of 394 CE the meaning of hieroglyphs was lost until Champollion’s decipherment of 1822 (1822 minus 394 is 1,428 years). (https://en.wikipedia.org/wiki/Decipherment_of_ancient_Egyptian_scripts https://www.britannica.com/biography/Horapollon)",""
"fact.ancient_egypt.last_hieroglyphs_philae_394","source.memphis_philae_last_hieroglyphs","unverified","The last known hieroglyphic inscription in Egypt was carved in 394 CE at the Temple of Isis at Philae; its signs are crude but still readable.","https://www.memphis.edu/egypt/resources/colortour/philae2.php","L91 card.ancient_egypt.091.c2; L91 card.ancient_egypt.091.c1; L93 card.ancient_egypt.093.c4","L91 question.ancient_egypt.091.q1; L91 question.ancient_egypt.091.q3; L92 question.ancient_egypt.092.q3","","","","","","corroborated","The Graffito of Esmet-Akhom at Philae, dated 24 August 394 CE, is the last known inscription in Egyptian hieroglyphs; Britannica gives 394 CE as the last known use. (https://en.wikipedia.org/wiki/Graffito_of_Esmet-Akhom https://en.wikipedia.org/wiki/Decipherment_of_ancient_Egyptian_scripts)","weak-pages"
"fact.ancient_egypt.last_hieroglyphs_philae_394","source.brit_hieroglyph","unverified","The last known hieroglyphic inscription in Egypt was carved in 394 CE at the Temple of Isis at Philae; its signs are crude but still readable.","https://www.britannica.com/topic/hieroglyph","L91 card.ancient_egypt.091.c2; L91 card.ancient_egypt.091.c1; L93 card.ancient_egypt.093.c4","L91 question.ancient_egypt.091.q1; L91 question.ancient_egypt.091.q3; L92 question.ancient_egypt.092.q3","","","","","","corroborated","The Graffito of Esmet-Akhom at Philae, dated 24 August 394 CE, is the last known inscription in Egyptian hieroglyphs; Britannica gives 394 CE as the last known use. (https://en.wikipedia.org/wiki/Graffito_of_Esmet-Akhom https://en.wikipedia.org/wiki/Decipherment_of_ancient_Egyptian_scripts)","weak-pages"
"fact.ancient_egypt.hieroglyphs_outlived_roman_conquest","source.memphis_philae_last_hieroglyphs","unverified","Hieroglyphs were still carved for more than four centuries after Egypt became a Roman province in 30 BCE, until 394 CE.","https://www.memphis.edu/egypt/resources/colortour/philae2.php","L91 card.ancient_egypt.091.c2","L91 question.ancient_egypt.091.q1; L91 question.ancient_egypt.091.q3","","","","","","corroborated","Egypt became a Roman province in 30 BCE and the last known hieroglyphic inscription is dated 394 CE, 423 years later. (https://en.wikipedia.org/wiki/Graffito_of_Esmet-Akhom https://www.britannica.com/topic/hieroglyph)",""
"fact.ancient_egypt.hieroglyphs_outlived_roman_conquest","source.met_egypt_educators","unverified","Hieroglyphs were still carved for more than four centuries after Egypt became a Roman province in 30 BCE, until 394 CE.","https://resources.metmuseum.org/resources/metpublications/pdf/The_Art_of_Ancient_Egypt_A_Resource_for_Educators.pdf","L91 card.ancient_egypt.091.c2","L91 question.ancient_egypt.091.q1; L91 question.ancient_egypt.091.q3","","","","","","corroborated","Egypt became a Roman province in 30 BCE and the last known hieroglyphic inscription is dated 394 CE, 423 years later. (https://en.wikipedia.org/wiki/Graffito_of_Esmet-Akhom https://www.britannica.com/topic/hieroglyph)",""
"fact.ancient_egypt.christianity_greek_alphabet","source.brit_hieroglyph","unverified","As Christianity spread in Egypt, Egyptians abandoned hieroglyphs for an adapted form of the Greek alphabet.","https://www.britannica.com/topic/hieroglyph","L91 card.ancient_egypt.091.c3","L100 question.ancient_egypt.100.q5","","","","","","corroborated","The rise of Christianity led Egyptians to write their language in the Greek-derived Coptic alphabet instead of the old scripts. (https://en.wikipedia.org/wiki/Decipherment_of_ancient_Egyptian_scripts https://www.britannica.com/topic/Coptic-language)",""
"fact.ancient_egypt.coptic_last_stage","source.brit_coptic_language","unverified","Coptic, the final stage of the ancient Egyptian language, was written in the Greek alphabet plus seven letters borrowed from demotic.","https://www.britannica.com/topic/Coptic-language","L91 card.ancient_egypt.091.c3; L93 card.ancient_egypt.093.c4","L100 question.ancient_egypt.100.q5","","","","","","corroborated","Coptic is the latest stage of Egyptian, written with the Greek alphabet supplemented by six or seven signs taken from demotic. (https://en.wikipedia.org/wiki/Coptic_alphabet https://en.wikipedia.org/wiki/Coptic_language)","weak-pages"
"fact.ancient_egypt.horapollo_hieroglyphica","source.brit_horapollon","unverified","In the 5th century CE, the Greco-Egyptian scholar Horapollo wrote the Hieroglyphica, explaining hieroglyphs as symbols and allegories; he could not read them himself.","https://www.britannica.com/biography/Horapollon","L91 card.ancient_egypt.091.c4","L91 question.ancient_egypt.091.q2; L93 question.ancient_egypt.093.q3","","","","","","corroborated","Horapollo’s Hieroglyphica gave allegorical explanations of individual signs, many inaccurate, reflecting the Greek view of hieroglyphs as symbols. (https://en.wikipedia.org/wiki/Decipherment_of_ancient_Egyptian_scripts https://en.wikipedia.org/wiki/Horapollo)","weak-pages"
"fact.ancient_egypt.horapollo_renaissance","source.brit_horapollon","unverified","Horapollo’s Hieroglyphica was influential in the Renaissance, and the idea that hieroglyphs were symbols rather than sounds lasted until Champollion.","https://www.britannica.com/biography/Horapollon","L91 card.ancient_egypt.091.c4","L91 question.ancient_egypt.091.q2; L93 question.ancient_egypt.093.q3","","","","","","corroborated","The Hieroglyphica was rediscovered in 1419 and shaped Renaissance ideas of hieroglyphs as symbolic until the 19th-century decipherment. (https://en.wikipedia.org/wiki/Decipherment_of_ancient_Egyptian_scripts https://en.wikipedia.org/wiki/Horapollo)","weak-pages"
"fact.ancient_egypt.rosetta_found_1799","source.britishmuseum_rosetta_stone_blog","unverified","The Rosetta Stone was found in 1799 by French soldiers of Napoleon’s campaign in Egypt, digging the foundations of a fort near the port of Rashid, which Europeans called Rosetta.","https://www.britishmuseum.org/blog/everything-you-ever-wanted-know-about-rosetta-stone","L92 card.ancient_egypt.092.c1","","","","","","","corroborated","The stone was found in July 1799 by French soldiers rebuilding a fort near Rashid (Rosetta) during Napoleon’s Egyptian campaign. (https://en.wikipedia.org/wiki/Rosetta_Stone https://www.britannica.com/topic/Rosetta-Stone)",""
"fact.ancient_egypt.rosetta_found_1799","source.brit_rosetta_stone","unverified","The Rosetta Stone was found in 1799 by French soldiers of Napoleon’s campaign in Egypt, digging the foundations of a fort near the port of Rashid, which Europeans called Rosetta.","https://www.britannica.com/topic/Rosetta-Stone","L92 card.ancient_egypt.092.c1","","","","","","","corroborated","The stone was found in July 1799 by French soldiers rebuilding a fort near Rashid (Rosetta) during Napoleon’s Egyptian campaign. (https://en.wikipedia.org/wiki/Rosetta_Stone https://www.britannica.com/topic/Rosetta-Stone)",""
"fact.ancient_egypt.rosetta_three_scripts","source.britishmuseum_rosetta_stone_blog","unverified","The Rosetta Stone carries the same decree three times: in hieroglyphs, in demotic (everyday Egyptian handwriting) and in ancient Greek, the language of Egypt’s Macedonian Greek rulers.","https://www.britishmuseum.org/blog/everything-you-ever-wanted-know-about-rosetta-stone","L92 card.ancient_egypt.092.c1; L92 card.ancient_egypt.092.c2","L92 question.ancient_egypt.092.q1; L92 question.ancient_egypt.092.q2; L92 question.ancient_egypt.092.q3; L100 question.ancient_egypt.100.q4","","","","","","corroborated","Britannica: the decree is inscribed in hieroglyphic, demotic and Greek; Greek was the language of the Ptolemaic rulers. (https://www.britannica.com/topic/Rosetta-Stone https://en.wikipedia.org/wiki/Rosetta_Stone)",""
"fact.ancient_egypt.rosetta_three_scripts","source.brit_rosetta_stone","unverified","The Rosetta Stone carries the same decree three times: in hieroglyphs, in demotic (everyday Egyptian handwriting) and in ancient Greek, the language of Egypt’s Macedonian Greek rulers.","https://www.britannica.com/topic/Rosetta-Stone","L92 card.ancient_egypt.092.c1; L92 card.ancient_egypt.092.c2","L92 question.ancient_egypt.092.q1; L92 question.ancient_egypt.092.q2; L92 question.ancient_egypt.092.q3; L100 question.ancient_egypt.100.q4","","","","","","corroborated","Britannica: the decree is inscribed in hieroglyphic, demotic and Greek; Greek was the language of the Ptolemaic rulers. (https://www.britannica.com/topic/Rosetta-Stone https://en.wikipedia.org/wiki/Rosetta_Stone)",""
"fact.ancient_egypt.rosetta_greek_key","source.britishmuseum_eureka_champollion","unverified","Scholars could still read ancient Greek, so the Greek text of the Rosetta Stone gave them a known translation of the Egyptian scripts.","https://www.britishmuseum.org/blog/eureka-finding-key-ancient-egypt","L92 card.ancient_egypt.092.c2","L92 question.ancient_egypt.092.q1; L92 question.ancient_egypt.092.q2; L92 question.ancient_egypt.092.q3; L100 question.ancient_egypt.100.q4","","","","","","corroborated","The trilingual inscription let scholars use the known Greek translation to work on the Egyptian texts. (https://en.wikipedia.org/wiki/Decipherment_of_ancient_Egyptian_scripts https://www.britannica.com/topic/hieroglyph)",""
"fact.ancient_egypt.rosetta_decree_196","source.britishmuseum_rosetta_stone_blog","unverified","The Rosetta Stone decree was issued in 196 BCE by priests of a temple in Memphis, confirming the Macedonian king Ptolemy V as a divine ruler.","https://www.britishmuseum.org/blog/everything-you-ever-wanted-know-about-rosetta-stone","L92 card.ancient_egypt.092.c3","","","","","","","corroborated","Britannica: the decree of Ptolemy V was composed by the priests of Memphis in the ninth year of his reign (about 196 BCE). (https://www.britannica.com/topic/Rosetta-Stone https://en.wikipedia.org/wiki/Rosetta_Stone)",""
"fact.ancient_egypt.rosetta_decree_196","source.brit_rosetta_stone","unverified","The Rosetta Stone decree was issued in 196 BCE by priests of a temple in Memphis, confirming the Macedonian king Ptolemy V as a divine ruler.","https://www.britannica.com/topic/Rosetta-Stone","L92 card.ancient_egypt.092.c3","","","","","","","corroborated","Britannica: the decree of Ptolemy V was composed by the priests of Memphis in the ninth year of his reign (about 196 BCE). (https://www.britannica.com/topic/Rosetta-Stone https://en.wikipedia.org/wiki/Rosetta_Stone)",""
"fact.ancient_egypt.rosetta_to_british","source.brit_rosetta_stone","unverified","After the French surrender in Egypt in 1801 the Rosetta Stone passed to the British; it has been on display in the British Museum since 1802, except when moved to safety in the First World War.","https://www.britannica.com/topic/Rosetta-Stone","L92 card.ancient_egypt.092.c4; L97 card.ancient_egypt.097.c1; L94 card.ancient_egypt.094.c1","","","","","","","corroborated","Britannica: after the French surrender of Egypt in 1801 it passed into British hands and is now in the British Museum; it was presented to the museum in 1802. (https://www.britannica.com/topic/Rosetta-Stone https://en.wikipedia.org/wiki/Rosetta_Stone)",""
"fact.ancient_egypt.rosetta_to_british","source.britishmuseum_rosetta_stone_blog","unverified","After the French surrender in Egypt in 1801 the Rosetta Stone passed to the British; it has been on display in the British Museum since 1802, except when moved to safety in the First World War.","https://www.britishmuseum.org/blog/everything-you-ever-wanted-know-about-rosetta-stone","L92 card.ancient_egypt.092.c4; L97 card.ancient_egypt.097.c1; L94 card.ancient_egypt.094.c1","","","","","","","corroborated","Britannica: after the French surrender of Egypt in 1801 it passed into British hands and is now in the British Museum; it was presented to the museum in 1802. (https://www.britannica.com/topic/Rosetta-Stone https://en.wikipedia.org/wiki/Rosetta_Stone)",""
"fact.ancient_egypt.champollion_fainted_1822","source.britishmuseum_eureka_champollion","unverified","On 14 September 1822, Jean-Francois Champollion burst in on his brother, cried “Je tiens mon affaire!” (“I’ve got it!”) and collapsed in a faint.","https://www.britishmuseum.org/blog/eureka-finding-key-ancient-egypt","L93 card.ancient_egypt.093.c1","","","","","","","corroborated","Accounts of 14 September 1822: Champollion rushed to his brother’s office, declared “Je tiens l’affaire” and fainted. (https://www.smithsonianmag.com/history/rosetta-stone-hieroglyphs-champollion-decipherment-egypt-180980834/ https://en.wikipedia.org/wiki/Jean-Fran%C3%A7ois_Champollion)",""
"fact.ancient_egypt.champollion_fainted_1822","source.smithsonian_rosetta_200_years","unverified","On 14 September 1822, Jean-Francois Champollion burst in on his brother, cried “Je tiens mon affaire!” (“I’ve got it!”) and collapsed in a faint.","https://www.smithsonianmag.com/history/rosetta-stone-hieroglyphs-champollion-decipherment-egypt-180980834/","L93 card.ancient_egypt.093.c1","","","","","","","corroborated","Accounts of 14 September 1822: Champollion rushed to his brother’s office, declared “Je tiens l’affaire” and fainted. (https://www.smithsonianmag.com/history/rosetta-stone-hieroglyphs-champollion-decipherment-egypt-180980834/ https://en.wikipedia.org/wiki/Jean-Fran%C3%A7ois_Champollion)",""
"fact.ancient_egypt.young_rosetta_1814","source.brit_thomas_young","unverified","Thomas Young, an English physicist also known for his work on light, began studying the Rosetta Stone’s texts in 1814.","https://www.britannica.com/biography/Thomas-Young","L93 card.ancient_egypt.093.c2","L93 question.ancient_egypt.093.q1; L100 question.ancient_egypt.100.q6","","","","","","corroborated","Young, known for the double-slit experiment on light, started work on the Rosetta Stone in 1814. (https://en.wikipedia.org/wiki/Thomas_Young_(scientist) https://en.wikipedia.org/wiki/Decipherment_of_ancient_Egyptian_scripts)","weak-pages"
"fact.ancient_egypt.young_ptolemy_sounds","source.britishmuseum_decipherment_timeline","unverified","Thomas Young showed that some hieroglyphs on the Rosetta Stone wrote the sounds of a royal name, Ptolemy, and he made major advances in reading demotic.","https://www.britishmuseum.org/exhibitions/hieroglyphs-unlocking-ancient-egypt/egyptian-hieroglyphs-decipherment-timeline","L93 card.ancient_egypt.093.c2; L93 card.ancient_egypt.093.c1","L93 question.ancient_egypt.093.q1; L100 question.ancient_egypt.100.q6","","","","","","corroborated","Young’s 1819 article identified phonetic signs in the cartouche of Ptolemy and he largely deciphered demotic using the Greek text. (https://en.wikipedia.org/wiki/Decipherment_of_ancient_Egyptian_scripts https://en.wikipedia.org/wiki/Thomas_Young_(scientist))","weak-pages"
"fact.ancient_egypt.young_ptolemy_sounds","source.brit_thomas_young","unverified","Thomas Young showed that some hieroglyphs on the Rosetta Stone wrote the sounds of a royal name, Ptolemy, and he made major advances in reading demotic.","https://www.britannica.com/biography/Thomas-Young","L93 card.ancient_egypt.093.c2; L93 card.ancient_egypt.093.c1","L93 question.ancient_egypt.093.q1; L100 question.ancient_egypt.100.q6","","","","","","corroborated","Young’s 1819 article identified phonetic signs in the cartouche of Ptolemy and he largely deciphered demotic using the Greek text. (https://en.wikipedia.org/wiki/Decipherment_of_ancient_Egyptian_scripts https://en.wikipedia.org/wiki/Thomas_Young_(scientist))","weak-pages"
"fact.ancient_egypt.champollion_sign_count","source.britishmuseum_eureka_champollion","unverified","Champollion counted 1,419 hieroglyphic signs on the Rosetta Stone against 486 words in its Greek text, too many for each sign to be a whole idea.","https://www.britishmuseum.org/blog/eureka-finding-key-ancient-egypt","L93 card.ancient_egypt.093.c3","L93 question.ancient_egypt.093.q2; L93 question.ancient_egypt.093.q3; L99 question.ancient_egypt.099.q3","","","","","","corroborated","Champollion compared the 486 Greek words with 1,419 hieroglyphs and concluded the script could not be purely ideographic. (https://www.smithsonianmag.com/history/rosetta-stone-hieroglyphs-champollion-decipherment-egypt-180980834/ https://en.wikipedia.org/wiki/Decipherment_of_ancient_Egyptian_scripts)",""
"fact.ancient_egypt.champollion_mixed_signs","source.brit_champollion","unverified","Champollion showed that hieroglyphs were a mixed system: many signs stood for sounds, and others stood for whole ideas or objects.","https://www.britannica.com/biography/Jean-Francois-Champollion","L93 card.ancient_egypt.093.c3","L93 question.ancient_egypt.093.q2; L93 question.ancient_egypt.093.q3; L99 question.ancient_egypt.099.q3","","","","","","corroborated","His Lettre a M. Dacier and Precis established that hieroglyphic writing combined phonetic and ideographic elements. (https://en.wikipedia.org/wiki/Decipherment_of_ancient_Egyptian_scripts https://www.britannica.com/topic/Rosetta-Stone)",""
"fact.ancient_egypt.champollion_mixed_signs","source.britishmuseum_eureka_champollion","unverified","Champollion showed that hieroglyphs were a mixed system: many signs stood for sounds, and others stood for whole ideas or objects.","https://www.britishmuseum.org/blog/eureka-finding-key-ancient-egypt","L93 card.ancient_egypt.093.c3","L93 question.ancient_egypt.093.q2; L93 question.ancient_egypt.093.q3; L99 question.ancient_egypt.099.q3","","","","","","corroborated","His Lettre a M. Dacier and Precis established that hieroglyphic writing combined phonetic and ideographic elements. (https://en.wikipedia.org/wiki/Decipherment_of_ancient_Egyptian_scripts https://www.britannica.com/topic/Rosetta-Stone)",""
"fact.ancient_egypt.champollion_coptic_ramesses","source.smithsonian_rosetta_200_years","unverified","Champollion knew Coptic, which helped him work out the sounds of hieroglyphs; with it he read the name of Ramesses, a native Egyptian king.","https://www.smithsonianmag.com/history/rosetta-stone-hieroglyphs-champollion-decipherment-egypt-180980834/","L93 card.ancient_egypt.093.c4","L94 question.ancient_egypt.094.q3; L95 question.ancient_egypt.095.q3; L100 question.ancient_egypt.100.q6","","","","","","corroborated","Champollion identified phonetic elements in the cartouches of the native New Kingdom kings Ramesses and Thutmose, using his knowledge of Coptic. (https://en.wikipedia.org/wiki/Decipherment_of_ancient_Egyptian_scripts https://www.britannica.com/topic/hieroglyphic-writing/Discovery-of-the-Rosetta-Stone)",""
"fact.ancient_egypt.champollion_announcement","source.britishmuseum_eureka_champollion","unverified","On 27 September 1822, Champollion announced his decipherment at the Academie des Inscriptions in Paris, with Thomas Young in the audience.","https://www.britishmuseum.org/blog/eureka-finding-key-ancient-egypt","L93 card.ancient_egypt.093.c4","L94 question.ancient_egypt.094.q3; L95 question.ancient_egypt.095.q3; L100 question.ancient_egypt.100.q6","","","","","","corroborated","Britannica’s On This Day and other accounts date the reading of the Lettre a M. Dacier to 27 September 1822; Young attended. (https://www.britannica.com/today-in-history/September-27-1822-Rosetta-Stone-Decoded-by-Champollion https://en.wikipedia.org/wiki/Lettre_%C3%A0_M._Dacier)",""
"fact.ancient_egypt.napoleon_savants","source.met_egyptian_revival","unverified","Napoleon’s 1798 invasion of Egypt was also the first large-scale scientific expedition to Egypt: he took about 150 artists, scientists, architects and printers.","https://www.metmuseum.org/essays/egyptian-revival","L94 card.ancient_egypt.094.c1; L94 card.ancient_egypt.094.c2","L94 question.ancient_egypt.094.q1","","","","","","corroborated","Napoleon’s expedition included about 160 civilian scholars and scientists (the savants) who surveyed Egypt’s antiquities and natural history. (https://en.wikipedia.org/wiki/Description_de_l%27%C3%89gypte https://www.lindahall.org/experience/digital-exhibitions/napoleon-and-the-scientific-expedition-to-egypt/01-the-napoleonic-invasion-of-egypt/)",""
"fact.ancient_egypt.description_de_legypte","source.met_egyptian_revival","unverified","The expedition’s record, the Description de l’Egypte, was published from 1809, with huge prints of the pyramids, temples and other antiquities.","https://www.metmuseum.org/essays/egyptian-revival","L94 card.ancient_egypt.094.c2","L94 question.ancient_egypt.094.q1","","","","","","corroborated","The Description de l’Egypte was published in installments from 1809 with large folio plates of antiquities. (https://en.wikipedia.org/wiki/Description_de_l%27%C3%89gypte https://www.loc.gov/item/2021666108/)",""
"fact.ancient_egypt.egyptomania_name","source.met_egyptian_revival","unverified","The Description and Champollion’s 1822 decipherment fed a craze for Egyptian art and style in Europe and America known as Egyptomania.","https://www.metmuseum.org/essays/egyptian-revival","L94 card.ancient_egypt.094.c3; L94 card.ancient_egypt.094.c1","L94 question.ancient_egypt.094.q3","","","","","","corroborated","Egyptomania names the renewed Western interest in ancient Egypt stirred by Napoleon’s campaign, the Description and the decipherment. (https://en.wikipedia.org/wiki/Egyptomania https://www.americanhistory.si.edu/explore/stories/how-we-became-egyptomaniacs)",""
"fact.ancient_egypt.egyptian_revival_buildings","source.met_egyptian_revival","unverified","Architects copied Egyptian designs from the Description; in the United States the first wave was mostly buildings, including cemetery architecture and the Washington Monument, begun in 1848.","https://www.metmuseum.org/essays/egyptian-revival","L94 card.ancient_egypt.094.c3","L94 question.ancient_egypt.094.q3","","","","","","corroborated","Egyptian Revival architecture used the Description as a source; American examples include cemetery gates and the obelisk-shaped Washington Monument (begun 1848). (https://en.wikipedia.org/wiki/Egyptian_Revival_architecture https://en.wikipedia.org/wiki/Washington_Monument)","weak-pages"
"fact.ancient_egypt.cleopatras_needles","source.centralpark_obelisk","unverified","Two granite obelisks carved about 3,500 years ago for Thutmose III were given away by Egypt’s government: one was raised in London in 1878, the other in New York’s Central Park in 1881.","https://www.centralparknyc.org/articles/obelisk","L94 card.ancient_egypt.094.c4","L94 question.ancient_egypt.094.q2","","","","","","corroborated","The London obelisk was erected on the Victoria Embankment in 1878 and its twin in Central Park in 1881; both were made for Thutmose III at Heliopolis. (https://en.wikipedia.org/wiki/Cleopatra%27s_Needles https://smarthistory.org/the-new-york-obelisk-cleopatras-needle/)",""
"fact.ancient_egypt.cleopatras_needles_name","source.centralpark_obelisk","unverified","The obelisks are called Cleopatra’s Needles because the Romans moved them to Alexandria and set them up at the Caesarium, a temple conceived by Cleopatra.","https://www.centralparknyc.org/articles/obelisk","L94 card.ancient_egypt.094.c4","L94 question.ancient_egypt.094.q2","","","","","","corroborated","Augustus had the obelisks moved to Alexandria and set up in the Caesareum begun by Cleopatra, hence the nickname. (https://en.wikipedia.org/wiki/Cleopatra%27s_Needles https://smarthistory.org/the-new-york-obelisk-cleopatras-needle/)",""
"fact.ancient_egypt.carnarvon_final_season","source.smithsonian_carter_discovery","unverified","Lord Carnarvon had funded Howard Carter’s digging for years with little to show; in 1922 Carter persuaded him to pay for one final season, which began on 1 November.","https://www.smithsonianmag.com/history/how-howard-carter-discovered-king-tuts-golden-tomb-180981052/","L95 card.ancient_egypt.095.c1","L95 question.ancient_egypt.095.q1","","","","","","corroborated","Carnarvon, discouraged after years of meagre results, agreed to fund one last season in the Valley of the Kings in 1922. (https://en.wikipedia.org/wiki/Howard_Carter https://en.wikipedia.org/wiki/George_Herbert,_5th_Earl_of_Carnarvon)","weak-pages"
"fact.ancient_egypt.carnarvon_final_season","source.brit_howard_carter","unverified","Lord Carnarvon had funded Howard Carter’s digging for years with little to show; in 1922 Carter persuaded him to pay for one final season, which began on 1 November.","https://www.britannica.com/biography/Howard-Carter","L95 card.ancient_egypt.095.c1","L95 question.ancient_egypt.095.q1","","","","","","corroborated","Carnarvon, discouraged after years of meagre results, agreed to fund one last season in the Valley of the Kings in 1922. (https://en.wikipedia.org/wiki/Howard_Carter https://en.wikipedia.org/wiki/George_Herbert,_5th_Earl_of_Carnarvon)","weak-pages"
"fact.ancient_egypt.carter_first_step","source.griffith_carter_journal_1922","unverified","On 4 November 1922, Carter’s team found a step cut into the bedrock under the remains of ancient workmen’s huts, about four metres below the entrance of Ramesses VI’s tomb.","http://www.griffith.ox.ac.uk/gri/4sea1not.html","L95 card.ancient_egypt.095.c2; L95 card.ancient_egypt.095.c1","L95 question.ancient_egypt.095.q1","","","","","","corroborated","Carter’s 1922 journal: on 4 November the first step was found beneath the ancient huts near the tomb of Ramesses VI. (http://www.griffith.ox.ac.uk/discoveringtut/journals-and-diaries/season-1/journal.html https://www.smithsonianmag.com/history/how-howard-carter-discovered-king-tuts-golden-tomb-180981052/)",""
"fact.ancient_egypt.carter_first_step","source.brit_howard_carter","unverified","On 4 November 1922, Carter’s team found a step cut into the bedrock under the remains of ancient workmen’s huts, about four metres below the entrance of Ramesses VI’s tomb.","https://www.britannica.com/biography/Howard-Carter","L95 card.ancient_egypt.095.c2; L95 card.ancient_egypt.095.c1","L95 question.ancient_egypt.095.q1","","","","","","corroborated","Carter’s 1922 journal: on 4 November the first step was found beneath the ancient huts near the tomb of Ramesses VI. (http://www.griffith.ox.ac.uk/discoveringtut/journals-and-diaries/season-1/journal.html https://www.smithsonianmag.com/history/how-howard-carter-discovered-king-tuts-golden-tomb-180981052/)",""
"fact.ancient_egypt.carter_cable","source.griffith_carter_journal_1922","unverified","After exposing a sealed doorway, Carter cabled Carnarvon in England: “At last have made wonderful discovery in Valley.”","http://www.griffith.ox.ac.uk/gri/4sea1not.html","L95 card.ancient_egypt.095.c2","L95 question.ancient_egypt.095.q1","","","","","","corroborated","The cable read: “At last have made wonderful discovery in Valley; a magnificent tomb with seals intact.” (http://www.griffith.ox.ac.uk/discoveringtut/journals-and-diaries/season-1/journal.html https://www.smithsonianmag.com/history/how-howard-carter-discovered-king-tuts-golden-tomb-180981052/)",""
"fact.ancient_egypt.carter_candle_wonderful","source.griffith_carter_journal_1922","unverified","On 26 November 1922, Carter looked through a second sealed doorway, stamped with Tutankhamun’s seals, by candlelight; when Carnarvon asked if he could see anything, his journal says he replied “Yes, it is wonderful.”","http://www.griffith.ox.ac.uk/gri/4sea1not.html","L95 card.ancient_egypt.095.c3","L95 question.ancient_egypt.095.q3","","","","","","corroborated","Carter’s excavation journal for 26 November records Carnarvon asking “Can you see anything” and Carter replying “Yes, it is wonderful.” (https://www.smithsonianmag.com/history/how-howard-carter-discovered-king-tuts-golden-tomb-180981052/ http://www.griffith.ox.ac.uk/discoveringtut/journals-and-diaries/season-1/journal.html)",""
"fact.ancient_egypt.carter_wonderful_things","source.smithsonian_carter_discovery","unverified","Carter’s later popular account gave his reply as the famous line “Yes, wonderful things.”","https://www.smithsonianmag.com/history/how-howard-carter-discovered-king-tuts-golden-tomb-180981052/","L95 card.ancient_egypt.095.c3","L95 question.ancient_egypt.095.q3","","","","","","corroborated","The published account (The Tomb of Tut.ankh.Amen, 1923) gives “Yes, wonderful things”, unlike the journal wording. (https://en.wikiquote.org/wiki/Howard_Carter https://tutankhamun-centenary.blogspot.com/2015/08/correcting-blemishes-wonderful-things.html)",""
"fact.ancient_egypt.tut_tomb_largely_intact","source.brit_howard_carter","unverified","Tutankhamun’s tomb was found largely intact, the first known intact royal burial from ancient Egypt.","https://www.britannica.com/biography/Howard-Carter","L95 card.ancient_egypt.095.c4","L95 question.ancient_egypt.095.q2; L97 question.ancient_egypt.097.q3; L100 question.ancient_egypt.100.q7","","","","","","corroborated","The Griffith Institute describes it as the first known intact royal burial from ancient Egypt. (https://archive.griffith.ox.ac.uk/index.php/tutankhamun-archive https://www.britannica.com/biography/Howard-Carter)",""
"fact.ancient_egypt.tut_5398_objects","source.griffith_tutankhamun_object_numbers","unverified","Carter’s team numbered the 5,398 objects found in Tutankhamun’s tomb and spent about ten years clearing and recording them.","http://www.griffith.ox.ac.uk/gri/4tutnumber.html","L95 card.ancient_egypt.095.c4; L97 card.ancient_egypt.097.c4","L95 question.ancient_egypt.095.q2; L97 question.ancient_egypt.097.q3; L100 question.ancient_egypt.100.q7","","","","","","corroborated","The Griffith Institute lists 5,398 objects; the clearance unfolded over a period of ten years. (https://archive.griffith.ox.ac.uk/index.php/tutankhamun-archive https://en.wikipedia.org/wiki/Grand_Egyptian_Museum)",""
"fact.ancient_egypt.tut_5398_objects","source.brit_howard_carter","unverified","Carter’s team numbered the 5,398 objects found in Tutankhamun’s tomb and spent about ten years clearing and recording them.","https://www.britannica.com/biography/Howard-Carter","L95 card.ancient_egypt.095.c4; L97 card.ancient_egypt.097.c4","L95 question.ancient_egypt.095.q2; L97 question.ancient_egypt.097.q3; L100 question.ancient_egypt.100.q7","","","","","","corroborated","The Griffith Institute lists 5,398 objects; the clearance unfolded over a period of ten years. (https://archive.griffith.ox.ac.uk/index.php/tutankhamun-archive https://en.wikipedia.org/wiki/Grand_Egyptian_Museum)",""
"fact.ancient_egypt.carter_archive_oxford","source.griffith_tutankhamun_object_numbers","unverified","The excavation’s notes, photographs and drawings are kept at the Griffith Institute, University of Oxford.","http://www.griffith.ox.ac.uk/gri/4tutnumber.html","L95 card.ancient_egypt.095.c4","L95 question.ancient_egypt.095.q2; L97 question.ancient_egypt.097.q3; L100 question.ancient_egypt.100.q7","","","","","","corroborated","The complete Tutankhamun excavation records were presented to the Griffith Institute after Carter’s death. (https://archive.griffith.ox.ac.uk/index.php/tutankhamun-archive https://tutankhamun.griffith.ox.ac.uk/)",""
"fact.ancient_egypt.muons_see_through_stone","source.nature_scanpyramids_big_void","unverified","Muons are particles made when cosmic rays hit the atmosphere and constantly rain down; stone absorbs some of them, so detectors can map empty spaces inside a pyramid.","https://www.nature.com/articles/nature24647","L96 card.ancient_egypt.096.c2; L96 card.ancient_egypt.096.c1","L96 question.ancient_egypt.096.q1; L100 question.ancient_egypt.100.q3","","","","","","corroborated","Muons from cosmic rays are only partially absorbed by stone, so counting them reveals voids non-invasively. (https://www.nationalgeographic.com/science/article/giza-pyramid-void-muon-radiography-cosmic-rays https://www.sciencenews.org/article/muon-particle-egypt-great-pyramid-void)",""
"fact.ancient_egypt.scanpyramids_big_void","source.nature_scanpyramids_big_void","unverified","In 2017, the ScanPyramids team reported a big void at least 30 metres long above the Grand Gallery of the Great Pyramid, found with muons.","https://www.nature.com/articles/nature24647","L96 card.ancient_egypt.096.c2","L96 question.ancient_egypt.096.q1; L100 question.ancient_egypt.100.q3","","","","","","corroborated","The 2017 Nature paper reported a void with a minimum length of 30 m above the Grand Gallery. (https://arxiv.org/abs/1711.01576 https://en.wikipedia.org/wiki/ScanPyramids)",""
"fact.ancient_egypt.khufu_corridor_2023","source.natcomms_khufu_corridor","unverified","In 2023, muon scans located a corridor about 9 metres long behind the Great Pyramid’s north face, and a camera pushed inside confirmed it.","https://www.nature.com/articles/s41467-023-36351-0","L96 card.ancient_egypt.096.c2","L96 question.ancient_egypt.096.q1; L100 question.ancient_egypt.100.q3","","","","","","corroborated","The 2023 study characterized a corridor about 9 m long near the north face; an endoscope confirmed it. (https://www.livescience.com/cosmic-rays-reveal-hidden-30-foot-long-corridor-in-egypts-great-pyramid https://www.sciencenews.org/article/muon-particle-egypt-great-pyramid-void)",""
"fact.ancient_egypt.amenhotep_ct_unwrapped","source.frontiers_amenhotep_unwrapped","unverified","Amenhotep I’s mummy, so finely wrapped with garlands and a mask that it was never opened in modern times, was digitally unwrapped with CT scans in 2021 by Sahar Saleem and Zahi Hawass.","https://www.frontiersin.org/news/2021/12/28/frontiers-medicine-pharaoh-amenhotep-mummy-digitally-unwrapped","L96 card.ancient_egypt.096.c3; L96 card.ancient_egypt.096.c1","L96 question.ancient_egypt.096.q2","","","","","","corroborated","NPR and others report the 2021 Frontiers in Medicine study led by Cairo University radiologist Sahar Saleem with Zahi Hawass. (https://www.npr.org/2021/12/30/1069027478/the-mummy-of-an-egyptian-pharaoh-has-been-digitally-unwrapped https://www.aljazeera.com/news/2021/12/28/egypt-digitally-unwraps-mummy-of-famed-pharaoh)",""
"fact.ancient_egypt.amenhotep_ct_findings","source.frontiers_amenhotep_unwrapped","unverified","The CT scans showed Amenhotep I was about 35 when he died, had good teeth and was buried with 30 amulets inside his wrappings.","https://www.frontiersin.org/news/2021/12/28/frontiers-medicine-pharaoh-amenhotep-mummy-digitally-unwrapped","L96 card.ancient_egypt.096.c3","L96 question.ancient_egypt.096.q2","","","","","","corroborated","Reports of the study: about 35 years old at death, good teeth, 30 amulets and a gold girdle. (https://www.npr.org/2021/12/30/1069027478/the-mummy-of-an-egyptian-pharaoh-has-been-digitally-unwrapped https://www.upi.com/Science_News/2021/12/28/Egypt-mummy-AmenhotepI-CT-scan/2091640716807/)",""
"fact.ancient_egypt.parcak_infrared_mudbrick","source.smithsonian_parcak_satellite","unverified","Sarah Parcak of the University of Alabama at Birmingham processes satellite images to see in infrared, invisible to the human eye; in the desert they show moisture differences above buried mud bricks.","https://www.smithsonianmag.com/innovation/space-archaeologist-sarah-parcak-winner-smithsonians-history-ingenuity-award-180961120/","L96 card.ancient_egypt.096.c4; L96 card.ancient_egypt.096.c1","L96 question.ancient_egypt.096.q3","","","","","","corroborated","Parcak’s method enhances infrared satellite data to detect subtle surface changes caused by mud brick buried underground. (https://www.nationalgeographic.com/magazine/article/satellite-archaeology https://encyclopediaofalabama.org/article/sarah-parcak/)",""
"fact.ancient_egypt.parcak_tanis_looting","source.smithsonian_parcak_satellite","unverified","Parcak’s team mapped the street grid of Tanis, once a capital in the Nile Delta, and tracked tomb looting after 2011.","https://www.smithsonianmag.com/innovation/space-archaeologist-sarah-parcak-winner-smithsonians-history-ingenuity-award-180961120/","L96 card.ancient_egypt.096.c4","L96 question.ancient_egypt.096.q3","","","","","","corroborated","Satellite work revealed a detailed street plan of Tanis, a Delta capital, and a looting map after the 2011 unrest. (https://www.nationalgeographic.com/magazine/article/satellite-archaeology https://en.wikipedia.org/wiki/Sarah_Parcak)",""
"fact.ancient_egypt.hawass_rosetta_petition","source.pbs_rosetta_return_petition","unverified","In 2022, Zahi Hawass, Egypt’s former antiquities minister, launched a petition for the Rosetta Stone’s return that passed 100,000 signatures.","https://www.pbs.org/newshour/world/egyptians-call-on-british-museum-to-return-the-rosetta-stone","L97 card.ancient_egypt.097.c2; L97 card.ancient_egypt.097.c1","","","","","","","corroborated","News reports in 2022: Hawass’s petition to return the Rosetta Stone gathered more than 100,000 signatures. (https://www.abc.net.au/news/2022-11-30/egyptians-call-on-british-museum-to-return-rosetta-stone/101719316 https://www.thenationalnews.com/world/2022/11/21/petition-to-return-rosetta-stone-to-egypt-seeks-a-million-signatures/)",""
"fact.ancient_egypt.hawass_three_objects","source.artnewspaper_hawass_return","unverified","Hawass also calls for the return of the bust of Nefertiti from Berlin and the Dendera Zodiac from the Louvre, saying these unique objects belong in Egypt.","https://www.theartnewspaper.com/2022/08/22/return-rosetta-stone-to-egypt-demands-countrys-leading-archaeologist-zahi-hawass","L97 card.ancient_egypt.097.c2","","","","","","","corroborated","Hawass has campaigned for the Rosetta Stone, the Nefertiti bust and the Dendera Zodiac to return to Egypt. (https://www.deseret.com/u-s-world/2022/8/23/23318143/zahi-hawass-calls-on-british-museum-to-return-rosetta-stone/ https://www.aljazeera.com/news/2024/9/8/egyptian-archaeologist-urges-german-museum-to-return-nefertitis-bust)",""
"fact.ancient_egypt.hawass_nefertiti_illegal","source.aljazeera_nefertiti_petition","unverified","Hawass argues that the bust of Nefertiti, found in 1912 and taken to Berlin in 1913, left Egypt illegally.","https://www.aljazeera.com/news/2024/9/8/egyptian-archaeologist-urges-german-museum-to-return-nefertitis-bust","L97 card.ancient_egypt.097.c2","","","","","","","corroborated","In his 2024 petition Hawass said all the evidence shows the bust left Egypt illegally. (https://www.nbcnews.com/news/world/nefertiti-bust-return-egypt-petition-berlin-museum-rcna170171 https://www.jpost.com/archaeology/archaeology-around-the-world/article-826421)",""
"fact.ancient_egypt.british_museum_treaty_view","source.pbs_rosetta_return_petition","unverified","The British Museum says the Rosetta Stone came to Britain under an 1801 treaty signed by a representative of Egypt, notes that Egypt’s government has made no formal request, and that 21 of the 28 known copies of the decree are in Egypt.","https://www.pbs.org/newshour/world/egyptians-call-on-british-museum-to-return-the-rosetta-stone","L97 card.ancient_egypt.097.c3","L97 question.ancient_egypt.097.q2; L100 question.ancient_egypt.100.q8","","","","","","corroborated","AP reporting quoted the museum: the 1801 treaty includes the signature of a representative of Egypt, and no formal return request has been made. (https://www.abc.net.au/news/2022-11-30/egyptians-call-on-british-museum-to-return-rosetta-stone/101719316 https://www.thenationalnews.com/world/2022/11/21/petition-to-return-rosetta-stone-to-egypt-seeks-a-million-signatures/)",""
"fact.ancient_egypt.berlin_partage_view","source.smb_nefertiti_partage","unverified","Berlin’s museum points out that the Nefertiti bust left Egypt through an official division of finds in 1913, overseen by an inspector of Egypt’s antiquities service.","https://www.smb.museum/en/museums-institutions/aegyptisches-museum-und-papyrussammlung/collection-research/bust-of-nefertiti/discovery-and-partage/","L97 card.ancient_egypt.097.c3","L97 question.ancient_egypt.097.q2; L100 question.ancient_egypt.100.q8","","","","","","corroborated","The Prussian Cultural Heritage Foundation says the bust came to Berlin legally through a division of finds from an authorized excavation. (https://en.wikipedia.org/wiki/Nefertiti_Bust https://www.newarab.com/features/inside-egypts-bid-return-nefertitis-bust-berlin-museum)",""
"fact.ancient_egypt.grand_egyptian_museum","source.unesco_grand_egyptian_museum","unverified","The Grand Egyptian Museum, near the Great Pyramid at Giza, officially opened on 1 November 2025 with about 100,000 artifacts.","https://www.unesco.org/en/articles/grand-egyptian-museum","L97 card.ancient_egypt.097.c4","L97 question.ancient_egypt.097.q1; L97 question.ancient_egypt.097.q3","","","","","","corroborated","Reports of the opening: the GEM on the Giza Plateau was inaugurated on 1 November 2025 and holds about 100,000 artifacts. (https://www.deseret.com/entertainment/2025/11/04/grand-egyptian-museum-opening/ https://en.wikipedia.org/wiki/Grand_Egyptian_Museum)",""
"fact.ancient_egypt.gem_tutankhamun_together","source.unesco_grand_egyptian_museum","unverified","At the Grand Egyptian Museum, Tutankhamun’s entire collection is shown together for the first time since its discovery.","https://www.unesco.org/en/articles/grand-egyptian-museum","L97 card.ancient_egypt.097.c4","L97 question.ancient_egypt.097.q1; L97 question.ancient_egypt.097.q3","","","","","","corroborated","The Tutankhamun galleries display the complete collection from the tomb together for the first time since 1922. (https://www.deseret.com/entertainment/2025/11/04/grand-egyptian-museum-opening/ https://allafrica.com/stories/202509220038.html)",""
"fact.ancient_egypt.carter_lived_1939","source.brit_howard_carter","unverified","Howard Carter, who opened Tutankhamun’s tomb in 1922, lived until 1939.","https://www.britannica.com/biography/Howard-Carter","L98 card.ancient_egypt.098.c1","","","","","","","corroborated","Carter died in London on 2 March 1939, about 16 years after opening the tomb, which undercuts the curse legend. (https://www.historytoday.com/archive/months-past/tutankhamuns-curse https://en.wikipedia.org/wiki/Howard_Carter)",""
"fact.ancient_egypt.slave_myth_origins","source.brit_video_pyramid_builders","unverified","The idea that slaves built the pyramids comes from the Greek historian Herodotus, misreadings of the biblical book of Exodus and Hollywood films.","https://www.britannica.com/video/did-enslaved-people-build-the-pyramids/-259236","L98 card.ancient_egypt.098.c2; L98 card.ancient_egypt.098.c1","L98 question.ancient_egypt.098.q1; L100 question.ancient_egypt.100.q9","","","","","","corroborated","Summaries of the debate trace the slave-builder picture to Herodotus, Exodus and films; archaeology points to paid labor. (https://www.britannica.com/place/What-evidence-suggests-that-the-builders-of-the-Great-Pyramid-of-Giza-were-paid-laborers-rather-than-enslaved-people https://en.wikipedia.org/wiki/Giza_pyramid_complex)",""
"fact.ancient_egypt.paid_workers_evidence","source.brit_paid_pyramid_builders","unverified","Near the Giza pyramids, archaeologists found workers’ districts with bakeries and workshops, and workers’ tombs close to the pyramids, some naming the dead; most now think paid laborers built them.","https://www.britannica.com/place/What-evidence-suggests-that-the-builders-of-the-Great-Pyramid-of-Giza-were-paid-laborers-rather-than-enslaved-people","L98 card.ancient_egypt.098.c2","L98 question.ancient_egypt.098.q1; L100 question.ancient_egypt.100.q9","","","","","","corroborated","Excavations at Giza found the workers’ town and cemetery; most archaeologists conclude the builders were paid Egyptian laborers. (https://en.wikipedia.org/wiki/Giza_pyramid_complex https://www.britannica.com/video/did-enslaved-people-build-the-pyramids/-259236)",""
"fact.ancient_egypt.paid_workers_evidence","source.brit_video_pyramid_builders","unverified","Near the Giza pyramids, archaeologists found workers’ districts with bakeries and workshops, and workers’ tombs close to the pyramids, some naming the dead; most now think paid laborers built them.","https://www.britannica.com/video/did-enslaved-people-build-the-pyramids/-259236","L98 card.ancient_egypt.098.c2","L98 question.ancient_egypt.098.q1; L100 question.ancient_egypt.100.q9","","","","","","corroborated","Excavations at Giza found the workers’ town and cemetery; most archaeologists conclude the builders were paid Egyptian laborers. (https://en.wikipedia.org/wiki/Giza_pyramid_complex https://www.britannica.com/video/did-enslaved-people-build-the-pyramids/-259236)",""
"fact.ancient_egypt.merer_logbook","source.smithsonian_merer_papyri","unverified","In 2013, archaeologists at Wadi al-Jarf on the Red Sea found the oldest known inscribed papyri, including the logbook of an official named Merer.","https://www.smithsonianmag.com/history/ancient-egypt-shipping-mining-farming-economy-pyramids-180956619/","L98 card.ancient_egypt.098.c3","L98 question.ancient_egypt.098.q2; L98 question.ancient_egypt.098.q3","","","","","","corroborated","The Wadi al-Jarf papyri, excavated in 2013 by Pierre Tallet’s team, are the oldest inscribed papyri known and include Merer’s diary. (https://en.wikipedia.org/wiki/Diary_of_Merer https://archaeology.org/issues/july-august-2022/features/egypt-wadi-el-jarf-port-papyri/)",""
"fact.ancient_egypt.merer_limestone_giza","source.smithsonian_merer_papyri","unverified","Merer’s logbook records his crew shipping limestone by boat from the Tura quarries to Giza for Khufu’s pyramid, in half-day entries.","https://www.smithsonianmag.com/history/ancient-egypt-shipping-mining-farming-economy-pyramids-180956619/","L98 card.ancient_egypt.098.c3","L98 question.ancient_egypt.098.q2; L98 question.ancient_egypt.098.q3","","","","","","corroborated","The diary documents transporting white limestone blocks from Tura to Giza for Khufu’s pyramid, logged in half-day increments. (https://en.wikipedia.org/wiki/Diary_of_Merer https://www.nationalgeographic.com/premium/article/red-sea-scrolls-pyramids-egypt)",""
"fact.ancient_egypt.cleopatra_ancestry_uncertain","source.brit_cleopatra","unverified","Cleopatra belonged to a Macedonian Greek dynasty, but her mother’s identity is uncertain, and her coins and portrait busts do not all agree.","https://www.britannica.com/biography/Cleopatra-queen-of-Egypt","L98 card.ancient_egypt.098.c4","","","","","","","corroborated","Britannica: daughter of Ptolemy XII and most likely Cleopatra V; the portraits on coins and busts differ. (https://en.wikipedia.org/wiki/Cleopatra https://www.britannica.com/biography/Cleopatra-queen-of-Egypt)",""
"fact.ancient_egypt.plutarch_cleopatra_charm","source.uchicago_plutarch_antony","unverified","Plutarch wrote that Cleopatra’s beauty was “not altogether incomparable,” but that conversation with her had “an irresistible charm.”","https://penelope.uchicago.edu/Thayer/E/Roman/Texts/Plutarch/Lives/Antony*.html","L98 card.ancient_egypt.098.c4","","","","","","","corroborated","Plutarch, Life of Antony 27, in the Perrin translation: her beauty was not altogether incomparable, but converse with her had an irresistible charm. (https://www.perseus.tufts.edu/hopper/text?doc=Plut.+Ant.+27 https://en.wikipedia.org/wiki/Cleopatra)",""
"fact.ancient_egypt.julian_egyptian_calendar","source.brit_julian_calendar","unverified","In 46 BCE Julius Caesar reformed Rome’s calendar by adopting the Egyptian solar calendar, advised by Sosigenes of Alexandria: 365 and a quarter days, with an extra day every fourth year.","https://www.britannica.com/science/Julian-calendar","L99 card.ancient_egypt.099.c2; L99 card.ancient_egypt.099.c1","L99 question.ancient_egypt.099.q2; L100 question.ancient_egypt.100.q10","","","","","","corroborated","The Julian calendar, introduced in 46 BCE on the advice of Sosigenes, was modeled on the Egyptian solar year with a leap day every four years. (https://en.wikipedia.org/wiki/Julian_calendar https://www.britannica.com/topic/calendar/The-Julian-calendar)",""
"fact.ancient_egypt.gregorian_reform_1582","source.brit_julian_calendar","unverified","Pope Gregory XIII fine-tuned Caesar’s calendar in 1582, and the Gregorian calendar gradually replaced the Julian one.","https://www.britannica.com/science/Julian-calendar","L99 card.ancient_egypt.099.c2","L99 question.ancient_egypt.099.q2; L100 question.ancient_egypt.100.q10","","","","","","corroborated","The Gregorian reform of 1582 corrected the Julian calendar’s drift and gradually replaced it. (https://en.wikipedia.org/wiki/Gregorian_calendar https://en.wikipedia.org/wiki/Julian_calendar)","weak-pages"
"fact.ancient_egypt.letter_a_ox_head","source.brit_letter_a","unverified","The letter A goes back to a sign shaped like an ox’s head: early Semitic writing in Sinai adopted it around 1500 BCE, the Phoenicians called it aleph (“ox”), and the Greeks renamed it alpha and used it for a vowel.","https://www.britannica.com/topic/A-letter","L99 card.ancient_egypt.099.c3; L99 card.ancient_egypt.099.c1","L99 question.ancient_egypt.099.q3","","","","","","corroborated","Aleph derives from an ox-head pictogram in Proto-Sinaitic, influenced by an Egyptian hieroglyph; the Greeks turned it into the vowel alpha, and Latin A followed. (https://en.wikipedia.org/wiki/Aleph https://en.wikipedia.org/wiki/A)","weak-pages"
"fact.ancient_egypt.alphabet_egyptian_influence","source.brit_alphabet","unverified","The inventors of the alphabet were influenced by Egyptian writing; inscriptions from Sinai show a stage between Egyptian hieroglyphs and the Semitic alphabet.","https://www.britannica.com/topic/alphabet-writing","L99 card.ancient_egypt.099.c3","L99 question.ancient_egypt.099.q3","","","","","","corroborated","The Proto-Sinaitic script, from Egyptian turquoise mines in Sinai, is generally believed to have evolved from Egyptian hieroglyphs. (https://en.wikipedia.org/wiki/Proto-Sinaitic_script https://en.wikipedia.org/wiki/Alphabet)","weak-pages"
"fact.ancient_egypt.paper_from_papyrus","source.brit_papyrus","unverified","The word “paper” comes from papyrus, the Egyptian writing material, which the Greeks adopted and the Roman Empire used widely.","https://www.britannica.com/topic/papyrus-writing-material","L99 card.ancient_egypt.099.c4; L99 card.ancient_egypt.099.c1","L99 question.ancient_egypt.099.q1","","","","","","corroborated","Dictionaries trace English paper, via Latin papyrus, to Greek papyros, the Egyptian reed writing material. (https://www.etymonline.com/word/paper https://en.wikipedia.org/wiki/Papyrus)",""
"fact.ancient_egypt.papyrus_until_12th_century","source.brit_papyrus","unverified","Books and documents on papyrus were still made, sporadically, until about the 12th century.","https://www.britannica.com/topic/papyrus-writing-material","L99 card.ancient_egypt.099.c4","L99 question.ancient_egypt.099.q1","","","","","","corroborated","Papyrus remained in use in Europe and Egypt into the medieval period, with the latest uses around the 11th and 12th centuries. (https://en.wikipedia.org/wiki/Papyrus https://www.etymonline.com/word/paper)",""
