fact_id,source_id,status,claim,source_url,appears_in,tested_by,supporting_quote,checked_by,checked_at,notes,pre_check,fact_check,fact_check_evidence,weak_evidence
"fact.ancient_greece.bronze_age_palaces_end","source.brit_ancient_greece","unverified","Greece’s Bronze Age palace kingdoms, first on Crete and then on the mainland, ended around 1200 BCE, when the Mycenaean civilization fell.","https://www.britannica.com/place/ancient-Greece","L1 card.ancient_greece.001.c1; L1 card.ancient_greece.001.c2; L1 card.ancient_greece.001.c3; L7 card.ancient_greece.007.c1; L10 card.ancient_greece.010.c4","L1 question.ancient_greece.001.q1; L1 question.ancient_greece.001.q2; L10 question.ancient_greece.010.q5; L58 question.ancient_greece.058.q3; L61 question.ancient_greece.061.q3; L79 question.ancient_greece.079.q3; L86 question.ancient_greece.086.q3; L87 question.ancient_greece.087.q3; L100 question.ancient_greece.100.q1","","","","","","corroborated","Independent accounts of the Late Bronze Age collapse date the fall of the Mycenaean palaces to about 1200 BCE. (https://www.worldhistory.org/Greek_Dark_Age/ https://en.wikipedia.org/wiki/Late_Bronze_Age_collapse)",""
"fact.ancient_greece.dark_age_1200_800","source.worldhistory_greek_dark_age","unverified","The period from about 1200 to about 800 BCE, after the Mycenaean palaces fell, is often called the Greek Dark Age.","https://www.worldhistory.org/Greek_Dark_Age/","L1 card.ancient_greece.001.c1; L1 card.ancient_greece.001.c2; L7 card.ancient_greece.007.c1","L1 question.ancient_greece.001.q1; L10 question.ancient_greece.010.q5; L58 question.ancient_greece.058.q3; L61 question.ancient_greece.061.q3; L79 question.ancient_greece.079.q3; L86 question.ancient_greece.086.q3; L87 question.ancient_greece.087.q3; L100 question.ancient_greece.100.q1","","","","","","corroborated","Britannica calls the period after the catastrophic end of Mycenaean civilization a Dark Age; other references date it about 1200 (or 1100) to 800 BCE. (https://www.britannica.com/place/ancient-Greece https://en.wikipedia.org/wiki/Greek_Dark_Ages)",""
"fact.ancient_greece.archaic_800_480","source.worldhistory_archaic_period","unverified","The Archaic period, from about 800 BCE to 480 BCE, saw Greek city-states grow and colonies spread.","https://www.worldhistory.org/Archaic_Period/","L1 card.ancient_greece.001.c1; L1 card.ancient_greece.001.c2","L1 question.ancient_greece.001.q1; L10 question.ancient_greece.010.q5; L58 question.ancient_greece.058.q3; L61 question.ancient_greece.061.q3; L79 question.ancient_greece.079.q3; L86 question.ancient_greece.086.q3; L87 question.ancient_greece.087.q3; L100 question.ancient_greece.100.q1","","","","","","corroborated","Archaic Greece is dated from about 800 BC to the second Persian invasion in 480 BC; the poleis developed and Greeks settled across the Mediterranean and Black Sea. (https://en.wikipedia.org/wiki/Archaic_Greece)","one-page weak-pages"
"fact.ancient_greece.classical_480_323","source.worldhistory_archaic_period","unverified","The Classical period ran from about 480 BCE to the death of Alexander the Great in 323 BCE.","https://www.worldhistory.org/Archaic_Period/","L1 card.ancient_greece.001.c2; L1 card.ancient_greece.001.c3; L86 card.ancient_greece.086.c5","L1 question.ancient_greece.001.q1; L1 question.ancient_greece.001.q2; L10 question.ancient_greece.010.q5; L58 question.ancient_greece.058.q3; L61 question.ancient_greece.061.q3; L79 question.ancient_greece.079.q3; L86 question.ancient_greece.086.q3; L87 question.ancient_greece.087.q3; L100 question.ancient_greece.100.q1","","","","","","corroborated","Classical Greece is dated c. 480-323 BC, ending with Alexander's death, after which the Hellenistic period begins. (https://en.wikipedia.org/wiki/Classical_Greece https://www.britannica.com/event/Hellenistic-age)",""
"fact.ancient_greece.classical_480_323","source.brit_ancient_greece","unverified","The Classical period ran from about 480 BCE to the death of Alexander the Great in 323 BCE.","https://www.britannica.com/place/ancient-Greece","L1 card.ancient_greece.001.c2; L1 card.ancient_greece.001.c3; L86 card.ancient_greece.086.c5","L1 question.ancient_greece.001.q1; L1 question.ancient_greece.001.q2; L10 question.ancient_greece.010.q5; L58 question.ancient_greece.058.q3; L61 question.ancient_greece.061.q3; L79 question.ancient_greece.079.q3; L86 question.ancient_greece.086.q3; L87 question.ancient_greece.087.q3; L100 question.ancient_greece.100.q1","","","","","","corroborated","Classical Greece is dated c. 480-323 BC, ending with Alexander's death, after which the Hellenistic period begins. (https://en.wikipedia.org/wiki/Classical_Greece https://www.britannica.com/event/Hellenistic-age)",""
"fact.ancient_greece.classical_short_and_late","source.worldhistory_archaic_period","unverified","The Classical age (480 to 323 BCE) lasted less than 160 years and began roughly 700 years after the Bronze Age palaces fell around 1200 BCE.","https://www.worldhistory.org/Archaic_Period/","L1 card.ancient_greece.001.c3","L1 question.ancient_greece.001.q2; L100 question.ancient_greece.100.q1","","","","","","corroborated","Arithmetic from the period dates: 480 - 323 = 157 years; 1200 - 480 = 720 years. Period dates match Wikipedia's Classical Greece (c. 480-323 BC) and the Late Bronze Age collapse (about 1200 BC). (https://en.wikipedia.org/wiki/Classical_Greece https://en.wikipedia.org/wiki/Late_Bronze_Age_collapse)","weak-pages"
"fact.ancient_greece.classical_short_and_late","source.brit_ancient_greece","unverified","The Classical age (480 to 323 BCE) lasted less than 160 years and began roughly 700 years after the Bronze Age palaces fell around 1200 BCE.","https://www.britannica.com/place/ancient-Greece","L1 card.ancient_greece.001.c3","L1 question.ancient_greece.001.q2; L100 question.ancient_greece.100.q1","","","","","","corroborated","Arithmetic from the period dates: 480 - 323 = 157 years; 1200 - 480 = 720 years. Period dates match Wikipedia's Classical Greece (c. 480-323 BC) and the Late Bronze Age collapse (about 1200 BC). (https://en.wikipedia.org/wiki/Classical_Greece https://en.wikipedia.org/wiki/Late_Bronze_Age_collapse)","weak-pages"
"fact.ancient_greece.hellenistic_323_30","source.brit_hellenistic_age","unverified","The Hellenistic age ran from Alexander’s death in 323 BCE to Rome’s conquest of Egypt, the last Hellenistic kingdom, in 30 BCE.","https://www.britannica.com/event/Hellenistic-age","L1 card.ancient_greece.001.c2; L1 card.ancient_greece.001.c3; L1 card.ancient_greece.001.c4; L86 card.ancient_greece.086.c5; L87 card.ancient_greece.087.c3","L1 question.ancient_greece.001.q1; L1 question.ancient_greece.001.q2; L1 question.ancient_greece.001.q3; L10 question.ancient_greece.010.q5; L58 question.ancient_greece.058.q3; L61 question.ancient_greece.061.q3; L79 question.ancient_greece.079.q3; L86 question.ancient_greece.086.q3; L87 question.ancient_greece.087.q3; L89 question.ancient_greece.089.q3; L100 question.ancient_greece.100.q1","","","","","","corroborated","Ptolemaic Egypt was the last of the successor kingdoms to fall to Rome, becoming a Roman province in 30 BC. (https://en.wikipedia.org/wiki/Hellenistic_period https://en.wikipedia.org/wiki/Ptolemaic_Kingdom)","weak-pages"
"fact.ancient_greece.rome_conquers_146","source.brit_lucius_mummius","unverified","In 146 BCE Rome defeated the Greek Achaean League and destroyed Corinth, bringing mainland Greece under Roman control.","https://www.britannica.com/biography/Lucius-Mummius","L1 card.ancient_greece.001.c1; L1 card.ancient_greece.001.c4; L89 card.ancient_greece.089.c4","L1 question.ancient_greece.001.q3; L89 question.ancient_greece.089.q3","","","","","","corroborated","In 146 BC the Romans under Lucius Mummius sacked Corinth after the Achaean War and annexed mainland Greece. (https://en.wikipedia.org/wiki/Battle_of_Corinth_(146_BC) https://en.wikipedia.org/wiki/Achaia_(Roman_province))","weak-pages"
"fact.ancient_greece.four_fifths_mountains","source.brit_greece_country","unverified","Mountains cover about four-fifths of Greece.","https://www.britannica.com/place/Greece","L2 card.ancient_greece.002.c2; L41 card.ancient_greece.041.c2","L2 question.ancient_greece.002.q1; L2 question.ancient_greece.002.q2; L11 question.ancient_greece.011.q3; L21 question.ancient_greece.021.q3; L41 question.ancient_greece.041.q3; L71 question.ancient_greece.071.q3; L81 question.ancient_greece.081.q3; L92 question.ancient_greece.092.q3; L100 question.ancient_greece.100.q2","","","","","","corroborated","Geography references give about 80 percent of Greece as mountainous. (https://www.worldatlas.com/articles/the-geography-of-greece.html https://en.wikipedia.org/wiki/Geography_of_Greece)",""
"fact.ancient_greece.mountains_separated_communities","source.brit_greece_country","unverified","Mountains made overland travel hard, so Greek communities in separate valleys grew up apart and developed independently.","https://www.britannica.com/place/Greece","L2 card.ancient_greece.002.c1; L2 card.ancient_greece.002.c2; L2 card.ancient_greece.002.c4; L10 card.ancient_greece.010.c4; L11 card.ancient_greece.011.c4; L20 card.ancient_greece.020.c4; L21 card.ancient_greece.021.c3","L2 question.ancient_greece.002.q1; L2 question.ancient_greece.002.q2; L9 question.ancient_greece.009.q3; L11 question.ancient_greece.011.q3; L21 question.ancient_greece.021.q3; L41 question.ancient_greece.041.q3; L71 question.ancient_greece.071.q3; L81 question.ancient_greece.081.q3; L92 question.ancient_greece.092.q3; L100 question.ancient_greece.100.q2","","","","","","corroborated","Mountain ranges isolated Greek regions and discouraged overland travel, letting city-states develop independently. (https://europe.factsanddetails.com/article/entry-263.html https://en.wikipedia.org/wiki/Geography_of_Greece)",""
"fact.ancient_greece.mountains_separated_communities","source.usu_early_greek_world","unverified","Mountains made overland travel hard, so Greek communities in separate valleys grew up apart and developed independently.","https://artsci.usu.edu/history-cultures-ideas/classics/course-resources/classical-drama-and-society/chapter-3","L2 card.ancient_greece.002.c1; L2 card.ancient_greece.002.c2; L2 card.ancient_greece.002.c4; L10 card.ancient_greece.010.c4; L11 card.ancient_greece.011.c4; L20 card.ancient_greece.020.c4; L21 card.ancient_greece.021.c3","L2 question.ancient_greece.002.q1; L2 question.ancient_greece.002.q2; L9 question.ancient_greece.009.q3; L11 question.ancient_greece.011.q3; L21 question.ancient_greece.021.q3; L41 question.ancient_greece.041.q3; L71 question.ancient_greece.071.q3; L81 question.ancient_greece.081.q3; L92 question.ancient_greece.092.q3; L100 question.ancient_greece.100.q2","","","","","","corroborated","Mountain ranges isolated Greek regions and discouraged overland travel, letting city-states develop independently. (https://europe.factsanddetails.com/article/entry-263.html https://en.wikipedia.org/wiki/Geography_of_Greece)",""
"fact.ancient_greece.athens_thebes_rivals","source.usu_early_greek_world","unverified","Athens and Thebes, less than 100 km (60 miles) apart, came to see each other as foreign rivals.","https://artsci.usu.edu/history-cultures-ideas/classics/course-resources/classical-drama-and-society/chapter-3","L2 card.ancient_greece.002.c2; L81 card.ancient_greece.081.c4","L2 question.ancient_greece.002.q1; L2 question.ancient_greece.002.q2; L11 question.ancient_greece.011.q3; L21 question.ancient_greece.021.q3; L41 question.ancient_greece.041.q3; L71 question.ancient_greece.071.q3; L81 question.ancient_greece.081.q3; L92 question.ancient_greece.092.q3; L100 question.ancient_greece.100.q2","","","","","","corroborated","Athens and Thebes are roughly 50 to 60 km apart by straight line and were long-standing rivals in the Archaic and Classical periods. (https://en.wikipedia.org/wiki/Thebes,_Greece https://www.britannica.com/place/Thebes-ancient-city-Greece)",""
"fact.ancient_greece.near_the_sea","source.brit_greece_country","unverified","Arms of the sea reach so deep into Greece that only a small wedge of the interior is more than 80 km (50 miles) from the coast.","https://www.britannica.com/place/Greece","L2 card.ancient_greece.002.c3","L2 question.ancient_greece.002.q3; L3 question.ancient_greece.003.q3; L65 question.ancient_greece.065.q3","","","","","","corroborated","Other references note that no place in Greece is much more than about 50 miles (80 km) from the sea. (https://artsci.usu.edu/history-cultures-ideas/classics/course-resources/classical-drama-and-society/chapter-3 https://en.wikipedia.org/wiki/Geography_of_Greece)",""
"fact.ancient_greece.islands_2000","source.brit_greece_country","unverified","Greece today has more than 2,000 islands.","https://www.britannica.com/place/Greece","L2 card.ancient_greece.002.c3","L2 question.ancient_greece.002.q3; L3 question.ancient_greece.003.q3; L65 question.ancient_greece.065.q3","","","","","","corroborated","Counts of Greek islands run from about 1,200 to 6,000 depending on size cutoff; commonly cited figures exceed 2,000. (https://en.wikipedia.org/wiki/List_of_islands_of_Greece https://www.worldatlas.com/articles/the-geography-of-greece.html)",""
"fact.ancient_greece.sea_opened_horizons","source.brit_greece_country","unverified","In Greece, mountains restricted travel over land, while the sea opened up wider horizons.","https://www.britannica.com/place/Greece","L2 card.ancient_greece.002.c1; L2 card.ancient_greece.002.c3; L10 card.ancient_greece.010.c4; L43 card.ancient_greece.043.c2","L2 question.ancient_greece.002.q3; L3 question.ancient_greece.003.q3; L65 question.ancient_greece.065.q3","","","","","","corroborated","Accounts of Greek geography note that the rugged interior pushed Greeks to travel and trade by sea. (https://artsci.usu.edu/history-cultures-ideas/classics/course-resources/classical-drama-and-society/chapter-3 https://europe.factsanddetails.com/article/entry-263.html)",""
"fact.ancient_greece.lowland_one_fifth","source.brit_greece_country","unverified","Lowland, the best farmland, makes up only about one-fifth of Greece.","https://www.britannica.com/place/Greece","L2 card.ancient_greece.002.c4; L9 card.ancient_greece.009.c2","L9 question.ancient_greece.009.q3","","","","","","corroborated","Only about one-fifth of Greek land was suitable for farming, much of it rocky. (https://www.worldatlas.com/articles/the-geography-of-greece.html https://en.wikipedia.org/wiki/Agriculture_in_Greece)",""
"fact.ancient_greece.minoan_dates","source.brit_minoan_civilization","unverified","Minoan civilization on Crete flourished from about 3000 BCE to about 1100 BCE.","https://www.britannica.com/topic/Minoan-civilization","L3 card.ancient_greece.003.c4; L10 card.ancient_greece.010.c2; L42 card.ancient_greece.042.c3","L3 question.ancient_greece.003.q3; L4 question.ancient_greece.004.q3; L42 question.ancient_greece.042.q3","","","","","","corroborated","Minoan civilization is dated from roughly 3100 BCE to about 1100 BCE. (https://en.wikipedia.org/wiki/Minoan_civilization https://www.worldhistory.org/Minoan_Civilization/)",""
"fact.ancient_greece.minoan_trade","source.brit_minoan_civilization","unverified","The Minoans traded across the Aegean and with Egypt and the Levant.","https://www.britannica.com/topic/Minoan-civilization","L3 card.ancient_greece.003.c4","L3 question.ancient_greece.003.q3; L4 question.ancient_greece.004.q3; L42 question.ancient_greece.042.q3","","","","","","corroborated","Minoan goods and Linear A objects are found across the Aegean, and Minoans traded with Egypt and the Near East. (https://en.wikipedia.org/wiki/Minoan_civilization https://www.worldhistory.org/Linear_A_Script/)",""
"fact.ancient_greece.knossos_frescoes","source.brit_knossos","unverified","The palace at Knossos was decorated with wall paintings of dancing, sports and dolphins.","https://www.britannica.com/place/Knossos","L3 card.ancient_greece.003.c4","L3 question.ancient_greece.003.q3; L4 question.ancient_greece.004.q3; L42 question.ancient_greece.042.q3","","","","","","corroborated","Knossos frescoes include the bull-leaping fresco and the dolphin fresco. (https://en.wikipedia.org/wiki/Knossos https://sites.rhodes.edu/sackett/knossos-bull-and-myth-minotaur)",""
"fact.ancient_greece.linear_a_undeciphered","source.brit_minoan_civilization","unverified","The Minoans’ main script, Linear A, has never been deciphered.","https://www.britannica.com/topic/Minoan-civilization","L3 card.ancient_greece.003.c3","L100 question.ancient_greece.100.q3","","","","","","corroborated","Linear A remains undeciphered after more than a century of study; its language is unknown. (https://www.worldhistory.org/Linear_A_Script/ https://en.wikipedia.org/wiki/Linear_A)",""
"fact.ancient_greece.minoan_decline","source.brit_minoan_civilization","unverified","By the mid-15th century BCE the palace culture of Crete declined, amid disasters, unrest and growing Mycenaean influence.","https://www.britannica.com/topic/Minoan-civilization","L3 card.ancient_greece.003.c4; L4 card.ancient_greece.004.c5","L3 question.ancient_greece.003.q3; L4 question.ancient_greece.004.q3; L42 question.ancient_greece.042.q3","","","","","","corroborated","Around 1450 BCE Minoan palaces were destroyed and Mycenaean Greeks took control of Knossos. (https://en.wikipedia.org/wiki/Minoan_civilization https://www.worldhistory.org/Minoan_Civilization/)",""
"fact.ancient_greece.evans_knossos_1900","source.brit_knossos","unverified","The British archaeologist Arthur Evans began excavating Knossos, on Crete, in 1900 and uncovered a great palace.","https://www.britannica.com/place/Knossos","L3 card.ancient_greece.003.c1; L3 card.ancient_greece.003.c2; L10 card.ancient_greece.010.c2","L48 question.ancient_greece.048.q3","","","","","","corroborated","Evans's excavations at Knossos began in 1900 and uncovered the palace complex. (https://en.wikipedia.org/wiki/Arthur_Evans https://sites.rhodes.edu/sackett/knossos-bull-and-myth-minotaur)",""
"fact.ancient_greece.minotaur_legend","source.brit_minotaur","unverified","In Greek myth, King Minos of Crete kept the Minotaur, half man and half bull, in a Labyrinth built by Daedalus.","https://www.britannica.com/topic/Minotaur","L3 card.ancient_greece.003.c1; L3 card.ancient_greece.003.c2; L10 card.ancient_greece.010.c2; L48 card.ancient_greece.048.c2","L48 question.ancient_greece.048.q3","","","","","","corroborated","The Minotaur, part man and part bull, was confined in the Labyrinth that Daedalus built for Minos. (https://en.wikipedia.org/wiki/Minotaur)","one-page weak-pages"
"fact.ancient_greece.knossos_labyrinth_link","source.rhodes_knossos_minotaur","unverified","The palace’s twisting maze of rooms and corridors led some archaeologists to link Knossos with the Labyrinth legend, a link many now doubt.","https://sites.rhodes.edu/sackett/knossos-bull-and-myth-minotaur","L3 card.ancient_greece.003.c2","L48 question.ancient_greece.048.q3","","","","","","corroborated","Many writers suggest the palace's complex maze-like layout gave rise to or fed the Labyrinth legend. (https://en.wikipedia.org/wiki/Labyrinth https://en.wikipedia.org/wiki/Knossos)","weak-pages"
"fact.ancient_greece.minoan_name_from_minos","source.brit_minoan_civilization","unverified","Arthur Evans named the civilization Minoan, after Minos, the legendary king of Crete.","https://www.britannica.com/topic/Minoan-civilization","L3 card.ancient_greece.003.c1; L3 card.ancient_greece.003.c3","L3 question.ancient_greece.003.q1; L98 question.ancient_greece.098.q3","","","","","","corroborated","Evans coined the name Minoan after the mythical King Minos. (https://en.wikipedia.org/wiki/Minoan_civilization https://en.wikipedia.org/wiki/Arthur_Evans)","weak-pages"
"fact.ancient_greece.knossos_concrete","source.ashmolean_knossos_rebuilding","unverified","From the 1920s, Evans’s team rebuilt parts of Knossos in reinforced concrete and had artists complete its frescoes from fragments.","https://www.ashmolean.org/article/rebuilding-the-palace-of-minos-at-knossos","L3 card.ancient_greece.003.c5","L3 question.ancient_greece.003.q2","","","","","","corroborated","The reconstructions at Knossos, including its red columns, were built in reinforced concrete in the 1920s and 1930s; frescoes were heavily restored. (https://www.atlasobscura.com/articles/posts/the-palace-that-was-mostly-guessed https://en.wikipedia.org/wiki/Knossos)",""
"fact.ancient_greece.collingwood_garages","source.ashmolean_knossos_rebuilding","unverified","The philosopher R. G. Collingwood joked that Knossos’s rebuilt architecture seemed to consist of garages and public lavatories.","https://www.ashmolean.org/article/rebuilding-the-palace-of-minos-at-knossos","L3 card.ancient_greece.003.c5","L3 question.ancient_greece.003.q2","","","","","","corroborated","Collingwood's 1930s remark that 'Knossian architecture consists of garages and public lavatories' is widely quoted. (https://www.lrb.co.uk/the-paper/v22/n23/mary-beard/builder-of-ruins https://www.atlasobscura.com/articles/posts/the-palace-that-was-mostly-guessed)",""
"fact.ancient_greece.mycenaean_palaces","source.brit_mycenaean_civilization","unverified","Mycenaean Greece was organized around fortified palace centers ruled by kings, such as Mycenae, Pylos and Tiryns.","https://www.britannica.com/topic/Mycenaean-civilization","L4 card.ancient_greece.004.c2; L12 card.ancient_greece.012.c2; L13 card.ancient_greece.013.c2; L46 card.ancient_greece.046.c3; L47 card.ancient_greece.047.c5","L12 question.ancient_greece.012.q3; L47 question.ancient_greece.047.q3; L50 question.ancient_greece.050.q6","","","","","","corroborated","Mycenaean Greece was dominated by a warrior elite ruling from palatial states such as Mycenae, Pylos and Tiryns. (https://en.wikipedia.org/wiki/Mycenaean_Greece https://www.worldhistory.org/Mycenaean_Civilization/)",""
"fact.ancient_greece.cyclopean_walls","source.brown_cyclopean_masonry","unverified","Later Greeks called the Mycenaeans’ walls of huge stones Cyclopean, believing only the one-eyed giant Cyclopes could have moved them.","https://webhelper.brown.edu/joukowsky/courses/greekpast/4761.html","L4 card.ancient_greece.004.c2; L42 card.ancient_greece.042.c4","L12 question.ancient_greece.012.q3; L47 question.ancient_greece.047.q3; L50 question.ancient_greece.050.q6","","","","","","corroborated","Cyclopean masonry is named from the classical belief that only the Cyclopes could have lifted such massive boulders. (https://en.wikipedia.org/wiki/Cyclopean_masonry https://en.wikipedia.org/wiki/Fortifications_of_Mycenae)","weak-pages"
"fact.ancient_greece.mask_of_agamemnon","source.brit_mycenaean_civilization","unverified","In 1876 Heinrich Schliemann found a gold funerary mask in a grave at Mycenae and believed it was Agamemnon’s; it is still called the Mask of Agamemnon.","https://www.britannica.com/topic/Mycenaean-civilization","L4 card.ancient_greece.004.c3","L4 question.ancient_greece.004.q2; L5 question.ancient_greece.005.q3","","","","","","corroborated","Schliemann found the mask in 1876 in Grave V of Grave Circle A at Mycenae and claimed it was Agamemnon's. (https://en.wikipedia.org/wiki/Mask_of_Agamemnon)","one-page weak-pages"
"fact.ancient_greece.mask_of_agamemnon","source.brown_mask_agamemnon","unverified","In 1876 Heinrich Schliemann found a gold funerary mask in a grave at Mycenae and believed it was Agamemnon’s; it is still called the Mask of Agamemnon.","https://webhelper.brown.edu/joukowsky/courses/greekpast/4917.html","L4 card.ancient_greece.004.c3","L4 question.ancient_greece.004.q2; L5 question.ancient_greece.005.q3","","","","","","corroborated","Schliemann found the mask in 1876 in Grave V of Grave Circle A at Mycenae and claimed it was Agamemnon's. (https://en.wikipedia.org/wiki/Mask_of_Agamemnon)","one-page weak-pages"
"fact.ancient_greece.mask_too_early","source.brown_mask_agamemnon","unverified","The Mask of Agamemnon dates to about 1550-1500 BCE, roughly 300 years before Agamemnon would have lived, if he existed.","https://webhelper.brown.edu/joukowsky/courses/greekpast/4917.html","L4 card.ancient_greece.004.c3; L10 card.ancient_greece.010.c2","L4 question.ancient_greece.004.q2; L5 question.ancient_greece.005.q3","","","","","","corroborated","Modern dating puts the mask at about 1550-1500 BC, some 300 years before the traditional date of the Trojan War. (https://en.wikipedia.org/wiki/Mask_of_Agamemnon https://ancient-greece.org/agamemnon-mask/)",""
"fact.ancient_greece.agamemnon_king_mycenae","source.brit_agamemnon","unverified","In legend, Agamemnon was the king of Mycenae who led the Greek army against Troy.","https://www.britannica.com/biography/Agamemnon-Greek-mythology","L4 card.ancient_greece.004.c3; L10 card.ancient_greece.010.c2","L4 question.ancient_greece.004.q2; L5 question.ancient_greece.005.q3","","","","","","corroborated","Agamemnon, son of Atreus, is the legendary king of Mycenae and commander of the Achaeans in the Trojan War. (https://www.worldhistory.org/Menelaus/ https://www.greekmythology.com/Myths/Mortals/Agamemnon/agamemnon.html)",""
"fact.ancient_greece.linear_b_1952","source.brit_linear_b","unverified","In 1952 the British architect Michael Ventris deciphered Linear B, working with John Chadwick, and showed it recorded an early form of Greek, the oldest known written Greek.","https://www.britannica.com/topic/Linear-B","L4 card.ancient_greece.004.c1; L4 card.ancient_greece.004.c4; L4 card.ancient_greece.004.c5","L4 question.ancient_greece.004.q1; L4 question.ancient_greece.004.q3; L7 question.ancient_greece.007.q3; L10 question.ancient_greece.010.q1","","","","","","corroborated","Ventris, an architect, announced in 1952 that Linear B was an archaic form of Greek. (https://www.britannica.com/biography/Michael-Ventris https://www.historytoday.com/archive/months-past/decoding-linear-b)",""
"fact.ancient_greece.linear_b_1952","source.cam_linear_b_decipherment","unverified","In 1952 the British architect Michael Ventris deciphered Linear B, working with John Chadwick, and showed it recorded an early form of Greek, the oldest known written Greek.","https://www.classics.cam.ac.uk/research/projects/mycep/decipherment","L4 card.ancient_greece.004.c1; L4 card.ancient_greece.004.c4; L4 card.ancient_greece.004.c5","L4 question.ancient_greece.004.q1; L4 question.ancient_greece.004.q3; L7 question.ancient_greece.007.q3; L10 question.ancient_greece.010.q1","","","","","","corroborated","Ventris, an architect, announced in 1952 that Linear B was an archaic form of Greek. (https://www.britannica.com/biography/Michael-Ventris https://www.historytoday.com/archive/months-past/decoding-linear-b)",""
"fact.ancient_greece.linear_b_inventories","source.brit_linear_b","unverified","Linear B tablets, dating from about 1400 to 1200 BCE, were used for palace administration, mostly to record inventories.","https://www.britannica.com/topic/Linear-B","L4 card.ancient_greece.004.c1; L4 card.ancient_greece.004.c4; L7 card.ancient_greece.007.c3; L10 card.ancient_greece.010.c4","L4 question.ancient_greece.004.q1; L7 question.ancient_greece.007.q3; L10 question.ancient_greece.010.q1","","","","","","corroborated","Linear B tablets are largely economic records: lists of goods, livestock, personnel and offerings from Mycenaean palaces. (https://en.wikipedia.org/wiki/Linear_B https://www.classics.cam.ac.uk/research/projects/mycep/decipherment)",""
"fact.ancient_greece.linear_b_at_knossos","source.brit_linear_b","unverified","Linear B tablets have been found at Knossos on Crete as well as at Pylos, Mycenae and other mainland palaces.","https://www.britannica.com/topic/Linear-B","L4 card.ancient_greece.004.c4; L4 card.ancient_greece.004.c5","L4 question.ancient_greece.004.q1; L4 question.ancient_greece.004.q3; L7 question.ancient_greece.007.q3; L10 question.ancient_greece.010.q1","","","","","","corroborated","Linear B tablets were first excavated at Knossos and later at mainland Mycenaean sites such as Pylos. (https://en.wikipedia.org/wiki/Linear_B https://www.britannica.com/place/Knossos)",""
"fact.ancient_greece.trojan_war_story","source.brit_trojan_war","unverified","In legend, the Trojan prince Paris took Helen, wife of Menelaus, and a Greek army led by Agamemnon, king of Mycenae, besieged Troy for ten years.","https://www.britannica.com/event/Trojan-War","L5 card.ancient_greece.005.c2; L10 card.ancient_greece.010.c2","L72 question.ancient_greece.072.q3","","","","","","corroborated","The legend: Paris abducted Helen, wife of Menelaus of Sparta, and the Greeks under Agamemnon besieged Troy for ten years. (https://www.worldhistory.org/Menelaus/ https://www.greekmythology.com/Myths/Mortals/Agamemnon/agamemnon.html)",""
"fact.ancient_greece.trojan_war_story","source.brit_agamemnon","unverified","In legend, the Trojan prince Paris took Helen, wife of Menelaus, and a Greek army led by Agamemnon, king of Mycenae, besieged Troy for ten years.","https://www.britannica.com/biography/Agamemnon-Greek-mythology","L5 card.ancient_greece.005.c2; L10 card.ancient_greece.010.c2","L72 question.ancient_greece.072.q3","","","","","","corroborated","The legend: Paris abducted Helen, wife of Menelaus of Sparta, and the Greeks under Agamemnon besieged Troy for ten years. (https://www.worldhistory.org/Menelaus/ https://www.greekmythology.com/Myths/Mortals/Agamemnon/agamemnon.html)",""
"fact.ancient_greece.trojan_war_date","source.brit_trojan_war","unverified","Later Greek authors dated the Trojan War to the 12th or 13th century BCE.","https://www.britannica.com/event/Trojan-War","L5 card.ancient_greece.005.c2; L5 card.ancient_greece.005.c5","L72 question.ancient_greece.072.q3","","","","","","corroborated","Ancient Greek writers placed the war in the 13th or 12th century BC, e.g. Eratosthenes's 1184 BC. (https://en.wikipedia.org/wiki/Trojan_War https://en.wikipedia.org/wiki/Historicity_of_the_Iliad)","weak-pages"
"fact.ancient_greece.wooden_horse_not_iliad","source.brit_trojan_war","unverified","The wooden horse does not appear in Homer’s Iliad; it is mentioned in the Odyssey and told in detail in Virgil’s Aeneid.","https://www.britannica.com/event/Trojan-War","L5 card.ancient_greece.005.c3","L5 question.ancient_greece.005.q1; L6 question.ancient_greece.006.q3; L100 question.ancient_greece.100.q10","","","","","","corroborated","The Trojan Horse is referred to in the Odyssey and narrated in Aeneid Book 2; the Iliad ends before the fall of Troy. (https://public.wsu.edu/~delahoyd/mythology/virgil2.html https://www.albert.io/blog/aeneid-book-2-laocoon-trojan-horse-ap-latin-review/)",""
"fact.ancient_greece.troy_hisarlik","source.brit_troy","unverified","Troy stood at Hisarlik in northwestern Turkey, near the Dardanelles.","https://www.britannica.com/place/Troy-ancient-city-Turkey","L5 card.ancient_greece.005.c4; L84 card.ancient_greece.084.c2","L5 question.ancient_greece.005.q2; L5 question.ancient_greece.005.q3; L84 question.ancient_greece.084.q3; L100 question.ancient_greece.100.q4","","","","","","corroborated","The archaeological site of Troy is at Hisarlik in Canakkale province, Turkey, near the Dardanelles. (https://en.wikipedia.org/wiki/Troy https://whc.unesco.org/en/list/849/)",""
"fact.ancient_greece.calvert_schliemann","source.brit_troy","unverified","Frank Calvert dug at Hisarlik first and persuaded Heinrich Schliemann, who excavated there on a large scale from 1870.","https://www.britannica.com/place/Troy-ancient-city-Turkey","L5 card.ancient_greece.005.c4","L5 question.ancient_greece.005.q2; L5 question.ancient_greece.005.q3; L84 question.ancient_greece.084.q3; L100 question.ancient_greece.100.q4","","","","","","corroborated","Calvert, who owned part of the mound, convinced Schliemann to dig at Hisarlik; Schliemann began in 1870. (https://www.nationalgeographic.com/history/article/how-heinrich-schliemann-rediscovered-troyand-then-destroyed-it https://en.wikipedia.org/wiki/Frank_Calvert)",""
"fact.ancient_greece.troy_nine_layers","source.brit_troy","unverified","The mound at Hisarlik holds nine main layers of settlement, known as Troy I to Troy IX.","https://www.britannica.com/place/Troy-ancient-city-Turkey","L5 card.ancient_greece.005.c4","L5 question.ancient_greece.005.q2; L5 question.ancient_greece.005.q3; L84 question.ancient_greece.084.q3; L100 question.ancient_greece.100.q4","","","","","","corroborated","Archaeologists identify nine main layers at Troy, each a city built on the ruins of the last. (https://en.wikipedia.org/wiki/Troy https://www.worldhistory.org/troy/)",""
"fact.ancient_greece.priams_treasure_too_old","source.natgeo_schliemann_troy","unverified","Schliemann believed Homer’s Troy lay at the bottom of the mound; his ’Priam’s Treasure’ came from Troy II, about a thousand years too early.","https://www.nationalgeographic.com/history/article/how-heinrich-schliemann-rediscovered-troyand-then-destroyed-it","L5 card.ancient_greece.005.c4","L5 question.ancient_greece.005.q2; L5 question.ancient_greece.005.q3; L84 question.ancient_greece.084.q3; L100 question.ancient_greece.100.q4","","","","","","corroborated","The treasure came from Troy II (about 2500-2300 BCE), long before any Trojan War date. (https://en.wikipedia.org/wiki/Priam%27s_Treasure https://www.historyskills.com/classroom/ancient-history/schliemann-destruction/)",""
"fact.ancient_greece.priams_treasure_too_old","source.brit_troy","unverified","Schliemann believed Homer’s Troy lay at the bottom of the mound; his ’Priam’s Treasure’ came from Troy II, about a thousand years too early.","https://www.britannica.com/place/Troy-ancient-city-Turkey","L5 card.ancient_greece.005.c4","L5 question.ancient_greece.005.q2; L5 question.ancient_greece.005.q3; L84 question.ancient_greece.084.q3; L100 question.ancient_greece.100.q4","","","","","","corroborated","The treasure came from Troy II (about 2500-2300 BCE), long before any Trojan War date. (https://en.wikipedia.org/wiki/Priam%27s_Treasure https://www.historyskills.com/classroom/ancient-history/schliemann-destruction/)",""
"fact.ancient_greece.troy_viia_destroyed","source.brit_troy","unverified","Scholars have proposed Troy VI or Troy VIIa as Homer’s Troy; Troy VIIa was destroyed around 1200 BCE.","https://www.britannica.com/place/Troy-ancient-city-Turkey","L5 card.ancient_greece.005.c5; L10 card.ancient_greece.010.c2","L5 question.ancient_greece.005.q2; L10 question.ancient_greece.010.q4; L100 question.ancient_greece.100.q4","","","","","","corroborated","Troy VIIa, destroyed about 1190-1180 BC, is often identified with Homer's Troy; Troy VI is the other candidate. (https://en.wikipedia.org/wiki/Troy https://www.archaeological.org/pdfs/papers/AIA_Troy.pdf)",""
"fact.ancient_greece.troy_real_war_uncertain","source.brit_trojan_war","unverified","Archaeology suggests Troy did exist, but a conflict on the scale of Homer’s ten-year siege may never have happened.","https://www.britannica.com/event/Trojan-War","L5 card.ancient_greece.005.c1; L5 card.ancient_greece.005.c5","L5 question.ancient_greece.005.q2; L100 question.ancient_greece.100.q4","","","","","","corroborated","Scholars accept a real Bronze Age Troy but remain divided on whether the Trojan War as told had a historical core. (https://en.wikipedia.org/wiki/Historicity_of_the_Iliad https://ecampusontario.pressbooks.pub/mycenaeangreeceandhomerictradition/chapter/troy-and-the-trojan-war-archaeology-history-and-the-epic-traditions/)",""
"fact.ancient_greece.iliad_subject","source.brit_iliad","unverified","The Iliad covers a few weeks in the final year of the Trojan War, centers on the anger of Achilles, and ends with Hector’s funeral, before Troy falls.","https://www.britannica.com/topic/Iliad-epic-poem-by-Homer","L6 card.ancient_greece.006.c2","L6 question.ancient_greece.006.q1; L6 question.ancient_greece.006.q3; L74 question.ancient_greece.074.q3","","","","","","corroborated","The Iliad is set in the tenth year of the war, tells of Achilles' wrath and ends with Hector's funeral. (https://www.britishmuseum.org/blog/who-was-homer https://www.poetryintranslation.com/PITBR/Greek/Ilhome.php)",""
"fact.ancient_greece.odyssey_subject","source.brit_odyssey","unverified","The Odyssey follows Odysseus, king of Ithaca, who spends 10 years trying to get home after the Trojan War.","https://www.britannica.com/topic/Odyssey-epic-by-Homer","L6 card.ancient_greece.006.c2; L49 card.ancient_greece.049.c1; L95 card.ancient_greece.095.c2","L6 question.ancient_greece.006.q1; L6 question.ancient_greece.006.q3; L74 question.ancient_greece.074.q3","","","","","","corroborated","The Odyssey tells of Odysseus's ten-year journey home to Ithaca after the fall of Troy. (https://www.britishmuseum.org/blog/who-was-homer https://openlearn.medium.com/troy-story-homers-iliad-and-odyssey-55275762178f)","weak-pages"
"fact.ancient_greece.homer_education","source.brit_homer","unverified","Homer’s epics were the basis of Greek education and culture throughout the Classical age.","https://www.britannica.com/biography/Homer-Greek-poet","L6 card.ancient_greece.006.c3; L50 card.ancient_greece.050.c2; L51 card.ancient_greece.051.c4; L82 card.ancient_greece.082.c4; L97 card.ancient_greece.097.c2","L50 question.ancient_greece.050.q2; L51 question.ancient_greece.051.q3; L82 question.ancient_greece.082.q3","","","","","","corroborated","Greek students memorized Homer, whose poems were treated as teaching how to live well. (https://talesoftimesforgotten.com/2019/08/10/the-importance-of-the-homeric-poems-in-ancient-greek-culture/ https://en.wikipedia.org/wiki/Homer)",""
"fact.ancient_greece.niceratus_memorized","source.perseus_xenophon_symposium","unverified","In Xenophon’s Symposium, Niceratus says his father made him learn all of Homer to become a good man, so he could recite the Iliad and Odyssey by heart.","https://www.perseus.tufts.edu/hopper/text?doc=Perseus%3Atext%3A1999.01.0212%3Atext%3DSym.%3Achapter%3D3%3Asection%3D5","L6 card.ancient_greece.006.c1; L6 card.ancient_greece.006.c3","L50 question.ancient_greece.050.q2; L51 question.ancient_greece.051.q3; L82 question.ancient_greece.082.q3","","","","","","corroborated","Symposium 3.5: Niceratus's father compelled him to memorize all of Homer, and he can still recite both epics. (https://sententiaeantiquae.com/2015/08/13/my-father-made-me-memorize-all-of-homer-xenophon-symposium-3-5/ https://en.wikipedia.org/wiki/Symposium_(Xenophon))",""
"fact.ancient_greece.homer_date","source.brit_homer","unverified","Homer is thought to have lived in the 9th or 8th century BCE, if he was a single poet at all.","https://www.britannica.com/biography/Homer-Greek-poet","L6 card.ancient_greece.006.c4","L6 question.ancient_greece.006.q2; L10 question.ancient_greece.010.q2; L95 question.ancient_greece.095.q3; L100 question.ancient_greece.100.q5","","","","","","corroborated","Most scholars place Homer, or the composition of the epics, in the 8th or early 7th century BC. (https://www.britishmuseum.org/blog/who-was-homer https://www.poetryintranslation.com/PITBR/Greek/Ilhome.php)",""
"fact.ancient_greece.homer_authorship_disputed","source.brit_homer","unverified","Some scholars think one poet, Homer, composed the Iliad and Odyssey; others think many people retold and revised them.","https://www.britannica.com/biography/Homer-Greek-poet","L6 card.ancient_greece.006.c4","L6 question.ancient_greece.006.q2; L10 question.ancient_greece.010.q2; L95 question.ancient_greece.095.q3; L100 question.ancient_greece.100.q5","","","","","","corroborated","The Homeric Question, whether the epics are the work of one or many poets, remains unresolved. (https://www.britishmuseum.org/blog/who-was-homer https://www.scielo.org.mx/scielo.php?script=sci_arttext&pid=S0185-30822005000100004)",""
"fact.ancient_greece.homer_oral_tradition","source.brit_homer","unverified","The Iliad and Odyssey grew out of a centuries-old oral tradition in which singers inherited phrases, scenes and plots and reshaped them in performance.","https://www.britannica.com/biography/Homer-Greek-poet","L6 card.ancient_greece.006.c4; L10 card.ancient_greece.010.c4; L95 card.ancient_greece.095.c4","L6 question.ancient_greece.006.q2; L10 question.ancient_greece.010.q2; L95 question.ancient_greece.095.q3; L100 question.ancient_greece.100.q5","","","","","","corroborated","The epics are widely held to derive from an oral tradition of formulaic composition in performance. (https://en.wikipedia.org/wiki/Oral-formulaic_composition https://poets.org/glossary/oral-formulaic-method)",""
"fact.ancient_greece.parry_oral_epic","source.brit_milman_parry","unverified","In the 1930s Milman Parry showed Homer’s epics came from an oral tradition; in Yugoslavia he recorded singers, including one who could not read performing an epic about as long as the Odyssey.","https://www.britannica.com/biography/Milman-Parry","L6 card.ancient_greece.006.c5","L6 question.ancient_greece.006.q2","","","","","","corroborated","Parry and Albert Lord recorded South Slavic singers in 1933-35; Avdo Medjedovic dictated an epic of over 12,000 lines. (https://en.wikipedia.org/wiki/Milman_Parry https://en.wikipedia.org/wiki/The_Wedding_of_Smailagi%C4%87_Meho)","weak-pages"
"fact.ancient_greece.swift_footed_achilles","source.brit_milman_parry","unverified","Homer’s epics repeat set phrases such as ""swift-footed Achilles"", building blocks that helped singers compose in performance.","https://www.britannica.com/biography/Milman-Parry","L6 card.ancient_greece.006.c5","L6 question.ancient_greece.006.q2","","","","","","corroborated","Parry analyzed noun-epithet formulas like 'swift-footed Achilles' as tools of oral composition. (https://en.wikipedia.org/wiki/Milman_Parry https://poets.org/glossary/oral-formulaic-method)",""
"fact.ancient_greece.collapse_region_wide","source.worldhistory_bronze_age_collapse","unverified","Around 1200 BCE the collapse struck the whole eastern Mediterranean: the Mycenaean palaces and the Hittite Empire both fell.","https://www.worldhistory.org/Bronze_Age_Collapse/","L7 card.ancient_greece.007.c2","L7 question.ancient_greece.007.q2","","","","","","corroborated","The Late Bronze Age collapse (about 1200-1150 BCE) brought down Mycenaean Greece, the Hittites and many Levantine cities. (https://en.wikipedia.org/wiki/Late_Bronze_Age_collapse https://www.history.com/articles/bronze-age-collapse-causes)",""
"fact.ancient_greece.collapse_causes_debated","source.worldhistory_bronze_age_collapse","unverified","Suggested causes of the collapse include earthquakes, drought and raiders called the Sea Peoples, and no single cause explains it all.","https://www.worldhistory.org/Bronze_Age_Collapse/","L7 card.ancient_greece.007.c2","L7 question.ancient_greece.007.q2","","","","","","corroborated","Scholars favor multiple interacting causes: drought, earthquakes, Sea Peoples raids and systems collapse. (https://en.wikipedia.org/wiki/Late_Bronze_Age_collapse https://www.history.com/articles/bronze-age-collapse-causes)",""
"fact.ancient_greece.collapse_causes_debated","source.brit_sea_peoples","unverified","Suggested causes of the collapse include earthquakes, drought and raiders called the Sea Peoples, and no single cause explains it all.","https://www.britannica.com/topic/Sea-People","L7 card.ancient_greece.007.c2","L7 question.ancient_greece.007.q2","","","","","","corroborated","Scholars favor multiple interacting causes: drought, earthquakes, Sea Peoples raids and systems collapse. (https://en.wikipedia.org/wiki/Late_Bronze_Age_collapse https://www.history.com/articles/bronze-age-collapse-causes)",""
"fact.ancient_greece.linear_b_lost","source.worldhistory_greek_dark_age","unverified","When the palaces fell, Linear B writing was lost, and no written accounts from the Dark Age survive.","https://www.worldhistory.org/Greek_Dark_Age/","L7 card.ancient_greece.007.c1; L7 card.ancient_greece.007.c3; L8 card.ancient_greece.008.c2; L10 card.ancient_greece.010.c3; L10 card.ancient_greece.010.c4","L7 question.ancient_greece.007.q3; L8 question.ancient_greece.008.q3; L97 question.ancient_greece.097.q3","","","","","","corroborated","Linear B went out of use with the collapse of the palaces; Greece had no writing until the alphabet. (https://en.wikipedia.org/wiki/Greek_Dark_Ages https://en.wikipedia.org/wiki/Linear_B)","weak-pages"
"fact.ancient_greece.dark_age_population","source.worldhistory_greek_dark_age","unverified","During the Dark Age, population and farming output fell, and many settlements were abandoned.","https://www.worldhistory.org/Greek_Dark_Age/","L7 card.ancient_greece.007.c3","L7 question.ancient_greece.007.q3; L8 question.ancient_greece.008.q3; L97 question.ancient_greece.097.q3","","","","","","corroborated","Surveys show many small sites were abandoned and population declined sharply after 1200 BCE. (https://en.wikipedia.org/wiki/Greek_Dark_Ages https://courses.lumenlearning.com/atd-herkimer-westerncivilization/chapter/greek-dark-ages/)",""
"fact.ancient_greece.iron_replaces_bronze","source.worldhistory_greek_dark_age","unverified","In the Dark Age iron came to replace bronze: bronze needed long-distance trade, but iron could be mined in Greece.","https://www.worldhistory.org/Greek_Dark_Age/","L7 card.ancient_greece.007.c3","L7 question.ancient_greece.007.q3; L8 question.ancient_greece.008.q3; L97 question.ancient_greece.097.q3","","","","","","corroborated","Ironworking spread in Greece after about 1050 BCE as bronze supplies from long-distance trade were disrupted. (https://en.wikipedia.org/wiki/Greek_Dark_Ages https://en.wikipedia.org/wiki/Iron_Age)","weak-pages"
"fact.ancient_greece.lefkandi_grave","source.brit_ancient_greece","unverified","At Lefkandi on Euboea, a grave of about 1000 BCE, rich by any standard, held a Cypriot bronze vessel and gold, inside a large building.","https://www.britannica.com/place/ancient-Greece","L7 card.ancient_greece.007.c4","L7 question.ancient_greece.007.q1","","","","","","corroborated","The Lefkandi 'heroon' (about 950 BCE) held a man and woman with gold jewelry and a Cypriot bronze amphora in a large apsidal building. (https://en.wikipedia.org/wiki/Lefkandi https://www.worldhistory.org/Greek_Dark_Age/)",""
"fact.ancient_greece.dark_age_not_so_dark","source.worldhistory_greek_dark_age","unverified","Historians now think the Dark Age was less dark than once believed: Greek culture and trade carried on.","https://www.worldhistory.org/Greek_Dark_Age/","L7 card.ancient_greece.007.c4","L7 question.ancient_greece.007.q1","","","","","","corroborated","Finds like Lefkandi show continued wealth and trade with Cyprus and the Levant, challenging the idea of total isolation. (https://en.wikipedia.org/wiki/Greek_Dark_Ages https://en.wikipedia.org/wiki/Lefkandi)","weak-pages"
"fact.ancient_greece.alphabet_from_phoenicians","source.brit_greek_language_alphabet","unverified","The Greeks borrowed their alphabet from the Phoenicians through trade, in the 8th century BCE at the latest and probably earlier.","https://www.britannica.com/topic/Greek-language/The-Greek-alphabet","L8 card.ancient_greece.008.c2; L10 card.ancient_greece.010.c4; L96 card.ancient_greece.096.c3; L99 card.ancient_greece.099.c3","L8 question.ancient_greece.008.q3; L10 question.ancient_greece.010.q5; L22 question.ancient_greece.022.q3; L96 question.ancient_greece.096.q3; L99 question.ancient_greece.099.q2; L99 question.ancient_greece.099.q3","","","","","","corroborated","The Greek alphabet derives from the Phoenician, adopted around 800 BCE or somewhat earlier. (https://webhelper.brown.edu/joukowsky/courses/greekpast/4739.html https://en.wikipedia.org/wiki/History_of_the_Greek_alphabet)",""
"fact.ancient_greece.phoenician_no_vowels","source.brit_greek_language_alphabet","unverified","The Phoenician alphabet had letters only for consonants; vowels were left unwritten.","https://www.britannica.com/topic/Greek-language/The-Greek-alphabet","L8 card.ancient_greece.008.c1; L8 card.ancient_greece.008.c2","L8 question.ancient_greece.008.q3; L22 question.ancient_greece.022.q3; L96 question.ancient_greece.096.q3; L99 question.ancient_greece.099.q3","","","","","","corroborated","Phoenician was an abjad: letters represented consonants, and vowels were not written. (https://en.wikipedia.org/wiki/Phoenician_alphabet https://www.worldhistory.org/Greek_Alphabet/)",""
"fact.ancient_greece.five_vowels","source.brit_greek_alphabet","unverified","The Greeks turned five Phoenician consonant letters, aleph, he, yod, ayin and waw, into the vowels alpha, epsilon, iota, omicron and upsilon.","https://www.britannica.com/topic/Greek-alphabet","L8 card.ancient_greece.008.c1; L8 card.ancient_greece.008.c3","L8 question.ancient_greece.008.q1; L8 question.ancient_greece.008.q2; L67 question.ancient_greece.067.q3; L91 question.ancient_greece.091.q3","","","","","","corroborated","The Greeks repurposed Phoenician consonant signs, such as aleph as alpha, to write vowels. (https://en.wikipedia.org/wiki/History_of_the_Greek_alphabet https://www.worldhistory.org/Greek_Alphabet/)",""
"fact.ancient_greece.five_vowels","source.brit_greek_language_alphabet","unverified","The Greeks turned five Phoenician consonant letters, aleph, he, yod, ayin and waw, into the vowels alpha, epsilon, iota, omicron and upsilon.","https://www.britannica.com/topic/Greek-language/The-Greek-alphabet","L8 card.ancient_greece.008.c1; L8 card.ancient_greece.008.c3","L8 question.ancient_greece.008.q1; L8 question.ancient_greece.008.q2; L67 question.ancient_greece.067.q3; L91 question.ancient_greece.091.q3","","","","","","corroborated","The Greeks repurposed Phoenician consonant signs, such as aleph as alpha, to write vowels. (https://en.wikipedia.org/wiki/History_of_the_Greek_alphabet https://www.worldhistory.org/Greek_Alphabet/)",""
"fact.ancient_greece.alphabet_word","source.etymonline_alphabet","unverified","The word alphabet comes from alpha and beta, the first two Greek letters, which go back to Phoenician aleph (""ox"") and beth (""house"").","https://www.etymonline.com/word/alphabet","L8 card.ancient_greece.008.c3; L91 card.ancient_greece.091.c5","L8 question.ancient_greece.008.q1; L8 question.ancient_greece.008.q2; L67 question.ancient_greece.067.q3; L91 question.ancient_greece.091.q3","","","","","","corroborated","Dictionaries derive alphabet from Greek alpha + beta, from Semitic aleph ('ox') and beth ('house'). (https://www.dictionary.com/e/greek-alphabet-letters/ https://interestingliterature.com/2025/05/alphabet-etymology/)",""
"fact.ancient_greece.earliest_inscriptions","source.brit_greek_language_alphabet","unverified","The earliest datable Greek alphabet inscriptions, from about 725 BCE, come from Athens and from the Greek colony on Ischia, an island off Italy.","https://www.britannica.com/topic/Greek-language/The-Greek-alphabet","L8 card.ancient_greece.008.c4; L9 card.ancient_greece.009.c4","","","","","","","corroborated","The Dipylon jug from Athens (about 740 BC) and Nestor's Cup from Pithekoussai on Ischia (about 735-720 BC) are the oldest known Greek alphabetic inscriptions. (https://en.wikipedia.org/wiki/Dipylon_inscription https://en.wikipedia.org/wiki/Nestor%27s_Cup_(Pithekoussai))","weak-pages"
"fact.ancient_greece.dipylon_jug","source.cambridge_dipylon_oinochoe","unverified","An early Greek alphabet inscription scratched on a wine jug from Athens names the jug as a prize for the best dancer.","https://www.cambridge.org/core/journals/classical-quarterly/article/dipylon-oinochoe-and-ancient-greek-dance-aesthetics/0326A38BCD81A5396EC4DFCC4C8194DF","L8 card.ancient_greece.008.c4","","","","","","","corroborated","The Dipylon inscription (about 740 BC) on a wine jug reads roughly 'whoever of all these dancers dances most delicately...' (https://en.wikipedia.org/wiki/Dipylon_inscription https://www.worldhistory.org/image/3425/dipylon-oinochoe-inscription/)",""
"fact.ancient_greece.greek_ancestor_of_european","source.brit_greek_alphabet","unverified","The Greek alphabet is the direct or indirect ancestor of all modern European alphabets, including the Latin and Cyrillic ones.","https://www.britannica.com/topic/Greek-alphabet","L8 card.ancient_greece.008.c5","","","","","","","corroborated","The Latin alphabet came from Greek via the Etruscans, and Cyrillic was based on the Greek alphabet. (https://www.britannica.com/topic/alphabet-writing/Later-development-of-the-Latin-alphabet https://en.wikipedia.org/wiki/Cyrillic_script)",""
"fact.ancient_greece.colonies_8th_6th","source.uoregon_greek_colonization","unverified","From the 8th to the 6th century BCE, Greeks founded many new cities along the coasts of the Mediterranean and the Black Sea.","https://mappinghistory.uoregon.edu/english/EU/EU05-00.html","L9 card.ancient_greece.009.c1; L9 card.ancient_greece.009.c2; L10 card.ancient_greece.010.c4","L9 question.ancient_greece.009.q3; L19 question.ancient_greece.019.q3; L31 question.ancient_greece.031.q3","","","","","","corroborated","Greek colonization ran roughly from the mid-8th to the 6th century BC, from Spain to the Black Sea. (https://en.wikipedia.org/wiki/Greek_colonisation https://www.ebsco.com/research-starters/history/greeks-colonize-mediterranean-and-black-sea-regions)",""
"fact.ancient_greece.colonies_8th_6th","source.worldhistory_greek_colonization","unverified","From the 8th to the 6th century BCE, Greeks founded many new cities along the coasts of the Mediterranean and the Black Sea.","https://www.worldhistory.org/Greek_Colonization/","L9 card.ancient_greece.009.c1; L9 card.ancient_greece.009.c2; L10 card.ancient_greece.010.c4","L9 question.ancient_greece.009.q3; L19 question.ancient_greece.019.q3; L31 question.ancient_greece.031.q3","","","","","","corroborated","Greek colonization ran roughly from the mid-8th to the 6th century BC, from Spain to the Black Sea. (https://en.wikipedia.org/wiki/Greek_colonisation https://www.ebsco.com/research-starters/history/greeks-colonize-mediterranean-and-black-sea-regions)",""
"fact.ancient_greece.colonies_motives","source.uoregon_greek_colonization","unverified","Greeks left home to found colonies because of land shortage and growing populations, a lack of metals, timber and grain, and strife in their home cities.","https://mappinghistory.uoregon.edu/english/EU/EU05-00.html","L9 card.ancient_greece.009.c2; L31 card.ancient_greece.031.c2","L9 question.ancient_greece.009.q3; L19 question.ancient_greece.019.q3; L31 question.ancient_greece.031.q3","","","","","","corroborated","Land hunger, overpopulation, trade and political unrest are the usual motives given for Greek colonization. (https://en.wikipedia.org/wiki/Greek_colonisation https://www.worldhistory.org/Greek_Colonization/)",""
"fact.ancient_greece.colonies_trade_first","source.worldhistory_greek_colonization","unverified","Trade was usually the first step: Greek traders came first, and settlers often followed.","https://www.worldhistory.org/Greek_Colonization/","L9 card.ancient_greece.009.c2","L9 question.ancient_greece.009.q3; L19 question.ancient_greece.019.q3; L31 question.ancient_greece.031.q3","","","","","","corroborated","Trading posts (emporia) such as Pithekoussai often preceded full colonies. (https://en.wikipedia.org/wiki/Greek_colonisation https://en.wikipedia.org/wiki/Pithekoussai)","weak-pages"
"fact.ancient_greece.colonies_independent","source.uoregon_greek_colonization","unverified","Colonies were politically independent of their mother cities, but they modeled themselves on the cities that founded them.","https://mappinghistory.uoregon.edu/english/EU/EU05-00.html","L9 card.ancient_greece.009.c3","L9 question.ancient_greece.009.q2","","","","","","corroborated","Most Greek colonies (apoikiai) became independent city-states while keeping cultural ties to the metropolis. (https://en.wikipedia.org/wiki/Greek_colonisation https://en.wikipedia.org/wiki/Apoikia)","weak-pages"
"fact.ancient_greece.magna_graecia","source.brit_magna_graecia","unverified","Greek cities along the coast of southern Italy were called Magna Graecia, ""Great Greece""; the first, on Ischia and at Cumae, was founded about 750 BCE.","https://www.britannica.com/place/Magna-Graecia","L9 card.ancient_greece.009.c4; L98 card.ancient_greece.098.c4","L9 question.ancient_greece.009.q1; L13 question.ancient_greece.013.q3; L53 question.ancient_greece.053.q3; L62 question.ancient_greece.062.q3; L76 question.ancient_greece.076.q3; L100 question.ancient_greece.100.q6","","","","","","corroborated","Magna Graecia's earliest Greek settlements were Euboean Pithekoussai on Ischia and Cumae in the 8th century BC. (https://en.wikipedia.org/wiki/Magna_Graecia https://en.wikipedia.org/wiki/Pithekoussai)","weak-pages"
"fact.ancient_greece.syracuse_733","source.worldhistory_greek_colonization","unverified","Corinth founded Syracuse, on Sicily, in 733 BCE.","https://www.worldhistory.org/Greek_Colonization/","L9 card.ancient_greece.009.c4","L9 question.ancient_greece.009.q1; L13 question.ancient_greece.013.q3; L53 question.ancient_greece.053.q3; L62 question.ancient_greece.062.q3; L76 question.ancient_greece.076.q3; L100 question.ancient_greece.100.q6","","","","","","corroborated","Syracuse was founded by Corinthian colonists in 734/733 BC. (https://www.ebsco.com/research-starters/history/founding-syracuse https://en.wikipedia.org/wiki/Archias_of_Corinth)",""
"fact.ancient_greece.marseille_600","source.brit_marseille","unverified","Marseille began as Massalia, founded by Greeks from Phocaea about 600 BCE.","https://www.britannica.com/place/Marseille","L9 card.ancient_greece.009.c4","L9 question.ancient_greece.009.q1; L13 question.ancient_greece.013.q3; L53 question.ancient_greece.053.q3; L62 question.ancient_greece.062.q3; L76 question.ancient_greece.076.q3; L100 question.ancient_greece.100.q6","","","","","","corroborated","Massalia was founded around 600 BC by Greek settlers from Phocaea. (https://en.wikipedia.org/wiki/Massalia https://en.wikipedia.org/wiki/History_of_Marseille)","weak-pages"
"fact.ancient_greece.marseille_600","source.worldhistory_greek_colonization","unverified","Marseille began as Massalia, founded by Greeks from Phocaea about 600 BCE.","https://www.worldhistory.org/Greek_Colonization/","L9 card.ancient_greece.009.c4","L9 question.ancient_greece.009.q1; L13 question.ancient_greece.013.q3; L53 question.ancient_greece.053.q3; L62 question.ancient_greece.062.q3; L76 question.ancient_greece.076.q3; L100 question.ancient_greece.100.q6","","","","","","corroborated","Massalia was founded around 600 BC by Greek settlers from Phocaea. (https://en.wikipedia.org/wiki/Massalia https://en.wikipedia.org/wiki/History_of_Marseille)","weak-pages"
"fact.ancient_greece.frogs_pond","source.perseus_plato_phaedo","unverified","In Plato’s Phaedo, Socrates says that people living between the Pillars of Hercules (Gibraltar) and the river Phasis (on the Black Sea) live around the sea ""like ants or frogs about a pond.""","https://www.perseus.tufts.edu/hopper/text?doc=Perseus%3Atext%3A1999.01.0170%3Atext%3DPhaedo%3Apage%3D109","L9 card.ancient_greece.009.c1","","","","","","","corroborated","Phaedo 109b is widely quoted as Socrates describing the Greeks around the Mediterranean and Black Sea as living like frogs around a pond. (https://www.ihc.ucsb.edu/like-frogs-around-a-pond/ https://en.wikipedia.org/wiki/Phaedo)",""
"fact.ancient_greece.mycenaean_legacy_myth","source.brit_mycenaean_civilization","unverified","Mycenaean culture left a lasting legacy in later Greek myths and epic poetry.","https://www.britannica.com/topic/Mycenaean-civilization","L10 card.ancient_greece.010.c1; L10 card.ancient_greece.010.c3","L10 question.ancient_greece.010.q3","","","","","","corroborated","Many Greek myths and the Homeric epics are set in the Mycenaean world and preserve some of its places and objects. (https://en.wikipedia.org/wiki/Mycenaean_Greece https://en.wikipedia.org/wiki/Historicity_of_the_Iliad)","weak-pages"
"fact.ancient_greece.boars_tusk_helmet","source.dickinson_boars_tusk_helmet","unverified","The Iliad describes a helmet covered in boar’s tusks; such helmets have been found in Mycenaean-era graves, centuries before Homer.","https://blogs.dickinson.edu/homer/2012/05/16/odysseus-boars-tusk-helmet-iliad-10-260-271/","L10 card.ancient_greece.010.c3","L10 question.ancient_greece.010.q3","","","","","","corroborated","Boar's tusk helmets are known from Mycenaean graves (17th-13th c. BCE) and are described in Iliad 10. (https://en.wikipedia.org/wiki/Boar%27s_tusk_helmet https://www.worldhistory.org/image/2179/mycenaean-boars-tusk-helmet/)",""
"fact.ancient_greece.polis_town_and_countryside","source.perseus_martin_polis_characteristics","unverified","A polis, usually translated “city-state”, included an urban center and the countryside for some miles around, with its villages.","https://www.perseus.tufts.edu/hopper/text?doc=Perseus:text:1999.04.0009:chapter%3D5:section%3D1","L11 card.ancient_greece.011.c2","L11 question.ancient_greece.011.q2; L14 question.ancient_greece.014.q3","","","","","","corroborated","World History Encyclopedia: a polis comprised an urban center and surrounding countryside called the chora. (https://www.worldhistory.org/Polis/)","one-page"
"fact.ancient_greece.polis_town_and_countryside","source.brit_polis","unverified","A polis, usually translated “city-state”, included an urban center and the countryside for some miles around, with its villages.","https://www.britannica.com/topic/polis","L11 card.ancient_greece.011.c2","L11 question.ancient_greece.011.q2; L14 question.ancient_greece.014.q3","","","","","","corroborated","World History Encyclopedia: a polis comprised an urban center and surrounding countryside called the chora. (https://www.worldhistory.org/Polis/)","one-page"
"fact.ancient_greece.polis_independent","source.perseus_martin_polis_citizenship","unverified","Each polis was independent of its neighbors, with its own government, and the Greek city-states never formed a permanent union.","https://www.perseus.tufts.edu/hopper/text?doc=Perseus:text:1999.04.0009:chapter%3D5:section%3D2","L11 card.ancient_greece.011.c1; L11 card.ancient_greece.011.c2; L20 card.ancient_greece.020.c1; L20 card.ancient_greece.020.c2; L20 card.ancient_greece.020.c3; L20 card.ancient_greece.020.c4","L11 question.ancient_greece.011.q2; L14 question.ancient_greece.014.q3","","","","","","corroborated","World History Encyclopedia: each polis functioned as an independent political unit with its own institutions. (https://www.worldhistory.org/Polis/)","one-page"
"fact.ancient_greece.polis_independent","source.brit_city_state","unverified","Each polis was independent of its neighbors, with its own government, and the Greek city-states never formed a permanent union.","https://www.britannica.com/topic/city-state","L11 card.ancient_greece.011.c1; L11 card.ancient_greece.011.c2; L20 card.ancient_greece.020.c1; L20 card.ancient_greece.020.c2; L20 card.ancient_greece.020.c3; L20 card.ancient_greece.020.c4","L11 question.ancient_greece.011.q2; L14 question.ancient_greece.014.q3","","","","","","corroborated","World History Encyclopedia: each polis functioned as an independent political unit with its own institutions. (https://www.worldhistory.org/Polis/)","one-page"
"fact.ancient_greece.polis_count_1035","source.oup_polis_inventory","unverified","Scholars have catalogued 1,035 Greek city-states of the Archaic and Classical periods, out of some 1,500 in all.","https://global.oup.com/academic/product/an-inventory-of-archaic-and-classical-poleis-9780198140993","L11 card.ancient_greece.011.c1; L11 card.ancient_greece.011.c3; L20 card.ancient_greece.020.c1; L20 card.ancient_greece.020.c2","L11 question.ancient_greece.011.q1; L11 question.ancient_greece.011.q2; L20 question.ancient_greece.020.q1","","","","","","corroborated","Bryn Mawr Classical Review of the Inventory: '1035 individual poleis are discussed in depth'. (https://bmcr.brynmawr.edu/2005/2005.02.29/)","one-page"
"fact.ancient_greece.polis_small_size","source.perseus_martin_polis_geography","unverified","Most Greek city-states had no more than several hundred to a couple of thousand people; the island of Lesbos alone held five city-states.","https://www.perseus.tufts.edu/hopper/text?doc=Perseus:text:1999.04.0009:chapter%3D5:section%3D3","L11 card.ancient_greece.011.c3","L11 question.ancient_greece.011.q1; L11 question.ancient_greece.011.q2; L20 question.ancient_greece.020.q1","","","","","","corroborated","World History Encyclopedia: over 1,000 poleis existed, most of them small. Lesbos was organized as a Pentapolis of five cities (Mytilene, Methymna, Eresus, Antissa, Pyrrha). (https://www.worldhistory.org/Polis/ https://en.wikipedia.org/wiki/Ancient_Lesbos)",""
"fact.ancient_greece.polis_from_750","source.perseus_martin_polis_citizenship","unverified","The polis emerged around 750 BCE and remained the main form of Greek political organization until the Roman Empire.","https://www.perseus.tufts.edu/hopper/text?doc=Perseus:text:1999.04.0009:chapter%3D5:section%3D2","L11 card.ancient_greece.011.c4","L11 question.ancient_greece.011.q3","","","","","","corroborated","World History Encyclopedia: the polis emerged around the 8th century BCE after the Mycenaean collapse. (https://www.worldhistory.org/Polis/)","one-page"
"fact.ancient_greece.polis_politics_word","source.etymonline_politics","unverified","The English word politics comes from Greek politikos, “of citizens”, from polis.","https://www.etymonline.com/word/politics","L11 card.ancient_greece.011.c4","L11 question.ancient_greece.011.q3","","","","","","corroborated","Etymonline and Martin's Overview (Perseus) both derive politics from polis. (https://www.etymonline.com/word/politics https://www.perseus.tufts.edu/hopper/text?doc=Perseus:text:1999.04.0009:chapter%3D5:section%3D1)",""
"fact.ancient_greece.polis_politics_word","source.perseus_martin_polis_characteristics","unverified","The English word politics comes from Greek politikos, “of citizens”, from polis.","https://www.perseus.tufts.edu/hopper/text?doc=Perseus:text:1999.04.0009:chapter%3D5:section%3D1","L11 card.ancient_greece.011.c4","L11 question.ancient_greece.011.q3","","","","","","corroborated","Etymonline and Martin's Overview (Perseus) both derive politics from polis. (https://www.etymonline.com/word/politics https://www.perseus.tufts.edu/hopper/text?doc=Perseus:text:1999.04.0009:chapter%3D5:section%3D1)",""
"fact.ancient_greece.citystate_town_acropolis_agora","source.brit_polis","unverified","A Greek city-state’s town usually had a citadel on high ground, the acropolis, and a marketplace, the agora.","https://www.britannica.com/topic/polis","L12 card.ancient_greece.012.c1; L20 card.ancient_greece.020.c4","","","","","","","corroborated","World History Encyclopedia lists an acropolis and an agora as typical features of a polis. (https://www.worldhistory.org/Polis/)","one-page"
"fact.ancient_greece.citystate_town_acropolis_agora","source.worldhistory_polis","unverified","A Greek city-state’s town usually had a citadel on high ground, the acropolis, and a marketplace, the agora.","https://www.worldhistory.org/Polis/","L12 card.ancient_greece.012.c1; L20 card.ancient_greece.020.c4","","","","","","","corroborated","World History Encyclopedia lists an acropolis and an agora as typical features of a polis. (https://www.worldhistory.org/Polis/)","one-page"
"fact.ancient_greece.acropolis_high_city","source.brit_acropolis_athens","unverified","Acropolis means “high city”: a city’s fortified high ground, a refuge in war and home to its chief religious buildings.","https://www.britannica.com/place/acropolis-of-Athens","L12 card.ancient_greece.012.c2","L12 question.ancient_greece.012.q1; L12 question.ancient_greece.012.q2; L12 question.ancient_greece.012.q3","","","","","","corroborated","Etymonline: akropolis from akros 'highest' and polis 'city', the fortified section of a Greek city. (https://www.etymonline.com/word/acropolis https://www.livius.org/articles/concept/acropolis/)",""
"fact.ancient_greece.acropolis_high_city","source.worldhistory_acropolis","unverified","Acropolis means “high city”: a city’s fortified high ground, a refuge in war and home to its chief religious buildings.","https://www.worldhistory.org/Acropolis/","L12 card.ancient_greece.012.c2","L12 question.ancient_greece.012.q1; L12 question.ancient_greece.012.q2; L12 question.ancient_greece.012.q3","","","","","","corroborated","Etymonline: akropolis from akros 'highest' and polis 'city', the fortified section of a Greek city. (https://www.etymonline.com/word/acropolis https://www.livius.org/articles/concept/acropolis/)",""
"fact.ancient_greece.athens_acropolis_mycenaean_palace","source.brit_acropolis_athens","unverified","The Mycenaeans built a palace on the Acropolis of Athens.","https://www.britannica.com/place/acropolis-of-Athens","L12 card.ancient_greece.012.c2","L12 question.ancient_greece.012.q1; L12 question.ancient_greece.012.q2; L12 question.ancient_greece.012.q3","","","","","","corroborated","World History Encyclopedia: Mycenaean development of the Athenian Acropolis began in the Bronze Age. (https://www.worldhistory.org/Acropolis/)","one-page"
"fact.ancient_greece.athens_acropolis_mycenaean_palace","source.worldhistory_acropolis","unverified","The Mycenaeans built a palace on the Acropolis of Athens.","https://www.worldhistory.org/Acropolis/","L12 card.ancient_greece.012.c2","L12 question.ancient_greece.012.q1; L12 question.ancient_greece.012.q2; L12 question.ancient_greece.012.q3","","","","","","corroborated","World History Encyclopedia: Mycenaean development of the Athenian Acropolis began in the Bronze Age. (https://www.worldhistory.org/Acropolis/)","one-page"
"fact.ancient_greece.agora_meeting_place","source.brit_agora","unverified","The agora was an open space for citizens’ religious, political, judicial, social and commercial business.","https://www.britannica.com/topic/agora","L12 card.ancient_greece.012.c3","L20 question.ancient_greece.020.q2","","","","","","corroborated","Wikipedia (Ancient Agora of Athens): commercial, governmental, religious and judicial uses. (https://en.wikipedia.org/wiki/Ancient_Agora_of_Athens)","one-page weak-pages"
"fact.ancient_greece.agora_stoas_shops","source.brit_agora","unverified","Agoras were often enclosed by stoas, covered colonnades that sometimes held shops.","https://www.britannica.com/topic/agora","L12 card.ancient_greece.012.c3","L20 question.ancient_greece.020.q2","","","","","","corroborated","Wikipedia (Stoa): stoas usually surrounded the agora; later ones had shops or offices inside. (https://en.wikipedia.org/wiki/Stoa)","one-page weak-pages"
"fact.ancient_greece.agoraphobia_word","source.etymonline_agoraphobia","unverified","Agoraphobia, the fear of open spaces, was coined in 1871 from the Greek agora.","https://www.etymonline.com/word/agoraphobia","L12 card.ancient_greece.012.c3","L20 question.ancient_greece.020.q2","","","","","","corroborated","Wikipedia (Agoraphobia): Westphal introduced the term in 1871, from agora, 'place of assembly' or 'market-place'. (https://en.wikipedia.org/wiki/Agoraphobia)","one-page weak-pages"
"fact.ancient_greece.agora_boundary_stone","source.ascsa_agora_boundary_stones","unverified","Around 500 BCE Athenians marked the edge of their Agora with marble boundary stones inscribed “I am the boundary of the Agora.”","https://agora.ascsa.net/id/agora/monument/boundary%20stones%20of%20the%20agora","L12 card.ancient_greece.012.c4","","","","","","","corroborated","Dickinson College Commentaries dates the inscribed Agora boundary stone to circa 500 BC; Wikipedia and other guides give the text 'I am the boundary of the Agora'. (https://dcc.dickinson.edu/images/inscribed-ancient-agora-boundary-stone https://cyathens.org/student-life/if-these-walls-could-talk/)",""
"fact.ancient_greece.agora_boundary_stone","source.cya_agora_boundary_stone","unverified","Around 500 BCE Athenians marked the edge of their Agora with marble boundary stones inscribed “I am the boundary of the Agora.”","https://cyathens.org/student-life/if-these-walls-could-talk/","L12 card.ancient_greece.012.c4","","","","","","","corroborated","Dickinson College Commentaries dates the inscribed Agora boundary stone to circa 500 BC; Wikipedia and other guides give the text 'I am the boundary of the Agora'. (https://dcc.dickinson.edu/images/inscribed-ancient-agora-boundary-stone https://cyathens.org/student-life/if-these-walls-could-talk/)",""
"fact.ancient_greece.government_words","source.etymonline_monarchy","unverified","Greek gave us the words: monarchy means “rule of one”, aristocracy rule by the “best”, and oligarchy “government by the few”.","https://www.etymonline.com/word/monarchy","L13 card.ancient_greece.013.c2","L13 question.ancient_greece.013.q1","","","","","","corroborated","Britannica (oligarchy): 'government by the few'; aristocracy denotes government by the superior few. (https://www.britannica.com/topic/oligarchy)","one-page"
"fact.ancient_greece.government_words","source.etymonline_aristocracy","unverified","Greek gave us the words: monarchy means “rule of one”, aristocracy rule by the “best”, and oligarchy “government by the few”.","https://www.etymonline.com/word/aristocracy","L13 card.ancient_greece.013.c2","L13 question.ancient_greece.013.q1","","","","","","corroborated","Britannica (oligarchy): 'government by the few'; aristocracy denotes government by the superior few. (https://www.britannica.com/topic/oligarchy)","one-page"
"fact.ancient_greece.government_words","source.etymonline_oligarchy","unverified","Greek gave us the words: monarchy means “rule of one”, aristocracy rule by the “best”, and oligarchy “government by the few”.","https://www.etymonline.com/word/oligarchy","L13 card.ancient_greece.013.c2","L13 question.ancient_greece.013.q1","","","","","","corroborated","Britannica (oligarchy): 'government by the few'; aristocracy denotes government by the superior few. (https://www.britannica.com/topic/oligarchy)","one-page"
"fact.ancient_greece.tyrant_meaning","source.brit_tyrant","unverified","A Greek tyrant seized power instead of inheriting it like a king; the title did not automatically mean cruel, and Greeks judged tyrants by how they ruled.","https://www.britannica.com/topic/tyrant","L13 card.ancient_greece.013.c2; L13 card.ancient_greece.013.c3","L13 question.ancient_greece.013.q1; L13 question.ancient_greece.013.q2","","","","","","corroborated","Wikipedia (Tyrant): tyrannos meant a ruler who came to power without constitutional right and had a neutral connotation in the Archaic period. (https://en.wikipedia.org/wiki/Tyrant)","one-page weak-pages"
"fact.ancient_greece.tyrant_meaning","source.perseus_martin_tyranny","unverified","A Greek tyrant seized power instead of inheriting it like a king; the title did not automatically mean cruel, and Greeks judged tyrants by how they ruled.","https://www.perseus.tufts.edu/hopper/text?doc=Perseus:text:1999.04.0009:chapter%3D6:section%3D16","L13 card.ancient_greece.013.c2; L13 card.ancient_greece.013.c3","L13 question.ancient_greece.013.q1; L13 question.ancient_greece.013.q2","","","","","","corroborated","Wikipedia (Tyrant): tyrannos meant a ruler who came to power without constitutional right and had a neutral connotation in the Archaic period. (https://en.wikipedia.org/wiki/Tyrant)","one-page weak-pages"
"fact.ancient_greece.tyrant_meaning","source.perseus_martin_tyrants_support","unverified","A Greek tyrant seized power instead of inheriting it like a king; the title did not automatically mean cruel, and Greeks judged tyrants by how they ruled.","https://www.perseus.tufts.edu/hopper/text?doc=Perseus:text:1999.04.0009:chapter%3D6:section%3D18","L13 card.ancient_greece.013.c2; L13 card.ancient_greece.013.c3","L13 question.ancient_greece.013.q1; L13 question.ancient_greece.013.q2","","","","","","corroborated","Wikipedia (Tyrant): tyrannos meant a ruler who came to power without constitutional right and had a neutral connotation in the Archaic period. (https://en.wikipedia.org/wiki/Tyrant)","one-page weak-pages"
"fact.ancient_greece.tyrant_word_lydian","source.etymonline_tyrant","unverified","The Greek word tyrannos was probably borrowed from a language of Asia Minor, most likely Lydian.","https://www.etymonline.com/word/tyrant","L13 card.ancient_greece.013.c3; L17 card.ancient_greece.017.c2","L13 question.ancient_greece.013.q2","","","","","","corroborated","Wikipedia (Tyrant): tyrannos is possibly of pre-Greek origin, perhaps from Lydian. (https://en.wikipedia.org/wiki/Tyrant)","one-page weak-pages"
"fact.ancient_greece.tyrants_rise_7th_6th","source.brit_tyrant","unverified","In the 7th and 6th centuries BCE, tyrants took power in many city-states by rallying opposition to rule by a few aristocrats.","https://www.britannica.com/topic/tyrant","L13 card.ancient_greece.013.c3; L20 card.ancient_greece.020.c4","L13 question.ancient_greece.013.q2","","","","","","corroborated","Wikipedia (Tyrant): early tyrants gained backing from lower classes against aristocratic rule; heyday in the early 6th century BC. (https://en.wikipedia.org/wiki/Tyrant)","one-page weak-pages"
"fact.ancient_greece.tyrants_rise_7th_6th","source.perseus_martin_tyranny","unverified","In the 7th and 6th centuries BCE, tyrants took power in many city-states by rallying opposition to rule by a few aristocrats.","https://www.perseus.tufts.edu/hopper/text?doc=Perseus:text:1999.04.0009:chapter%3D6:section%3D16","L13 card.ancient_greece.013.c3; L20 card.ancient_greece.020.c4","L13 question.ancient_greece.013.q2","","","","","","corroborated","Wikipedia (Tyrant): early tyrants gained backing from lower classes against aristocratic rule; heyday in the early 6th century BC. (https://en.wikipedia.org/wiki/Tyrant)","one-page weak-pages"
"fact.ancient_greece.bacchiads_corinth_syracuse","source.perseus_martin_tyranny_corinth","unverified","In the 8th and early 7th centuries BCE the Bacchiads, an aristocratic family, ruled Corinth and founded colonies including Syracuse.","https://www.perseus.tufts.edu/hopper/text?doc=Perseus:text:1999.04.0009:chapter%3D6:section%3D17","L13 card.ancient_greece.013.c4","L13 question.ancient_greece.013.q3","","","","","","corroborated","Wikipedia (Bacchiadae): the clan ruled Corinth in the 8th and 7th centuries BCE; Syracuse's founder Archias was a Bacchiad. (https://en.wikipedia.org/wiki/Bacchiadae https://en.wikipedia.org/wiki/Archias_of_Corinth)","weak-pages"
"fact.ancient_greece.cypselus_corinth","source.perseus_martin_tyranny_corinth","unverified","Around 657 BCE Cypselus overthrew the Bacchiads, who ruled Corinth violently, with popular support and a favorable oracle from Delphi.","https://www.perseus.tufts.edu/hopper/text?doc=Perseus:text:1999.04.0009:chapter%3D6:section%3D17","L13 card.ancient_greece.013.c4; L19 card.ancient_greece.019.c3","L13 question.ancient_greece.013.q3","","","","","","corroborated","Wikipedia (Cypselus): ruled Corinth from 657 BC, expelling the Bacchiadae; the Delphic oracle foretold he would overthrow them. (https://en.wikipedia.org/wiki/Cypselus)","one-page weak-pages"
"fact.ancient_greece.cypselus_corinth","source.brit_cypselus","unverified","Around 657 BCE Cypselus overthrew the Bacchiads, who ruled Corinth violently, with popular support and a favorable oracle from Delphi.","https://www.britannica.com/biography/Cypselus","L13 card.ancient_greece.013.c4; L19 card.ancient_greece.019.c3","L13 question.ancient_greece.013.q3","","","","","","corroborated","Wikipedia (Cypselus): ruled Corinth from 657 BC, expelling the Bacchiadae; the Delphic oracle foretold he would overthrow them. (https://en.wikipedia.org/wiki/Cypselus)","one-page weak-pages"
"fact.ancient_greece.cypselus_no_bodyguard","source.perseus_martin_tyranny_corinth","unverified","Cypselus was reputedly so popular that he ruled Corinth without a bodyguard.","https://www.perseus.tufts.edu/hopper/text?doc=Perseus:text:1999.04.0009:chapter%3D6:section%3D17","L13 card.ancient_greece.013.c1; L13 card.ancient_greece.013.c4","L13 question.ancient_greece.013.q3","","","","","","corroborated","Wikipedia (Cypselus): some accounts say he was so popular he never required a personal bodyguard. (https://en.wikipedia.org/wiki/Cypselus)","one-page weak-pages"
"fact.ancient_greece.cypselus_no_bodyguard","source.brit_cypselus","unverified","Cypselus was reputedly so popular that he ruled Corinth without a bodyguard.","https://www.britannica.com/biography/Cypselus","L13 card.ancient_greece.013.c1; L13 card.ancient_greece.013.c4","L13 question.ancient_greece.013.q3","","","","","","corroborated","Wikipedia (Cypselus): some accounts say he was so popular he never required a personal bodyguard. (https://en.wikipedia.org/wiki/Cypselus)","one-page weak-pages"
"fact.ancient_greece.citizen_duties","source.brit_citizenship","unverified","A citizen in a Greek city-state could vote and owed taxes and military service.","https://www.britannica.com/topic/citizenship","L14 card.ancient_greece.014.c2; L16 card.ancient_greece.016.c2; L20 card.ancient_greece.020.c4","L14 question.ancient_greece.014.q2; L16 question.ancient_greece.016.q3","","","","","","corroborated","World History Encyclopedia (Ancient Greek Society): the male citizen had the right to vote and hold office; metics likewise contributed to taxes and campaigns. (https://www.worldhistory.org/article/483/ancient-greek-society/)","one-page"
"fact.ancient_greece.citizen_men_women","source.perseus_martin_polis_citizenship","unverified","In a polis only men had political rights, though women still counted as citizens legally, socially and religiously.","https://www.perseus.tufts.edu/hopper/text?doc=Perseus:text:1999.04.0009:chapter%3D5:section%3D2","L14 card.ancient_greece.014.c2","L14 question.ancient_greece.014.q2; L16 question.ancient_greece.016.q3","","","","","","corroborated","World History Encyclopedia (Ancient Greek Society): female citizens were unable to vote. (https://www.worldhistory.org/article/483/ancient-greek-society/)","one-page"
"fact.ancient_greece.citizenship_by_birth","source.worldhistory_ancient_greek_society","unverified","Citizenship normally came by birth to citizen parents; outsiders were only rarely granted it, even after generations of residence.","https://www.worldhistory.org/article/483/ancient-greek-society/","L14 card.ancient_greece.014.c1; L14 card.ancient_greece.014.c2; L14 card.ancient_greece.014.c4; L20 card.ancient_greece.020.c4","L14 question.ancient_greece.014.q2; L16 question.ancient_greece.016.q3","","","","","","corroborated","Wikipedia (Metic): citizenship was very rarely granted to metics, even after generations, since it passed by inheritance. (https://en.wikipedia.org/wiki/Metic)","one-page weak-pages"
"fact.ancient_greece.metic_definition","source.brit_metic","unverified","Metics were free resident foreigners, including freed slaves, found in most Greek states and most numerous in Athens; the law protected them.","https://www.britannica.com/topic/metic","L14 card.ancient_greece.014.c3; L15 card.ancient_greece.015.c4; L20 card.ancient_greece.020.c4","L14 question.ancient_greece.014.q1; L14 question.ancient_greece.014.q3; L15 question.ancient_greece.015.q3","","","","","","corroborated","Wikipedia (Metic): a metic was a free non-citizen resident, similar to a permanent resident without political rights. (https://en.wikipedia.org/wiki/Metic)","one-page weak-pages"
"fact.ancient_greece.metic_word","source.etymonline_metic","unverified","Metic comes from Greek metoikos, “one who has changed his residence”.","https://www.etymonline.com/word/metic","L14 card.ancient_greece.014.c3","L14 question.ancient_greece.014.q1; L14 question.ancient_greece.014.q3; L15 question.ancient_greece.015.q3","","","","","","corroborated","Merriam-Webster and Wikipedia give metoikos, from meta- (change) and oikos (dwelling). (https://en.wikipedia.org/wiki/Metic)","one-page weak-pages"
"fact.ancient_greece.metic_tax_sponsor","source.ocd_metics","unverified","In Athens metics paid a yearly tax of 12 drachmas for a man and 6 for an independent woman, and needed a citizen sponsor.","https://oxfordre.com/classics/display/10.1093/acrefore/9780199381135.001.0001/acrefore-9780199381135-e-4162","L14 card.ancient_greece.014.c3","L14 question.ancient_greece.014.q1; L14 question.ancient_greece.014.q3; L15 question.ancient_greece.015.q3","","","","","","corroborated","Wikipedia (Metic): the metoikion was twelve drachmas a year for men and six for independent women; metics required a citizen prostates. (https://en.wikipedia.org/wiki/Metic)","one-page weak-pages"
"fact.ancient_greece.metic_no_land","source.ocd_metics","unverified","Metics in Athens could not own land or a house without a special grant.","https://oxfordre.com/classics/display/10.1093/acrefore/9780199381135.001.0001/acrefore-9780199381135-e-4162","L14 card.ancient_greece.014.c3","L14 question.ancient_greece.014.q1; L14 question.ancient_greece.014.q3; L15 question.ancient_greece.015.q3","","","","","","corroborated","Wikipedia (Metic): metics were not permitted to own real estate in Attica, farm or house, unless granted a special exemption. (https://en.wikipedia.org/wiki/Metic)","one-page weak-pages"
"fact.ancient_greece.metic_no_land","source.brit_metic","unverified","Metics in Athens could not own land or a house without a special grant.","https://www.britannica.com/topic/metic","L14 card.ancient_greece.014.c3","L14 question.ancient_greece.014.q1; L14 question.ancient_greece.014.q3; L15 question.ancient_greece.015.q3","","","","","","corroborated","Wikipedia (Metic): metics were not permitted to own real estate in Attica, farm or house, unless granted a special exemption. (https://en.wikipedia.org/wiki/Metic)","one-page weak-pages"
"fact.ancient_greece.pasion_banker","source.brit_pasion","unverified","Pasion, a former slave, became a great banker in 4th-century BCE Athens as a metic, and was later granted citizenship.","https://www.britannica.com/biography/Pasion","L14 card.ancient_greece.014.c4; L15 card.ancient_greece.015.c4","L14 question.ancient_greece.014.q2; L15 question.ancient_greece.015.q3","","","","","","corroborated","Wikipedia (Pasion): freed and granted resident-alien status by 394 BC, he ran the bank and was later granted citizenship. (https://en.wikipedia.org/wiki/Pasion)","one-page weak-pages"
"fact.ancient_greece.slavery_widespread","source.perseus_martin_slavery_extent","unverified","Chattel slavery spread in Greece after about 600 BCE; by the 5th century BCE slaves were as much as a third of the people in some city-states.","https://www.perseus.tufts.edu/hopper/text?doc=Perseus:text:1999.04.0009:chapter%3D5:section%3D23","L15 card.ancient_greece.015.c1; L15 card.ancient_greece.015.c2","L15 question.ancient_greece.015.q2","","","","","","corroborated","World History Encyclopedia (Ancient Greek Society): estimates put slaves at 15 to 40% of the population of the Greek world. (https://www.worldhistory.org/article/483/ancient-greek-society/)","one-page"
"fact.ancient_greece.slavery_sources_war_raids","source.perseus_martin_slave_sources","unverified","War captives were an important source of slaves; pirates and raiders also seized non-Greeks to the north and east for sale in Greece.","https://www.perseus.tufts.edu/hopper/text?doc=Perseus:text:1999.04.0009:chapter%3D5:section%3D22","L15 card.ancient_greece.015.c2","L15 question.ancient_greece.015.q2","","","","","","corroborated","Wikipedia (Slavery in ancient Greece): war, piracy and banditry, and trade supplied slaves. (https://en.wikipedia.org/wiki/Slavery_in_ancient_Greece)","one-page weak-pages"
"fact.ancient_greece.slavery_greeks_enslaved_greeks","source.perseus_martin_slave_sources","unverified","Greeks also enslaved Greeks defeated in war, but not members of their own polis.","https://www.perseus.tufts.edu/hopper/text?doc=Perseus:text:1999.04.0009:chapter%3D5:section%3D22","L15 card.ancient_greece.015.c2","L15 question.ancient_greece.015.q2","","","","","","corroborated","Wikipedia (Slavery in ancient Greece): Athens probably also enslaved some Greeks as a result of wars. (https://en.wikipedia.org/wiki/Slavery_in_ancient_Greece)","one-page weak-pages"
"fact.ancient_greece.slavery_property","source.perseus_martin_slavery_freedom","unverified","Slaves were their owners’ property; Aristotle called a slave “a live article of property”.","https://www.perseus.tufts.edu/hopper/text?doc=Perseus:text:1999.04.0009:chapter%3D5:section%3D21","L15 card.ancient_greece.015.c2; L20 card.ancient_greece.020.c4","L15 question.ancient_greece.015.q2","","","","","","corroborated","Wikipedia (Slavery in ancient Greece): the chattel slave could be bought, sold or leased like any other chattel; Martin notes Aristotle's 'living tools'. (https://en.wikipedia.org/wiki/Slavery_in_ancient_Greece)","one-page weak-pages"
"fact.ancient_greece.slavery_property","source.perseus_aristotle_politics_1253b","unverified","Slaves were their owners’ property; Aristotle called a slave “a live article of property”.","https://www.perseus.tufts.edu/hopper/text?doc=Perseus:text:1999.01.0058:book%3D1:section%3D1253b","L15 card.ancient_greece.015.c2; L20 card.ancient_greece.020.c4","L15 question.ancient_greece.015.q2","","","","","","corroborated","Wikipedia (Slavery in ancient Greece): the chattel slave could be bought, sold or leased like any other chattel; Martin notes Aristotle's 'living tools'. (https://en.wikipedia.org/wiki/Slavery_in_ancient_Greece)","one-page weak-pages"
"fact.ancient_greece.slavery_jobs","source.perseus_martin_slave_occupations","unverified","Slaves did all kinds of work: cooking, cleaning and fetching water, farming, crafts such as pottery and metalwork, and mining.","https://www.perseus.tufts.edu/hopper/text?doc=Perseus:text:1999.04.0009:chapter%3D5:section%3D24","L15 card.ancient_greece.015.c3","L15 question.ancient_greece.015.q1; L17 question.ancient_greece.017.q3; L20 question.ancient_greece.020.q5","","","","","","corroborated","World History Encyclopedia (Ancient Greek Society): slaves did domestic work, agriculture and mining, among many occupations. (https://www.worldhistory.org/article/483/ancient-greek-society/)","one-page"
"fact.ancient_greece.slavery_mines_worst","source.perseus_martin_slave_occupations","unverified","Slaves had the worst conditions in the mines, working narrow tunnels prone to landslides.","https://www.perseus.tufts.edu/hopper/text?doc=Perseus:text:1999.04.0009:chapter%3D5:section%3D24","L15 card.ancient_greece.015.c3","L15 question.ancient_greece.015.q1; L17 question.ancient_greece.017.q3; L20 question.ancient_greece.020.q5","","","","","","corroborated","Wikipedia (Slavery in ancient Greece): mining was extraordinarily hazardous and often led to premature death. (https://en.wikipedia.org/wiki/Slavery_in_ancient_Greece)","one-page weak-pages"
"fact.ancient_greece.laurium_slaves_30000","source.brit_slavery_sociology_of_slavery","unverified","The silver mines at Laurium, in Athens’ territory of Attica, employed as many as 30,000 slaves.","https://www.britannica.com/topic/slavery-sociology/The-sociology-of-slavery","L15 card.ancient_greece.015.c3","L15 question.ancient_greece.015.q1; L17 question.ancient_greece.017.q3; L20 question.ancient_greece.020.q5","","","","","","corroborated","Wikipedia (Slavery in ancient Greece): the number of slaves in the Laurion mines or ore mills has been estimated at 30,000. (https://en.wikipedia.org/wiki/Slavery_in_ancient_Greece)","one-page weak-pages"
"fact.ancient_greece.laurium_slaves_30000","source.brit_laurium","unverified","The silver mines at Laurium, in Athens’ territory of Attica, employed as many as 30,000 slaves.","https://www.britannica.com/place/Laurium","L15 card.ancient_greece.015.c3","L15 question.ancient_greece.015.q1; L17 question.ancient_greece.017.q3; L20 question.ancient_greece.020.q5","","","","","","corroborated","Wikipedia (Slavery in ancient Greece): the number of slaves in the Laurion mines or ore mills has been estimated at 30,000. (https://en.wikipedia.org/wiki/Slavery_in_ancient_Greece)","one-page weak-pages"
"fact.ancient_greece.public_slaves_coins","source.perseus_martin_public_slaves","unverified","In Classical Athens, public slaves owned by the city certified that its coins were genuine.","https://www.perseus.tufts.edu/hopper/text?doc=Perseus:text:1999.04.0009:chapter%3D5:section%3D25","L15 card.ancient_greece.015.c3; L17 card.ancient_greece.017.c4","L15 question.ancient_greece.015.q1; L17 question.ancient_greece.017.q3; L20 question.ancient_greece.020.q5","","","","","","corroborated","Attic Inscriptions Online (RO 25): Nikophon's law of 375/4 BC on the public-slave approvers (dokimastai) of silver coinage. (https://www.atticinscriptions.com/inscription/RO/25)","one-page"
"fact.ancient_greece.slavery_freed_metics","source.brit_metic","unverified","Some slaves won their freedom; a freed slave became a metic, a free resident who was not a citizen.","https://www.britannica.com/topic/metic","L15 card.ancient_greece.015.c4","L15 question.ancient_greece.015.q3","","","","","","corroborated","Wikipedia (Pasion) and Britannica (metic): freed slaves were counted among the metics. (https://en.wikipedia.org/wiki/Pasion)","one-page weak-pages"
"fact.ancient_greece.slavery_freed_metics","source.worldhistory_ancient_greek_society","unverified","Some slaves won their freedom; a freed slave became a metic, a free resident who was not a citizen.","https://www.worldhistory.org/article/483/ancient-greek-society/","L15 card.ancient_greece.015.c4","L15 question.ancient_greece.015.q3","","","","","","corroborated","Wikipedia (Pasion) and Britannica (metic): freed slaves were counted among the metics. (https://en.wikipedia.org/wiki/Pasion)","one-page weak-pages"
"fact.ancient_greece.hoplite_definition","source.brit_hoplite","unverified","A hoplite was a heavily armed Greek foot soldier who fought in close formation; hoplites appeared probably in the late 8th century BCE.","https://www.britannica.com/topic/hoplite","L16 card.ancient_greece.016.c2","L16 question.ancient_greece.016.q3; L18 question.ancient_greece.018.q3","","","","","","corroborated","Martin's Overview (Perseus): hoplites were infantrymen in metal armor, the main force of citizen militias. (https://www.perseus.tufts.edu/hopper/text?doc=Perseus:text:1999.04.0009:chapter%3D5:section%3D16)","one-page"
"fact.ancient_greece.hoplite_equipment","source.brit_hoplite","unverified","A hoplite wore a metal helmet, breastplate and greaves, carried his shield on the left forearm, and fought with a sword and a thrusting spear about 2 m (6 ft) long.","https://www.britannica.com/topic/hoplite","L16 card.ancient_greece.016.c2; L16 card.ancient_greece.016.c4","L16 question.ancient_greece.016.q2; L16 question.ancient_greece.016.q3; L18 question.ancient_greece.018.q3","","","","","","corroborated","Wikipedia (Hoplite): the aspis was held on the forearm with an Argive grip; each soldier's shield covered himself and his neighbor to the left. (https://en.wikipedia.org/wiki/Hoplite)","one-page weak-pages"
"fact.ancient_greece.hoplite_paid_own_gear","source.perseus_martin_hoplite_revolution","unverified","Hoplites paid for their own armor and weapons, so only men of some property could serve as hoplites.","https://www.perseus.tufts.edu/hopper/text?doc=Perseus:text:1999.04.0009:chapter%3D5:section%3D16","L16 card.ancient_greece.016.c2","L16 question.ancient_greece.016.q3; L18 question.ancient_greece.018.q3","","","","","","corroborated","Wikipedia (Hoplite): only those who could afford such weaponry fought as hoplites. (https://en.wikipedia.org/wiki/Hoplite)","one-page weak-pages"
"fact.ancient_greece.phalanx_eight_deep","source.brit_hoplite","unverified","Hoplites marched shoulder to shoulder in a rectangular formation called a phalanx, normally eight ranks deep.","https://www.britannica.com/topic/hoplite","L16 card.ancient_greece.016.c3","L16 question.ancient_greece.016.q1","","","","","","corroborated","Wikipedia (Hoplite): the phalanx was organized eight to ten rows deep. (https://en.wikipedia.org/wiki/Hoplite)","one-page weak-pages"
"fact.ancient_greece.phalanx_eight_deep","source.perseus_martin_hoplite_revolution","unverified","Hoplites marched shoulder to shoulder in a rectangular formation called a phalanx, normally eight ranks deep.","https://www.perseus.tufts.edu/hopper/text?doc=Perseus:text:1999.04.0009:chapter%3D5:section%3D16","L16 card.ancient_greece.016.c3","L16 question.ancient_greece.016.q1","","","","","","corroborated","Wikipedia (Hoplite): the phalanx was organized eight to ten rows deep. (https://en.wikipedia.org/wiki/Hoplite)","one-page weak-pages"
"fact.ancient_greece.archilochus_good_hoplite","source.perseus_martin_hoplite_revolution","unverified","The 7th-century BCE poet Archilochus praised a soldier who is “a short man firmly placed upon his legs”, not to be uprooted from his spot.","https://www.perseus.tufts.edu/hopper/text?doc=Perseus:text:1999.04.0009:chapter%3D5:section%3D16","L16 card.ancient_greece.016.c3","L16 question.ancient_greece.016.q1","","","","","","corroborated","Swift (Open University) and other sources: Archilochus prefers a short, bandy-legged general standing firm on his feet; standing firm was central to the hoplite ethos. (https://oro.open.ac.uk/44124/1/Swift%20lyric%20visions%20for%20ORO.pdf)","one-page"
"fact.ancient_greece.phalanx_drift_right","source.perseus_thucydides_5_71","unverified","Thucydides wrote that armies drifted right going into battle, as each man sheltered his unarmed side behind the shield of the man on his right.","https://www.perseus.tufts.edu/hopper/text?doc=Perseus:text:1999.01.0200:book=5:chapter=71","L16 card.ancient_greece.016.c1; L16 card.ancient_greece.016.c4","L16 question.ancient_greece.016.q2","","","","","","corroborated","Wikipedia (Hoplite): each soldier's shield covered himself and his neighbor to the left, so the men at the extreme right were only half-protected. (https://en.wikipedia.org/wiki/Hoplite)","one-page weak-pages"
"fact.ancient_greece.coins_lydia_first","source.worldhistory_lydian_stater","unverified","The first coins were made in Lydia, in Asia Minor, in the second half of the 7th century BCE, from electrum, a mix of gold and silver.","https://www.worldhistory.org/article/797/the-importance-of-the-lydian-stater-as-the-worlds/","L17 card.ancient_greece.017.c2; L19 card.ancient_greece.019.c4","L17 question.ancient_greece.017.q1","","","","","","corroborated","Britannica (coin): the earliest coins of Asia Minor were electrum from Lydian rivers; Wikipedia (Coinage of Aegina): earlier coins were minted in Asia Minor. (https://www.britannica.com/topic/coin https://en.wikipedia.org/wiki/Coinage_of_Aegina)",""
"fact.ancient_greece.coins_lydia_first","source.brit_coin","unverified","The first coins were made in Lydia, in Asia Minor, in the second half of the 7th century BCE, from electrum, a mix of gold and silver.","https://www.britannica.com/topic/coin","L17 card.ancient_greece.017.c2; L19 card.ancient_greece.019.c4","L17 question.ancient_greece.017.q1","","","","","","corroborated","Britannica (coin): the earliest coins of Asia Minor were electrum from Lydian rivers; Wikipedia (Coinage of Aegina): earlier coins were minted in Asia Minor. (https://www.britannica.com/topic/coin https://en.wikipedia.org/wiki/Coinage_of_Aegina)",""
"fact.ancient_greece.obol_spits","source.etymonline_obol","unverified","Greeks once used metal spits as money; the coin name obol comes from obelos, “spit”.","https://www.etymonline.com/word/obol","L17 card.ancient_greece.017.c1; L17 card.ancient_greece.017.c3","L17 question.ancient_greece.017.q2","","","","","","corroborated","Wikipedia (Obol): obols were originally spits of copper or bronze traded by weight; iron spits found at Argos. (https://en.wikipedia.org/wiki/Obol_(coin))","one-page weak-pages"
"fact.ancient_greece.drachma_handful","source.etymonline_drachma","unverified","Six obols made a drachma, a name that probably meant “a handful”, from a Greek word for grasp.","https://www.etymonline.com/word/drachma","L17 card.ancient_greece.017.c3","L17 question.ancient_greece.017.q2","","","","","","corroborated","Wikipedia (Obol): six made a drachma, 'a handful, since that was as many as the hand could grasp'. (https://en.wikipedia.org/wiki/Obol_(coin))","one-page weak-pages"
"fact.ancient_greece.coins_city_identity","source.worldhistory_polis","unverified","Each city-state stamped its own identity on its coins, along with its own festivals and patron gods.","https://www.worldhistory.org/Polis/","L17 card.ancient_greece.017.c4; L20 card.ancient_greece.020.c1; L20 card.ancient_greece.020.c2; L20 card.ancient_greece.020.c4","L17 question.ancient_greece.017.q3; L20 question.ancient_greece.020.q5","","","","","","corroborated","Art Institute of Chicago: Aegina's coins carried its own emblem, the sea turtle; Britannica: Athens' owls. (https://www.artic.edu/artworks/142732/stater-coin-depicting-a-sea-turtle)","one-page"
"fact.ancient_greece.aegina_sea_turtle","source.artic_aegina_sea_turtle","unverified","The island city of Aegina struck silver coins stamped with a sea turtle, a symbol of its naval strength.","https://www.artic.edu/artworks/142732/stater-coin-depicting-a-sea-turtle","L17 card.ancient_greece.017.c4","L17 question.ancient_greece.017.q3; L20 question.ancient_greece.020.q5","","","","","","corroborated","Wikipedia (Coinage of Aegina): silver staters with a sea turtle on the obverse from the 6th century BC. (https://en.wikipedia.org/wiki/Coinage_of_Aegina)","one-page weak-pages"
"fact.ancient_greece.aegina_land_tortoise","source.artic_aegina_land_tortoise","unverified","Aegina’s later coins show a land tortoise; the Art Institute of Chicago reads the change as a sign of sea power lost to Athens.","https://www.artic.edu/artworks/9648/stater-coin-depicting-a-land-tortoise","L17 card.ancient_greece.017.c4","L17 question.ancient_greece.017.q3; L20 question.ancient_greece.020.q5","","","","","","corroborated","Wikipedia (Coinage of Aegina): the sea turtle was later replaced by the land tortoise. (https://en.wikipedia.org/wiki/Coinage_of_Aegina)","one-page weak-pages"
"fact.ancient_greece.aegina_land_tortoise","source.artic_aegina_sea_turtle","unverified","Aegina’s later coins show a land tortoise; the Art Institute of Chicago reads the change as a sign of sea power lost to Athens.","https://www.artic.edu/artworks/142732/stater-coin-depicting-a-sea-turtle","L17 card.ancient_greece.017.c4","L17 question.ancient_greece.017.q3; L20 question.ancient_greece.020.q5","","","","","","corroborated","Wikipedia (Coinage of Aegina): the sea turtle was later replaced by the land tortoise. (https://en.wikipedia.org/wiki/Coinage_of_Aegina)","one-page weak-pages"
"fact.ancient_greece.athens_owls_laurium","source.brit_laurium","unverified","Athens’ silver coins, the “owls”, were made from Laurium silver and circulated throughout the Classical world.","https://www.britannica.com/place/Laurium","L17 card.ancient_greece.017.c4","L17 question.ancient_greece.017.q3; L20 question.ancient_greece.020.q5","","","","","","corroborated","Wikipedia (Tetradrachm): Athenian owls struck from Laurion silver became a dominant trade coin across the Mediterranean. (https://en.wikipedia.org/wiki/Tetradrachm)","one-page weak-pages"
"fact.ancient_greece.olympics_zeus_four_years","source.brit_olympics","unverified","The Olympic Games were held every four years at Olympia, a sanctuary of Zeus, traditionally from 776 BCE.","https://www.britannica.com/sports/Olympic-Games","L18 card.ancient_greece.018.c1; L18 card.ancient_greece.018.c2","L18 question.ancient_greece.018.q1; L20 question.ancient_greece.020.q4","","","","","","corroborated","World History Encyclopedia: the ancient Games at Olympia honored Zeus and were held every four years from 776 BCE. (https://www.worldhistory.org/Olympic_Games/)","one-page"
"fact.ancient_greece.olympics_zeus_four_years","source.perseus_martin_olympics","unverified","The Olympic Games were held every four years at Olympia, a sanctuary of Zeus, traditionally from 776 BCE.","https://www.perseus.tufts.edu/hopper/text?doc=Perseus:text:1999.04.0009:chapter%3D4:section%3D10","L18 card.ancient_greece.018.c1; L18 card.ancient_greece.018.c2","L18 question.ancient_greece.018.q1; L20 question.ancient_greece.020.q4","","","","","","corroborated","World History Encyclopedia: the ancient Games at Olympia honored Zeus and were held every four years from 776 BCE. (https://www.worldhistory.org/Olympic_Games/)","one-page"
"fact.ancient_greece.olympics_coroebus_cook","source.brit_olympics","unverified","The first Olympic champion on record, Coroebus of Elis, was a cook who won the sprint in 776 BCE.","https://www.britannica.com/sports/Olympic-Games","L18 card.ancient_greece.018.c1","","","","","","","corroborated","Wikipedia (Coroebus of Elis): a cook and baker from Elis, the first recorded Olympic winner, in the stadion of 776 BC. (https://en.wikipedia.org/wiki/Coroebus_of_Elis)","one-page weak-pages"
"fact.ancient_greece.olympics_stadion","source.brit_olympics","unverified","At first the only event was the stadion, a sprint of one length of the track, about 192 m (210 yards); it gave us the word stadium.","https://www.britannica.com/sports/Olympic-Games","L18 card.ancient_greece.018.c2","L18 question.ancient_greece.018.q1; L20 question.ancient_greece.020.q4","","","","","","corroborated","World History Encyclopedia: the stadion was the only event at first, run over one length of the track, 600 ancient feet or 192 m. (https://www.worldhistory.org/Olympic_Games/)","one-page"
"fact.ancient_greece.olympics_stadion","source.perseus_martin_olympics","unverified","At first the only event was the stadion, a sprint of one length of the track, about 192 m (210 yards); it gave us the word stadium.","https://www.perseus.tufts.edu/hopper/text?doc=Perseus:text:1999.04.0009:chapter%3D4:section%3D10","L18 card.ancient_greece.018.c2","L18 question.ancient_greece.018.q1; L20 question.ancient_greece.020.q4","","","","","","corroborated","World History Encyclopedia: the stadion was the only event at first, run over one length of the track, 600 ancient feet or 192 m. (https://www.worldhistory.org/Olympic_Games/)","one-page"
"fact.ancient_greece.olympics_olive_wreath","source.perseus_martin_olympics","unverified","Olympic winners originally received no money, only a wreath of wild olive leaves.","https://www.perseus.tufts.edu/hopper/text?doc=Perseus:text:1999.04.0009:chapter%3D4:section%3D10","L18 card.ancient_greece.018.c2","L18 question.ancient_greece.018.q1; L20 question.ancient_greece.020.q4","","","","","","corroborated","Wikipedia (Coroebus of Elis): the prize was a simple olive branch. (https://en.wikipedia.org/wiki/Coroebus_of_Elis)","one-page weak-pages"
"fact.ancient_greece.olympics_olive_wreath","source.worldhistory_olympic_games","unverified","Olympic winners originally received no money, only a wreath of wild olive leaves.","https://www.worldhistory.org/Olympic_Games/","L18 card.ancient_greece.018.c2","L18 question.ancient_greece.018.q1; L20 question.ancient_greece.020.q4","","","","","","corroborated","Wikipedia (Coroebus of Elis): the prize was a simple olive branch. (https://en.wikipedia.org/wiki/Coroebus_of_Elis)","one-page weak-pages"
"fact.ancient_greece.olympics_who_competed","source.brit_olympics","unverified","The Games were open to freeborn Greek men, who competed naked; married women were not allowed to attend.","https://www.britannica.com/sports/Olympic-Games","L18 card.ancient_greece.018.c3","","","","","","","corroborated","World History Encyclopedia: events open to free Greek males; women were not permitted to participate in or watch the events. (https://www.worldhistory.org/Olympic_Games/)","one-page"
"fact.ancient_greece.olympics_who_competed","source.perseus_martin_olympics","unverified","The Games were open to freeborn Greek men, who competed naked; married women were not allowed to attend.","https://www.perseus.tufts.edu/hopper/text?doc=Perseus:text:1999.04.0009:chapter%3D4:section%3D10","L18 card.ancient_greece.018.c3","","","","","","","corroborated","World History Encyclopedia: events open to free Greek males; women were not permitted to participate in or watch the events. (https://www.worldhistory.org/Olympic_Games/)","one-page"
"fact.ancient_greece.olympics_panhellenic","source.perseus_martin_olympic_community","unverified","The Olympic Games were panhellenic: open to all Greeks, not just one city.","https://www.perseus.tufts.edu/hopper/text?doc=Perseus:text:1999.04.0009:chapter%3D4:section%3D11","L18 card.ancient_greece.018.c3; L20 card.ancient_greece.020.c2","","","","","","","corroborated","World History Encyclopedia (Polis): shared culture created Greek solidarity, especially at the Olympic Games. (https://www.worldhistory.org/Polis/)","one-page"
"fact.ancient_greece.olympics_truce_safe_travel","source.perseus_martin_olympic_community","unverified","A truce of several weeks let athletes and spectators travel to and from Olympia safely, even while wars went on.","https://www.perseus.tufts.edu/hopper/text?doc=Perseus:text:1999.04.0009:chapter%3D4:section%3D11","L18 card.ancient_greece.018.c4; L20 card.ancient_greece.020.c4","L18 question.ancient_greece.018.q2; L18 question.ancient_greece.018.q3","","","","","","corroborated","World History Encyclopedia: a sacred truce (ekecheiria) facilitated the movement of spectators and athletes. (https://www.worldhistory.org/Olympic_Games/)","one-page"
"fact.ancient_greece.olympics_truce_safe_travel","source.brit_olympic_truce","unverified","A truce of several weeks let athletes and spectators travel to and from Olympia safely, even while wars went on.","https://www.britannica.com/sports/Olympic-truce","L18 card.ancient_greece.018.c4; L20 card.ancient_greece.020.c4","L18 question.ancient_greece.018.q2; L18 question.ancient_greece.018.q3","","","","","","corroborated","World History Encyclopedia: a sacred truce (ekecheiria) facilitated the movement of spectators and athletes. (https://www.worldhistory.org/Olympic_Games/)","one-page"
"fact.ancient_greece.olympics_sparta_banned_420","source.perseus_thucydides_5_49","unverified","In 420 BCE Sparta was barred from the Olympics for sending hoplites into Lepreum during the truce, and fined two minae per soldier.","https://www.perseus.tufts.edu/hopper/text?doc=Perseus:text:1999.01.0200:book=5:chapter=49","L18 card.ancient_greece.018.c4","L18 question.ancient_greece.018.q2; L18 question.ancient_greece.018.q3","","","","","","corroborated","World History Encyclopedia: in 420 BCE Sparta was banned from competing after violating the truce. (https://www.worldhistory.org/Olympic_Games/)","one-page"
"fact.ancient_greece.olympics_sparta_banned_420","source.worldhistory_olympic_games","unverified","In 420 BCE Sparta was barred from the Olympics for sending hoplites into Lepreum during the truce, and fined two minae per soldier.","https://www.worldhistory.org/Olympic_Games/","L18 card.ancient_greece.018.c4","L18 question.ancient_greece.018.q2; L18 question.ancient_greece.018.q3","","","","","","corroborated","World History Encyclopedia: in 420 BCE Sparta was banned from competing after violating the truce. (https://www.worldhistory.org/Olympic_Games/)","one-page"
"fact.ancient_greece.delphi_pythia_apollo","source.perseus_martin_delphi_colonization","unverified","At Delphi, in the mountains of central Greece, a prophetess called the Pythia spoke the will of Apollo, seated on a sacred tripod.","https://www.perseus.tufts.edu/hopper/text?doc=Perseus:text:1999.04.0009:chapter%3D5:section%3D12","L19 card.ancient_greece.019.c2; L20 card.ancient_greece.020.c2; L20 card.ancient_greece.020.c4","L19 question.ancient_greece.019.q1; L20 question.ancient_greece.020.q4","","","","","","corroborated","Wikipedia (Pythia): the priestess sat on a tall tripod and spoke as Apollo's oracle. (https://en.wikipedia.org/wiki/Pythia)","one-page weak-pages"
"fact.ancient_greece.delphi_pythia_apollo","source.brit_delphic_oracle","unverified","At Delphi, in the mountains of central Greece, a prophetess called the Pythia spoke the will of Apollo, seated on a sacred tripod.","https://www.britannica.com/topic/Delphic-oracle","L19 card.ancient_greece.019.c2; L20 card.ancient_greece.020.c2; L20 card.ancient_greece.020.c4","L19 question.ancient_greece.019.q1; L20 question.ancient_greece.020.q4","","","","","","corroborated","Wikipedia (Pythia): the priestess sat on a tall tripod and spoke as Apollo's oracle. (https://en.wikipedia.org/wiki/Pythia)","one-page weak-pages"
"fact.ancient_greece.delphi_queue_jump","source.perseus_martin_delphi_colonization","unverified","The oracle worked only a limited number of days, and generous donors could jump to the head of the line.","https://www.perseus.tufts.edu/hopper/text?doc=Perseus:text:1999.04.0009:chapter%3D5:section%3D12","L19 card.ancient_greece.019.c2","L19 question.ancient_greece.019.q1; L20 question.ancient_greece.020.q4","","","","","","corroborated","TheCollector and other summaries: consultations on a limited number of days; promanteia, the right to consult first, and powerful states paying to jump the queue. (https://www.thecollector.com/oracle-of-delphi/)","one-page"
"fact.ancient_greece.delphi_colonies","source.perseus_martin_delphi_colonization","unverified","Greeks planning a new colony most often asked Apollo at Delphi for approval first.","https://www.perseus.tufts.edu/hopper/text?doc=Perseus:text:1999.04.0009:chapter%3D5:section%3D12","L19 card.ancient_greece.019.c3","L19 question.ancient_greece.019.q3","","","","","","corroborated","Wikipedia (Pythia): no expedition was undertaken and no colony sent out without the oracle's guidance. (https://en.wikipedia.org/wiki/Pythia)","one-page weak-pages"
"fact.ancient_greece.delphi_colonies","source.brit_delphic_oracle","unverified","Greeks planning a new colony most often asked Apollo at Delphi for approval first.","https://www.britannica.com/topic/Delphic-oracle","L19 card.ancient_greece.019.c3","L19 question.ancient_greece.019.q3","","","","","","corroborated","Wikipedia (Pythia): no expedition was undertaken and no colony sent out without the oracle's guidance. (https://en.wikipedia.org/wiki/Pythia)","one-page weak-pages"
"fact.ancient_greece.delphi_ambiguous_verse","source.brit_delphic_oracle","unverified","Priests wrote down the Pythia’s answers in verse that was often highly ambiguous.","https://www.britannica.com/topic/Delphic-oracle","L19 card.ancient_greece.019.c4","L19 question.ancient_greece.019.q2","","","","","","corroborated","Herodotus 1.91 (Perseus): the priestess says Croesus misread an answer he should have questioned further. (https://www.perseus.tufts.edu/hopper/text?doc=Perseus:text:1999.01.0126:book=1:chapter=91)","one-page"
"fact.ancient_greece.delphi_croesus","source.perseus_herodotus_1_53","unverified","Herodotus tells that Croesus of Lydia asked whether to attack Persia and was told he would destroy a great empire: it proved to be his own.","https://www.perseus.tufts.edu/hopper/text?doc=Perseus:text:1999.01.0126:book=1:chapter=53","L19 card.ancient_greece.019.c1; L19 card.ancient_greece.019.c4","L19 question.ancient_greece.019.q2","","","","","","corroborated","Britannica (Delphic oracle): Croesus was told he would cause the fall of a great empire, and his own Lydian empire was defeated. (https://www.britannica.com/topic/Delphic-oracle)","one-page"
"fact.ancient_greece.delphi_croesus","source.perseus_herodotus_1_91","unverified","Herodotus tells that Croesus of Lydia asked whether to attack Persia and was told he would destroy a great empire: it proved to be his own.","https://www.perseus.tufts.edu/hopper/text?doc=Perseus:text:1999.01.0126:book=1:chapter=91","L19 card.ancient_greece.019.c1; L19 card.ancient_greece.019.c4","L19 question.ancient_greece.019.q2","","","","","","corroborated","Britannica (Delphic oracle): Croesus was told he would cause the fall of a great empire, and his own Lydian empire was defeated. (https://www.britannica.com/topic/Delphic-oracle)","one-page"
"fact.ancient_greece.delphi_croesus","source.brit_delphic_oracle","unverified","Herodotus tells that Croesus of Lydia asked whether to attack Persia and was told he would destroy a great empire: it proved to be his own.","https://www.britannica.com/topic/Delphic-oracle","L19 card.ancient_greece.019.c1; L19 card.ancient_greece.019.c4","L19 question.ancient_greece.019.q2","","","","","","corroborated","Britannica (Delphic oracle): Croesus was told he would cause the fall of a great empire, and his own Lydian empire was defeated. (https://www.britannica.com/topic/Delphic-oracle)","one-page"
"fact.ancient_greece.herodotus_greekness","source.perseus_herodotus_8_144","unverified","In Herodotus, the Athenians say all Greeks share kinship in blood and speech, shrines and sacrifices, and a like way of life.","https://www.perseus.tufts.edu/hopper/text?doc=Perseus:text:1999.01.0126:book=8:chapter=144","L20 card.ancient_greece.020.c1; L20 card.ancient_greece.020.c3","L20 question.ancient_greece.020.q3","","","","","","corroborated","Bryn Mawr Classical Review and other scholarship cite Herodotus 8.144's 'common Greekness': shared blood, language, shrines, sacrifices and customs. (https://bmcr.brynmawr.edu/2020/2020.12.10/)","one-page"
"fact.ancient_greece.citystate_shared_culture","source.worldhistory_polis","unverified","Rival city-states still shared a language, religion and culture that gave Greeks a wider sense of belonging, seen at the Olympic Games.","https://www.worldhistory.org/Polis/","L20 card.ancient_greece.020.c2","","","","","","","corroborated","Martin's Overview (Perseus): the Olympic Games were panhellenic, open to all Greeks. (https://www.perseus.tufts.edu/hopper/text?doc=Perseus:text:1999.04.0009:chapter%3D4:section%3D11)","one-page"
"fact.ancient_greece.athena_poseidon_contest","source.brit_athena_goddess","unverified","In the Greek myth of the contest for Athens, Poseidon made a salt-water spring from a rock (in some versions the first horse), and Athena planted the first olive tree.","https://www.britannica.com/topic/Athena-Greek-mythology","L21 card.ancient_greece.021.c1; L21 card.ancient_greece.021.c2","L21 question.ancient_greece.021.q1; L21 question.ancient_greece.021.q2; L28 question.ancient_greece.028.q3","","","","","","corroborated","The myth of Athena and Poseidon’s contest (salt spring or horse vs olive tree) is widely retold. (https://en.wikipedia.org/wiki/Athena https://www.theoi.com/Olympios/Athena.html)",""
"fact.ancient_greece.athena_gave_name","source.brit_athena_goddess","unverified","In the myth Athena’s gift won, and she is associated above all with Athens, the city that took her name.","https://www.britannica.com/topic/Athena-Greek-mythology","L21 card.ancient_greece.021.c2","L21 question.ancient_greece.021.q1; L21 question.ancient_greece.021.q2; L28 question.ancient_greece.028.q3","","","","","","corroborated","Athena’s olive won the contest and Athens is named for her. (https://en.wikipedia.org/wiki/Athena https://www.thecollector.com/athena-poseidon-contest-athens-name-giving/)",""
"fact.ancient_greece.athena_owl_symbol","source.brit_athena_goddess","unverified","Athena was linked with the little owl, which became famous as the symbol of Athens.","https://www.britannica.com/topic/Athena-Greek-mythology","L21 card.ancient_greece.021.c4","L21 question.ancient_greece.021.q2","","","","","","corroborated","The little owl (Athene noctua) is Athena’s bird and a symbol of Athens. (https://en.wikipedia.org/wiki/Owl_of_Athena)","one-page weak-pages"
"fact.ancient_greece.panathenaia_birthday","source.brit_athena_goddess","unverified","The Panathenaia, Athena’s great festival each July, celebrated her birthday; every fourth year it was held with great splendor.","https://www.britannica.com/topic/Athena-Greek-mythology","L21 card.ancient_greece.021.c4","L21 question.ancient_greece.021.q2","","","","","","corroborated","The Panathenaia was annual, with the Great Panathenaia every four years, honoring Athena’s birthday. (https://en.wikipedia.org/wiki/Panathenaea)","one-page weak-pages"
"fact.ancient_greece.panathenaia_birthday","source.brit_panathenaea","unverified","The Panathenaia, Athena’s great festival each July, celebrated her birthday; every fourth year it was held with great splendor.","https://www.britannica.com/topic/Panathenaea","L21 card.ancient_greece.021.c4","L21 question.ancient_greece.021.q2","","","","","","corroborated","The Panathenaia was annual, with the Great Panathenaia every four years, honoring Athena’s birthday. (https://en.wikipedia.org/wiki/Panathenaea)","one-page weak-pages"
"fact.ancient_greece.panathenaia_robe","source.brit_panathenaea","unverified","At the Panathenaia a new embroidered robe was presented to Athena.","https://www.britannica.com/topic/Panathenaea","L21 card.ancient_greece.021.c4","L21 question.ancient_greece.021.q2","","","","","","corroborated","A new peplos was presented to Athena’s statue at the festival. (https://en.wikipedia.org/wiki/Panathenaea https://en.wikipedia.org/wiki/Peplos)","weak-pages"
"fact.ancient_greece.panathenaic_amphora_oil","source.harvard_panathenaic_amphora","unverified","Winners at the Panathenaic games received jars painted with Athena and filled with olive oil from her sacred trees.","https://harvardartmuseums.org/collections/object/303742","L21 card.ancient_greece.021.c4","L21 question.ancient_greece.021.q2","","","","","","corroborated","Panathenaic prize amphorae held oil from Athena’s sacred olive trees and showed Athena. (https://en.wikipedia.org/wiki/Panathenaic_amphora https://www.metmuseum.org/art/collection/search/248902)",""
"fact.ancient_greece.attica_one_polis","source.uu_athenian_synoecism","unverified","Athens ruled the whole region of Attica, an area remarkably large for a single city-state; it could have held several.","https://sanctuaries.sites.uu.nl/2021/03/19/athenian-synoecism/","L21 card.ancient_greece.021.c3","L21 question.ancient_greece.021.q3; L23 question.ancient_greece.023.q3","","","","","","corroborated","Attica, 700-800 square miles, formed a single polis centered on Athens. (https://en.wikipedia.org/wiki/Synoecism https://en.wikipedia.org/wiki/Attica)","weak-pages"
"fact.ancient_greece.attica_theseus_myth","source.uu_athenian_synoecism","unverified","Athenian myth said the hero Theseus had united the towns of Attica into one state.","https://sanctuaries.sites.uu.nl/2021/03/19/athenian-synoecism/","L21 card.ancient_greece.021.c3","L21 question.ancient_greece.021.q3; L23 question.ancient_greece.023.q3","","","","","","corroborated","Athenian tradition credited Theseus with the synoecism of Attica. (https://en.wikipedia.org/wiki/Synoecism https://greekreporter.com/2026/02/22/ancient-greek-hero-theseus-unite-attica-athens/)",""
"fact.ancient_greece.attica_all_athenians","source.uu_athenian_synoecism","unverified","By the fifth century BCE, citizens from all over Attica were called Athenians, with the same civic rights and duties.","https://sanctuaries.sites.uu.nl/2021/03/19/athenian-synoecism/","L21 card.ancient_greece.021.c3","L21 question.ancient_greece.021.q3; L23 question.ancient_greece.023.q3","","","","","","corroborated","All citizens of Attica were Athenians regardless of which deme they lived in. (https://en.wikipedia.org/wiki/Synoecism https://en.wikipedia.org/wiki/Deme)","weak-pages"
"fact.ancient_greece.solon_archon_594","source.brit_solon","unverified","Solon was archon, Athens’ chief official, about 594 BCE.","https://www.britannica.com/biography/Solon","L22 card.ancient_greece.022.c1; L22 card.ancient_greece.022.c2; L30 card.ancient_greece.030.c4","L22 question.ancient_greece.022.q1; L30 question.ancient_greece.030.q1; L30 question.ancient_greece.030.q4","","","","","","corroborated","Solon was archon in about 594 BCE. (https://www.worldhistory.org/solon/ https://en.wikipedia.org/wiki/Solon)",""
"fact.ancient_greece.athens_debt_slavery","source.gutenberg_aristotle_athenian_constitution","unverified","Before Solon, poor Athenians could borrow on the security of their own person and be enslaved for debt, some sold abroad.","https://www.gutenberg.org/files/26095/26095-h/26095-h.htm","L22 card.ancient_greece.022.c1; L22 card.ancient_greece.022.c2","L22 question.ancient_greece.022.q1; L30 question.ancient_greece.030.q1","","","","","","corroborated","Loans on the person led to debt slavery, including sale abroad, before Solon. (https://www.worldhistory.org/solon/ https://en.wikipedia.org/wiki/Seisachtheia)",""
"fact.ancient_greece.athens_debt_slavery","source.perseus_martin_solon","unverified","Before Solon, poor Athenians could borrow on the security of their own person and be enslaved for debt, some sold abroad.","http://www.perseus.tufts.edu/hopper/text?doc=Perseus%3Atext%3A1999.04.0009%3Achapter%3D6%3Asection%3D25","L22 card.ancient_greece.022.c1; L22 card.ancient_greece.022.c2","L22 question.ancient_greece.022.q1; L30 question.ancient_greece.030.q1","","","","","","corroborated","Loans on the person led to debt slavery, including sale abroad, before Solon. (https://www.worldhistory.org/solon/ https://en.wikipedia.org/wiki/Seisachtheia)",""
"fact.ancient_greece.solon_seisachtheia","source.brit_solons_laws","unverified","Solon’s “shaking off of burdens” cancelled debts, freed enslaved debtors and banned loans secured on the borrower’s person.","https://www.britannica.com/topic/Solons-laws","L22 card.ancient_greece.022.c2; L30 card.ancient_greece.030.c4","L22 question.ancient_greece.022.q1; L30 question.ancient_greece.030.q1; L30 question.ancient_greece.030.q4","","","","","","corroborated","The seisachtheia cancelled debts, freed debt slaves and forbade loans on the person. (https://www.worldhistory.org/solon/ https://en.wikipedia.org/wiki/Seisachtheia)",""
"fact.ancient_greece.solon_seisachtheia","source.brit_solon","unverified","Solon’s “shaking off of burdens” cancelled debts, freed enslaved debtors and banned loans secured on the borrower’s person.","https://www.britannica.com/biography/Solon","L22 card.ancient_greece.022.c2; L30 card.ancient_greece.030.c4","L22 question.ancient_greece.022.q1; L30 question.ancient_greece.030.q1; L30 question.ancient_greece.030.q4","","","","","","corroborated","The seisachtheia cancelled debts, freed debt slaves and forbade loans on the person. (https://www.worldhistory.org/solon/ https://en.wikipedia.org/wiki/Seisachtheia)",""
"fact.ancient_greece.solon_poem_brought_back","source.perseus_martin_solon","unverified","In a poem, Solon boasted that he brought back to Athens many who had been sold into slavery.","http://www.perseus.tufts.edu/hopper/text?doc=Perseus%3Atext%3A1999.04.0009%3Achapter%3D6%3Asection%3D25","L22 card.ancient_greece.022.c2","L22 question.ancient_greece.022.q1; L30 question.ancient_greece.030.q1","","","","","","corroborated","Solon’s poem (fr. 36) says he brought home many sold abroad. (https://en.wikipedia.org/wiki/Solon)","one-page weak-pages"
"fact.ancient_greece.solon_ten_years_away","source.gutenberg_aristotle_athenian_constitution","unverified","After his reforms Solon left Athens, saying he would not return for ten years, rather than be pressed to change his laws.","https://www.gutenberg.org/files/26095/26095-h/26095-h.htm","L22 card.ancient_greece.022.c5","","","","","","","corroborated","Herodotus and the Athenian Constitution both say Solon travelled for ten years to avoid changing his laws. (https://en.wikipedia.org/wiki/Solon https://www.ebsco.com/research-starters/history/solon/)",""
"fact.ancient_greece.draco_code_621","source.brit_draco","unverified","Draco’s law code of about 621 BCE punished even trivial crimes with death, which is why harsh rules are called draconian.","https://www.britannica.com/biography/Draco-Greek-lawgiver","L22 card.ancient_greece.022.c3","L22 question.ancient_greece.022.q3","","","","","","corroborated","Draco’s code (c. 621 BCE) was notoriously harsh; hence draconian. (https://en.wikipedia.org/wiki/Draco_(legislator) https://www.britannica.com/topic/Draconian-laws)",""
"fact.ancient_greece.solon_replaced_draco","source.brit_solons_laws","unverified","Solon’s laws replaced Draco’s harsh code, except for Draco’s laws on homicide.","https://www.britannica.com/topic/Solons-laws","L22 card.ancient_greece.022.c3","L22 question.ancient_greece.022.q3","","","","","","corroborated","Solon repealed Draco’s laws except the homicide laws. (https://en.wikipedia.org/wiki/Draco_(legislator) https://www.worldhistory.org/solon/)",""
"fact.ancient_greece.solon_axones","source.worldhistory_solon","unverified","Solon’s laws were written on wooden boards called axones, displayed for the public.","https://www.worldhistory.org/solon/","L22 card.ancient_greece.022.c3","L22 question.ancient_greece.022.q3","","","","","","corroborated","Solon’s laws were inscribed on axones, rotating wooden tablets in public view. (https://en.wikipedia.org/wiki/Solon)","one-page weak-pages"
"fact.ancient_greece.solon_four_classes","source.brit_solon","unverified","Solon divided citizens into four classes by income, measured in produce; the top class harvested at least 500 measures a year.","https://www.britannica.com/biography/Solon","L22 card.ancient_greece.022.c4","L22 question.ancient_greece.022.q2","","","","","","corroborated","Four classes; pentakosiomedimnoi had at least 500 medimnoi. (http://www.perseus.tufts.edu/hopper/text?doc=Perseus%3Atext%3A1999.04.0009%3Achapter%3D6%3Asection%3D25 https://en.wikipedia.org/wiki/Solonian_Constitution)",""
"fact.ancient_greece.solon_four_classes","source.worldhistory_solon","unverified","Solon divided citizens into four classes by income, measured in produce; the top class harvested at least 500 measures a year.","https://www.worldhistory.org/solon/","L22 card.ancient_greece.022.c4","L22 question.ancient_greece.022.q2","","","","","","corroborated","Four classes; pentakosiomedimnoi had at least 500 medimnoi. (http://www.perseus.tufts.edu/hopper/text?doc=Perseus%3Atext%3A1999.04.0009%3Achapter%3D6%3Asection%3D25 https://en.wikipedia.org/wiki/Solonian_Constitution)",""
"fact.ancient_greece.solon_wealth_not_birth","source.brit_solon","unverified","Under Solon, political privilege depended on wealth, not noble birth, and higher classes could hold higher offices.","https://www.britannica.com/biography/Solon","L22 card.ancient_greece.022.c4","L22 question.ancient_greece.022.q2","","","","","","corroborated","Office eligibility followed Solon’s income classes rather than birth. (http://www.perseus.tufts.edu/hopper/text?doc=Perseus%3Atext%3A1999.04.0009%3Achapter%3D6%3Asection%3D25 https://en.wikipedia.org/wiki/Solonian_Constitution)",""
"fact.ancient_greece.solon_thetes_assembly","source.perseus_martin_solon","unverified","The poorest class, the thetes, were barred from office under Solon but kept their right to take part in the Assembly.","http://www.perseus.tufts.edu/hopper/text?doc=Perseus%3Atext%3A1999.04.0009%3Achapter%3D6%3Asection%3D25","L22 card.ancient_greece.022.c4","L22 question.ancient_greece.022.q2","","","","","","corroborated","Thetes could attend the Assembly but not hold office. (https://en.wikipedia.org/wiki/Solonian_Constitution)","one-page weak-pages"
"fact.ancient_greece.athens_tyrants_hippias_510","source.brit_cleomenes_i","unverified","After Solon, Athens was ruled by the tyrant Peisistratus and then his son Hippias, whom the Spartan king Cleomenes expelled in 510 BCE.","https://www.britannica.com/biography/Cleomenes-I","L23 card.ancient_greece.023.c2","","","","","","","corroborated","Cleomenes I expelled Hippias, son of Peisistratus, in 510 BCE. (https://en.wikipedia.org/wiki/Hippias_(tyrant) https://www.livius.org/articles/person/hippias/)",""
"fact.ancient_greece.athens_tyrants_hippias_510","source.gutenberg_aristotle_athenian_constitution","unverified","After Solon, Athens was ruled by the tyrant Peisistratus and then his son Hippias, whom the Spartan king Cleomenes expelled in 510 BCE.","https://www.gutenberg.org/files/26095/26095-h/26095-h.htm","L23 card.ancient_greece.023.c2","","","","","","","corroborated","Cleomenes I expelled Hippias, son of Peisistratus, in 510 BCE. (https://en.wikipedia.org/wiki/Hippias_(tyrant) https://www.livius.org/articles/person/hippias/)",""
"fact.ancient_greece.isagoras_vs_cleisthenes","source.brit_cleisthenes","unverified","In 508 BCE Isagoras, backed by Sparta, won the top office, but his rival Cleisthenes had the people’s support; Cleomenes and Isagoras were forced out.","https://www.britannica.com/biography/Cleisthenes-of-Athens","L23 card.ancient_greece.023.c2","","","","","","","corroborated","The Athenian people resisted Isagoras and Cleomenes, who had to withdraw; Cleisthenes returned. (https://en.wikipedia.org/wiki/Isagoras https://www.worldhistory.org/Cleisthenes/)",""
"fact.ancient_greece.isagoras_vs_cleisthenes","source.brit_cleomenes_i","unverified","In 508 BCE Isagoras, backed by Sparta, won the top office, but his rival Cleisthenes had the people’s support; Cleomenes and Isagoras were forced out.","https://www.britannica.com/biography/Cleomenes-I","L23 card.ancient_greece.023.c2","","","","","","","corroborated","The Athenian people resisted Isagoras and Cleomenes, who had to withdraw; Cleisthenes returned. (https://en.wikipedia.org/wiki/Isagoras https://www.worldhistory.org/Cleisthenes/)",""
"fact.ancient_greece.cleisthenes_ten_tribes","source.brit_cleisthenes","unverified","In 508-507 BCE Cleisthenes replaced Athens’ four old tribes, based on descent, with ten new tribes.","https://www.britannica.com/biography/Cleisthenes-of-Athens","L23 card.ancient_greece.023.c1; L23 card.ancient_greece.023.c3; L30 card.ancient_greece.030.c4","L23 question.ancient_greece.023.q2; L23 question.ancient_greece.023.q3; L30 question.ancient_greece.030.q4","","","","","","corroborated","Ten new tribes replaced the four Ionian tribes. (https://en.wikipedia.org/wiki/Cleisthenes)","one-page weak-pages"
"fact.ancient_greece.cleisthenes_ten_tribes","source.worldhistory_cleisthenes","unverified","In 508-507 BCE Cleisthenes replaced Athens’ four old tribes, based on descent, with ten new tribes.","https://www.worldhistory.org/Cleisthenes/","L23 card.ancient_greece.023.c1; L23 card.ancient_greece.023.c3; L30 card.ancient_greece.030.c4","L23 question.ancient_greece.023.q2; L23 question.ancient_greece.023.q3; L30 question.ancient_greece.030.q4","","","","","","corroborated","Ten new tribes replaced the four Ionian tribes. (https://en.wikipedia.org/wiki/Cleisthenes)","one-page weak-pages"
"fact.ancient_greece.cleisthenes_three_zones","source.brit_cleisthenes","unverified","Cleisthenes split Attica into city, coast and inland, and gave every tribe townships (demes) from all three, so tribes were less likely to follow local and family loyalties.","https://www.britannica.com/biography/Cleisthenes-of-Athens","L23 card.ancient_greece.023.c3","L23 question.ancient_greece.023.q2; L23 question.ancient_greece.023.q3","","","","","","corroborated","Each tribe had one trittys each from city, coast and inland. (https://en.wikipedia.org/wiki/Trittys https://en.wikipedia.org/wiki/Cleisthenes)","weak-pages"
"fact.ancient_greece.cleisthenes_three_zones","source.worldhistory_cleisthenes","unverified","Cleisthenes split Attica into city, coast and inland, and gave every tribe townships (demes) from all three, so tribes were less likely to follow local and family loyalties.","https://www.worldhistory.org/Cleisthenes/","L23 card.ancient_greece.023.c3","L23 question.ancient_greece.023.q2; L23 question.ancient_greece.023.q3","","","","","","corroborated","Each tribe had one trittys each from city, coast and inland. (https://en.wikipedia.org/wiki/Trittys https://en.wikipedia.org/wiki/Cleisthenes)","weak-pages"
"fact.ancient_greece.cleisthenes_demes","source.brit_cleisthenes","unverified","Under Cleisthenes, a citizen’s rights came from his deme, a township that kept its own citizen register.","https://www.britannica.com/biography/Cleisthenes-of-Athens","L23 card.ancient_greece.023.c3","L23 question.ancient_greece.023.q2; L23 question.ancient_greece.023.q3","","","","","","corroborated","Citizenship was registered in the deme. (https://en.wikipedia.org/wiki/Deme https://www.worldhistory.org/Cleisthenes/)",""
"fact.ancient_greece.council_500_lot","source.brit_council_five_hundred","unverified","Each of Cleisthenes’ ten tribes sent 50 men, aged at least 30 and chosen by lot each year, to the Council of 500.","https://www.britannica.com/topic/Council-of-Five-Hundred-ancient-Greek-council","L23 card.ancient_greece.023.c4; L30 card.ancient_greece.030.c2; L30 card.ancient_greece.030.c4","L23 question.ancient_greece.023.q1; L24 question.ancient_greece.024.q3; L26 question.ancient_greece.026.q3; L30 question.ancient_greece.030.q3; L30 question.ancient_greece.030.q4","","","","","","corroborated","Boule of 500: 50 per tribe, over 30, chosen by lot annually. (https://www.worldhistory.org/Athenian_Democracy/ https://en.wikipedia.org/wiki/Boule_(ancient_Greece))",""
"fact.ancient_greece.council_500_lot","source.brit_cleisthenes","unverified","Each of Cleisthenes’ ten tribes sent 50 men, aged at least 30 and chosen by lot each year, to the Council of 500.","https://www.britannica.com/biography/Cleisthenes-of-Athens","L23 card.ancient_greece.023.c4; L30 card.ancient_greece.030.c2; L30 card.ancient_greece.030.c4","L23 question.ancient_greece.023.q1; L24 question.ancient_greece.024.q3; L26 question.ancient_greece.026.q3; L30 question.ancient_greece.030.q3; L30 question.ancient_greece.030.q4","","","","","","corroborated","Boule of 500: 50 per tribe, over 30, chosen by lot annually. (https://www.worldhistory.org/Athenian_Democracy/ https://en.wikipedia.org/wiki/Boule_(ancient_Greece))",""
"fact.ancient_greece.council_prepares_business","source.brit_council_five_hundred","unverified","The Council of 500 prepared the proposals that the Assembly debated and voted on.","https://www.britannica.com/topic/Council-of-Five-Hundred-ancient-Greek-council","L23 card.ancient_greece.023.c4; L24 card.ancient_greece.024.c3","L23 question.ancient_greece.023.q1; L24 question.ancient_greece.024.q3; L26 question.ancient_greece.026.q3; L30 question.ancient_greece.030.q3","","","","","","corroborated","The Boule drafted probouleumata for the Ecclesia. (https://en.wikipedia.org/wiki/Boule_(ancient_Greece) https://en.wikipedia.org/wiki/Probouleuma)","weak-pages"
"fact.ancient_greece.cleisthenes_founder","source.brit_cleisthenes","unverified","Cleisthenes is regarded as the founder of Athenian democracy.","https://www.britannica.com/biography/Cleisthenes-of-Athens","L23 card.ancient_greece.023.c1; L23 card.ancient_greece.023.c4","L23 question.ancient_greece.023.q1; L24 question.ancient_greece.024.q3; L26 question.ancient_greece.026.q3; L30 question.ancient_greece.030.q3","","","","","","corroborated","Cleisthenes is called the father of Athenian democracy. (https://en.wikipedia.org/wiki/Cleisthenes https://www.worldhistory.org/Cleisthenes/)",""
"fact.ancient_greece.democracy_word","source.brit_democracy","unverified","The word demokratia joins demos (people) and kratos (rule); it was coined in the middle of the 5th century BCE.","https://www.britannica.com/topic/democracy","L23 card.ancient_greece.023.c4","L23 question.ancient_greece.023.q1; L24 question.ancient_greece.024.q3; L26 question.ancient_greece.026.q3; L30 question.ancient_greece.030.q3","","","","","","corroborated","Democracy from demos + kratos. (https://en.wikipedia.org/wiki/Democracy https://www.etymonline.com/word/democracy)",""
"fact.ancient_greece.assembly_male_18","source.brit_ecclesia","unverified","The Athenian Assembly (ekklesia) was open to all male citizens aged 18 or over.","https://www.britannica.com/topic/ecclesia-ancient-Greek-assembly","L24 card.ancient_greece.024.c1; L24 card.ancient_greece.024.c2; L29 card.ancient_greece.029.c2","L24 question.ancient_greece.024.q1; L25 question.ancient_greece.025.q3; L29 question.ancient_greece.029.q3","","","","","","corroborated","Male citizens over 18 could attend the Ecclesia. (https://en.wikipedia.org/wiki/Ecclesia_(ancient_Greece) https://www.worldhistory.org/Athenian_Democracy/)",""
"fact.ancient_greece.assembly_pnyx","source.worldhistory_athenian_democracy","unverified","The Assembly met on the Pnyx, a rocky hill in Athens with room for about 6,000 citizens.","https://www.worldhistory.org/Athenian_Democracy/","L24 card.ancient_greece.024.c2","L24 question.ancient_greece.024.q1; L25 question.ancient_greece.025.q3; L29 question.ancient_greece.029.q3","","","","","","corroborated","The Pnyx could hold about 6,000 citizens. (https://en.wikipedia.org/wiki/Pnyx)","one-page weak-pages"
"fact.ancient_greece.assembly_40_meetings","source.gutenberg_aristotle_athenian_constitution","unverified","In the 4th century BCE the Assembly met four times in each tenth of the year, 40 meetings a year.","https://www.gutenberg.org/files/26095/26095-h/26095-h.htm","L24 card.ancient_greece.024.c2","L24 question.ancient_greece.024.q1; L25 question.ancient_greece.025.q3; L29 question.ancient_greece.029.q3","","","","","","corroborated","Four assemblies per prytany, forty a year. (https://en.wikipedia.org/wiki/Ecclesia_(ancient_Greece) https://en.wikipedia.org/wiki/Athens_in_the_5th_century_BC)","weak-pages"
"fact.ancient_greece.assembly_final_control","source.brit_ecclesia","unverified","The Assembly had final control over policy and usually voted by show of hands, a simple majority deciding.","https://www.britannica.com/topic/ecclesia-ancient-Greek-assembly","L24 card.ancient_greece.024.c2; L24 card.ancient_greece.024.c3","L24 question.ancient_greece.024.q1; L24 question.ancient_greece.024.q3; L25 question.ancient_greece.025.q3; L29 question.ancient_greece.029.q3","","","","","","corroborated","The Ecclesia voted by cheirotonia (show of hands). (https://en.wikipedia.org/wiki/Ecclesia_(ancient_Greece) https://www.worldhistory.org/Athenian_Democracy/)",""
"fact.ancient_greece.assembly_who_wishes_to_speak","source.perseus_aeschines_timarchus","unverified","The herald of the Athenian Assembly repeatedly asked “Who wishes to address the assembly?”, welcoming even men who worked at a trade.","https://www.perseus.tufts.edu/hopper/text?doc=Perseus%3Atext%3A1999.01.0002%3Aspeech%3D1%3Asection%3D27","L24 card.ancient_greece.024.c3","L24 question.ancient_greece.024.q3","","","","","","corroborated","The herald’s invitation “Who wishes to speak?” opened debate. (https://en.wikipedia.org/wiki/Pnyx https://www.fire.org/news/podcasts/clear-and-present-danger-history-free-speech/who-wishes-speak-free-speech-ancient)",""
"fact.ancient_greece.assembly_who_wishes_to_speak","source.worldhistory_athenian_democracy","unverified","The herald of the Athenian Assembly repeatedly asked “Who wishes to address the assembly?”, welcoming even men who worked at a trade.","https://www.worldhistory.org/Athenian_Democracy/","L24 card.ancient_greece.024.c3","L24 question.ancient_greece.024.q3","","","","","","corroborated","The herald’s invitation “Who wishes to speak?” opened debate. (https://en.wikipedia.org/wiki/Pnyx https://www.fire.org/news/podcasts/clear-and-present-danger-history-free-speech/who-wishes-speak-free-speech-ancient)",""
"fact.ancient_greece.assembly_red_rope","source.gutenberg_aristophanes_acharnians","unverified","Aristophanes’ comedy the Acharnians shows the Pnyx empty while citizens in the marketplace dodge a rope smeared with red dye.","https://www.gutenberg.org/files/3012/3012-h/3012-h.htm","L24 card.ancient_greece.024.c4","L24 question.ancient_greece.024.q2","","","","","","corroborated","The vermilion rope used to herd citizens to the Assembly appears in the Acharnians. (https://en.wikipedia.org/wiki/Scythian_archers https://en.wikipedia.org/wiki/The_Acharnians)","weak-pages"
"fact.ancient_greece.assembly_pay","source.gutenberg_aristotle_athenian_constitution","unverified","Because too few citizens came to the Assembly, Athens began paying citizens to attend in the early 4th century BCE.","https://www.gutenberg.org/files/26095/26095-h/26095-h.htm","L24 card.ancient_greece.024.c4","L24 question.ancient_greece.024.q2","","","","","","corroborated","Agyrrhius introduced Assembly pay around 400 BCE after poor attendance. (https://en.wikipedia.org/wiki/Ecclesia_(ancient_Greece) https://en.wikipedia.org/wiki/Agyrrhius)","weak-pages"
"fact.ancient_greece.ostracism_midwinter_vote","source.brit_ostracism","unverified","Each midwinter the Athenians voted, without debate, on whether to hold an ostracism some weeks later.","https://www.britannica.com/topic/ostracism","L25 card.ancient_greece.025.c1; L25 card.ancient_greece.025.c2","L25 question.ancient_greece.025.q1; L25 question.ancient_greece.025.q3; L27 question.ancient_greece.027.q3","","","","","","corroborated","The Assembly decided each year in the sixth prytany whether to hold an ostrakophoria. (https://en.wikipedia.org/wiki/Ostracism)","one-page weak-pages"
"fact.ancient_greece.ostracism_midwinter_vote","source.gutenberg_aristotle_athenian_constitution","unverified","Each midwinter the Athenians voted, without debate, on whether to hold an ostracism some weeks later.","https://www.gutenberg.org/files/26095/26095-h/26095-h.htm","L25 card.ancient_greece.025.c1; L25 card.ancient_greece.025.c2","L25 question.ancient_greece.025.q1; L25 question.ancient_greece.025.q3; L27 question.ancient_greece.027.q3","","","","","","corroborated","The Assembly decided each year in the sixth prytany whether to hold an ostrakophoria. (https://en.wikipedia.org/wiki/Ostracism)","one-page weak-pages"
"fact.ancient_greece.ostracism_potsherd","source.mit_plutarch_aristides","unverified","In an ostracism each citizen wrote a name on an ostrakon, a piece of broken pottery.","https://classics.mit.edu/Plutarch/aristide.html","L25 card.ancient_greece.025.c1; L25 card.ancient_greece.025.c2","L25 question.ancient_greece.025.q1; L25 question.ancient_greece.025.q3; L27 question.ancient_greece.027.q3","","","","","","corroborated","Votes were scratched on ostraka (potsherds). (https://en.wikipedia.org/wiki/Ostracism https://www.worldhistory.org/Athenian_Democracy/)",""
"fact.ancient_greece.ostracism_potsherd","source.brit_ostracism","unverified","In an ostracism each citizen wrote a name on an ostrakon, a piece of broken pottery.","https://www.britannica.com/topic/ostracism","L25 card.ancient_greece.025.c1; L25 card.ancient_greece.025.c2","L25 question.ancient_greece.025.q1; L25 question.ancient_greece.025.q3; L27 question.ancient_greece.027.q3","","","","","","corroborated","Votes were scratched on ostraka (potsherds). (https://en.wikipedia.org/wiki/Ostracism https://www.worldhistory.org/Athenian_Democracy/)",""
"fact.ancient_greece.ostracism_6000_ten_years","source.mit_plutarch_aristides","unverified","If enough votes were cast (6,000, in Plutarch’s account), the man named most had to leave Attica within 10 days and stay away 10 years.","https://classics.mit.edu/Plutarch/aristide.html","L25 card.ancient_greece.025.c2","L25 question.ancient_greece.025.q1; L25 question.ancient_greece.025.q3; L27 question.ancient_greece.027.q3","","","","","","corroborated","A 6,000 quorum; exile for ten years. (https://en.wikipedia.org/wiki/Ostracism)","one-page weak-pages"
"fact.ancient_greece.ostracism_6000_ten_years","source.brit_ostracism","unverified","If enough votes were cast (6,000, in Plutarch’s account), the man named most had to leave Attica within 10 days and stay away 10 years.","https://www.britannica.com/topic/ostracism","L25 card.ancient_greece.025.c2","L25 question.ancient_greece.025.q1; L25 question.ancient_greece.025.q3; L27 question.ancient_greece.027.q3","","","","","","corroborated","A 6,000 quorum; exile for ten years. (https://en.wikipedia.org/wiki/Ostracism)","one-page weak-pages"
"fact.ancient_greece.ostracism_kept_property","source.brit_ostracism","unverified","A man who was ostracized kept his property.","https://www.britannica.com/topic/ostracism","L25 card.ancient_greece.025.c3","L25 question.ancient_greece.025.q2","","","","","","corroborated","Ostracized citizens kept property and status. (https://en.wikipedia.org/wiki/Ostracism)","one-page weak-pages"
"fact.ancient_greece.ostracism_kept_property","source.mit_plutarch_aristides","unverified","A man who was ostracized kept his property.","https://classics.mit.edu/Plutarch/aristide.html","L25 card.ancient_greece.025.c3","L25 question.ancient_greece.025.q2","","","","","","corroborated","Ostracized citizens kept property and status. (https://en.wikipedia.org/wiki/Ostracism)","one-page weak-pages"
"fact.ancient_greece.ostracism_against_tyranny","source.brit_ostracism","unverified","Ostracism, credited to Cleisthenes, targeted a leading citizen who might threaten the state; Athens remembered how Peisistratus had made himself tyrant.","https://www.britannica.com/topic/ostracism","L25 card.ancient_greece.025.c3","L25 question.ancient_greece.025.q2","","","","","","corroborated","Ostracism was a precaution against would-be tyrants like Peisistratus. (https://en.wikipedia.org/wiki/Ostracism)","one-page weak-pages"
"fact.ancient_greece.ostracism_against_tyranny","source.gutenberg_aristotle_athenian_constitution","unverified","Ostracism, credited to Cleisthenes, targeted a leading citizen who might threaten the state; Athens remembered how Peisistratus had made himself tyrant.","https://www.gutenberg.org/files/26095/26095-h/26095-h.htm","L25 card.ancient_greece.025.c3","L25 question.ancient_greece.025.q2","","","","","","corroborated","Ostracism was a precaution against would-be tyrants like Peisistratus. (https://en.wikipedia.org/wiki/Ostracism)","one-page weak-pages"
"fact.ancient_greece.ostracism_first_last","source.brit_ostracism","unverified","Ostracism was first used in 488-487 BCE and fell out of use after an ineffective vote, probably in 417 BCE.","https://www.britannica.com/topic/ostracism","L25 card.ancient_greece.025.c3; L30 card.ancient_greece.030.c4","L25 question.ancient_greece.025.q2; L30 question.ancient_greece.030.q4","","","","","","corroborated","First ostracism of Hipparchus 487; last, Hyperbolus, c. 417-415. (https://en.wikipedia.org/wiki/Ostracism https://en.wikipedia.org/wiki/Hyperbolus)","weak-pages"
"fact.ancient_greece.aristides_the_just_story","source.mit_plutarch_aristides","unverified","Plutarch reports that an illiterate voter asked Aristides, not knowing him, to write “Aristides” on his sherd, because he was tired of hearing him called “the just.”","https://classics.mit.edu/Plutarch/aristide.html","L25 card.ancient_greece.025.c4","","","","","","","corroborated","Plutarch’s Aristides 7 anecdote. (https://en.wikipedia.org/wiki/Aristides https://www.worldhistory.org/Aristides/)",""
"fact.ancient_greece.themistocles_190_ostraka","source.gill_themistokles_ostraka","unverified","A well on the north slope of the Acropolis held 190 ostraka naming Themistocles, written by just fourteen hands and apparently prepared in advance.","http://www.davidgill.co.uk/attica/ostraka_them.htm","L25 card.ancient_greece.025.c5","","","","","","","corroborated","190 Themistocles ostraka in 14 hands from the North Slope, likely pre-prepared. (https://dcc.dickinson.edu/images/ostraka-themistocles-athenian-general https://www.open.edu/openlearn/mod/oucontent/view.php?id=157789&section=_unit7.1.10)",""
"fact.ancient_greece.jurors_6000_lot","source.brit_dicastery","unverified","Each year 6,000 volunteers, male citizens at least 30 years old, were chosen by lot for Athens’ jury courts.","https://www.britannica.com/topic/dicastery","L26 card.ancient_greece.026.c2; L30 card.ancient_greece.030.c2","L26 question.ancient_greece.026.q3","","","","","","corroborated","6,000 jurors, over 30, chosen annually. (https://www.worldhistory.org/Athenian_Democracy/ https://en.wikipedia.org/wiki/Dikastes)",""
"fact.ancient_greece.jury_sizes","source.brit_dicastery","unverified","An Athenian court had about 500 jurors for public cases and about 200 for private ones.","https://www.britannica.com/topic/dicastery","L26 card.ancient_greece.026.c1; L26 card.ancient_greece.026.c2","L26 question.ancient_greece.026.q2; L26 question.ancient_greece.026.q3","","","","","","corroborated","Juries of 501 (public) and 201 (private) were common. (https://en.wikipedia.org/wiki/Dikastes https://www.thecollector.com/ancient-athenian-juries/)",""
"fact.ancient_greece.jury_no_judge","source.brit_dicastery","unverified","Athenian jurors judged both law and facts, and voted without discussing the case among themselves.","https://www.britannica.com/topic/dicastery","L26 card.ancient_greece.026.c1; L26 card.ancient_greece.026.c2","L26 question.ancient_greece.026.q2; L26 question.ancient_greece.026.q3","","","","","","corroborated","No presiding judge; jurors voted without deliberation. (https://en.wikipedia.org/wiki/Dikastes https://www.thecollector.com/ancient-athenian-juries/)",""
"fact.ancient_greece.jury_pay_pericles","source.gutenberg_aristotle_athenian_constitution","unverified","Pericles introduced pay for jury service; critics said it filled the juries with common people.","https://www.gutenberg.org/files/26095/26095-h/26095-h.htm","L26 card.ancient_greece.026.c2","L26 question.ancient_greece.026.q3","","","","","","corroborated","Pericles introduced dikastic pay. (https://en.wikipedia.org/wiki/Pericles https://en.wikipedia.org/wiki/Dikastes)","weak-pages"
"fact.ancient_greece.litigants_spoke_themselves","source.brit_dicastery","unverified","In Athenian courts, litigants usually spoke for themselves, though others could speak for a defendant.","https://www.britannica.com/topic/dicastery","L26 card.ancient_greece.026.c3","L26 question.ancient_greece.026.q1","","","","","","corroborated","Litigants pleaded their own cases, sometimes with speechwriters or supporting speakers. (https://en.wikipedia.org/wiki/Logographer_(legal) https://kosmossociety.org/law-and-courts-in-ancient-athens-a-brief-overview/)",""
"fact.ancient_greece.klepsydra_timed_speeches","source.dickinson_klepsydra","unverified","Speeches in Athenian courts were timed with a water clock, the klepsydra, which was stopped while laws and documents were read out.","https://dcc.dickinson.edu/images/klepsydra-athenian-agora","L26 card.ancient_greece.026.c3","L26 question.ancient_greece.026.q1","","","","","","corroborated","The klepsydra timed speeches; it was stopped for readings. (https://en.wikipedia.org/wiki/Water_clock https://brewminate.com/a-brief-overview-of-law-and-courts-in-ancient-athens/)",""
"fact.ancient_greece.klepsydra_timed_speeches","source.gutenberg_aristotle_athenian_constitution","unverified","Speeches in Athenian courts were timed with a water clock, the klepsydra, which was stopped while laws and documents were read out.","https://www.gutenberg.org/files/26095/26095-h/26095-h.htm","L26 card.ancient_greece.026.c3","L26 question.ancient_greece.026.q1","","","","","","corroborated","The klepsydra timed speeches; it was stopped for readings. (https://en.wikipedia.org/wiki/Water_clock https://brewminate.com/a-brief-overview-of-law-and-courts-in-ancient-athens/)",""
"fact.ancient_greece.bronze_ballots","source.gutenberg_aristotle_athenian_constitution","unverified","Each juror got two bronze ballots, one pierced (for the prosecutor) and one solid (for the defendant); a tie meant the defendant won.","https://www.gutenberg.org/files/26095/26095-h/26095-h.htm","L26 card.ancient_greece.026.c4","L26 question.ancient_greece.026.q2","","","","","","corroborated","Hollow and solid psephoi; ties acquitted. (https://en.wikipedia.org/wiki/Psephoi https://ancient-greece.org/agora-archaeological-museum-34/)",""
"fact.ancient_greece.ballots_secret","source.ancientgreeceorg_bronze_ballots","unverified","The two ballots looked identical apart from the axle, so a juror could hide the ends with his fingers and vote in secret.","https://ancient-greece.org/agora-archaeological-museum-34/","L26 card.ancient_greece.026.c4","L26 question.ancient_greece.026.q2","","","","","","corroborated","Covering the axle ends hid which ballot was cast. (https://en.wikipedia.org/wiki/Psephoi)","one-page weak-pages"
"fact.ancient_greece.juries_against_bribery","source.brit_dicastery","unverified","Athens’ large juries made intimidation and bribery harder.","https://www.britannica.com/topic/dicastery","L26 card.ancient_greece.026.c1; L26 card.ancient_greece.026.c4","L26 question.ancient_greece.026.q2","","","","","","corroborated","Large, randomly assigned juries resisted bribery. (https://en.wikipedia.org/wiki/Kleroterion https://www.grandjurymuseum.uk/history/athens/display.html)",""
"fact.ancient_greece.generals_elected","source.brit_sortition","unverified","Most Athenian officials were chosen by lot, but the ten generals (strategoi) and some financial officials were elected by vote.","https://www.britannica.com/topic/sortition","L27 card.ancient_greece.027.c2; L30 card.ancient_greece.030.c2; L30 card.ancient_greece.030.c3","L27 question.ancient_greece.027.q1; L27 question.ancient_greece.027.q3; L30 question.ancient_greece.030.q2","","","","","","corroborated","Strategoi were elected; most other magistrates chosen by lot. (https://en.wikipedia.org/wiki/Strategos https://en.wikipedia.org/wiki/Sortition)","weak-pages"
"fact.ancient_greece.pericles_born_495","source.brit_pericles","unverified","Pericles was born about 495 BCE and died in 429 BCE.","https://www.britannica.com/biography/Pericles-Athenian-statesman","L27 card.ancient_greece.027.c2","L27 question.ancient_greece.027.q1; L27 question.ancient_greece.027.q3","","","","","","corroborated","Pericles c. 495-429 BCE. (https://en.wikipedia.org/wiki/Pericles)","one-page weak-pages unopened-source"
"fact.ancient_greece.pericles_fifteen_years","source.mit_plutarch_pericles","unverified","After his chief rival was ostracized, Pericles was re-elected general every year for fifteen years, according to Plutarch.","https://classics.mit.edu/Plutarch/pericles.html","L27 card.ancient_greece.027.c1; L27 card.ancient_greece.027.c2; L30 card.ancient_greece.030.c3","L27 question.ancient_greece.027.q1; L27 question.ancient_greece.027.q3","","","","","","corroborated","After Thucydides son of Melesias was ostracized in 443, Pericles was elected strategos each year until 429. (https://en.wikipedia.org/wiki/Pericles https://www.ebsco.com/research-starters/history/pericles/)",""
"fact.ancient_greece.pericles_power_basis","source.brit_pericles","unverified","Pericles’ power rested on continual re-election and on his reputation, according to Thucydides, for intelligence and incorruptibility.","https://www.britannica.com/biography/Pericles-Athenian-statesman","L27 card.ancient_greece.027.c2","L27 question.ancient_greece.027.q1; L27 question.ancient_greece.027.q3","","","","","","corroborated","Thucydides stresses Pericles’ intelligence and incorruptibility. (https://en.wikipedia.org/wiki/Pericles)","one-page weak-pages unopened-source"
"fact.ancient_greece.funeral_oration_democracy","source.mit_thucydides_book2","unverified","In Pericles’ funeral oration, as Thucydides records it, Athens’ constitution favors the many instead of the few, which is why it is called a democracy.","https://classics.mit.edu/Thucydides/pelopwar.2.second.html","L27 card.ancient_greece.027.c3","L27 question.ancient_greece.027.q2","","","","","","corroborated","Thucydides 2.37. (https://en.wikipedia.org/wiki/Pericles%27_Funeral_Oration)","one-page weak-pages"
"fact.ancient_greece.thucydides_first_man","source.perseus_thucydides_2_65","unverified","Thucydides judged that under Pericles, Athens was a democracy in name but in fact government by its leading man.","https://www.perseus.tufts.edu/hopper/text?doc=Thuc.+2.65","L27 card.ancient_greece.027.c3","L27 question.ancient_greece.027.q2","","","","","","corroborated","Thucydides 2.65: nominally a democracy, in fact rule by the first citizen. (https://en.wikipedia.org/wiki/Pericles https://thehistorianshut.com/2019/08/13/thucydides-speaking-as-pericles/)",""
"fact.ancient_greece.pericles_helmet","source.mit_plutarch_pericles","unverified","Plutarch says Pericles’ head was long and out of proportion, so almost all his portraits show him in a helmet, and comic poets called him “squill-head.”","https://classics.mit.edu/Plutarch/pericles.html","L27 card.ancient_greece.027.c4","","","","","","","corroborated","Plutarch Pericles 3; Britannica calls the skull’s unusual shape well attested. (https://en.wikipedia.org/wiki/Pericles)","one-page weak-pages"
"fact.ancient_greece.pericles_helmet","source.brit_pericles","unverified","Plutarch says Pericles’ head was long and out of proportion, so almost all his portraits show him in a helmet, and comic poets called him “squill-head.”","https://www.britannica.com/biography/Pericles-Athenian-statesman","L27 card.ancient_greece.027.c4","","","","","","","corroborated","Plutarch Pericles 3; Britannica calls the skull’s unusual shape well attested. (https://en.wikipedia.org/wiki/Pericles)","one-page weak-pages unopened-source"
"fact.ancient_greece.acropolis_sacked","source.brit_parthenon","unverified","The Parthenon was built after the Acropolis was sacked during the wars between the Greeks and Persia.","https://www.britannica.com/topic/Parthenon","L28 card.ancient_greece.028.c1; L28 card.ancient_greece.028.c2","L28 question.ancient_greece.028.q3","","","","","","corroborated","The Persians sacked the Acropolis in 480 BCE; the Parthenon replaced an earlier temple. (https://en.wikipedia.org/wiki/Parthenon https://en.wikipedia.org/wiki/Older_Parthenon)","weak-pages"
"fact.ancient_greece.pericles_building_program","source.brit_parthenon","unverified","Pericles directed a magnificent rebuilding program on the Acropolis, and the Parthenon was part of it.","https://www.britannica.com/topic/Parthenon","L28 card.ancient_greece.028.c2","L28 question.ancient_greece.028.q3","","","","","","corroborated","Periclean building program on the Acropolis. (https://en.wikipedia.org/wiki/Parthenon https://www.worldhistory.org/parthenon/)",""
"fact.ancient_greece.pericles_building_program","source.brit_pericles","unverified","Pericles directed a magnificent rebuilding program on the Acropolis, and the Parthenon was part of it.","https://www.britannica.com/biography/Pericles-Athenian-statesman","L28 card.ancient_greece.028.c2","L28 question.ancient_greece.028.q3","","","","","","corroborated","Periclean building program on the Acropolis. (https://en.wikipedia.org/wiki/Parthenon https://www.worldhistory.org/parthenon/)","unopened-source"
"fact.ancient_greece.parthenon_dates_athens","source.brit_parthenon","unverified","Work on the Parthenon began in 447 BCE; it was finished by 438 BCE, and its outside decoration continued until 432 BCE.","https://www.britannica.com/topic/Parthenon","L28 card.ancient_greece.028.c2; L30 card.ancient_greece.030.c4","L28 question.ancient_greece.028.q3","","","","","","corroborated","Parthenon 447-438 BCE, sculpture until 432. (https://en.wikipedia.org/wiki/Parthenon)","one-page weak-pages"
"fact.ancient_greece.parthenon_pediments_contest","source.brit_athena_goddess","unverified","The Parthenon’s pediments showed Athena’s birth and her contest with Poseidon.","https://www.britannica.com/topic/Athena-Greek-mythology","L28 card.ancient_greece.028.c2","L28 question.ancient_greece.028.q3","","","","","","corroborated","East pediment: birth of Athena; west pediment: contest with Poseidon. (https://en.wikipedia.org/wiki/Parthenon https://www.britishmuseum.org/collection/death-and-memory/parthenon-sculptures)",""
"fact.ancient_greece.parthenon_league_treasury","source.brit_parthenon","unverified","The Parthenon also held the treasury of the Delian League, an alliance of Greek states led by Athens.","https://www.britannica.com/topic/Parthenon","L28 card.ancient_greece.028.c3","","","","","","","corroborated","The Delian League treasury was kept on the Acropolis in the Parthenon. (https://en.wikipedia.org/wiki/Parthenon https://en.wikipedia.org/wiki/Delian_League)","weak-pages"
"fact.ancient_greece.parthenon_critics","source.mit_plutarch_pericles","unverified","Plutarch reports that Pericles’ enemies accused him of spending the Greeks’ common treasure, moved from Delos, to gild and adorn Athens.","https://classics.mit.edu/Plutarch/pericles.html","L28 card.ancient_greece.028.c1; L28 card.ancient_greece.028.c3","","","","","","","corroborated","Plutarch Pericles 12: opponents objected to using the Delian treasury for building. (https://en.wikipedia.org/wiki/Delian_League https://en.wikipedia.org/wiki/Pericles)","weak-pages"
"fact.ancient_greece.athena_parthenos_statue","source.brit_parthenon","unverified","Inside the Parthenon stood a great gold and ivory statue of Athena by Phidias, dedicated in 438 BCE and now lost.","https://www.britannica.com/topic/Parthenon","L28 card.ancient_greece.028.c4","L28 question.ancient_greece.028.q1; L28 question.ancient_greece.028.q2","","","","","","corroborated","Athena Parthenos, chryselephantine, by Phidias, dedicated 438 BCE, lost. (https://en.wikipedia.org/wiki/Athena_Parthenos)","one-page weak-pages"
"fact.ancient_greece.athena_parthenos_statue","source.brit_athena_goddess","unverified","Inside the Parthenon stood a great gold and ivory statue of Athena by Phidias, dedicated in 438 BCE and now lost.","https://www.britannica.com/topic/Athena-Greek-mythology","L28 card.ancient_greece.028.c4","L28 question.ancient_greece.028.q1; L28 question.ancient_greece.028.q2","","","","","","corroborated","Athena Parthenos, chryselephantine, by Phidias, dedicated 438 BCE, lost. (https://en.wikipedia.org/wiki/Athena_Parthenos)","one-page weak-pages"
"fact.ancient_greece.parthenon_later_lives","source.brit_parthenon","unverified","The Parthenon was later a Byzantine church, a Roman Catholic cathedral and then a mosque.","https://www.britannica.com/topic/Parthenon","L28 card.ancient_greece.028.c4","L28 question.ancient_greece.028.q1; L28 question.ancient_greece.028.q2","","","","","","corroborated","Church, cathedral and mosque phases. (https://en.wikipedia.org/wiki/Parthenon)","one-page weak-pages"
"fact.ancient_greece.parthenon_1687","source.brit_parthenon","unverified","In 1687, during fighting between Venice and the Ottomans, gunpowder stored in the Parthenon exploded and destroyed the center of the building.","https://www.britannica.com/topic/Parthenon","L28 card.ancient_greece.028.c4","L28 question.ancient_greece.028.q1; L28 question.ancient_greece.028.q2","","","","","","corroborated","Morosini’s bombardment ignited the Ottoman powder magazine in 1687. (https://en.wikipedia.org/wiki/Parthenon https://en.wikipedia.org/wiki/Siege_of_the_Acropolis_(1687))","weak-pages"
"fact.ancient_greece.democracy_men_only","source.worldhistory_athenian_democracy","unverified","Athenian democracy was for adult male citizens; women, slaves and resident foreigners (metics) were excluded from politics.","https://www.worldhistory.org/Athenian_Democracy/","L29 card.ancient_greece.029.c1; L29 card.ancient_greece.029.c2; L29 card.ancient_greece.029.c4","L29 question.ancient_greece.029.q2; L29 question.ancient_greece.029.q3","","","","","","corroborated","Only adult male citizens participated politically. (https://en.wikipedia.org/wiki/Athenian_democracy)","one-page weak-pages"
"fact.ancient_greece.democracy_men_only","source.brit_ecclesia","unverified","Athenian democracy was for adult male citizens; women, slaves and resident foreigners (metics) were excluded from politics.","https://www.britannica.com/topic/ecclesia-ancient-Greek-assembly","L29 card.ancient_greece.029.c1; L29 card.ancient_greece.029.c2; L29 card.ancient_greece.029.c4","L29 question.ancient_greece.029.q2; L29 question.ancient_greece.029.q3","","","","","","corroborated","Only adult male citizens participated politically. (https://en.wikipedia.org/wiki/Athenian_democracy)","one-page weak-pages"
"fact.ancient_greece.pericles_citizenship_law","source.brit_pericles","unverified","In 451 or 450 BCE a law carried by Pericles limited Athenian citizenship to people with Athenian parents on both sides.","https://www.britannica.com/biography/Pericles-Athenian-statesman","L29 card.ancient_greece.029.c2; L30 card.ancient_greece.030.c4","L29 question.ancient_greece.029.q2","","","","","","corroborated","Pericles’ citizenship law of 451/0 BCE. (https://en.wikipedia.org/wiki/Pericles%27s_citizenship_law https://en.wikipedia.org/wiki/Pericles)","weak-pages unopened-source"
"fact.ancient_greece.pericles_citizenship_law","source.gutenberg_aristotle_athenian_constitution","unverified","In 451 or 450 BCE a law carried by Pericles limited Athenian citizenship to people with Athenian parents on both sides.","https://www.gutenberg.org/files/26095/26095-h/26095-h.htm","L29 card.ancient_greece.029.c2; L30 card.ancient_greece.030.c4","L29 question.ancient_greece.029.q2","","","","","","corroborated","Pericles’ citizenship law of 451/0 BCE. (https://en.wikipedia.org/wiki/Pericles%27s_citizenship_law https://en.wikipedia.org/wiki/Pericles)","weak-pages"
"fact.ancient_greece.funeral_oration_women","source.mit_thucydides_book2","unverified","In Pericles’ funeral oration, as Thucydides gives it, widows are told that the greatest glory is to be least talked of among men.","https://classics.mit.edu/Thucydides/pelopwar.2.second.html","L29 card.ancient_greece.029.c2","L29 question.ancient_greece.029.q2","","","","","","corroborated","Thucydides 2.45. (https://en.wikipedia.org/wiki/Pericles%27_Funeral_Oration)","one-page weak-pages"
"fact.ancient_greece.metics_who","source.brit_metic","unverified","Metics were free foreigners living in Athens, including freed slaves, and they made up a large part of its population.","https://www.britannica.com/topic/metic","L29 card.ancient_greece.029.c3","L29 question.ancient_greece.029.q1; L30 question.ancient_greece.030.q5","","","","","","corroborated","Metics: resident aliens including freedmen. (https://en.wikipedia.org/wiki/Metic https://www.ime.gr/chronos/05/en/society/metoikoi_intro.html)",""
"fact.ancient_greece.metics_limits","source.fhw_athens_metics","unverified","Metics paid a yearly tax, could not acquire land or a house, and had no direct part in Athenian politics.","https://www.ime.gr/chronos/05/en/society/metoikoi_intro.html","L29 card.ancient_greece.029.c3","L29 question.ancient_greece.029.q1; L30 question.ancient_greece.030.q5","","","","","","corroborated","Metoikion tax; no land ownership; no political rights. (https://en.wikipedia.org/wiki/Metic https://www.worldhistory.org/Athenian_Democracy/)",""
"fact.ancient_greece.athens_chattel_slavery","source.carlos_confronting_slavery","unverified","Athens practiced chattel slavery: enslaved people were owned as property, mostly foreigners captured in war or sold by traders.","https://carlos.emory.edu/exhibition/confronting-slavery-classical-world","L29 card.ancient_greece.029.c4","","","","","","","corroborated","Chattel slavery; slaves mostly foreign war captives or bought. (https://en.wikipedia.org/wiki/Slavery_in_ancient_Greece)","one-page weak-pages"
"fact.ancient_greece.slaves_born_enslaved","source.carlos_confronting_slavery","unverified","In Athens, children born to enslaved parents were also enslaved.","https://carlos.emory.edu/exhibition/confronting-slavery-classical-world","L29 card.ancient_greece.029.c4","","","","","","","corroborated","Slave status was inherited. (https://en.wikipedia.org/wiki/Slavery_in_ancient_Greece)","one-page weak-pages"
"fact.ancient_greece.sortition_most_officials","source.brit_sortition","unverified","In Athens most officials were chosen by lot from 487-486 BCE, and so were the Council of 500 and the juries.","https://www.britannica.com/topic/sortition","L30 card.ancient_greece.030.c2; L30 card.ancient_greece.030.c3","L30 question.ancient_greece.030.q2; L30 question.ancient_greece.030.q3","","","","","","corroborated","Athenian sortition from 487/6 BCE. (https://en.wikipedia.org/wiki/Sortition https://www.worldhistory.org/Athenian_Democracy/)",""
"fact.ancient_greece.aristotle_lot_democratic","source.mit_aristotle_politics_4","unverified","Aristotle wrote that appointing officials by lot is thought democratic, and electing them oligarchic.","https://classics.mit.edu/Aristotle/politics.4.four.html","L30 card.ancient_greece.030.c1; L30 card.ancient_greece.030.c3","L30 question.ancient_greece.030.q3","","","","","","corroborated","Politics 4.9, 1294b. (https://en.wikipedia.org/wiki/Sortition https://plato.stanford.edu/entries/aristotle-politics/)",""
"fact.ancient_greece.sparta_laconia_eurotas","source.brit_sparta","unverified","Sparta lay in Laconia, in the southeastern Peloponnese, on the Eurotas river.","https://www.britannica.com/place/Sparta","L31 card.ancient_greece.031.c2","L31 question.ancient_greece.031.q3","","","","","","corroborated","World History Encyclopedia and other references place Sparta in Laconia on the Eurotas in the Peloponnese. (https://www.worldhistory.org/sparta/ https://en.wikipedia.org/wiki/Sparta)",""
"fact.ancient_greece.sparta_messenia_conquest","source.brit_ancient_greece_sparta_athens","unverified","Sparta conquered neighboring Messenia around 735–715 BCE, gaining a large tract of fertile land and reducing its people to helots.","https://www.britannica.com/place/ancient-Greece/Sparta-and-Athens","L31 card.ancient_greece.031.c2","L31 question.ancient_greece.031.q3","","","","","","corroborated","Britannica’s Sparta entry says Sparta subdued Messenia from the 8th century BCE and reduced its people to serflike status; Britannica’s helot entry says Messenians became helots after the 8th-century conquest. (https://www.britannica.com/place/Sparta https://www.britannica.com/topic/helot)",""
"fact.ancient_greece.sparta_messenia_conquest","source.brit_sparta","unverified","Sparta conquered neighboring Messenia around 735–715 BCE, gaining a large tract of fertile land and reducing its people to helots.","https://www.britannica.com/place/Sparta","L31 card.ancient_greece.031.c2","L31 question.ancient_greece.031.q3","","","","","","corroborated","Britannica’s Sparta entry says Sparta subdued Messenia from the 8th century BCE and reduced its people to serflike status; Britannica’s helot entry says Messenians became helots after the 8th-century conquest. (https://www.britannica.com/place/Sparta https://www.britannica.com/topic/helot)",""
"fact.ancient_greece.sparta_helots_state_serfs","source.brit_helot","unverified","Helots were serfs owned by the Spartan state rather than by individual masters.","https://www.britannica.com/topic/helot","L31 card.ancient_greece.031.c3","L31 question.ancient_greece.031.q2; L40 question.ancient_greece.040.q1","","","","","","corroborated","World History Encyclopedia describes helots as semi-enslaved agricultural labourers on Spartan-owned estates; Wikipedia describes them as a subjugated population owned by the state. (https://www.worldhistory.org/sparta/ https://en.wikipedia.org/wiki/Helots)",""
"fact.ancient_greece.sparta_helots_half_produce","source.brit_ancient_greece_sparta_athens","unverified","Helots worked the land and handed over half of their produce, leaving Spartan men free to train for war full-time.","https://www.britannica.com/place/ancient-Greece/Sparta-and-Athens","L31 card.ancient_greece.031.c1; L31 card.ancient_greece.031.c3; L40 card.ancient_greece.040.c4","L31 question.ancient_greece.031.q2; L40 question.ancient_greece.040.q1","","","","","","corroborated","Study.com and History for Kids say helots gave half their crops to Spartan citizens, whose labor-free status let Sparta keep a full-time citizen army. (https://study.com/learn/lesson/spartan-helot-overview-revolt.html https://en.wikipedia.org/wiki/Spartan_constitution)",""
"fact.ancient_greece.sparta_helots_half_produce","source.worldhistory_sparta","unverified","Helots worked the land and handed over half of their produce, leaving Spartan men free to train for war full-time.","https://www.worldhistory.org/sparta/","L31 card.ancient_greece.031.c1; L31 card.ancient_greece.031.c3; L40 card.ancient_greece.040.c4","L31 question.ancient_greece.031.q2; L40 question.ancient_greece.040.q1","","","","","","corroborated","Study.com and History for Kids say helots gave half their crops to Spartan citizens, whose labor-free status let Sparta keep a full-time citizen army. (https://study.com/learn/lesson/spartan-helot-overview-revolt.html https://en.wikipedia.org/wiki/Spartan_constitution)",""
"fact.ancient_greece.sparta_helots_outnumber","source.brit_ancient_greece_sparta_athens","unverified","Helots greatly outnumbered Spartan citizens, by some estimates about seven to one, and Spartans feared a helot revolt.","https://www.britannica.com/place/ancient-Greece/Sparta-and-Athens","L31 card.ancient_greece.031.c3","L31 question.ancient_greece.031.q2; L40 question.ancient_greece.040.q1","","","","","","corroborated","Herodotus reports seven helots for each Spartan at Plataea (479 BCE); Wikipedia’s Helots article notes helots greatly outnumbered Spartans and revolts were feared. (https://en.wikipedia.org/wiki/Helots https://www.worldhistory.org/Plataea/)",""
"fact.ancient_greece.sparta_helots_outnumber","source.brit_helot","unverified","Helots greatly outnumbered Spartan citizens, by some estimates about seven to one, and Spartans feared a helot revolt.","https://www.britannica.com/topic/helot","L31 card.ancient_greece.031.c3","L31 question.ancient_greece.031.q2; L40 question.ancient_greece.040.q1","","","","","","corroborated","Herodotus reports seven helots for each Spartan at Plataea (479 BCE); Wikipedia’s Helots article notes helots greatly outnumbered Spartans and revolts were feared. (https://en.wikipedia.org/wiki/Helots https://www.worldhistory.org/Plataea/)",""
"fact.ancient_greece.sparta_ephors_war_on_helots","source.brit_helot","unverified","Each year, on taking office, Sparta’s ephors declared war on the helots, so a helot could be killed without religious guilt.","https://www.britannica.com/topic/helot","L31 card.ancient_greece.031.c3","L31 question.ancient_greece.031.q2; L40 question.ancient_greece.040.q1","","","","","","corroborated","Wikipedia’s Helots article (citing Plutarch, after Aristotle) reports the annual declaration of war on the helots by the ephors. (https://en.wikipedia.org/wiki/Helots https://www.historyskills.com/classroom/ancient-history/spartan-helots/)",""
"fact.ancient_greece.sparta_two_kings","source.worldhistory_sparta","unverified","Sparta had two hereditary kings at the same time, from two separate royal families.","https://www.worldhistory.org/sparta/","L31 card.ancient_greece.031.c4","L31 question.ancient_greece.031.q1; L36 question.ancient_greece.036.q3","","","","","","corroborated","Britannica’s Sparta and Athens section says Sparta had two kings; Wikipedia names the Agiad and Eurypontid royal houses. (https://www.britannica.com/place/ancient-Greece/Sparta-and-Athens https://en.wikipedia.org/wiki/Kings_of_Sparta)",""
"fact.ancient_greece.sparta_two_kings","source.brit_ancient_greece_sparta_athens","unverified","Sparta had two hereditary kings at the same time, from two separate royal families.","https://www.britannica.com/place/ancient-Greece/Sparta-and-Athens","L31 card.ancient_greece.031.c4","L31 question.ancient_greece.031.q1; L36 question.ancient_greece.036.q3","","","","","","corroborated","Britannica’s Sparta and Athens section says Sparta had two kings; Wikipedia names the Agiad and Eurypontid royal houses. (https://www.britannica.com/place/ancient-Greece/Sparta-and-Athens https://en.wikipedia.org/wiki/Kings_of_Sparta)",""
"fact.ancient_greece.sparta_ephors_elders_assembly","source.worldhistory_sparta","unverified","Sparta had five ephors serving one-year terms, a council of elders that led the citizens’ assembly, and an assembly that voted by shouting.","https://www.worldhistory.org/sparta/","L31 card.ancient_greece.031.c4","L31 question.ancient_greece.031.q1; L36 question.ancient_greece.036.q3","","","","","","corroborated","Wikipedia’s Spartan constitution and Spartan Assembly articles describe five annually chosen ephors, the gerousia and voting by acclamation (shouting). (https://en.wikipedia.org/wiki/Spartan_constitution https://en.wikipedia.org/wiki/Spartan_Assembly)","weak-pages"
"fact.ancient_greece.sparta_known_through_outsiders","source.yale_press_spartan_mirage","unverified","Spartans wrote little about themselves; most accounts of Sparta come from non-Spartans such as Herodotus, Xenophon and Plutarch.","https://yalebooks.yale.edu/2016/10/06/was-there-a-spartan-mirage/","L31 card.ancient_greece.031.c5","L32 question.ancient_greece.032.q3","","","","","","corroborated","Scholarship on the “Spartan mirage” notes that no Spartan accounts survive and the histories come from Herodotus, Thucydides, Xenophon and Plutarch, none of them Spartan. (https://en.wikipedia.org/wiki/Laconophilia https://www.historyskills.com/classroom/ancient-history/spartan-mirage/)",""
"fact.ancient_greece.plutarch_centuries_later","source.brit_plutarch","unverified","Plutarch lived from about 46 CE to after 119 CE, centuries after Sparta’s great days.","https://www.britannica.com/biography/Plutarch","L31 card.ancient_greece.031.c5; L32 card.ancient_greece.032.c4; L36 card.ancient_greece.036.c5","L32 question.ancient_greece.032.q3","","","","","","corroborated","World History Encyclopedia and Wikipedia date Plutarch to about 46 to after 119 CE, writing in the Roman period long after Classical Sparta. (https://www.worldhistory.org/plutarch/ https://en.wikipedia.org/wiki/Plutarch)",""
"fact.ancient_greece.sparta_infant_inspection_plutarch","source.uchicago_plutarch_lycurgus","unverified","Plutarch wrote that Spartan elders inspected newborns and had weak ones left at a chasm at the foot of Mount Taygetus.","https://penelope.uchicago.edu/Thayer/E/Roman/Texts/Plutarch/Lives/Lycurgus*.html","L32 card.ancient_greece.032.c4","L32 question.ancient_greece.032.q3","","","","","","corroborated","Wikipedia’s Apothetae/Agoge material and the History Skills account both cite Plutarch, Life of Lycurgus 16, for the elders’ inspection and the chasm at Taygetus. (https://en.wikipedia.org/wiki/Apothetae https://www.historyskills.com/classroom/ancient-history/spartan-infanticide/)",""
"fact.ancient_greece.sparta_pit_no_newborns","source.abc_spartan_babies_pit","unverified","In 2007 an anthropologist who studied bones from a pit near Mount Taygetus found adolescents and adults aged 18 to 35, and no newborns.","https://www.abc.net.au/news/2007-12-11/study-finds-no-evidence-of-discarded-spartan-babies/983848","L32 card.ancient_greece.032.c4","L32 question.ancient_greece.032.q3","","","","","","corroborated","History News Network and Medindia report Theodoros Pitsios’s study of the pit found remains of people aged 18 to 35 and no infants. (https://www.historynewsnetwork.org/article/spartans-did-not-throw-deformed-babies-away-resear https://www.medindia.net/news/spartans-never-discarded-deformed-babies-in-an-apothetes-30529-1.htm)",""
"fact.ancient_greece.agoge_age_seven_barracks","source.brit_agoge","unverified","From the age of seven, Spartan boys entered the agoge, the state’s training system, and lived in barracks grouped by age, away from their families.","https://www.britannica.com/topic/agoge","L32 card.ancient_greece.032.c1; L32 card.ancient_greece.032.c2","L32 question.ancient_greece.032.q1; L33 question.ancient_greece.033.q3","","","","","","corroborated","Plutarch, Life of Lycurgus 16, says boys were taken by the state at seven and enrolled in companies; Wikipedia’s Agoge article agrees. (https://penelope.uchicago.edu/Thayer/E/Roman/Texts/Plutarch/Lives/Lycurgus*.html https://en.wikipedia.org/wiki/Agoge)",""
"fact.ancient_greece.agoge_age_seven_barracks","source.worldhistory_sparta","unverified","From the age of seven, Spartan boys entered the agoge, the state’s training system, and lived in barracks grouped by age, away from their families.","https://www.worldhistory.org/sparta/","L32 card.ancient_greece.032.c1; L32 card.ancient_greece.032.c2","L32 question.ancient_greece.032.q1; L33 question.ancient_greece.033.q3","","","","","","corroborated","Plutarch, Life of Lycurgus 16, says boys were taken by the state at seven and enrolled in companies; Wikipedia’s Agoge article agrees. (https://penelope.uchicago.edu/Thayer/E/Roman/Texts/Plutarch/Lives/Lycurgus*.html https://en.wikipedia.org/wiki/Agoge)",""
"fact.ancient_greece.agoge_until_thirty","source.brit_agoge","unverified","The agoge’s training and barracks life lasted until a Spartan man was about 30.","https://www.britannica.com/topic/agoge","L32 card.ancient_greece.032.c2","L32 question.ancient_greece.032.q1; L33 question.ancient_greece.033.q3","","","","","","corroborated","Wikipedia’s Agoge and Spartan army articles say men lived in barracks and messes until age 30. (https://en.wikipedia.org/wiki/Agoge https://en.wikipedia.org/wiki/Spartan_army)","weak-pages"
"fact.ancient_greece.agoge_little_food_steal","source.brit_agoge","unverified","Spartan boys in the agoge got little food and were encouraged to steal more.","https://www.britannica.com/topic/agoge","L32 card.ancient_greece.032.c3","L32 question.ancient_greece.032.q2","","","","","","corroborated","Xenophon, Constitution of the Lacedaemonians 2, and Wikipedia’s Agoge article describe short rations and permitted stealing. (https://www.gutenberg.org/files/1178/1178-h/1178-h.htm https://en.wikipedia.org/wiki/Agoge)",""
"fact.ancient_greece.agoge_little_food_steal","source.perseus_xenophon_spartan_constitution_2","unverified","Spartan boys in the agoge got little food and were encouraged to steal more.","https://www.perseus.tufts.edu/hopper/text?doc=Perseus:text:1999.01.0210:text=Const.+Lac.:chapter=2","L32 card.ancient_greece.032.c3","L32 question.ancient_greece.032.q2","","","","","","corroborated","Xenophon, Constitution of the Lacedaemonians 2, and Wikipedia’s Agoge article describe short rations and permitted stealing. (https://www.gutenberg.org/files/1178/1178-h/1178-h.htm https://en.wikipedia.org/wiki/Agoge)",""
"fact.ancient_greece.agoge_punished_for_getting_caught","source.perseus_xenophon_spartan_constitution_2","unverified","Xenophon says a Spartan boy caught stealing was beaten for stealing badly, that is, for being caught.","https://www.perseus.tufts.edu/hopper/text?doc=Perseus:text:1999.01.0210:text=Const.+Lac.:chapter=2","L32 card.ancient_greece.032.c3","L32 question.ancient_greece.032.q2","","","","","","corroborated","The Project Gutenberg translation of Xenophon’s Polity of the Lacedaemonians says penalties fell on the boy detected thieving as a sorry bungler in the art. (https://www.gutenberg.org/files/1178/1178-h/1178-h.htm https://en.wikipedia.org/wiki/Constitution_of_the_Lacedaemonians)",""
"fact.ancient_greece.spartan_shield_saying","source.worldhistory_spartan_women","unverified","Later Greek writers told of a Spartan mother telling her son to come back with his shield or on it.","https://www.worldhistory.org/article/123/women-in-sparta/","L33 card.ancient_greece.033.c1","","","","","","","corroborated","Plutarch’s Sayings of Spartan Women preserves the “with it or on it” saying; Wikipedia’s Women in ancient Sparta article discusses it. (https://penelope.uchicago.edu/Thayer/E/Roman/Texts/Plutarch/Moralia/Sayings_of_Spartan_Women*.html https://en.wikipedia.org/wiki/Women_in_ancient_Sparta)",""
"fact.ancient_greece.spartan_girls_athletics","source.uchicago_plutarch_lycurgus","unverified","Spartan girls exercised like boys, running, wrestling and throwing the discus and javelin, though they were not trained for battle.","https://penelope.uchicago.edu/Thayer/E/Roman/Texts/Plutarch/Lives/Lycurgus*.html","L33 card.ancient_greece.033.c2","","","","","","","corroborated","Wikipedia’s Women in ancient Sparta article describes girls’ athletic training in running and wrestling; Xenophon 1.4 describes races for women. (https://en.wikipedia.org/wiki/Women_in_ancient_Sparta https://www.perseus.tufts.edu/hopper/text?doc=Perseus:text:1999.01.0210:text=Const.+Lac.:chapter=1)",""
"fact.ancient_greece.spartan_girls_athletics","source.worldhistory_spartan_women","unverified","Spartan girls exercised like boys, running, wrestling and throwing the discus and javelin, though they were not trained for battle.","https://www.worldhistory.org/article/123/women-in-sparta/","L33 card.ancient_greece.033.c2","","","","","","","corroborated","Wikipedia’s Women in ancient Sparta article describes girls’ athletic training in running and wrestling; Xenophon 1.4 describes races for women. (https://en.wikipedia.org/wiki/Women_in_ancient_Sparta https://www.perseus.tufts.edu/hopper/text?doc=Perseus:text:1999.01.0210:text=Const.+Lac.:chapter=1)",""
"fact.ancient_greece.spartan_girls_strong_mothers","source.perseus_xenophon_spartan_constitution_1","unverified","Xenophon says Sparta trained women’s bodies because strong parents would have stronger children.","https://www.perseus.tufts.edu/hopper/text?doc=Perseus:text:1999.01.0210:text=Const.+Lac.:chapter=1","L33 card.ancient_greece.033.c2","","","","","","","corroborated","World History Commons and Wikipedia’s summary of Xenophon’s Constitution 1.4 give the same reasoning: vigorous parents produce vigorous offspring. (https://worldhistorycommons.org/constitution-lacedaemonians https://en.wikipedia.org/wiki/Constitution_of_the_Lacedaemonians)",""
"fact.ancient_greece.spartan_women_property_estates","source.worldhistory_spartan_women","unverified","Spartan women could inherit and own land, and with men so often away they ran homes, farms and estates.","https://www.worldhistory.org/article/123/women-in-sparta/","L33 card.ancient_greece.033.c3","L33 question.ancient_greece.033.q1; L33 question.ancient_greece.033.q2; L33 question.ancient_greece.033.q3","","","","","","corroborated","Wikipedia’s Women in ancient Sparta article and Stephen Hodkinson’s work describe Spartan women inheriting and owning property. (https://en.wikipedia.org/wiki/Women_in_ancient_Sparta https://www.chs.harvard.edu/wp-content/uploads/2020/07/women_property_hodkinson.pdf)",""
"fact.ancient_greece.aristotle_two_fifths_women","source.perseus_aristotle_politics_1270a","unverified","Aristotle wrote that nearly two-fifths of Sparta’s land was owned by women, and he counted it among Sparta’s faults.","https://www.perseus.tufts.edu/hopper/text?doc=Perseus:text:1999.01.0058:book=2:section=1270a","L33 card.ancient_greece.033.c3","L33 question.ancient_greece.033.q1; L33 question.ancient_greece.033.q2; L33 question.ancient_greece.033.q3","","","","","","corroborated","Wikipedia’s Women in ancient Sparta and Mr Griffith’s notes on Aristotle quote Politics 1270a on two-fifths of the land held by women, in a critical passage. (https://en.wikipedia.org/wiki/Women_in_ancient_Sparta https://mrgriffo.blogspot.com/2009/03/year-12-ancient-aristotle-on-spartan.html)","weak-pages"
"fact.ancient_greece.spartan_women_no_vote","source.lwvchicago_sparta_politics","unverified","Spartan women could not vote, hold public office or attend the citizens’ assembly.","https://www.lwvchicago.org/news/democracy-101-politics-sparta","L33 card.ancient_greece.033.c4","L33 question.ancient_greece.033.q2","","","","","","corroborated","Tales of Times Forgotten and Wikipedia’s Spartan Assembly article say the assembly was for male citizens and women held no office. (https://talesoftimesforgotten.com/2021/06/18/sparta-was-not-a-paradise-for-women/ https://en.wikipedia.org/wiki/Spartan_Assembly)",""
"fact.ancient_greece.cynisca_396","source.worldhistory_cynisca","unverified","In 396 BCE the Spartan princess Cynisca won the Olympic four-horse chariot race as the team’s owner, the first woman to win an Olympic victory.","https://www.worldhistory.org/Cynisca_of_Sparta/","L33 card.ancient_greece.033.c5","","","","","","","corroborated","The Open University (OpenLearn) and The Conversation describe Cynisca as the first woman Olympic victor, winning as owner of the chariot team in 396 BCE. (https://www.open.edu/openlearn/history-the-arts/world-changing-women-cynisca https://theconversation.com/hidden-women-of-history-kyniska-the-first-female-olympian-123909)",""
"fact.ancient_greece.persia_cyrus_550","source.brit_achaemenian_dynasty","unverified","The conquests of Cyrus the Great, beginning around 550 BCE, founded Persia’s Achaemenid Empire.","https://www.britannica.com/topic/Achaemenian-dynasty","L34 card.ancient_greece.034.c2","L34 question.ancient_greece.034.q1","","","","","","corroborated","Lumen Learning’s world history text says Cyrus defeated the Medes around 550 BCE and founded the Achaemenid Empire. (https://courses.lumenlearning.com/suny-worldhistory/chapter/the-achaemenid-empire/ https://www.livius.org/articles/person/cyrus-the-great/)",""
"fact.ancient_greece.persia_cyrus_550","source.worldhistory_cyrus_the_great","unverified","The conquests of Cyrus the Great, beginning around 550 BCE, founded Persia’s Achaemenid Empire.","https://www.worldhistory.org/Cyrus_the_Great/","L34 card.ancient_greece.034.c2","L34 question.ancient_greece.034.q1","","","","","","corroborated","Lumen Learning’s world history text says Cyrus defeated the Medes around 550 BCE and founded the Achaemenid Empire. (https://courses.lumenlearning.com/suny-worldhistory/chapter/the-achaemenid-empire/ https://www.livius.org/articles/person/cyrus-the-great/)",""
"fact.ancient_greece.persia_extent_largest","source.brit_achaemenian_dynasty","unverified","At its greatest, the Achaemenid Empire reached from Egypt to the Indus River and westward into parts of Greece, the largest empire the world had yet known.","https://www.britannica.com/topic/Achaemenian-dynasty","L34 card.ancient_greece.034.c1; L34 card.ancient_greece.034.c2","L34 question.ancient_greece.034.q1","","","","","","corroborated","Lumen Learning and Wikipedia describe the Achaemenid Empire at its height as stretching from the Balkans and Egypt to the Indus valley, the largest empire up to that time. (https://courses.lumenlearning.com/suny-worldhistory/chapter/the-achaemenid-empire/ https://en.wikipedia.org/wiki/Achaemenid_Empire)",""
"fact.ancient_greece.persia_satrapies","source.brit_achaemenian_dynasty","unverified","Persia was divided into provinces called satrapies, each owing a fixed yearly tribute.","https://www.britannica.com/topic/Achaemenian-dynasty","L34 card.ancient_greece.034.c2","L34 question.ancient_greece.034.q1","","","","","","corroborated","Lumen Learning and Wikipedia describe satrapies governed by satraps paying annual tribute under Darius I. (https://courses.lumenlearning.com/suny-worldhistory/chapter/the-achaemenid-empire/ https://en.wikipedia.org/wiki/Satrap)",""
"fact.ancient_greece.royal_road_length","source.brit_persian_royal_road","unverified","Darius I built the Royal Road, running more than 2,400 km (1,500 miles) from Susa, the Persian capital, to Sardis near the Aegean coast.","https://www.britannica.com/topic/Persian-Royal-Road","L34 card.ancient_greece.034.c3","L34 question.ancient_greece.034.q3","","","","","","corroborated","Livius and Study.com describe Darius’s Royal Road from Susa to Sardis, about 2,500 km long. (https://www.livius.org/articles/concept/royal-road/ https://study.com/academy/lesson/persian-royal-road-history-facts.html)",""
"fact.ancient_greece.royal_road_nine_days","source.brit_persian_royal_road","unverified","Ordinary travelers took about three months to cover the Royal Road; royal messengers using relays did it in nine days.","https://www.britannica.com/topic/Persian-Royal-Road","L34 card.ancient_greece.034.c3","L34 question.ancient_greece.034.q3","","","","","","corroborated","Herodotus 5.53 gives ninety days for an ordinary traveler; Livius and Wikipedia report couriers covered the route in about seven to nine days by relay. (https://www.livius.org/articles/concept/royal-road/ https://en.wikipedia.org/wiki/Royal_Road)",""
"fact.ancient_greece.royal_road_neither_snow","source.brit_persian_royal_road","unverified","Herodotus wrote that neither snow nor rain nor heat nor gloom of night stopped the Persian royal couriers.","https://www.britannica.com/topic/Persian-Royal-Road","L34 card.ancient_greece.034.c3; L34 card.ancient_greece.034.c4","L34 question.ancient_greece.034.q3","","","","","","corroborated","Wikipedia’s United States Postal Service creed article traces the line to Herodotus 8.98 on Persian mounted couriers. (https://en.wikipedia.org/wiki/United_States_Postal_Service_creed https://www.mentalfloss.com/article/87770/neither-snow-nor-rain-isnt-usps-motto)",""
"fact.ancient_greece.royal_road_neither_snow","source.usps_no_official_motto","unverified","Herodotus wrote that neither snow nor rain nor heat nor gloom of night stopped the Persian royal couriers.","https://facts.usps.com/no-official-motto/","L34 card.ancient_greece.034.c3; L34 card.ancient_greece.034.c4","L34 question.ancient_greece.034.q3","","","","","","corroborated","Wikipedia’s United States Postal Service creed article traces the line to Herodotus 8.98 on Persian mounted couriers. (https://en.wikipedia.org/wiki/United_States_Postal_Service_creed https://www.mentalfloss.com/article/87770/neither-snow-nor-rain-isnt-usps-motto)",""
"fact.ancient_greece.farley_post_office_inscription","source.usps_no_official_motto","unverified","An adapted version of Herodotus’s words about Persian couriers is carved on New York’s James A. Farley Post Office; the US Postal Service has no official motto.","https://facts.usps.com/no-official-motto/","L34 card.ancient_greece.034.c4","L34 question.ancient_greece.034.q3","","","","","","corroborated","Mental Floss and Wikipedia’s USPS creed article say the inscription on the Farley building was adapted from Herodotus and is not an official motto. (https://www.mentalfloss.com/article/87770/neither-snow-nor-rain-isnt-usps-motto https://en.wikipedia.org/wiki/United_States_Postal_Service_creed)",""
"fact.ancient_greece.ionian_revolt_499","source.brit_ionian_revolt","unverified","In 499 BCE Greek cities of Ionia, on the coast of what is now Turkey, revolted against Persian rule; with help from Athens they burned Sardis, and the revolt was crushed by 494 BCE.","https://www.britannica.com/event/Ionian-revolt","L34 card.ancient_greece.034.c5","L34 question.ancient_greece.034.q2; L35 question.ancient_greece.035.q3","","","","","","corroborated","EBSCO Research Starters and Encyclopaedia Iranica date the Ionian Revolt to 499-494 BCE and describe Athenians and Eretrians joining the burning of Sardis in 498 BCE. (https://www.ebsco.com/research-starters/history/ionian-revolt https://en.wikipedia.org/wiki/Ionian_Revolt)",""
"fact.ancient_greece.ionian_revolt_499","source.perseus_herodotus_5_105","unverified","In 499 BCE Greek cities of Ionia, on the coast of what is now Turkey, revolted against Persian rule; with help from Athens they burned Sardis, and the revolt was crushed by 494 BCE.","https://www.perseus.tufts.edu/hopper/text?doc=Perseus:text:1999.01.0126:book=5:chapter=105","L34 card.ancient_greece.034.c5","L34 question.ancient_greece.034.q2; L35 question.ancient_greece.035.q3","","","","","","corroborated","EBSCO Research Starters and Encyclopaedia Iranica date the Ionian Revolt to 499-494 BCE and describe Athenians and Eretrians joining the burning of Sardis in 498 BCE. (https://www.ebsco.com/research-starters/history/ionian-revolt https://en.wikipedia.org/wiki/Ionian_Revolt)",""
"fact.ancient_greece.darius_revenge_pretext","source.brit_ionian_revolt","unverified","Darius I used Athens’s part in the Ionian Revolt as his reason to invade Greece in 490 BCE.","https://www.britannica.com/event/Ionian-revolt","L34 card.ancient_greece.034.c5","L34 question.ancient_greece.034.q2; L35 question.ancient_greece.035.q3","","","","","","corroborated","Encyclopaedia Iranica and Wikipedia describe Darius’s expedition of 490 BCE as punishment of Athens and Eretria for their role in the revolt. (https://www.iranicaonline.org/articles/herodotus-vi/ https://en.wikipedia.org/wiki/First_Persian_invasion_of_Greece)",""
"fact.ancient_greece.remember_the_athenians","source.perseus_herodotus_5_105","unverified","Herodotus says Darius ordered a servant to tell him three times at every dinner: “Master, remember the Athenians.”","https://www.perseus.tufts.edu/hopper/text?doc=Perseus:text:1999.01.0126:book=5:chapter=105","L34 card.ancient_greece.034.c1; L34 card.ancient_greece.034.c5","L34 question.ancient_greece.034.q2; L35 question.ancient_greece.035.q3","","","","","","corroborated","Wisdomlib’s text of Herodotus 5.105 and Encyclopaedia Iranica’s Darius according to Herodotus report the servant’s thrice-repeated reminder. (https://www.wisdomlib.org/various/book/the-history-of-herodotus/d/doc1878124.html https://www.iranicaonline.org/articles/herodotus-vi/)",""
"fact.ancient_greece.marathon_490_plain","source.brit_battle_of_marathon","unverified","In September 490 BCE a Persian force landed on the plain of Marathon, about 40 km (25 miles) from Athens.","https://www.britannica.com/event/Battle-of-Marathon","L35 card.ancient_greece.035.c1; L35 card.ancient_greece.035.c2; L40 card.ancient_greece.040.c2","L35 question.ancient_greece.035.q3","","","","","","corroborated","Forbes (Sarah Bond) and Wikipedia date the battle to September 490 BCE at Marathon, about 40 km from Athens. (https://www.forbes.com/sites/drsarahbond/2016/09/12/september-12-490-bce-remembering-the-battle-of-marathon-on-the-2506th-anniversary/ https://en.wikipedia.org/wiki/Battle_of_Marathon)",""
"fact.ancient_greece.marathon_sparta_full_moon","source.perseus_herodotus_6_106","unverified","Asked for help, the Spartans said they could not march until the full moon.","https://www.perseus.tufts.edu/hopper/text?doc=Perseus:text:1999.01.0126:book=6:chapter=106","L35 card.ancient_greece.035.c2","L35 question.ancient_greece.035.q3","","","","","","corroborated","Wikipedia’s Battle of Marathon and Greek City Times cite Herodotus 6.106: the Spartans could not take the field until the moon was full. (https://en.wikipedia.org/wiki/Battle_of_Marathon https://greekcitytimes.com/2024/09/10/no-spartans-battle-of-marathon/)",""
"fact.ancient_greece.marathon_forces","source.brit_battle_of_marathon","unverified","At Marathon about 10,000 Athenians and 1,000 Plataeans faced a larger Persian force.","https://www.britannica.com/event/Battle-of-Marathon","L35 card.ancient_greece.035.c2","L35 question.ancient_greece.035.q3","","","","","","corroborated","Wikipedia gives about 10,000 Athenians and 1,000 Plataeans, with Persian estimates from about 25,000 upward; Britannica gives 15,000 Persians. (https://en.wikipedia.org/wiki/Battle_of_Marathon https://www.ebsco.com/research-starters/history/battle-marathon)",""
"fact.ancient_greece.marathon_miltiades_wings","source.brit_battle_of_marathon","unverified","The Athenian general Miltiades strengthened the wings of his line; the Persians pushed back the thin center and were surrounded as the wings turned inward.","https://www.britannica.com/event/Battle-of-Marathon","L35 card.ancient_greece.035.c3","L35 question.ancient_greece.035.q2; L40 question.ancient_greece.040.q2","","","","","","corroborated","EBSCO Research Starters and Wikipedia describe Miltiades weakening the centre and strengthening the wings, which enveloped the Persians. (https://www.ebsco.com/research-starters/history/battle-marathon https://en.wikipedia.org/wiki/Battle_of_Marathon)",""
"fact.ancient_greece.marathon_casualties_herodotus","source.brit_battle_of_marathon","unverified","Herodotus counted 6,400 Persian dead at Marathon and 192 Athenians.","https://www.britannica.com/event/Battle-of-Marathon","L35 card.ancient_greece.035.c3","L35 question.ancient_greece.035.q2; L40 question.ancient_greece.040.q2","","","","","","corroborated","Wikipedia’s Battle of Marathon and Livius cite Herodotus 6.117 for 6,400 Persian and 192 Athenian dead. (https://en.wikipedia.org/wiki/Battle_of_Marathon https://www.livius.org/sources/about/herodotus/herodotos-bk-6-logos-19/)",""
"fact.ancient_greece.marathon_spartans_late","source.perseus_herodotus_6_120","unverified","Herodotus says 2,000 Spartans reached Attica on the third day after leaving Sparta, too late for the battle; they viewed the dead at Marathon, praised the Athenians and went home.","https://www.perseus.tufts.edu/hopper/text?doc=Perseus:text:1999.01.0126:book=6:chapter=120","L35 card.ancient_greece.035.c5","","","","","","","corroborated","The Center for Hellenic Studies selections and Greek City Times quote Herodotus 6.120 on the 2,000 late Spartans who viewed the dead and praised the Athenians. (https://chs.harvard.edu/primary-source/herodotus-selections-part-ii/ https://greekcitytimes.com/2024/09/10/no-spartans-battle-of-marathon/)",""
"fact.ancient_greece.pheidippides_to_sparta","source.brit_battle_of_marathon","unverified","Herodotus records that Pheidippides ran from Athens to Sparta before the battle to ask for help, about 240 km (150 miles) in about two days.","https://www.britannica.com/event/Battle-of-Marathon","L35 card.ancient_greece.035.c1; L35 card.ancient_greece.035.c4","L35 question.ancient_greece.035.q1","","","","","","corroborated","Wikipedia’s Pheidippides article and Sententiae Antiquae describe Herodotus’s account of the Athens-Sparta run, about 240 km, before the battle. (https://en.wikipedia.org/wiki/Pheidippides https://sententiaeantiquae.com/2015/12/06/myths-of-marathons-herodotus-lucian-plutarch-and-us/)",""
"fact.ancient_greece.pheidippides_to_sparta","source.brit_pheidippides","unverified","Herodotus records that Pheidippides ran from Athens to Sparta before the battle to ask for help, about 240 km (150 miles) in about two days.","https://www.britannica.com/biography/Pheidippides","L35 card.ancient_greece.035.c1; L35 card.ancient_greece.035.c4","L35 question.ancient_greece.035.q1","","","","","","corroborated","Wikipedia’s Pheidippides article and Sententiae Antiquae describe Herodotus’s account of the Athens-Sparta run, about 240 km, before the battle. (https://en.wikipedia.org/wiki/Pheidippides https://sententiaeantiquae.com/2015/12/06/myths-of-marathons-herodotus-lucian-plutarch-and-us/)",""
"fact.ancient_greece.marathon_to_athens_later_legend","source.brit_pheidippides","unverified","The run from Marathon to Athens to announce the victory is not in Herodotus; it is a later legend.","https://www.britannica.com/biography/Pheidippides","L35 card.ancient_greece.035.c4","L35 question.ancient_greece.035.q1","","","","","","corroborated","Wikipedia’s Pheidippides article and Sententiae Antiquae note Herodotus never mentions a Marathon-Athens run, which appears first in writers such as Plutarch and Lucian centuries later. (https://en.wikipedia.org/wiki/Pheidippides https://sententiaeantiquae.com/2015/12/06/myths-of-marathons-herodotus-lucian-plutarch-and-us/)",""
"fact.ancient_greece.marathon_race_named","source.brit_pheidippides","unverified","The modern marathon race honors the legend of the run from Marathon to Athens.","https://www.britannica.com/biography/Pheidippides","L35 card.ancient_greece.035.c4","L35 question.ancient_greece.035.q1","","","","","","corroborated","Wikipedia’s Marathon article says the race commemorates the legendary run of the messenger from Marathon to Athens. (https://en.wikipedia.org/wiki/Marathon https://en.wikipedia.org/wiki/Pheidippides)","weak-pages"
"fact.ancient_greece.marathon_race_named","source.brit_battle_of_marathon","unverified","The modern marathon race honors the legend of the run from Marathon to Athens.","https://www.britannica.com/event/Battle-of-Marathon","L35 card.ancient_greece.035.c4","L35 question.ancient_greece.035.q1","","","","","","corroborated","Wikipedia’s Marathon article says the race commemorates the legendary run of the messenger from Marathon to Athens. (https://en.wikipedia.org/wiki/Marathon https://en.wikipedia.org/wiki/Pheidippides)","weak-pages"
"fact.ancient_greece.xerxes_son_of_darius_480","source.brit_achaemenian_dynasty","unverified","In 480 BCE Xerxes, son of Darius, invaded Greece by land.","https://www.britannica.com/topic/Achaemenian-dynasty","L36 card.ancient_greece.036.c1; L36 card.ancient_greece.036.c2; L40 card.ancient_greece.040.c2","L36 question.ancient_greece.036.q2","","","","","","corroborated","World History Encyclopedia and Wikipedia describe Xerxes I, son of Darius, leading the second Persian invasion of Greece in 480 BCE. (https://www.worldhistory.org/thermopylae/ https://en.wikipedia.org/wiki/Second_Persian_invasion_of_Greece)",""
"fact.ancient_greece.xerxes_son_of_darius_480","source.brit_battle_of_thermopylae","unverified","In 480 BCE Xerxes, son of Darius, invaded Greece by land.","https://www.britannica.com/event/Battle-of-Thermopylae-Greek-history-480-BC","L36 card.ancient_greece.036.c1; L36 card.ancient_greece.036.c2; L40 card.ancient_greece.040.c2","L36 question.ancient_greece.036.q2","","","","","","corroborated","World History Encyclopedia and Wikipedia describe Xerxes I, son of Darius, leading the second Persian invasion of Greece in 480 BCE. (https://www.worldhistory.org/thermopylae/ https://en.wikipedia.org/wiki/Second_Persian_invasion_of_Greece)",""
"fact.ancient_greece.xerxes_army_size_range","source.perseus_herodotus_7_186","unverified","Herodotus claimed Xerxes had more than 2.6 million fighting men; modern estimates run from about 70,000 to 300,000.","https://www.perseus.tufts.edu/hopper/text?doc=Perseus:text:1999.01.0126:book=7:chapter=186","L36 card.ancient_greece.036.c2","L36 question.ancient_greece.036.q2","","","","","","corroborated","Livius and Wikipedia cite Herodotus 7.186 for 2,641,610 fighting men; World History Encyclopedia suggests about 80,000, within modern ranges. (https://www.livius.org/sources/about/herodotus/herodotos-bk-7-logos-21/ https://www.worldhistory.org/thermopylae/)",""
"fact.ancient_greece.xerxes_army_size_range","source.brit_battle_of_thermopylae","unverified","Herodotus claimed Xerxes had more than 2.6 million fighting men; modern estimates run from about 70,000 to 300,000.","https://www.britannica.com/event/Battle-of-Thermopylae-Greek-history-480-BC","L36 card.ancient_greece.036.c2","L36 question.ancient_greece.036.q2","","","","","","corroborated","Livius and Wikipedia cite Herodotus 7.186 for 2,641,610 fighting men; World History Encyclopedia suggests about 80,000, within modern ranges. (https://www.livius.org/sources/about/herodotus/herodotos-bk-7-logos-21/ https://www.worldhistory.org/thermopylae/)",""
"fact.ancient_greece.thermopylae_narrow_pass","source.brit_battle_of_thermopylae","unverified","At Thermopylae the Greeks held a line only a few dozen yards wide between a steep hillside and the sea, where a small force could block a large army.","https://www.britannica.com/event/Battle-of-Thermopylae-Greek-history-480-BC","L36 card.ancient_greece.036.c2","L36 question.ancient_greece.036.q2","","","","","","corroborated","World History Encyclopedia and Wikipedia describe the narrow coastal pass chosen so the Persians’ numbers could not be brought to bear. (https://www.worldhistory.org/thermopylae/ https://en.wikipedia.org/wiki/Battle_of_Thermopylae)",""
"fact.ancient_greece.thermopylae_leonidas_7000","source.brit_battle_of_thermopylae","unverified","Leonidas, a Spartan king, led about 7,000 Greeks, including 300 Spartans, and held the pass for two days.","https://www.britannica.com/event/Battle-of-Thermopylae-Greek-history-480-BC","L36 card.ancient_greece.036.c1; L36 card.ancient_greece.036.c3","L36 question.ancient_greece.036.q3","","","","","","corroborated","World History Encyclopedia gives 6,000 to 7,000 Greeks under the Spartan king Leonidas, with 300 Spartans; Wikipedia says the pass was held two days before the flanking. (https://www.worldhistory.org/thermopylae/ https://en.wikipedia.org/wiki/Battle_of_Thermopylae)",""
"fact.ancient_greece.thermopylae_leonidas_7000","source.worldhistory_thermopylae","unverified","Leonidas, a Spartan king, led about 7,000 Greeks, including 300 Spartans, and held the pass for two days.","https://www.worldhistory.org/thermopylae/","L36 card.ancient_greece.036.c1; L36 card.ancient_greece.036.c3","L36 question.ancient_greece.036.q3","","","","","","corroborated","World History Encyclopedia gives 6,000 to 7,000 Greeks under the Spartan king Leonidas, with 300 Spartans; Wikipedia says the pass was held two days before the flanking. (https://www.worldhistory.org/thermopylae/ https://en.wikipedia.org/wiki/Battle_of_Thermopylae)",""
"fact.ancient_greece.thermopylae_ephialtes_path","source.worldhistory_thermopylae","unverified","A local Greek, Ephialtes, showed the Persians a mountain path around the pass.","https://www.worldhistory.org/thermopylae/","L36 card.ancient_greece.036.c1; L36 card.ancient_greece.036.c3","L36 question.ancient_greece.036.q3","","","","","","corroborated","Wikipedia’s Battle of Thermopylae and Ephialtes of Trachis articles say he showed Xerxes the Anopaia path around the pass. (https://en.wikipedia.org/wiki/Ephialtes_of_Trachis https://en.wikipedia.org/wiki/Battle_of_Thermopylae)","weak-pages"
"fact.ancient_greece.thermopylae_ephialtes_path","source.brit_battle_of_thermopylae","unverified","A local Greek, Ephialtes, showed the Persians a mountain path around the pass.","https://www.britannica.com/event/Battle-of-Thermopylae-Greek-history-480-BC","L36 card.ancient_greece.036.c1; L36 card.ancient_greece.036.c3","L36 question.ancient_greece.036.q3","","","","","","corroborated","Wikipedia’s Battle of Thermopylae and Ephialtes of Trachis articles say he showed Xerxes the Anopaia path around the pass. (https://en.wikipedia.org/wiki/Ephialtes_of_Trachis https://en.wikipedia.org/wiki/Battle_of_Thermopylae)","weak-pages"
"fact.ancient_greece.thermopylae_last_stand","source.brit_battle_of_thermopylae","unverified","Leonidas sent most of the army away; his 300, some helots and about 1,100 Boeotians from Thespiae and Thebes stayed, held one more day, and many if not all were killed.","https://www.britannica.com/event/Battle-of-Thermopylae-Greek-history-480-BC","L36 card.ancient_greece.036.c4","L36 question.ancient_greece.036.q1; L37 question.ancient_greece.037.q3","","","","","","corroborated","World History Encyclopedia lists the survivors of the 300 with 700 Thespians and 400 Thebans on the third day; Wikipedia adds the helots. (https://www.worldhistory.org/thermopylae/ https://en.wikipedia.org/wiki/Battle_of_Thermopylae)",""
"fact.ancient_greece.thermopylae_last_stand","source.worldhistory_thermopylae","unverified","Leonidas sent most of the army away; his 300, some helots and about 1,100 Boeotians from Thespiae and Thebes stayed, held one more day, and many if not all were killed.","https://www.worldhistory.org/thermopylae/","L36 card.ancient_greece.036.c4","L36 question.ancient_greece.036.q1; L37 question.ancient_greece.037.q3","","","","","","corroborated","World History Encyclopedia lists the survivors of the 300 with 700 Thespians and 400 Thebans on the third day; Wikipedia adds the helots. (https://www.worldhistory.org/thermopylae/ https://en.wikipedia.org/wiki/Battle_of_Thermopylae)",""
"fact.ancient_greece.dieneces_fight_in_shade","source.perseus_herodotus_7_226","unverified","Herodotus says the Spartan Dieneces, told Persian arrows would hide the sun, replied that they would fight in the shade; Plutarch later gave the line to Leonidas.","https://www.perseus.tufts.edu/hopper/text?doc=Perseus:text:1999.01.0126:book=7:chapter=226","L36 card.ancient_greece.036.c5","","","","","","","corroborated","World History Encyclopedia reports the reply; Wikipedia’s Dienekes article notes Plutarch attributes it to Leonidas. (https://www.worldhistory.org/thermopylae/ https://en.wikipedia.org/wiki/Dienekes)",""
"fact.ancient_greece.themistocles_silver_navy","source.brit_themistocles","unverified","When Athens’s state-owned silver mines struck a rich vein, Themistocles persuaded the Athenians to spend the windfall on the navy, giving Athens 200 triremes by 480 BCE.","https://www.britannica.com/biography/Themistocles","L37 card.ancient_greece.037.c1; L37 card.ancient_greece.037.c2; L40 card.ancient_greece.040.c4","L37 question.ancient_greece.037.q1; L38 question.ancient_greece.038.q3","","","","","","corroborated","World History Encyclopedia and Wikipedia describe the Laurion silver strike (about 483 BCE) and Themistocles’ naval law building about 200 triremes. (https://www.worldhistory.org/battle_of_salamis/ https://en.wikipedia.org/wiki/Themistocles)",""
"fact.ancient_greece.trireme_rowers_ram","source.brit_trireme","unverified","A trireme carried about 170 rowers in three tiers and a bronze-covered ram at the bow.","https://www.britannica.com/technology/trireme","L37 card.ancient_greece.037.c2","L37 question.ancient_greece.037.q1; L38 question.ancient_greece.038.q3","","","","","","corroborated","World History Encyclopedia and Wikipedia describe the trireme’s three banks of about 170 oarsmen and its bronze ram. (https://www.worldhistory.org/trireme/ https://en.wikipedia.org/wiki/Trireme)",""
"fact.ancient_greece.athens_evacuated_sacked","source.brit_themistocles","unverified","After Thermopylae, Athenians evacuated women and children to the Peloponnese, much of the population sheltered on the island of Salamis, and the Persians sacked Athens.","https://www.britannica.com/biography/Themistocles","L37 card.ancient_greece.037.c1; L37 card.ancient_greece.037.c3","L37 question.ancient_greece.037.q3","","","","","","corroborated","Wikipedia’s Battle of Salamis and Destruction of Athens articles describe the evacuation to Troezen and Salamis and the Persian sack of Athens in 480 BCE. (https://en.wikipedia.org/wiki/Battle_of_Salamis https://en.wikipedia.org/wiki/Achaemenid_destruction_of_Athens)","weak-pages"
"fact.ancient_greece.athens_evacuated_sacked","source.worldhistory_battle_of_salamis","unverified","After Thermopylae, Athenians evacuated women and children to the Peloponnese, much of the population sheltered on the island of Salamis, and the Persians sacked Athens.","https://www.worldhistory.org/battle_of_salamis/","L37 card.ancient_greece.037.c1; L37 card.ancient_greece.037.c3","L37 question.ancient_greece.037.q3","","","","","","corroborated","Wikipedia’s Battle of Salamis and Destruction of Athens articles describe the evacuation to Troezen and Salamis and the Persian sack of Athens in 480 BCE. (https://en.wikipedia.org/wiki/Battle_of_Salamis https://en.wikipedia.org/wiki/Achaemenid_destruction_of_Athens)","weak-pages"
"fact.ancient_greece.salamis_false_message_strait","source.brit_battle_of_salamis","unverified","Themistocles sent Xerxes a false message, and the much larger Persian fleet attacked into the narrow strait between Salamis and the mainland, where its ships could hardly maneuver.","https://www.britannica.com/event/Battle-of-Salamis","L37 card.ancient_greece.037.c4","L37 question.ancient_greece.037.q2; L39 question.ancient_greece.039.q3","","","","","","corroborated","World History Encyclopedia and Encyclopaedia Iranica describe Themistocles’ message and the cramped strait that hampered the larger Persian fleet. (https://www.worldhistory.org/battle_of_salamis/ https://www.st-andrews.ac.uk/~mnat/~ball0888/salamis/)",""
"fact.ancient_greece.salamis_false_message_strait","source.brit_themistocles","unverified","Themistocles sent Xerxes a false message, and the much larger Persian fleet attacked into the narrow strait between Salamis and the mainland, where its ships could hardly maneuver.","https://www.britannica.com/biography/Themistocles","L37 card.ancient_greece.037.c4","L37 question.ancient_greece.037.q2; L39 question.ancient_greece.039.q3","","","","","","corroborated","World History Encyclopedia and Encyclopaedia Iranica describe Themistocles’ message and the cramped strait that hampered the larger Persian fleet. (https://www.worldhistory.org/battle_of_salamis/ https://www.st-andrews.ac.uk/~mnat/~ball0888/salamis/)",""
"fact.ancient_greece.salamis_300_vs_40","source.brit_battle_of_salamis","unverified","At Salamis the Greek triremes rammed the Persian ships; the Greeks sank about 300 Persian ships and lost about 40.","https://www.britannica.com/event/Battle-of-Salamis","L37 card.ancient_greece.037.c4; L40 card.ancient_greece.040.c2","L37 question.ancient_greece.037.q2; L39 question.ancient_greece.039.q3","","","","","","corroborated","Wikipedia’s Battle of Salamis gives about 200 to 300 Persian ships lost against about 40 Greek; World History Encyclopedia describes the ramming in tight waters. (https://en.wikipedia.org/wiki/Battle_of_Salamis https://www.worldhistory.org/battle_of_salamis/)",""
"fact.ancient_greece.xerxes_watched_salamis","source.perseus_herodotus_8_90","unverified","Herodotus says Xerxes watched the battle from the foot of a hill facing Salamis, with scribes noting who fought well.","https://www.perseus.tufts.edu/hopper/text?doc=Perseus:text:1999.01.0126:book=8:chapter=90","L37 card.ancient_greece.037.c5","","","","","","","corroborated","The US Naval Institute Proceedings and a St Andrews study page describe Xerxes on a throne by Mount Aegaleos with scribes recording names. (https://www.usni.org/magazines/proceedings/1939/february/battle-salamis-480-bc https://www.st-andrews.ac.uk/~mnat/~ball0888/salamis/)",""
"fact.ancient_greece.plataea_479_ends_invasion","source.worldhistory_battle_of_salamis","unverified","Xerxes went home to Susa, and in 479 BCE a Greek victory on land at Plataea ended the Persian invasion.","https://www.worldhistory.org/battle_of_salamis/","L37 card.ancient_greece.037.c5; L40 card.ancient_greece.040.c2","","","","","","","corroborated","Britannica’s Sparta and Athens section and Wikipedia describe Plataea (479 BCE) as ending the second Persian invasion. (https://www.worldhistory.org/Plataea/ https://en.wikipedia.org/wiki/Battle_of_Plataea)",""
"fact.ancient_greece.delian_league_478_delos","source.brit_delian_league","unverified","In 478 BCE Athens and many Greek cities formed the Delian League to protect themselves from Persia; its treasury was kept in the temple of Apollo on the island of Delos.","https://www.britannica.com/topic/Delian-League","L38 card.ancient_greece.038.c2; L40 card.ancient_greece.040.c2","L38 question.ancient_greece.038.q1; L40 question.ancient_greece.040.q5","","","","","","corroborated","World History Encyclopedia and Wikipedia date the league to 478/477 BCE with its treasury on Delos. (https://www.worldhistory.org/Delian_League/ https://en.wikipedia.org/wiki/Delian_League)",""
"fact.ancient_greece.delian_league_athens_commands","source.brit_delian_league","unverified","Athens supplied the League’s commanders and decided which members gave ships and which gave money.","https://www.britannica.com/topic/Delian-League","L38 card.ancient_greece.038.c2","L38 question.ancient_greece.038.q1; L40 question.ancient_greece.040.q5","","","","","","corroborated","The University of Vermont notes and Wikipedia say Athens led the league and assessed each ally’s contribution in ships or money. (https://www.uvm.edu/~jbailly/courses/clas21/notes/athenianempire.html https://en.wikipedia.org/wiki/Delian_League)",""
"fact.ancient_greece.delian_league_money_fleet","source.worldhistory_delian_league","unverified","Over time most members paid money instead of sending ships, and the tribute built and maintained the fleet Athens led.","https://www.worldhistory.org/Delian_League/","L38 card.ancient_greece.038.c1; L38 card.ancient_greece.038.c3","L38 question.ancient_greece.038.q3","","","","","","corroborated","Wikipedia’s Delian League and the Yale Open Courses lecture notes describe most allies paying tribute that funded the Athenian-led fleet, with only a few still sending ships. (https://en.wikipedia.org/wiki/Delian_League https://oyc.yale.edu/sites/default/files/08athenianempire_3_0.pdf)",""
"fact.ancient_greece.delian_league_money_fleet","source.uvm_athenian_empire","unverified","Over time most members paid money instead of sending ships, and the tribute built and maintained the fleet Athens led.","https://www.uvm.edu/~jbailly/courses/clas21/notes/athenianempire.html","L38 card.ancient_greece.038.c1; L38 card.ancient_greece.038.c3","L38 question.ancient_greece.038.q3","","","","","","corroborated","Wikipedia’s Delian League and the Yale Open Courses lecture notes describe most allies paying tribute that funded the Athenian-led fleet, with only a few still sending ships. (https://en.wikipedia.org/wiki/Delian_League https://oyc.yale.edu/sites/default/files/08athenianempire_3_0.pdf)",""
"fact.ancient_greece.delian_league_330_cities","source.worldhistory_delian_league","unverified","Around 330 cities appear in the League’s surviving tribute lists.","https://www.worldhistory.org/Delian_League/","L38 card.ancient_greece.038.c3","L38 question.ancient_greece.038.q3","","","","","","corroborated","Malevus and Wikipedia describe roughly 150 to over 300 member states across the League’s tribute records. (https://malevus.com/delian-league/ https://en.wikipedia.org/wiki/Members_of_the_Delian_League)",""
"fact.ancient_greece.delian_league_naxos","source.brit_delian_league","unverified","When Naxos tried to leave the League, Athens attacked and forced it back in.","https://www.britannica.com/topic/Delian-League","L38 card.ancient_greece.038.c1; L38 card.ancient_greece.038.c4","L38 question.ancient_greece.038.q2","","","","","","corroborated","Wikipedia’s Delian League article and History Skills describe the Naxian revolt (about 471-467 BCE) crushed by Athens. (https://en.wikipedia.org/wiki/Delian_League https://www.historyskills.com/classroom/ancient-history/delian-league/)",""
"fact.ancient_greece.delian_league_naxos","source.worldhistory_delian_league","unverified","When Naxos tried to leave the League, Athens attacked and forced it back in.","https://www.worldhistory.org/Delian_League/","L38 card.ancient_greece.038.c1; L38 card.ancient_greece.038.c4","L38 question.ancient_greece.038.q2","","","","","","corroborated","Wikipedia’s Delian League article and History Skills describe the Naxian revolt (about 471-467 BCE) crushed by Athens. (https://en.wikipedia.org/wiki/Delian_League https://www.historyskills.com/classroom/ancient-history/delian-league/)",""
"fact.ancient_greece.delian_league_treasury_454","source.brit_delian_league","unverified","In 454 BCE Athens moved the League treasury from Delos to Athens, and the League became in effect an Athenian empire.","https://www.britannica.com/topic/Delian-League","L38 card.ancient_greece.038.c4","L38 question.ancient_greece.038.q2","","","","","","corroborated","Wikipedia and the University of Vermont notes date the treasury move to 454 BCE and describe the league becoming an Athenian empire. (https://en.wikipedia.org/wiki/Delian_League https://www.uvm.edu/~jbailly/courses/clas21/notes/athenianempire.html)",""
"fact.ancient_greece.delian_league_treasury_454","source.worldhistory_delian_league","unverified","In 454 BCE Athens moved the League treasury from Delos to Athens, and the League became in effect an Athenian empire.","https://www.worldhistory.org/Delian_League/","L38 card.ancient_greece.038.c4","L38 question.ancient_greece.038.q2","","","","","","corroborated","Wikipedia and the University of Vermont notes date the treasury move to 454 BCE and describe the league becoming an Athenian empire. (https://en.wikipedia.org/wiki/Delian_League https://www.uvm.edu/~jbailly/courses/clas21/notes/athenianempire.html)",""
"fact.ancient_greece.delian_league_parthenon_funds","source.worldhistory_delian_league","unverified","League money helped pay for Pericles’ rebuilding of Athens, including the Parthenon.","https://www.worldhistory.org/Delian_League/","L38 card.ancient_greece.038.c4","L38 question.ancient_greece.038.q2","","","","","","corroborated","Wikipedia’s Delian League and Parthenon articles say league funds helped pay for the Periclean building program. (https://en.wikipedia.org/wiki/Delian_League https://en.wikipedia.org/wiki/Parthenon)","weak-pages"
"fact.ancient_greece.delian_league_parthenon_funds","source.brit_delian_league","unverified","League money helped pay for Pericles’ rebuilding of Athens, including the Parthenon.","https://www.britannica.com/topic/Delian-League","L38 card.ancient_greece.038.c4","L38 question.ancient_greece.038.q2","","","","","","corroborated","Wikipedia’s Delian League and Parthenon articles say league funds helped pay for the Periclean building program. (https://en.wikipedia.org/wiki/Delian_League https://en.wikipedia.org/wiki/Parthenon)","weak-pages"
"fact.ancient_greece.pelop_war_431_404","source.brit_peloponnesian_war","unverified","From 431 to 404 BCE, for 27 years, Athens, leading the Delian League, fought Sparta, leading the Peloponnesian League.","https://www.britannica.com/event/Peloponnesian-War","L39 card.ancient_greece.039.c1; L39 card.ancient_greece.039.c2; L40 card.ancient_greece.040.c1; L40 card.ancient_greece.040.c2; L40 card.ancient_greece.040.c4","L39 question.ancient_greece.039.q2; L40 question.ancient_greece.040.q4; L40 question.ancient_greece.040.q5","","","","","","corroborated","World History Encyclopedia and Wikipedia date the war 431-404 BCE between the Athenian-led Delian League and the Spartan-led Peloponnesian League. (https://www.worldhistory.org/Peloponnesian_War/ https://en.wikipedia.org/wiki/Peloponnesian_War)",""
"fact.ancient_greece.pelop_war_sea_vs_land","source.brit_peloponnesian_war","unverified","In the Peloponnesian War, Athens had the stronger navy and Sparta’s alliance the stronger army on land.","https://www.britannica.com/event/Peloponnesian-War","L39 card.ancient_greece.039.c2; L40 card.ancient_greece.040.c4","L39 question.ancient_greece.039.q2; L40 question.ancient_greece.040.q4; L40 question.ancient_greece.040.q5","","","","","","corroborated","World History Encyclopedia and Wikipedia describe the war as Athenian sea power against Spartan land power. (https://www.worldhistory.org/Peloponnesian_War/ https://en.wikipedia.org/wiki/Peloponnesian_War)",""
"fact.ancient_greece.thucydides_cause","source.perseus_thucydides_1_23","unverified","Thucydides, who lived through the war and wrote its history, said its real cause was Athens’s growing power and the fear it caused in Sparta.","https://www.perseus.tufts.edu/hopper/text?doc=Perseus:text:1999.01.0200:book=1:chapter=23","L39 card.ancient_greece.039.c2","L39 question.ancient_greece.039.q2; L40 question.ancient_greece.040.q5","","","","","","corroborated","The Conversation and Wikipedia’s Thucydides Trap article quote Thucydides 1.23 on the growth of Athenian power and Spartan fear. (https://theconversation.com/what-is-the-thucydides-trap-xi-warned-trump-about-lessons-from-an-ancient-war-between-athens-and-sparta-283054 https://en.wikipedia.org/wiki/Thucydides_Trap)",""
"fact.ancient_greece.thucydides_cause","source.brit_peloponnesian_war","unverified","Thucydides, who lived through the war and wrote its history, said its real cause was Athens’s growing power and the fear it caused in Sparta.","https://www.britannica.com/event/Peloponnesian-War","L39 card.ancient_greece.039.c2","L39 question.ancient_greece.039.q2; L40 question.ancient_greece.040.q5","","","","","","corroborated","The Conversation and Wikipedia’s Thucydides Trap article quote Thucydides 1.23 on the growth of Athenian power and Spartan fear. (https://theconversation.com/what-is-the-thucydides-trap-xi-warned-trump-about-lessons-from-an-ancient-war-between-athens-and-sparta-283054 https://en.wikipedia.org/wiki/Thucydides_Trap)",""
"fact.ancient_greece.pericles_strategy_walls","source.brit_peloponnesian_war","unverified","Under Pericles, Athens avoided Sparta’s stronger army, kept its people inside the city walls and relied on its navy.","https://www.britannica.com/event/Peloponnesian-War","L39 card.ancient_greece.039.c3","L39 question.ancient_greece.039.q1","","","","","","corroborated","Wikipedia’s Periclean strategy and Peloponnesian War articles describe withdrawing inside the walls and relying on the fleet. (https://en.wikipedia.org/wiki/Peloponnesian_War https://www.worldhistory.org/Peloponnesian_War/)",""
"fact.ancient_greece.pericles_strategy_walls","source.worldhistory_thucydides_plague","unverified","Under Pericles, Athens avoided Sparta’s stronger army, kept its people inside the city walls and relied on its navy.","https://www.worldhistory.org/article/1535/thucydides-on-the-plague-of-athens-text--commentar/","L39 card.ancient_greece.039.c3","L39 question.ancient_greece.039.q1","","","","","","corroborated","Wikipedia’s Periclean strategy and Peloponnesian War articles describe withdrawing inside the walls and relying on the fleet. (https://en.wikipedia.org/wiki/Peloponnesian_War https://www.worldhistory.org/Peloponnesian_War/)",""
"fact.ancient_greece.plague_of_athens_430","source.worldhistory_thucydides_plague","unverified","In 430 BCE plague struck crowded Athens, killing an estimated 75,000 to 100,000 people, including Pericles; Thucydides caught it and survived.","https://www.worldhistory.org/article/1535/thucydides-on-the-plague-of-athens-text--commentar/","L39 card.ancient_greece.039.c3","L39 question.ancient_greece.039.q1","","","","","","corroborated","The Conversation and History Skills report the plague of 430 BCE killed perhaps a quarter to a third of Athenians, including Pericles, and that Thucydides caught it and survived. (https://theconversation.com/thucydides-and-the-plague-of-athens-what-it-can-teach-us-now-133155 https://www.historyskills.com/classroom/ancient-history/plague-of-athens/)",""
"fact.ancient_greece.plague_of_athens_430","source.brit_peloponnesian_war","unverified","In 430 BCE plague struck crowded Athens, killing an estimated 75,000 to 100,000 people, including Pericles; Thucydides caught it and survived.","https://www.britannica.com/event/Peloponnesian-War","L39 card.ancient_greece.039.c3","L39 question.ancient_greece.039.q1","","","","","","corroborated","The Conversation and History Skills report the plague of 430 BCE killed perhaps a quarter to a third of Athenians, including Pericles, and that Thucydides caught it and survived. (https://theconversation.com/thucydides-and-the-plague-of-athens-what-it-can-teach-us-now-133155 https://www.historyskills.com/classroom/ancient-history/plague-of-athens/)",""
"fact.ancient_greece.sicily_415_413","source.brit_peloponnesian_war","unverified","Athens lost a huge expedition to Sicily in 415–413 BCE.","https://www.britannica.com/event/Peloponnesian-War","L39 card.ancient_greece.039.c4","L39 question.ancient_greece.039.q3","","","","","","corroborated","World History Encyclopedia and Wikipedia’s Sicilian Expedition article describe the 415-413 BCE disaster. (https://en.wikipedia.org/wiki/Sicilian_Expedition https://www.worldhistory.org/Peloponnesian_War/)",""
"fact.ancient_greece.aegospotami_persian_aid","source.brit_peloponnesian_war","unverified","In 405 BCE the Spartan admiral Lysander, with much aid from Persia, destroyed the Athenian fleet at Aegospotami, and Athens surrendered in 404 BCE.","https://www.britannica.com/event/Peloponnesian-War","L39 card.ancient_greece.039.c1; L39 card.ancient_greece.039.c4; L40 card.ancient_greece.040.c2","L39 question.ancient_greece.039.q3; L40 question.ancient_greece.040.q5","","","","","","corroborated","World History Encyclopedia’s Sparta article says Sparta, with Persian help, won when Lysander destroyed the Athenian fleet at Aegospotami in 405 BCE; Wikipedia agrees. (https://www.worldhistory.org/sparta/ https://en.wikipedia.org/wiki/Battle_of_Aegospotami)",""
"fact.ancient_greece.long_walls_flute_girls","source.perseus_xenophon_hellenica_2_2_23","unverified","Xenophon says the victors tore down Athens’s walls to the music of flute girls, thinking that day the beginning of freedom for Greece.","https://www.perseus.tufts.edu/hopper/text?doc=Xen.+Hell.+2.2.23","L39 card.ancient_greece.039.c5","","","","","","","corroborated","Livius’s Xenophon on the surrender of Athens and Wikipedia’s Long Walls article give the same passage from Hellenica 2.2.23. (https://www.livius.org/sources/content/xenophon-hellenica/xenophon-on-the-surrender-of-athens/ https://en.wikipedia.org/wiki/Long_Walls)",""
"fact.ancient_greece.delian_league_disbanded_404","source.brit_delian_league","unverified","Sparta’s peace terms disbanded the Delian League in 404 BCE.","https://www.britannica.com/topic/Delian-League","L39 card.ancient_greece.039.c5","","","","","","","corroborated","Wikipedia’s Delian League article says the league was dissolved at the end of the Peloponnesian War in 404 BCE. (https://en.wikipedia.org/wiki/Delian_League https://www.worldhistory.org/Delian_League/)",""
"fact.ancient_greece.serpent_column_31","source.culturegr_serpent_column","unverified","After the victory at Plataea in 479 BCE, 31 Greek cities dedicated a gold tripod on a bronze column of three twisted snakes, listing their names, at Delphi.","https://delphi.culture.gr/the-tripod-of-plataea/","L40 card.ancient_greece.040.c1; L40 card.ancient_greece.040.c3","L40 question.ancient_greece.040.q3","","","","","","corroborated","Livius and Wikipedia’s Serpent Column article describe the dedication after Plataea naming 31 Greek states on the coils. (https://www.livius.org/articles/place/constantinople-istanbul/constantinople-photos/constantinople-hippodrome/constantinople-hippodrome-serpent-column/ https://en.wikipedia.org/wiki/Serpent_Column)",""
"fact.ancient_greece.serpent_column_31","source.livius_serpent_column","unverified","After the victory at Plataea in 479 BCE, 31 Greek cities dedicated a gold tripod on a bronze column of three twisted snakes, listing their names, at Delphi.","https://www.livius.org/articles/place/constantinople-istanbul/constantinople-photos/constantinople-hippodrome/constantinople-hippodrome-serpent-column/","L40 card.ancient_greece.040.c1; L40 card.ancient_greece.040.c3","L40 question.ancient_greece.040.q3","","","","","","corroborated","Livius and Wikipedia’s Serpent Column article describe the dedication after Plataea naming 31 Greek states on the coils. (https://www.livius.org/articles/place/constantinople-istanbul/constantinople-photos/constantinople-hippodrome/constantinople-hippodrome-serpent-column/ https://en.wikipedia.org/wiki/Serpent_Column)",""
"fact.ancient_greece.serpent_column_sparta_athens_first","source.livius_serpent_column","unverified","The Serpent Column’s list of cities begins with Sparta (the Lacedaemonians), then Athens and Corinth.","https://www.livius.org/articles/place/constantinople-istanbul/constantinople-photos/constantinople-hippodrome/constantinople-hippodrome-serpent-column/","L40 card.ancient_greece.040.c1; L40 card.ancient_greece.040.c3","L40 question.ancient_greece.040.q3","","","","","","corroborated","Wikipedia’s Serpent Column article gives the inscription beginning with the Lacedaemonians, Athenians and Corinthians. (https://en.wikipedia.org/wiki/Serpent_Column https://worldhistoryedu.com/serpent-column/)",""
"fact.ancient_greece.serpent_column_pausanias","source.culturegr_serpent_column","unverified","The Spartan commander Pausanias first had the monument inscribed in his own name; the allies objected, and the cities’ names replaced it.","https://delphi.culture.gr/the-tripod-of-plataea/","L40 card.ancient_greece.040.c3","L40 question.ancient_greece.040.q3","","","","","","corroborated","Wikipedia’s Serpent Column and Pausanias articles (citing Thucydides 1.132) describe his self-glorifying inscription being erased and replaced by the list of cities. (https://en.wikipedia.org/wiki/Serpent_Column https://en.wikipedia.org/wiki/Pausanias_(general))","weak-pages"
"fact.ancient_greece.serpent_column_istanbul","source.culturegr_serpent_column","unverified","Constantine moved the Serpent Column to Constantinople’s Hippodrome, and it still stands in Istanbul, without its snake heads.","https://delphi.culture.gr/the-tripod-of-plataea/","L40 card.ancient_greece.040.c3","L40 question.ancient_greece.040.q3","","","","","","corroborated","Livius and Atlas Obscura describe the headless Serpent Column standing in Istanbul’s Hippodrome since Constantine brought it. (https://www.livius.org/articles/place/constantinople-istanbul/constantinople-photos/constantinople-hippodrome/constantinople-hippodrome-serpent-column/ https://assets.atlasobscura.com/places/serpent-column)",""
"fact.ancient_greece.olympus_highest_home","source.brit_mount_olympus","unverified","Mount Olympus, at 2,917 m (9,570 feet), is the highest mountain in Greece, and the Greeks regarded it as the home of the gods and the site of Zeus’s throne.","https://www.britannica.com/place/Mount-Olympus-mountain-Greece","L41 card.ancient_greece.041.c1; L41 card.ancient_greece.041.c2; L50 card.ancient_greece.050.c1","L41 question.ancient_greece.041.q1; L41 question.ancient_greece.041.q3","","","","","","corroborated","Independent guides give Olympus as Greece’s highest peak at 2,917 m and describe it as the mythical home of Zeus and the Olympian gods. (https://en.wikipedia.org/wiki/Mount_Olympus https://www.muchbetteradventures.com/magazine/mount-olympus-guide/)",""
"fact.ancient_greece.olympians_big_realms","source.brit_zeus","unverified","Among the Olympians, Zeus was the sky and weather god with the thunderbolt, Poseidon ruled the sea, Hera was queen of the gods and goddess of marriage, and Demeter was goddess of grain and agriculture.","https://www.britannica.com/topic/Zeus","L41 card.ancient_greece.041.c3; L45 card.ancient_greece.045.c5","L45 question.ancient_greece.045.q3","","","","","","corroborated","Theoi’s Olympian pages and Wikipedia describe Zeus as sky and thunder god, Poseidon as sea god, Hera as queen and goddess of marriage, and Demeter as goddess of grain and agriculture. (https://www.theoi.com/greek-mythology/olympian-gods.html https://en.wikipedia.org/wiki/Twelve_Olympians)",""
"fact.ancient_greece.olympians_big_realms","source.brit_poseidon","unverified","Among the Olympians, Zeus was the sky and weather god with the thunderbolt, Poseidon ruled the sea, Hera was queen of the gods and goddess of marriage, and Demeter was goddess of grain and agriculture.","https://www.britannica.com/topic/Poseidon","L41 card.ancient_greece.041.c3; L45 card.ancient_greece.045.c5","L45 question.ancient_greece.045.q3","","","","","","corroborated","Theoi’s Olympian pages and Wikipedia describe Zeus as sky and thunder god, Poseidon as sea god, Hera as queen and goddess of marriage, and Demeter as goddess of grain and agriculture. (https://www.theoi.com/greek-mythology/olympian-gods.html https://en.wikipedia.org/wiki/Twelve_Olympians)",""
"fact.ancient_greece.olympians_big_realms","source.brit_hera","unverified","Among the Olympians, Zeus was the sky and weather god with the thunderbolt, Poseidon ruled the sea, Hera was queen of the gods and goddess of marriage, and Demeter was goddess of grain and agriculture.","https://www.britannica.com/topic/Hera","L41 card.ancient_greece.041.c3; L45 card.ancient_greece.045.c5","L45 question.ancient_greece.045.q3","","","","","","corroborated","Theoi’s Olympian pages and Wikipedia describe Zeus as sky and thunder god, Poseidon as sea god, Hera as queen and goddess of marriage, and Demeter as goddess of grain and agriculture. (https://www.theoi.com/greek-mythology/olympian-gods.html https://en.wikipedia.org/wiki/Twelve_Olympians)",""
"fact.ancient_greece.olympians_big_realms","source.brit_demeter","unverified","Among the Olympians, Zeus was the sky and weather god with the thunderbolt, Poseidon ruled the sea, Hera was queen of the gods and goddess of marriage, and Demeter was goddess of grain and agriculture.","https://www.britannica.com/topic/Demeter","L41 card.ancient_greece.041.c3; L45 card.ancient_greece.045.c5","L45 question.ancient_greece.045.q3","","","","","","corroborated","Theoi’s Olympian pages and Wikipedia describe Zeus as sky and thunder god, Poseidon as sea god, Hera as queen and goddess of marriage, and Demeter as goddess of grain and agriculture. (https://www.theoi.com/greek-mythology/olympian-gods.html https://en.wikipedia.org/wiki/Twelve_Olympians)",""
"fact.ancient_greece.olympians_hephaestus_hermes","source.brit_hephaestus","unverified","Hephaestus was the god of fire and a blacksmith who made weapons for the gods; Hermes was the messenger of the gods and protector of travelers and trade.","https://www.britannica.com/topic/Hephaestus","L41 card.ancient_greece.041.c3","L45 question.ancient_greece.045.q3","","","","","","corroborated","Wikipedia describes Hephaestus as god of fire and blacksmiths and Hermes as herald of the gods and protector of travelers and merchants. (https://en.wikipedia.org/wiki/Hephaestus https://en.wikipedia.org/wiki/Hermes)","weak-pages"
"fact.ancient_greece.olympians_hephaestus_hermes","source.brit_hermes","unverified","Hephaestus was the god of fire and a blacksmith who made weapons for the gods; Hermes was the messenger of the gods and protector of travelers and trade.","https://www.britannica.com/topic/Hermes-Greek-mythology","L41 card.ancient_greece.041.c3","L45 question.ancient_greece.045.q3","","","","","","corroborated","Wikipedia describes Hephaestus as god of fire and blacksmiths and Hermes as herald of the gods and protector of travelers and merchants. (https://en.wikipedia.org/wiki/Hephaestus https://en.wikipedia.org/wiki/Hermes)","weak-pages"
"fact.ancient_greece.olympians_list_varied","source.brit_greek_mythology_figures","unverified","Lists of the twelve Olympians varied: one common list is Zeus, Hera, Poseidon, Demeter, Athena, Apollo, Artemis, Ares, Aphrodite, Hephaestus, Hermes and Dionysus, while Hestia, goddess of the hearth, or Hades was sometimes included instead.","https://www.britannica.com/question/Who-are-some-of-the-major-figures-of-Greek-mythology","L41 card.ancient_greece.041.c4","L41 question.ancient_greece.041.q2","","","","","","corroborated","Wikipedia’s Twelve Olympians gives the same eleven plus either Hestia or Dionysus, and notes the Parthenon frieze shows Dionysus while Athens’ altar of the Twelve Gods included Hestia. (https://en.wikipedia.org/wiki/Twelve_Olympians https://en.wikipedia.org/wiki/Altar_of_the_Twelve_Gods)","weak-pages"
"fact.ancient_greece.olympians_list_varied","source.brit_hestia","unverified","Lists of the twelve Olympians varied: one common list is Zeus, Hera, Poseidon, Demeter, Athena, Apollo, Artemis, Ares, Aphrodite, Hephaestus, Hermes and Dionysus, while Hestia, goddess of the hearth, or Hades was sometimes included instead.","https://www.britannica.com/topic/Hestia","L41 card.ancient_greece.041.c4","L41 question.ancient_greece.041.q2","","","","","","corroborated","Wikipedia’s Twelve Olympians gives the same eleven plus either Hestia or Dionysus, and notes the Parthenon frieze shows Dionysus while Athens’ altar of the Twelve Gods included Hestia. (https://en.wikipedia.org/wiki/Twelve_Olympians https://en.wikipedia.org/wiki/Altar_of_the_Twelve_Gods)","weak-pages"
"fact.ancient_greece.olympians_human_form","source.brit_greek_religion","unverified","Greek religion believed in many gods in human form under one supreme god, and in literature Hera often appears as Zeus’s jealous, vindictive wife who persecuted the women he loved.","https://www.britannica.com/topic/Greek-religion","L41 card.ancient_greece.041.c5; L46 card.ancient_greece.046.c2","","","","","","","corroborated","Wikipedia describes Greek deities as anthropomorphic, with human emotions including jealousy, and Hera’s myths centre on her jealousy of Zeus’s lovers. (https://en.wikipedia.org/wiki/List_of_Greek_deities https://www.theoi.com/Olympios/HeraMyths.html)",""
"fact.ancient_greece.olympians_human_form","source.brit_hera","unverified","Greek religion believed in many gods in human form under one supreme god, and in literature Hera often appears as Zeus’s jealous, vindictive wife who persecuted the women he loved.","https://www.britannica.com/topic/Hera","L41 card.ancient_greece.041.c5; L46 card.ancient_greece.046.c2","","","","","","","corroborated","Wikipedia describes Greek deities as anthropomorphic, with human emotions including jealousy, and Hera’s myths centre on her jealousy of Zeus’s lovers. (https://en.wikipedia.org/wiki/List_of_Greek_deities https://www.theoi.com/Olympios/HeraMyths.html)",""
"fact.ancient_greece.zeus_cronus_swallowed","source.brit_zeus","unverified","Cronus, king of the Titans, learned that one of his children was fated to overthrow him, so he swallowed each child his wife Rhea bore.","https://www.britannica.com/topic/Zeus","L42 card.ancient_greece.042.c2; L44 card.ancient_greece.044.c2","L42 question.ancient_greece.042.q2; L44 question.ancient_greece.044.q3","","","","","","corroborated","Wikipedia’s Cronus article and Theoi both tell how Cronus, fearing a prophecy that a child would overthrow him, swallowed his children at birth. (https://en.wikipedia.org/wiki/Cronus https://www.theoi.com/Titan/TitanKronos.html)",""
"fact.ancient_greece.zeus_cronus_swallowed","source.brit_cronus","unverified","Cronus, king of the Titans, learned that one of his children was fated to overthrow him, so he swallowed each child his wife Rhea bore.","https://www.britannica.com/topic/Cronus","L42 card.ancient_greece.042.c2; L44 card.ancient_greece.044.c2","L42 question.ancient_greece.042.q2; L44 question.ancient_greece.044.q3","","","","","","corroborated","Wikipedia’s Cronus article and Theoi both tell how Cronus, fearing a prophecy that a child would overthrow him, swallowed his children at birth. (https://en.wikipedia.org/wiki/Cronus https://www.theoi.com/Titan/TitanKronos.html)",""
"fact.ancient_greece.zeus_stone_crete","source.brit_zeus","unverified","Rhea saved the infant Zeus by hiding him in a cave on Crete and giving Cronus a stone wrapped in swaddling clothes to swallow instead.","https://www.britannica.com/topic/Zeus","L42 card.ancient_greece.042.c1; L42 card.ancient_greece.042.c3","L42 question.ancient_greece.042.q1; L42 question.ancient_greece.042.q3","","","","","","corroborated","Wikipedia (Rhea, Cronus) confirms Rhea gave birth to Zeus secretly on Crete, hid him in a cave and gave Cronus a stone in swaddling clothes. (https://en.wikipedia.org/wiki/Rhea_(mythology) https://en.wikipedia.org/wiki/Cronus)","weak-pages"
"fact.ancient_greece.zeus_stone_crete","source.brit_cronus","unverified","Rhea saved the infant Zeus by hiding him in a cave on Crete and giving Cronus a stone wrapped in swaddling clothes to swallow instead.","https://www.britannica.com/topic/Cronus","L42 card.ancient_greece.042.c1; L42 card.ancient_greece.042.c3","L42 question.ancient_greece.042.q1; L42 question.ancient_greece.042.q3","","","","","","corroborated","Wikipedia (Rhea, Cronus) confirms Rhea gave birth to Zeus secretly on Crete, hid him in a cave and gave Cronus a stone in swaddling clothes. (https://en.wikipedia.org/wiki/Rhea_(mythology) https://en.wikipedia.org/wiki/Cronus)","weak-pages"
"fact.ancient_greece.zeus_defeats_titans","source.brit_zeus","unverified","Zeus grew up, forced Cronus to disgorge his brothers and sisters, and with his brothers Hades and Poseidon defeated Cronus and the Titans.","https://www.britannica.com/topic/Zeus","L42 card.ancient_greece.042.c3","L42 question.ancient_greece.042.q1; L42 question.ancient_greece.042.q3","","","","","","corroborated","Wikipedia’s Cronus and Titanomachy articles describe Zeus freeing his siblings and leading them to victory over the Titans. (https://en.wikipedia.org/wiki/Cronus https://en.wikipedia.org/wiki/Titanomachy)","weak-pages"
"fact.ancient_greece.zeus_defeats_titans","source.brit_cronus","unverified","Zeus grew up, forced Cronus to disgorge his brothers and sisters, and with his brothers Hades and Poseidon defeated Cronus and the Titans.","https://www.britannica.com/topic/Cronus","L42 card.ancient_greece.042.c3","L42 question.ancient_greece.042.q1; L42 question.ancient_greece.042.q3","","","","","","corroborated","Wikipedia’s Cronus and Titanomachy articles describe Zeus freeing his siblings and leading them to victory over the Titans. (https://en.wikipedia.org/wiki/Cronus https://en.wikipedia.org/wiki/Titanomachy)","weak-pages"
"fact.ancient_greece.zeus_cyclopes_thunderbolt","source.brit_cyclops_myth","unverified","According to Hesiod, the Cyclopes Brontes (Thunder), Steropes (Lightning) and Arges (Bright Flash) forged Zeus’s thunderbolt, Poseidon’s trident and a helmet of invisibility for Hades.","https://www.britannica.com/topic/Cyclops-Greek-mythology","L42 card.ancient_greece.042.c4","","","","","","","corroborated","Wikipedia’s Cyclopes article and Theoi report Hesiod’s three Cyclopes making Zeus’s thunderbolt, with later sources adding Poseidon’s trident and Hades’ helmet. (https://en.wikipedia.org/wiki/Cyclopes https://www.theoi.com/Titan/Kyklopes.html)",""
"fact.ancient_greece.zeus_sky_weather","source.brit_zeus","unverified","Zeus was the Greek sky and weather god, sender of thunder, lightning, rain and winds, and his traditional weapon was the thunderbolt.","https://www.britannica.com/topic/Zeus","L42 card.ancient_greece.042.c4","","","","","","","corroborated","Wikipedia describes Zeus as the sky and thunder god whose symbol is the thunderbolt. (https://en.wikipedia.org/wiki/Zeus)","one-page weak-pages"
"fact.ancient_greece.zeus_world_by_lot","source.brit_zeus","unverified","After defeating the Titans, Zeus, Poseidon and Hades divided the world by lot: Zeus took the sky, Poseidon the sea and Hades the underworld.","https://www.britannica.com/topic/Zeus","L42 card.ancient_greece.042.c5; L43 card.ancient_greece.043.c2; L45 card.ancient_greece.045.c2","L43 question.ancient_greece.043.q3; L50 question.ancient_greece.050.q1","","","","","","corroborated","In Iliad 15 Poseidon says that when the lots were shaken he drew the sea, Hades the mists and darkness, and Zeus the sky; Wikipedia’s Hades article reports the same division. (https://en.wikipedia.org/wiki/Hades https://sententiaeantiquae.com/2026/03/09/brothers-sisters-wives-and-divine-disorder-setting-things-straight-in-iliad-15/)",""
"fact.ancient_greece.zeus_world_by_lot","source.brit_poseidon","unverified","After defeating the Titans, Zeus, Poseidon and Hades divided the world by lot: Zeus took the sky, Poseidon the sea and Hades the underworld.","https://www.britannica.com/topic/Poseidon","L42 card.ancient_greece.042.c5; L43 card.ancient_greece.043.c2; L45 card.ancient_greece.045.c2","L43 question.ancient_greece.043.q3; L50 question.ancient_greece.050.q1","","","","","","corroborated","In Iliad 15 Poseidon says that when the lots were shaken he drew the sea, Hades the mists and darkness, and Zeus the sky; Wikipedia’s Hades article reports the same division. (https://en.wikipedia.org/wiki/Hades https://sententiaeantiquae.com/2026/03/09/brothers-sisters-wives-and-divine-disorder-setting-things-straight-in-iliad-15/)",""
"fact.ancient_greece.zeus_world_by_lot","source.brit_hades","unverified","After defeating the Titans, Zeus, Poseidon and Hades divided the world by lot: Zeus took the sky, Poseidon the sea and Hades the underworld.","https://www.britannica.com/topic/Hades-Greek-mythology","L42 card.ancient_greece.042.c5; L43 card.ancient_greece.043.c2; L45 card.ancient_greece.045.c2","L43 question.ancient_greece.043.q3; L50 question.ancient_greece.050.q1","","","","","","corroborated","In Iliad 15 Poseidon says that when the lots were shaken he drew the sea, Hades the mists and darkness, and Zeus the sky; Wikipedia’s Hades article reports the same division. (https://en.wikipedia.org/wiki/Hades https://sententiaeantiquae.com/2026/03/09/brothers-sisters-wives-and-divine-disorder-setting-things-straight-in-iliad-15/)",""
"fact.ancient_greece.poseidon_sea_trident","source.brit_poseidon","unverified","Poseidon was god of the sea, and his weapon and main symbol was the trident, perhaps once a fish spear; the Romans identified him with Neptune.","https://www.britannica.com/topic/Poseidon","L43 card.ancient_greece.043.c2","L43 question.ancient_greece.043.q3; L49 question.ancient_greece.049.q3","","","","","","corroborated","Wikipedia and Theoi describe Poseidon as god of the sea wielding the trident, identified by the Romans with Neptune. (https://en.wikipedia.org/wiki/Poseidon https://www.theoi.com/Olympios/Poseidon.html)",""
"fact.ancient_greece.poseidon_earth_shaker","source.brit_poseidon","unverified","Poseidon was also god of earthquakes, known by the epithet enosichthon, ’earth-shaker’, and god of horses; in some myths he created the horse.","https://www.britannica.com/topic/Poseidon","L43 card.ancient_greece.043.c1; L43 card.ancient_greece.043.c3","L43 question.ancient_greece.043.q1","","","","","","corroborated","Wikipedia lists Poseidon’s epithets Enosichthon and Ennosigaios (’earth-shaker’) and his title Hippios for his association with horses. (https://en.wikipedia.org/wiki/Poseidon https://www.greekmyths-greekmythology.com/poseidon-god-of-the-sea/)",""
"fact.ancient_greece.poseidon_argos_revenge","source.brit_poseidon","unverified","Poseidon contested Argos with Hera and lost; in one version he flooded the land, and in the version Pausanias tells he made its rivers disappear, so they give no water except after rain.","https://www.britannica.com/topic/Poseidon","L43 card.ancient_greece.043.c4","L43 question.ancient_greece.043.q2","","","","","","corroborated","Theoi’s Inachus page and the Mythology Unbound textbook both tell how Poseidon, losing Argos to Hera, dried up its rivers or flooded the land. (https://www.theoi.com/Potamos/PotamosInakhos.html https://uen.pressbooks.pub/mythologyunbound/chapter/poseidon/)",""
"fact.ancient_greece.poseidon_argos_revenge","source.perseus_pausanias_2_15","unverified","Poseidon contested Argos with Hera and lost; in one version he flooded the land, and in the version Pausanias tells he made its rivers disappear, so they give no water except after rain.","https://www.perseus.tufts.edu/hopper/text?doc=Perseus%3Atext%3A1999.01.0160%3Abook%3D2%3Achapter%3D15%3Asection%3D5","L43 card.ancient_greece.043.c4","L43 question.ancient_greece.043.q2","","","","","","corroborated","Theoi’s Inachus page and the Mythology Unbound textbook both tell how Poseidon, losing Argos to Hera, dried up its rivers or flooded the land. (https://www.theoi.com/Potamos/PotamosInakhos.html https://uen.pressbooks.pub/mythologyunbound/chapter/poseidon/)",""
"fact.ancient_greece.athena_birth_head","source.brit_athena","unverified","The Greeks told that Athena emerged from Zeus’s forehead fully grown, in armor and giving a battle cry; in one version Zeus had swallowed her pregnant mother, Metis, goddess of counsel.","https://www.britannica.com/topic/Athena-Greek-mythology","L44 card.ancient_greece.044.c1; L44 card.ancient_greece.044.c2","L44 question.ancient_greece.044.q3","","","","","","corroborated","Theoi’s article on Athena’s birth and Wikipedia both describe her springing fully armed from Zeus’s head after he swallowed the pregnant Metis. (https://www.theoi.com/articles/how-was-athena-born/ https://en.wikipedia.org/wiki/Athena)",""
"fact.ancient_greece.athena_war_craft_reason","source.brit_athena","unverified","Athena was a goddess of war, handicraft and practical reason, standing for the strategic side of war rather than Ares’ violence and bloodlust; she was patroness of spinning and weaving.","https://www.britannica.com/topic/Athena-Greek-mythology","L44 card.ancient_greece.044.c3; L47 card.ancient_greece.047.c4","L44 question.ancient_greece.044.q2; L50 question.ancient_greece.050.q7","","","","","","corroborated","Theoi describes Athena as goddess of wisdom, war and crafts, especially weaving, and Wikipedia’s Ares article contrasts his raw violence with her disciplined strategy. (https://www.theoi.com/Olympios/Athena.html https://en.wikipedia.org/wiki/Ares)",""
"fact.ancient_greece.olympian_athena_owl","source.brit_athena","unverified","Athena’s owl became famous as the symbol of the city of Athens.","https://www.britannica.com/topic/Athena-Greek-mythology","L44 card.ancient_greece.044.c3","L44 question.ancient_greece.044.q2; L50 question.ancient_greece.050.q7","","","","","","corroborated","The Cleveland Museum of Art’s Athenian tetradrachm (head of Athena, owl on the reverse) and APMEX’s guide describe the owl as Athena’s creature and the emblem on Athens’ coins. (https://www.clevelandart.org/art/1941.296 https://learn.apmex.com/learning-guide/coin-collecting/ancients/greek-athenian-owl-silver-tetradrachm/)",""
"fact.ancient_greece.apollo_delos_twin","source.brit_apollo","unverified","Apollo and his twin sister, Artemis, were born on the island of Delos, children of Zeus and Leto.","https://www.britannica.com/topic/Apollo-Greek-mythology","L44 card.ancient_greece.044.c1; L44 card.ancient_greece.044.c4","L44 question.ancient_greece.044.q1","","","","","","corroborated","World History Encyclopedia’s Leto article and Wikipedia confirm Leto bore the twins Apollo and Artemis to Zeus on Delos. (https://www.worldhistory.org/Leto/ https://en.wikipedia.org/wiki/Leto)",""
"fact.ancient_greece.apollo_bow_lyre","source.brit_apollo","unverified","Apollo’s attributes were the bow, standing for distance, death, terror and awe, and the lyre, standing for joy through music, poetry and dance; he was also a god of prophecy and healing.","https://www.britannica.com/topic/Apollo-Greek-mythology","L44 card.ancient_greece.044.c1; L44 card.ancient_greece.044.c4","L44 question.ancient_greece.044.q1","","","","","","corroborated","World History Encyclopedia describes Apollo as god of music, prophecy, archery and healing, shown with bow or lyre. (https://www.worldhistory.org/apollo/ https://en.wikipedia.org/wiki/Apollo)",""
"fact.ancient_greece.apollo_phoebus_sun","source.brit_apollo","unverified","Apollo’s name Phoebus means ’bright’ or ’pure’, and in time he came to be connected with the Sun.","https://www.britannica.com/topic/Apollo-Greek-mythology","L44 card.ancient_greece.044.c5","","","","","","","corroborated","Wikipedia notes Phoebus means ’bright’ and that Apollo’s identification with the sun god Helios came later, probably not before the 5th century BCE. (https://en.wikipedia.org/wiki/Phoebus_Apollo https://en.wikipedia.org/wiki/Apollo)","weak-pages"
"fact.ancient_greece.underworld_hades_realm","source.brit_hades","unverified","Hades was the Greek god of the underworld, and his realm, the house of Hades, came to share his name; he was also called Pluto, ’Wealth’, perhaps because he gathered all living things into his treasury at death.","https://www.britannica.com/topic/Hades-Greek-mythology","L45 card.ancient_greece.045.c1; L45 card.ancient_greece.045.c2","","","","","","","corroborated","Wikipedia’s Hades article notes that the name refers to both the god and his realm, and that he was also called Plouton, linked to wealth. (https://en.wikipedia.org/wiki/Hades https://www.theoi.com/Khthonios/Haides.html)",""
"fact.ancient_greece.underworld_charon_coin","source.brit_charon","unverified","Charon ferried across the rivers Styx and Acheron the souls of the dead who had received burial rites, and his fare was the coin placed in the corpse’s mouth.","https://www.britannica.com/topic/Charon-Greek-mythology","L45 card.ancient_greece.045.c1; L45 card.ancient_greece.045.c3","L45 question.ancient_greece.045.q1","","","","","","corroborated","Wikipedia’s Charon’s obol article and World History Encyclopedia describe the coin placed in or on the mouth of the dead as Charon’s fare, and his carrying only the buried. (https://en.wikipedia.org/wiki/Charon's_obol https://www.worldhistory.org/Charon/)",""
"fact.ancient_greece.underworld_cerberus","source.brit_cerberus","unverified","Cerberus, the watchdog of the underworld, usually had three heads (Hesiod gave him 50) and snakes on his back; he kept the living out and devoured anyone trying to escape.","https://www.britannica.com/topic/Cerberus","L45 card.ancient_greece.045.c1; L45 card.ancient_greece.045.c4; L46 card.ancient_greece.046.c4","L46 question.ancient_greece.046.q3","","","","","","corroborated","Wikipedia’s Cerberus article notes Hesiod’s fifty heads, later writers’ three, and his role guarding the gates to stop the dead leaving. (https://en.wikipedia.org/wiki/Cerberus https://www.worldhistory.org/Cerberus/)",""
"fact.ancient_greece.underworld_persephone_seasons","source.brit_demeter","unverified","Hades carried off Persephone, daughter of Demeter, while she gathered flowers; because she ate a pomegranate seed below, she spent a third of each year (in some versions more) with him, and Demeter’s grief in her absence left the fields barren.","https://www.britannica.com/topic/Demeter","L45 card.ancient_greece.045.c5","L45 question.ancient_greece.045.q2; L45 question.ancient_greece.045.q3","","","","","","corroborated","The Homeric Hymn to Demeter (University of Houston translation) and Wikipedia’s Eleusinian Mysteries article tell of the abduction, the pomegranate seed and Persephone’s third of the year below. (https://www.uh.edu/~cldue/texts/demeter.html https://en.wikipedia.org/wiki/Eleusinian_Mysteries)",""
"fact.ancient_greece.underworld_persephone_seasons","source.brit_hades","unverified","Hades carried off Persephone, daughter of Demeter, while she gathered flowers; because she ate a pomegranate seed below, she spent a third of each year (in some versions more) with him, and Demeter’s grief in her absence left the fields barren.","https://www.britannica.com/topic/Hades-Greek-mythology","L45 card.ancient_greece.045.c5","L45 question.ancient_greece.045.q2; L45 question.ancient_greece.045.q3","","","","","","corroborated","The Homeric Hymn to Demeter (University of Houston translation) and Wikipedia’s Eleusinian Mysteries article tell of the abduction, the pomegranate seed and Persephone’s third of the year below. (https://www.uh.edu/~cldue/texts/demeter.html https://en.wikipedia.org/wiki/Eleusinian_Mysteries)",""
"fact.ancient_greece.heracles_hera_serpents","source.brit_heracles","unverified","Heracles was the son of Zeus and the mortal Alcmene, and Hera persecuted him; as a baby he strangled two serpents she sent to kill him in his cradle.","https://www.britannica.com/topic/Heracles","L46 card.ancient_greece.046.c1; L46 card.ancient_greece.046.c2","","","","","","","corroborated","Wikipedia’s Heracles article tells of Hera’s hostility and the infant strangling the two serpents sent into his cradle. (https://en.wikipedia.org/wiki/Heracles https://www.theoi.com/Heros/Herakles.html)",""
"fact.ancient_greece.heracles_madness_megara","source.brit_heracles","unverified","Driven mad by Hera, Heracles killed his wife, Megara, and their children.","https://www.britannica.com/topic/Heracles","L46 card.ancient_greece.046.c3","L46 question.ancient_greece.046.q1","","","","","","corroborated","Wikipedia’s Heracles and Megara articles describe Hera sending the madness in which he killed Megara and their children. (https://en.wikipedia.org/wiki/Heracles https://en.wikipedia.org/wiki/Megara_(wife_of_Heracles))","weak-pages"
"fact.ancient_greece.heracles_oracle_tiryns","source.perseus_apollodorus_2_4_12","unverified","After asking the oracle at Delphi where to live, Heracles was told to dwell in Tiryns, serving Eurystheus for twelve years and performing ten labors, after which he would become immortal.","https://www.perseus.tufts.edu/hopper/text?doc=Perseus%3Atext%3A1999.01.0022%3Atext%3DLibrary%3Abook%3D2%3Achapter%3D4%3Asection%3D12","L46 card.ancient_greece.046.c1; L46 card.ancient_greece.046.c3; L50 card.ancient_greece.050.c3","L46 question.ancient_greece.046.q1","","","","","","corroborated","Wikipedia’s Labours of Hercules article reports the Pythia sending him to serve Eurystheus at Tiryns for twelve years, with immortality as the reward. (https://en.wikipedia.org/wiki/Labours_of_Hercules https://en.wikipedia.org/wiki/Eurystheus)","weak-pages"
"fact.ancient_greece.heracles_oracle_tiryns","source.brit_heracles","unverified","After asking the oracle at Delphi where to live, Heracles was told to dwell in Tiryns, serving Eurystheus for twelve years and performing ten labors, after which he would become immortal.","https://www.britannica.com/topic/Heracles","L46 card.ancient_greece.046.c1; L46 card.ancient_greece.046.c3; L50 card.ancient_greece.050.c3","L46 question.ancient_greece.046.q1","","","","","","corroborated","Wikipedia’s Labours of Hercules article reports the Pythia sending him to serve Eurystheus at Tiryns for twelve years, with immortality as the reward. (https://en.wikipedia.org/wiki/Labours_of_Hercules https://en.wikipedia.org/wiki/Eurystheus)","weak-pages"
"fact.ancient_greece.heracles_nemean_lion","source.brit_heracles","unverified","Heracles’ first labor was to kill the Nemean lion, whose skin he wore ever after; his labors also included the nine-headed Hydra of Lerna, a wild boar and man-eating birds, and the last was fetching up Cerberus from the underworld.","https://www.britannica.com/topic/Heracles","L46 card.ancient_greece.046.c4","L46 question.ancient_greece.046.q3; L50 question.ancient_greece.050.q3","","","","","","corroborated","Wikipedia’s Labours of Hercules lists the Nemean lion first (its skin became his attribute), the Hydra, the Erymanthian boar, the Stymphalian birds, and Cerberus last. (https://en.wikipedia.org/wiki/Labours_of_Hercules https://www.theoi.com/articles/what-were-the-12-labors-of-hercules/)",""
"fact.ancient_greece.heracles_ten_became_twelve","source.perseus_apollodorus_2_5_2","unverified","Eurystheus refused to count two labors: the Hydra, because Iolaus helped, and the Augean stables, which Heracles cleaned in a day by diverting two rivers, because he did it for hire.","https://www.perseus.tufts.edu/hopper/text?doc=Perseus%3Atext%3A1999.01.0022%3Atext%3DLibrary%3Abook%3D2%3Achapter%3D5%3Asection%3D2","L46 card.ancient_greece.046.c1; L46 card.ancient_greece.046.c5","L46 question.ancient_greece.046.q2","","","","","","corroborated","Wikipedia’s Labours of Hercules and Eurystheus articles say Eurystheus discounted the Hydra (Iolaus helped) and the Augean stables (Heracles was paid), adding two more labors. (https://en.wikipedia.org/wiki/Labours_of_Hercules https://en.wikipedia.org/wiki/Eurystheus)","weak-pages"
"fact.ancient_greece.heracles_ten_became_twelve","source.perseus_apollodorus_2_5_5","unverified","Eurystheus refused to count two labors: the Hydra, because Iolaus helped, and the Augean stables, which Heracles cleaned in a day by diverting two rivers, because he did it for hire.","https://www.perseus.tufts.edu/hopper/text?doc=Perseus%3Atext%3A1999.01.0022%3Atext%3DLibrary%3Abook%3D2%3Achapter%3D5%3Asection%3D5","L46 card.ancient_greece.046.c1; L46 card.ancient_greece.046.c5","L46 question.ancient_greece.046.q2","","","","","","corroborated","Wikipedia’s Labours of Hercules and Eurystheus articles say Eurystheus discounted the Hydra (Iolaus helped) and the Augean stables (Heracles was paid), adding two more labors. (https://en.wikipedia.org/wiki/Labours_of_Hercules https://en.wikipedia.org/wiki/Eurystheus)","weak-pages"
"fact.ancient_greece.heracles_becomes_god","source.brit_heracles","unverified","The Greeks told that after Heracles died, his divine part ascended to heaven and he became a god.","https://www.britannica.com/topic/Heracles","L46 card.ancient_greece.046.c5; L50 card.ancient_greece.050.c3","L46 question.ancient_greece.046.q2","","","","","","corroborated","Wikipedia’s Heracles article describes his apotheosis after the pyre on Mount Oeta, when he joined the gods on Olympus. (https://en.wikipedia.org/wiki/Heracles)","one-page weak-pages"
"fact.ancient_greece.perseus_chest_prophecy","source.brit_perseus_hero","unverified","Acrisius of Argos was told he would be killed by his grandson, so he cast his daughter, Danae, and her baby son, Perseus, into the sea in a chest, which grounded on the island of Seriphus.","https://www.britannica.com/topic/Perseus-Greek-mythology","L47 card.ancient_greece.047.c1; L47 card.ancient_greece.047.c2; L50 card.ancient_greece.050.c3","L47 question.ancient_greece.047.q2","","","","","","corroborated","Wikipedia and Theoi tell how Acrisius, fearing the prophecy, set Danae and Perseus adrift in a chest that washed up on Seriphos. (https://en.wikipedia.org/wiki/Perseus https://www.theoi.com/Heros/Perseus.html)",""
"fact.ancient_greece.perseus_polydectes_medusa","source.brit_perseus_hero","unverified","King Polydectes of Seriphus, who desired Danae, tricked Perseus into promising to bring him the head of Medusa.","https://www.britannica.com/topic/Perseus-Greek-mythology","L47 card.ancient_greece.047.c3","","","","","","","corroborated","Wikipedia’s Perseus and Polydectes articles describe Polydectes, wanting Danae, getting Perseus to promise Medusa’s head. (https://en.wikipedia.org/wiki/Perseus https://en.wikipedia.org/wiki/Polydectes)","weak-pages"
"fact.ancient_greece.perseus_medusa_gorgon","source.brit_medusa","unverified","Medusa was the most famous of the Gorgons and the only mortal one; she had snakes for hair, and anyone who looked at her face turned to stone.","https://www.britannica.com/topic/Medusa-Greek-mythology","L47 card.ancient_greece.047.c3","","","","","","","corroborated","Wikipedia’s Medusa and Gorgons articles describe her as the mortal one of three Gorgon sisters, snake-haired, whose gaze turned people to stone. (https://en.wikipedia.org/wiki/Medusa https://en.wikipedia.org/wiki/Gorgons)","weak-pages"
"fact.ancient_greece.perseus_reflection_shield","source.brit_perseus_hero","unverified","Perseus had winged sandals, the cap of Hades that made him invisible and a curved sword, and he guided himself by Medusa’s reflection in a shield given him by Athena.","https://www.britannica.com/topic/Perseus-Greek-mythology","L47 card.ancient_greece.047.c4","L47 question.ancient_greece.047.q1; L50 question.ancient_greece.050.q7","","","","","","corroborated","Wikipedia’s Perseus article describes the winged sandals, cap of invisibility and sickle, and his use of Athena’s polished shield to see Medusa indirectly. (https://en.wikipedia.org/wiki/Perseus https://www.greekmythology.com/Myths/Heroes/Perseus/perseus.html)",""
"fact.ancient_greece.perseus_pegasus_aegis","source.brit_medusa","unverified","From Medusa’s severed neck sprang the winged horse Pegasus, and her head was given to Athena, who placed it on her aegis.","https://www.britannica.com/topic/Medusa-Greek-mythology","L47 card.ancient_greece.047.c4","L47 question.ancient_greece.047.q1; L50 question.ancient_greece.050.q7","","","","","","corroborated","Wikipedia’s Pegasus and Medusa articles report Pegasus springing from her neck and Athena setting the Gorgon head on her aegis. (https://en.wikipedia.org/wiki/Pegasus https://en.wikipedia.org/wiki/Medusa)","weak-pages"
"fact.ancient_greece.perseus_pegasus_aegis","source.brit_athena","unverified","From Medusa’s severed neck sprang the winged horse Pegasus, and her head was given to Athena, who placed it on her aegis.","https://www.britannica.com/topic/Athena-Greek-mythology","L47 card.ancient_greece.047.c4","L47 question.ancient_greece.047.q1; L50 question.ancient_greece.050.q7","","","","","","corroborated","Wikipedia’s Pegasus and Medusa articles report Pegasus springing from her neck and Athena setting the Gorgon head on her aegis. (https://en.wikipedia.org/wiki/Pegasus https://en.wikipedia.org/wiki/Medusa)","weak-pages"
"fact.ancient_greece.perseus_prophecy_fulfilled","source.brit_perseus_hero","unverified","Perseus turned Polydectes and his supporters to stone, and later, throwing the discus, he accidentally struck and killed Acrisius.","https://www.britannica.com/topic/Perseus-Greek-mythology","L47 card.ancient_greece.047.c5","L47 question.ancient_greece.047.q2; L47 question.ancient_greece.047.q3","","","","","","corroborated","Wikipedia and Theoi tell of Polydectes petrified by the Gorgon’s head and Acrisius killed accidentally by Perseus’s discus. (https://en.wikipedia.org/wiki/Perseus https://www.theoi.com/Heros/Perseus.html)",""
"fact.ancient_greece.perseus_founds_mycenae","source.brit_perseus_hero","unverified","Perseus was said to have founded Mycenae; Pausanias heard it was named after a myces, the cap of his scabbard that fell there, or a mushroom he picked.","https://www.britannica.com/topic/Perseus-Greek-mythology","L47 card.ancient_greece.047.c5; L50 card.ancient_greece.050.c3","L47 question.ancient_greece.047.q2; L47 question.ancient_greece.047.q3","","","","","","corroborated","Wikipedia’s Mycenae article reports the tradition that Perseus founded it and Pausanias’s derivations of the name from mykes (scabbard cap or mushroom). (https://en.wikipedia.org/wiki/Mycenae https://en.wikipedia.org/wiki/Perseus)","weak-pages"
"fact.ancient_greece.perseus_founds_mycenae","source.perseus_pausanias_2_16","unverified","Perseus was said to have founded Mycenae; Pausanias heard it was named after a myces, the cap of his scabbard that fell there, or a mushroom he picked.","https://www.perseus.tufts.edu/hopper/text?doc=Perseus%3Atext%3A1999.01.0160%3Abook%3D2%3Achapter%3D16%3Asection%3D3","L47 card.ancient_greece.047.c5; L50 card.ancient_greece.050.c3","L47 question.ancient_greece.047.q2; L47 question.ancient_greece.047.q3","","","","","","corroborated","Wikipedia’s Mycenae article reports the tradition that Perseus founded it and Pausanias’s derivations of the name from mykes (scabbard cap or mushroom). (https://en.wikipedia.org/wiki/Mycenae https://en.wikipedia.org/wiki/Perseus)","weak-pages"
"fact.ancient_greece.theseus_tribute","source.brit_minotaur","unverified","To avenge his son Androgeos, killed by Athenians, Minos made Athens send seven youths and seven maidens to be devoured by the Minotaur, every ninth year in one version and every year in another.","https://www.britannica.com/topic/Minotaur","L48 card.ancient_greece.048.c2; L50 card.ancient_greece.050.c3","L48 question.ancient_greece.048.q1; L48 question.ancient_greece.048.q3","","","","","","corroborated","Ancient-Greece.org and Wikipedia’s Minotaur article describe the tribute of seven youths and seven maidens, every nine years or annually, to avenge Androgeos. (https://ancient-greece.org/mythology/theseus-and-the-minotaur/ https://en.wikipedia.org/wiki/Minotaur)",""
"fact.ancient_greece.theseus_volunteers_ariadne","source.brit_minotaur","unverified","When the third tribute came due, Theseus, son of King Aegeus of Athens (or of Poseidon), volunteered, and Minos’s daughter, Ariadne, helped him escape the Labyrinth with a thread after he killed the Minotaur.","https://www.britannica.com/topic/Minotaur","L48 card.ancient_greece.048.c3; L50 card.ancient_greece.050.c3; L50 card.ancient_greece.050.c4","L50 question.ancient_greece.050.q5","","","","","","corroborated","Wikipedia’s Theseus and Ariadne articles describe Theseus volunteering and Ariadne’s ball of thread guiding him out after he killed the Minotaur. (https://en.wikipedia.org/wiki/Theseus https://en.wikipedia.org/wiki/Ariadne)","weak-pages"
"fact.ancient_greece.theseus_volunteers_ariadne","source.brit_theseus","unverified","When the third tribute came due, Theseus, son of King Aegeus of Athens (or of Poseidon), volunteered, and Minos’s daughter, Ariadne, helped him escape the Labyrinth with a thread after he killed the Minotaur.","https://www.britannica.com/topic/Theseus-Greek-hero","L48 card.ancient_greece.048.c3; L50 card.ancient_greece.050.c3; L50 card.ancient_greece.050.c4","L50 question.ancient_greece.050.q5","","","","","","corroborated","Wikipedia’s Theseus and Ariadne articles describe Theseus volunteering and Ariadne’s ball of thread guiding him out after he killed the Minotaur. (https://en.wikipedia.org/wiki/Theseus https://en.wikipedia.org/wiki/Ariadne)","weak-pages"
"fact.ancient_greece.theseus_volunteers_ariadne","source.brit_ariadne","unverified","When the third tribute came due, Theseus, son of King Aegeus of Athens (or of Poseidon), volunteered, and Minos’s daughter, Ariadne, helped him escape the Labyrinth with a thread after he killed the Minotaur.","https://www.britannica.com/topic/Ariadne-Greek-mythology","L48 card.ancient_greece.048.c3; L50 card.ancient_greece.050.c3; L50 card.ancient_greece.050.c4","L50 question.ancient_greece.050.q5","","","","","","corroborated","Wikipedia’s Theseus and Ariadne articles describe Theseus volunteering and Ariadne’s ball of thread guiding him out after he killed the Minotaur. (https://en.wikipedia.org/wiki/Theseus https://en.wikipedia.org/wiki/Ariadne)","weak-pages"
"fact.ancient_greece.theseus_clue_clew","source.etymonline_clue","unverified","The English word clue comes from clew, a ball of thread; its sense shifted because of the clew Ariadne gave Theseus, the spelling clue appears by the mid-1400s, and the sense ’that which points the way’ dates from the 1620s.","https://www.etymonline.com/word/clue","L48 card.ancient_greece.048.c1; L48 card.ancient_greece.048.c4","L48 question.ancient_greece.048.q2","","","","","","corroborated","Mental Floss and Wikipedia’s Ariadne’s thread (logic) article trace clue to clew, the ball of thread Ariadne gave Theseus. (https://www.mentalfloss.com/language/words/how-ball-of-thread-gave-us-word-clue https://en.wikipedia.org/wiki/Ariadne%27s_thread_(logic))",""
"fact.ancient_greece.theseus_black_sail","source.brit_theseus","unverified","Theseus promised to hoist a white sail instead of the black one if he returned safely, but forgot; Aegeus, believing his son dead, killed himself, and in one version drowned himself in the sea, thereafter called the Aegean.","https://www.britannica.com/topic/Theseus-Greek-hero","L48 card.ancient_greece.048.c5","","","","","","","corroborated","Wikipedia’s Aegeus article and Ancient-Greece.org tell of the forgotten white sail and Aegeus throwing himself into the sea that took his name. (https://en.wikipedia.org/wiki/Aegeus https://ancient-greece.org/mythology/theseus-and-the-minotaur/)",""
"fact.ancient_greece.theseus_black_sail","source.brit_aegeus","unverified","Theseus promised to hoist a white sail instead of the black one if he returned safely, but forgot; Aegeus, believing his son dead, killed himself, and in one version drowned himself in the sea, thereafter called the Aegean.","https://www.britannica.com/topic/Aegeus","L48 card.ancient_greece.048.c5","","","","","","","corroborated","Wikipedia’s Aegeus article and Ancient-Greece.org tell of the forgotten white sail and Aegeus throwing himself into the sea that took his name. (https://en.wikipedia.org/wiki/Aegeus https://ancient-greece.org/mythology/theseus-and-the-minotaur/)",""
"fact.ancient_greece.odysseus_noman_trick","source.perseus_homer_odyssey_9","unverified","Trapped in the cave of the Cyclops Polyphemus, Odysseus said his name was Noman and blinded him with a heated olive-wood stake; when Polyphemus cried that Noman was killing him, the other Cyclopes told him to pray to Poseidon and left.","https://www.perseus.tufts.edu/hopper/text?doc=Perseus%3Atext%3A1999.01.0136%3Abook%3D9%3Acard%3D360","L49 card.ancient_greece.049.c1; L49 card.ancient_greece.049.c2","L49 question.ancient_greece.049.q1","","","","","","corroborated","Wikipedia’s Polyphemus article and Greekmythology.com retell the Nobody (Outis) trick, the heated stake and the other Cyclopes going away. (https://en.wikipedia.org/wiki/Polyphemus https://www.greekmythology.com/Myths/Creatures/Polyphemus/polyphemus.html)",""
"fact.ancient_greece.odysseus_noman_trick","source.brit_odyssey","unverified","Trapped in the cave of the Cyclops Polyphemus, Odysseus said his name was Noman and blinded him with a heated olive-wood stake; when Polyphemus cried that Noman was killing him, the other Cyclopes told him to pray to Poseidon and left.","https://www.britannica.com/topic/Odyssey-epic-by-Homer","L49 card.ancient_greece.049.c1; L49 card.ancient_greece.049.c2","L49 question.ancient_greece.049.q1","","","","","","corroborated","Wikipedia’s Polyphemus article and Greekmythology.com retell the Nobody (Outis) trick, the heated stake and the other Cyclopes going away. (https://en.wikipedia.org/wiki/Polyphemus https://www.greekmythology.com/Myths/Creatures/Polyphemus/polyphemus.html)",""
"fact.ancient_greece.odysseus_poseidon_revenge","source.brit_poseidon","unverified","Polyphemus was Poseidon’s son and prayed to him for revenge, and Poseidon delayed Odysseus’s homecoming with shipwrecks and other disasters; Odysseus reached home as the sole survivor.","https://www.britannica.com/topic/Poseidon","L49 card.ancient_greece.049.c3","L49 question.ancient_greece.049.q3","","","","","","corroborated","Wikipedia’s Polyphemus and Odyssey articles describe Polyphemus’s prayer to his father Poseidon and Odysseus’s return as the only survivor of his crews. (https://en.wikipedia.org/wiki/Polyphemus https://en.wikipedia.org/wiki/Odyssey)","weak-pages"
"fact.ancient_greece.odysseus_poseidon_revenge","source.brit_cyclops_myth","unverified","Polyphemus was Poseidon’s son and prayed to him for revenge, and Poseidon delayed Odysseus’s homecoming with shipwrecks and other disasters; Odysseus reached home as the sole survivor.","https://www.britannica.com/topic/Cyclops-Greek-mythology","L49 card.ancient_greece.049.c3","L49 question.ancient_greece.049.q3","","","","","","corroborated","Wikipedia’s Polyphemus and Odyssey articles describe Polyphemus’s prayer to his father Poseidon and Odysseus’s return as the only survivor of his crews. (https://en.wikipedia.org/wiki/Polyphemus https://en.wikipedia.org/wiki/Odyssey)","weak-pages"
"fact.ancient_greece.odysseus_poseidon_revenge","source.brit_odyssey","unverified","Polyphemus was Poseidon’s son and prayed to him for revenge, and Poseidon delayed Odysseus’s homecoming with shipwrecks and other disasters; Odysseus reached home as the sole survivor.","https://www.britannica.com/topic/Odyssey-epic-by-Homer","L49 card.ancient_greece.049.c3","L49 question.ancient_greece.049.q3","","","","","","corroborated","Wikipedia’s Polyphemus and Odyssey articles describe Polyphemus’s prayer to his father Poseidon and Odysseus’s return as the only survivor of his crews. (https://en.wikipedia.org/wiki/Polyphemus https://en.wikipedia.org/wiki/Odyssey)","weak-pages"
"fact.ancient_greece.odysseus_sirens","source.brit_sirens","unverified","The Sirens, part bird and part woman, lured sailors to destruction with their song (Homer has two); Odysseus stopped his crew’s ears with wax and had himself tied to the mast so he could not steer off course.","https://www.britannica.com/topic/Siren-Greek-mythology","L49 card.ancient_greece.049.c4","L49 question.ancient_greece.049.q2","","","","","","corroborated","Wikipedia’s Siren article and History.com describe the beeswax in the crew’s ears and Odysseus bound to the mast; Homer’s dual form implies two Sirens. (https://en.wikipedia.org/wiki/Siren_(mythology) https://www.history.com/articles/odyssey-monsters-myths)",""
"fact.ancient_greece.odysseus_scylla_charybdis","source.brit_scylla_charybdis","unverified","Scylla and Charybdis beset narrow waters so close together that no ship could pass without meeting one or both; Odysseus lost six men to Scylla, the pair was later placed in the Strait of Messina, and ’between Scylla and Charybdis’ means between two equally bad choices.","https://www.britannica.com/topic/Scylla-and-Charybdis","L49 card.ancient_greece.049.c5","","","","","","","corroborated","Wikipedia’s Scylla and Charybdis article gives the six men lost, the Strait of Messina localization and the idiom’s meaning. (https://en.wikipedia.org/wiki/Scylla_and_Charybdis https://www.history.com/articles/odyssey-monsters-myths)",""
"fact.ancient_greece.myth_city_no_sacred_books","source.brit_greek_religion","unverified","Greek religion had no clergy and no sacred books; priests simply looked after cults.","https://www.britannica.com/topic/Greek-religion","L50 card.ancient_greece.050.c2","L50 question.ancient_greece.050.q2; L50 question.ancient_greece.050.q4","","","","","","corroborated","World History Encyclopedia’s Greek religion article and Wikipedia describe ancient Greek religion as having no scripture or central doctrine and no professional priesthood. (https://www.worldhistory.org/Greek_Religion/ https://en.wikipedia.org/wiki/Ancient_Greek_religion)",""
"fact.ancient_greece.myth_city_herodotus_poets","source.perseus_herodotus_2_53","unverified","Herodotus wrote that Homer and Hesiod, who he supposed lived not more than 400 years before him, taught the Greeks the gods’ descent, gave them their names, set their spheres and described their forms.","https://www.perseus.tufts.edu/hopper/text?doc=Perseus%3Atext%3A1999.01.0126%3Abook%3D2%3Achapter%3D53","L50 card.ancient_greece.050.c2","L50 question.ancient_greece.050.q2; L50 question.ancient_greece.050.q4","","","","","","corroborated","The University of Vermont’s Herodotus 2.50-53 page and Lexundria’s text give the same statement about Homer and Hesiod, 400 years before Herodotus. (https://www.uvm.edu/~bsaylor/classics/hdt.2.50.html https://lexundria.com/hdt/2.53/mcly)",""
"fact.ancient_greece.myth_city_theseus_synoecia","source.perseus_thucydides_2_15","unverified","Thucydides wrote that before Theseus, Attica was a set of independent townships, and that Theseus merged their councils into one at Athens; the state-funded Synoecia, or Feast of Union, dated from him.","https://www.perseus.tufts.edu/hopper/text?doc=Perseus%3Atext%3A1999.01.0200%3Abook%3D2%3Achapter%3D15","L50 card.ancient_greece.050.c4","L50 question.ancient_greece.050.q5","","","","","","corroborated","Wikipedia’s Synoecism and Synoikia articles report the tradition that Theseus unified Attica under Athens, commemorated by the Synoikia festival. (https://en.wikipedia.org/wiki/Synoecism https://en.wikipedia.org/wiki/Synoikia)","weak-pages"
"fact.ancient_greece.thinkers_philosophia_meaning","source.brit_philosophy","unverified","The word philosophy comes from the Greek philosophia, “love of wisdom”: philo-, love, and sophia, wisdom.","https://www.britannica.com/topic/philosophy","L51 card.ancient_greece.051.c2","L51 question.ancient_greece.051.q1","","","","","","corroborated","Etymonline and Wikipedia both derive philosophy from Greek philosophia, love of wisdom (philos + sophia). (https://www.etymonline.com/word/philosophy https://en.wikipedia.org/wiki/Philosophy)",""
"fact.ancient_greece.thinkers_ionia_6th_century","source.brit_presocratic_philosophy","unverified","The first Greek philosophers lived in Ionia, on the coast of Asia Minor (now Turkey), in the 6th century BCE.","https://www.britannica.com/topic/Pre-Socratic-philosophy","L51 card.ancient_greece.051.c1; L51 card.ancient_greece.051.c3","L51 question.ancient_greece.051.q2; L52 question.ancient_greece.052.q3","","","","","","corroborated","IEP's Milesians entries place Thales, Anaximander and Anaximenes in Miletus, Ionia, in the 6th century BCE. (https://iep.utm.edu/anaximen/ https://iep.utm.edu/thales/)",""
"fact.ancient_greece.thinkers_causes_within_nature","source.brit_thales","unverified","Early Greek philosophers sought causes within nature itself, not in the whims of gods who acted like people; Thales is counted as the first.","https://www.britannica.com/biography/Thales-of-Miletus","L51 card.ancient_greece.051.c3","L51 question.ancient_greece.051.q2; L52 question.ancient_greece.052.q3","","","","","","corroborated","IEP describes Thales replacing the angry god Poseidon with a natural cause, a shift from theology to natural explanation. (https://iep.utm.edu/thales/ https://en.wikipedia.org/wiki/Pre-Socratic_philosophy)",""
"fact.ancient_greece.thinkers_causes_within_nature","source.brit_presocratic_philosophy","unverified","Early Greek philosophers sought causes within nature itself, not in the whims of gods who acted like people; Thales is counted as the first.","https://www.britannica.com/topic/Pre-Socratic-philosophy","L51 card.ancient_greece.051.c3","L51 question.ancient_greece.051.q2; L52 question.ancient_greece.052.q3","","","","","","corroborated","IEP describes Thales replacing the angry god Poseidon with a natural cause, a shift from theology to natural explanation. (https://iep.utm.edu/thales/ https://en.wikipedia.org/wiki/Pre-Socratic_philosophy)",""
"fact.ancient_greece.thinkers_xenophanes_homer","source.sep_xenophanes","unverified","In the 500s BCE Xenophanes complained that Homer and Hesiod gave the gods theft, adultery and deceit, things people are blamed for.","https://plato.stanford.edu/entries/xenophanes/","L51 card.ancient_greece.051.c4","L51 question.ancient_greece.051.q3","","","","","","corroborated","IEP quotes fragment 11: Homer and Hesiod attributed to the gods theft, adultery and mutual deceit. (https://iep.utm.edu/xenoph/)","one-page"
"fact.ancient_greece.thinkers_xenophanes_horses","source.sep_xenophanes","unverified","Xenophanes said that if horses or oxen had hands and could draw, they would draw gods that looked like horses and oxen.","https://plato.stanford.edu/entries/xenophanes/","L51 card.ancient_greece.051.c4","L51 question.ancient_greece.051.q3","","","","","","corroborated","IEP quotes fragment 15 on horses, oxen or lions drawing gods like themselves; Britannica says he argued people made gods in their own image. (https://iep.utm.edu/xenoph/ https://www.britannica.com/topic/Pre-Socratic-philosophy)",""
"fact.ancient_greece.thinkers_xenophanes_ethiopians","source.sep_xenophanes","unverified","Xenophanes noted that Ethiopians say their gods are snub-nosed and black, and Thracians that theirs are blue-eyed and red-haired.","https://plato.stanford.edu/entries/xenophanes/","L51 card.ancient_greece.051.c5","","","","","","","corroborated","IEP quotes fragment 16 with the same wording. (https://iep.utm.edu/xenoph/)","one-page"
"fact.ancient_greece.thinkers_thales_well","source.perseus_plato_theaetetus_174a","unverified","In Plato’s Theaetetus, Thales falls into a well while gazing at the stars, and a Thracian servant girl mocks him.","https://www.perseus.tufts.edu/hopper/text?doc=Perseus%3Atext%3A1999.01.0172%3Atext%3DTheaet.%3Asection%3D174a","L52 card.ancient_greece.052.c1; L54 card.ancient_greece.054.c5","L54 question.ancient_greece.054.q3","","","","","","corroborated","IEP and Wikipedia's Thales both recount Theaetetus 174a: Thales fell into a well while stargazing and a servant girl joked. (https://iep.utm.edu/thales/ https://en.wikipedia.org/wiki/Thales_of_Miletus)",""
"fact.ancient_greece.thinkers_thales_well","source.iep_thales","unverified","In Plato’s Theaetetus, Thales falls into a well while gazing at the stars, and a Thracian servant girl mocks him.","https://iep.utm.edu/thales/","L52 card.ancient_greece.052.c1; L54 card.ancient_greece.054.c5","L54 question.ancient_greece.054.q3","","","","","","corroborated","IEP and Wikipedia's Thales both recount Theaetetus 174a: Thales fell into a well while stargazing and a servant girl joked. (https://iep.utm.edu/thales/ https://en.wikipedia.org/wiki/Thales_of_Miletus)",""
"fact.ancient_greece.thinkers_thales_miletus","source.brit_thales","unverified","Thales lived in Miletus, a Greek city on the coast of what is now Turkey, in the early 6th century BCE.","https://www.britannica.com/biography/Thales-of-Miletus","L52 card.ancient_greece.052.c2","L52 question.ancient_greece.052.q1; L54 question.ancient_greece.054.q3; L60 question.ancient_greece.060.q5","","","","","","corroborated","IEP dates Thales c. 620-546 BCE and places him in Miletus in Ionia. (https://iep.utm.edu/thales/)","one-page"
"fact.ancient_greece.thinkers_thales_water","source.iep_thales","unverified","According to Aristotle, Thales said water is the origin of all things and that the earth rests on water.","https://iep.utm.edu/thales/","L52 card.ancient_greece.052.c2","L52 question.ancient_greece.052.q1; L54 question.ancient_greece.054.q3; L60 question.ancient_greece.060.q5","","","","","","corroborated","Britannica: Thales held water to be the essence of all matter and Earth a flat disk floating on a vast sea. (https://www.britannica.com/biography/Thales-of-Miletus)","one-page"
"fact.ancient_greece.thinkers_thales_water","source.brit_thales","unverified","According to Aristotle, Thales said water is the origin of all things and that the earth rests on water.","https://www.britannica.com/biography/Thales-of-Miletus","L52 card.ancient_greece.052.c2","L52 question.ancient_greece.052.q1; L54 question.ancient_greece.054.q3; L60 question.ancient_greece.060.q5","","","","","","corroborated","Britannica: Thales held water to be the essence of all matter and Earth a flat disk floating on a vast sea. (https://www.britannica.com/biography/Thales-of-Miletus)","one-page"
"fact.ancient_greece.thinkers_thales_why_water","source.iep_thales","unverified","Aristotle guessed Thales chose water because the food of all creatures is moist and seeds are moist too.","https://iep.utm.edu/thales/","L52 card.ancient_greece.052.c2","L52 question.ancient_greece.052.q1; L54 question.ancient_greece.054.q3; L60 question.ancient_greece.060.q5","","","","","","corroborated","Aristotle, Metaphysics 983b, gives these reasons (nourishment of all things is moist; seeds have a moist nature). (https://www.perseus.tufts.edu/hopper/text?doc=Perseus:text:1999.01.0052:book=1:section=983b https://en.wikipedia.org/wiki/Thales_of_Miletus)",""
"fact.ancient_greece.thinkers_thales_earthquakes","source.iep_thales","unverified","Seneca reports that Thales explained earthquakes as the earth, floating on water like a boat, being rocked by rough water.","https://iep.utm.edu/thales/","L52 card.ancient_greece.052.c3","L52 question.ancient_greece.052.q2","","","","","","corroborated","Wikipedia's Thales cites Seneca's Natural Questions: the earth floats like a ship and quakes when rocked by the water. (https://en.wikipedia.org/wiki/Thales_of_Miletus)","one-page weak-pages"
"fact.ancient_greece.thinkers_thales_not_poseidon","source.iep_thales","unverified","Thales’s earthquake theory gave a natural cause in place of the mythic one, an angry Poseidon shaking the earth.","https://iep.utm.edu/thales/","L52 card.ancient_greece.052.c3","L52 question.ancient_greece.052.q2","","","","","","corroborated","Britannica (Thales) credits him with seeking causes within nature rather than in anthropomorphic gods. (https://www.britannica.com/biography/Thales-of-Miletus)","one-page"
"fact.ancient_greece.thinkers_anaximander_apeiron","source.brit_anaximander","unverified","Anaximander, a pupil or associate of Thales, said everything came from the apeiron, “the boundless”, not from water.","https://www.britannica.com/biography/Anaximander","L52 card.ancient_greece.052.c4; L60 card.ancient_greece.060.c4","L52 question.ancient_greece.052.q3","","","","","","corroborated","IEP (Anaximenes) says Anaximander posited an unspecified boundless substance, departing from Thales' water. (https://iep.utm.edu/anaximen/ https://en.wikipedia.org/wiki/Anaximander)",""
"fact.ancient_greece.thinkers_anaximenes_air","source.brit_anaximenes","unverified","Anaximenes, a third thinker from Miletus, chose air: thinned it becomes fire; thickened, wind, cloud, water, earth and stone.","https://www.britannica.com/biography/Anaximenes-of-Miletus","L52 card.ancient_greece.052.c4","L52 question.ancient_greece.052.q3","","","","","","corroborated","IEP quotes: when thinned it becomes fire; condensed, wind, then cloud, then water, then earth, then stones. (https://iep.utm.edu/anaximen/)","one-page"
"fact.ancient_greece.thinkers_pythagoras_puppy","source.sep_xenophanes","unverified","Xenophanes mocked Pythagoras for telling a man to stop beating a puppy because he recognized a dead friend’s soul in its voice.","https://plato.stanford.edu/entries/xenophanes/","L53 card.ancient_greece.053.c1; L53 card.ancient_greece.053.c2","L53 question.ancient_greece.053.q1; L53 question.ancient_greece.053.q2","","","","","","corroborated","Diogenes Laertius 8.36 quotes the Xenophanes lines; Wikipedia's Pythagoras repeats the puppy story. (https://en.wikipedia.org/wiki/Pythagoras https://www.perseus.tufts.edu/hopper/text?doc=Perseus:text:1999.01.0258:book=8:chapter=1)",""
"fact.ancient_greece.thinkers_pythagoras_puppy","source.sep_pythagoras","unverified","Xenophanes mocked Pythagoras for telling a man to stop beating a puppy because he recognized a dead friend’s soul in its voice.","https://plato.stanford.edu/entries/pythagoras/","L53 card.ancient_greece.053.c1; L53 card.ancient_greece.053.c2","L53 question.ancient_greece.053.q1; L53 question.ancient_greece.053.q2","","","","","","corroborated","Diogenes Laertius 8.36 quotes the Xenophanes lines; Wikipedia's Pythagoras repeats the puppy story. (https://en.wikipedia.org/wiki/Pythagoras https://www.perseus.tufts.edu/hopper/text?doc=Perseus:text:1999.01.0258:book=8:chapter=1)",""
"fact.ancient_greece.thinkers_pythagoras_rebirth","source.brit_pythagoras","unverified","Pythagoreans believed that after death a human soul is reborn in other animals, so all living things are kin.","https://www.britannica.com/biography/Pythagoras","L53 card.ancient_greece.053.c2","L53 question.ancient_greece.053.q1; L53 question.ancient_greece.053.q2","","","","","","corroborated","SEP (Pythagoras) discusses metempsychosis as a core doctrine; Britannica pre-Socratic article notes soul transmigration. (https://plato.stanford.edu/entries/pythagoras/ https://www.britannica.com/topic/Pre-Socratic-philosophy)",""
"fact.ancient_greece.thinkers_pythagoras_rules","source.brit_pythagoras","unverified","Pythagoreans lived by strict rules: they wore white, entered temples barefoot and did not eat beans.","https://www.britannica.com/biography/Pythagoras","L53 card.ancient_greece.053.c2","L53 question.ancient_greece.053.q1; L53 question.ancient_greece.053.q2","","","","","","corroborated","SEP notes the prohibition on eating beans, first attested by Aristotle and assigned to Pythagoras. (https://plato.stanford.edu/entries/pythagoras/)","one-page"
"fact.ancient_greece.thinkers_pythagoras_croton","source.sep_pythagoras","unverified","Pythagoras grew up on Samos and, about 530 BCE, moved to Croton, a Greek city in southern Italy, where he gathered followers.","https://plato.stanford.edu/entries/pythagoras/","L53 card.ancient_greece.053.c3","L53 question.ancient_greece.053.q3","","","","","","corroborated","Britannica: born on Samos, emigrated to southern Italy about 532 BCE and set up his school at Croton. (https://www.britannica.com/biography/Pythagoras)","one-page"
"fact.ancient_greece.thinkers_pythagoras_croton","source.brit_pythagoras","unverified","Pythagoras grew up on Samos and, about 530 BCE, moved to Croton, a Greek city in southern Italy, where he gathered followers.","https://www.britannica.com/biography/Pythagoras","L53 card.ancient_greece.053.c3","L53 question.ancient_greece.053.q3","","","","","","corroborated","Britannica: born on Samos, emigrated to southern Italy about 532 BCE and set up his school at Croton. (https://www.britannica.com/biography/Pythagoras)","one-page"
"fact.ancient_greece.thinkers_pythagoras_silence","source.sep_pythagoras","unverified","Later tradition says that people who wanted to become Pythagoreans had to keep silent for five years.","https://plato.stanford.edu/entries/pythagoras/","L53 card.ancient_greece.053.c3","L53 question.ancient_greece.053.q3","","","","","","corroborated","Wikipedia's Pythagoreanism and Diogenes Laertius 8.10 report a five-year silence for novices. (https://en.wikipedia.org/wiki/Pythagoreanism https://www.perseus.tufts.edu/hopper/text?doc=Perseus:text:1999.01.0258:book=8:chapter=1)",""
"fact.ancient_greece.thinkers_pythagoras_no_books","source.sep_pythagoras","unverified","Pythagoras seems to have written no books, so what we know of him comes from other, mostly later, writers.","https://plato.stanford.edu/entries/pythagoras/","L53 card.ancient_greece.053.c3","L53 question.ancient_greece.053.q3","","","","","","corroborated","Britannica: Pythagoras himself likely wrote no books. (https://www.britannica.com/biography/Pythagoras)","one-page"
"fact.ancient_greece.thinkers_pythagoras_music","source.sep_pythagoras","unverified","The central musical harmonies, the octave, the fifth and the fourth, match the whole-number ratios 2 : 1, 3 : 2 and 4 : 3.","https://plato.stanford.edu/entries/pythagoras/","L53 card.ancient_greece.053.c4","","","","","","","corroborated","Wikipedia's Pythagorean tuning gives octave 2:1, fifth 3:2, fourth 4:3; Britannica credits Pythagoras with the role of numbers in music. (https://en.wikipedia.org/wiki/Pythagorean_tuning https://www.britannica.com/biography/Pythagoras)",""
"fact.ancient_greece.thinkers_pythagoras_all_number","source.brit_pythagoras","unverified","Pythagoreans taught that numbers are the key to the world, summed up as “all things are numbers”.","https://www.britannica.com/biography/Pythagoras","L53 card.ancient_greece.053.c4","","","","","","","corroborated","Britannica's pre-Socratic article attributes the doctrine that all things are numbers to Pythagoras; SEP cites Aristoxenus on likening all things to numbers. (https://www.britannica.com/topic/Pre-Socratic-philosophy https://plato.stanford.edu/entries/pythagoras/)",""
"fact.ancient_greece.thinkers_pythagoras_theorem_older","source.brit_pythagorean_theorem","unverified","Babylonian tablets from about 1900–1600 BCE show knowledge of the Pythagorean theorem, and there is no evidence Pythagoras proved it.","https://www.britannica.com/science/Pythagorean-theorem","L53 card.ancient_greece.053.c5","","","","","","","corroborated","SEP: long before Pythagoras the Babylonians knew the rule; there is not a jot of evidence for a proof by Pythagoras. (https://plato.stanford.edu/entries/pythagoras/)","one-page"
"fact.ancient_greece.thinkers_socrates_wrote_nothing","source.brit_socrates","unverified","Socrates, who lived in Athens from about 470 to 399 BCE, wrote nothing; we know him mainly through Plato and Xenophon.","https://www.britannica.com/biography/Socrates","L54 card.ancient_greece.054.c2; L60 card.ancient_greece.060.c2; L60 card.ancient_greece.060.c3","L54 question.ancient_greece.054.q1","","","","","","corroborated","SEP: Socrates wrote nothing; our sources are Plato, Xenophon and Aristophanes. (https://plato.stanford.edu/entries/socrates/)","one-page"
"fact.ancient_greece.thinkers_socrates_oracle","source.perseus_plato_apology","unverified","In Plato’s Apology, Chaerephon asked the oracle at Delphi if anyone was wiser than Socrates, and the answer was no one.","https://www.perseus.tufts.edu/hopper/text?doc=Perseus%3Atext%3A1999.01.0170%3Atext%3DApol.%3Asection%3D21a","L54 card.ancient_greece.054.c1; L54 card.ancient_greece.054.c3","L55 question.ancient_greece.055.q3; L60 question.ancient_greece.060.q1","","","","","","corroborated","Britannica (Socrates) recounts Chaerephon's question to the Delphic oracle and the answer that no one was wiser. (https://www.britannica.com/biography/Socrates)","one-page"
"fact.ancient_greece.thinkers_socrates_questioned_experts","source.brit_socrates","unverified","To test the oracle, Socrates questioned politicians, poets and craftsmen, and found they thought they knew things they did not.","https://www.britannica.com/biography/Socrates","L54 card.ancient_greece.054.c3","L55 question.ancient_greece.055.q3; L60 question.ancient_greece.060.q1","","","","","","corroborated","Plato's Apology 21b-22e describes him questioning politicians, poets and craftsmen. (https://www.perseus.tufts.edu/hopper/text?doc=Perseus%3Atext%3A1999.01.0170%3Atext%3DApol.%3Asection%3D21d https://en.wikipedia.org/wiki/Apology_(Plato))",""
"fact.ancient_greece.thinkers_socrates_knows_not","source.perseus_plato_apology","unverified","Socrates concluded he was wiser only in one small way: what he did not know, he did not think he knew.","https://www.perseus.tufts.edu/hopper/text?doc=Perseus%3Atext%3A1999.01.0170%3Atext%3DApol.%3Asection%3D21a","L54 card.ancient_greece.054.c3; L60 card.ancient_greece.060.c2","L55 question.ancient_greece.055.q3; L60 question.ancient_greece.060.q1","","","","","","corroborated","Wikipedia's Apology (Plato) and SEP's Socrates both report this conclusion from Apology 21d. (https://en.wikipedia.org/wiki/Apology_(Plato) https://plato.stanford.edu/entries/socrates/)",""
"fact.ancient_greece.thinkers_laches_courage","source.sep_plato_shorter_ethics","unverified","In Plato’s Laches, courage is defined as staying at your post, then as endurance of the soul; Socrates finds flaws, and it ends unresolved.","https://plato.stanford.edu/entries/plato-ethics-shorter/","L54 card.ancient_greece.054.c4; L57 card.ancient_greece.057.c4","L54 question.ancient_greece.054.q2","","","","","","corroborated","SparkNotes and The First Philosophers summarize the same sequence, including foolish endurance and the unresolved ending. (https://www.sparknotes.com/philosophy/laches/summary/ https://firstphilosophers.com/laches-on-courage/)",""
"fact.ancient_greece.thinkers_elenchus","source.sep_socrates","unverified","Socrates’ questioning, the elenchus, tested a person’s definitions to expose contradictions and false claims to knowledge.","https://plato.stanford.edu/entries/socrates/","L54 card.ancient_greece.054.c4; L60 card.ancient_greece.060.c2","L54 question.ancient_greece.054.q2","","","","","","corroborated","IEP's Socrates describes the elenchus as refutation by questioning that exposes inconsistency in the interlocutor's beliefs. (https://iep.utm.edu/socrates/ https://www.britannica.com/biography/Socrates)",""
"fact.ancient_greece.thinkers_elenchus","source.brit_socrates","unverified","Socrates’ questioning, the elenchus, tested a person’s definitions to expose contradictions and false claims to knowledge.","https://www.britannica.com/biography/Socrates","L54 card.ancient_greece.054.c4; L60 card.ancient_greece.060.c2","L54 question.ancient_greece.054.q2","","","","","","corroborated","IEP's Socrates describes the elenchus as refutation by questioning that exposes inconsistency in the interlocutor's beliefs. (https://iep.utm.edu/socrates/ https://www.britannica.com/biography/Socrates)",""
"fact.ancient_greece.thinkers_cicero_heavens","source.perseus_cicero_tusculan_5_10","unverified","Cicero wrote that Socrates first called philosophy down from the heavens into cities and homes, to ask about life, morals, good and evil.","https://www.perseus.tufts.edu/hopper/text?doc=Perseus:text:2007.01.0044:book=5:section=10","L54 card.ancient_greece.054.c5","L54 question.ancient_greece.054.q3","","","","","","corroborated","The Yonge translation (Standard Ebooks) and attalus.org give the same passage from Tusculan Disputations 5.10. (https://standardebooks.org/ebooks/cicero/tusculan-disputations/c-d-yonge/text/chapter-5 https://www.attalus.org/cicero/tusc5A.html)",""
"fact.ancient_greece.thinkers_trial_age_70","source.brit_socrates","unverified","Socrates was about 70 when Athens tried him in 399 BCE.","https://www.britannica.com/biography/Socrates","L55 card.ancient_greece.055.c1","","","","","","","corroborated","SEP gives his birth as 469 and execution as 399 BCE; in Plato's Apology 17d he says he is more than seventy. (https://plato.stanford.edu/entries/socrates/ https://en.wikipedia.org/wiki/Trial_of_Socrates)",""
"fact.ancient_greece.thinkers_trial_charges","source.brit_socrates","unverified","Socrates was charged with impiety, not honoring the city’s gods, and with corrupting the young; his accusers were Meletus, Anytus and Lycon.","https://www.britannica.com/biography/Socrates","L55 card.ancient_greece.055.c2","L55 question.ancient_greece.055.q1; L55 question.ancient_greece.055.q3","","","","","","corroborated","Wikipedia's Trial of Socrates and famous-trials.com give the same charges and accusers. (https://en.wikipedia.org/wiki/Trial_of_Socrates https://www.famous-trials.com/socrates)",""
"fact.ancient_greece.thinkers_trial_jury_500","source.brit_socrates","unverified","Socrates was tried before a jury of about 500 Athenian citizens.","https://www.britannica.com/biography/Socrates","L55 card.ancient_greece.055.c2","L55 question.ancient_greece.055.q1; L55 question.ancient_greece.055.q3","","","","","","corroborated","famous-trials.com: a jury of 500 Athenians (many historians say 501); Wikipedia gives 500 or 501. (https://www.famous-trials.com/socrates https://en.wikipedia.org/wiki/Trial_of_Socrates)",""
"fact.ancient_greece.thinkers_trial_jury_500","source.perseus_plato_apology","unverified","Socrates was tried before a jury of about 500 Athenian citizens.","https://www.perseus.tufts.edu/hopper/text?doc=Perseus%3Atext%3A1999.01.0170%3Atext%3DApol.%3Asection%3D21a","L55 card.ancient_greece.055.c2","L55 question.ancient_greece.055.q1; L55 question.ancient_greece.055.q3","","","","","","corroborated","famous-trials.com: a jury of 500 Athenians (many historians say 501); Wikipedia gives 500 or 501. (https://www.famous-trials.com/socrates https://en.wikipedia.org/wiki/Trial_of_Socrates)",""
"fact.ancient_greece.thinkers_gadfly","source.perseus_plato_apology","unverified","In Plato’s Apology, Socrates says he stuck to Athens like a gadfly to a big, sluggish horse that needed stinging awake.","https://www.perseus.tufts.edu/hopper/text?doc=Perseus%3Atext%3A1999.01.0170%3Atext%3DApol.%3Asection%3D21a","L55 card.ancient_greece.055.c2","L55 question.ancient_greece.055.q1; L55 question.ancient_greece.055.q3","","","","","","corroborated","Britannica describes Socrates as a gadfly; Wikipedia's Apology (Plato) summarizes the gadfly image at 30e. (https://www.britannica.com/biography/Socrates https://en.wikipedia.org/wiki/Apology_(Plato))",""
"fact.ancient_greece.thinkers_trial_thirty","source.brit_thirty_tyrants","unverified","After Athens lost its war with Sparta, the Thirty Tyrants, led by Critias, ruled the city in 404–403 BCE.","https://www.britannica.com/topic/Thirty-Tyrants","L55 card.ancient_greece.055.c3","L55 question.ancient_greece.055.q2","","","","","","corroborated","Wikipedia's Thirty Tyrants: pro-Spartan oligarchy after Athens' defeat in 404 BCE, led by Critias, ousted in 403 BCE. (https://en.wikipedia.org/wiki/Thirty_Tyrants)","one-page weak-pages unopened-source"
"fact.ancient_greece.thinkers_trial_critias","source.brit_socrates","unverified","Critias had been a companion of Socrates, which brought Socrates suspicion, though an amnesty in 403 BCE had closed that era.","https://www.britannica.com/biography/Socrates","L55 card.ancient_greece.055.c3","L55 question.ancient_greece.055.q2","","","","","","corroborated","Wikipedia's Trial of Socrates discusses his association with Critias and the 403 amnesty. (https://en.wikipedia.org/wiki/Trial_of_Socrates)","one-page weak-pages"
"fact.ancient_greece.thinkers_trial_critias","source.sep_socrates","unverified","Critias had been a companion of Socrates, which brought Socrates suspicion, though an amnesty in 403 BCE had closed that era.","https://plato.stanford.edu/entries/socrates/","L55 card.ancient_greece.055.c3","L55 question.ancient_greece.055.q2","","","","","","corroborated","Wikipedia's Trial of Socrates discusses his association with Critias and the 403 amnesty. (https://en.wikipedia.org/wiki/Trial_of_Socrates)","one-page weak-pages"
"fact.ancient_greece.thinkers_trial_30_votes","source.perseus_plato_apology","unverified","Socrates was found guilty; in Plato’s Apology he says that if 30 votes had gone the other way, he would have been acquitted.","https://www.perseus.tufts.edu/hopper/text?doc=Perseus%3Atext%3A1999.01.0170%3Atext%3DApol.%3Asection%3D21a","L55 card.ancient_greece.055.c4","","","","","","","corroborated","famous-trials.com and Wikipedia report a 280-220 guilty vote, consistent with a 30-vote swing. (https://www.famous-trials.com/socrates https://en.wikipedia.org/wiki/Trial_of_Socrates)",""
"fact.ancient_greece.thinkers_trial_free_meals","source.perseus_plato_apology","unverified","Asked to propose a penalty, Socrates suggested free meals in the Prytaneum, an honor Athens gave Olympic victors; the jury chose death.","https://www.perseus.tufts.edu/hopper/text?doc=Perseus%3Atext%3A1999.01.0170%3Atext%3DApol.%3Asection%3D21a","L55 card.ancient_greece.055.c4","","","","","","","corroborated","famous-trials.com and Wikipedia both describe the counter-proposal of maintenance in the Prytaneum, like Olympic victors, followed by the death sentence. (https://www.famous-trials.com/socrates https://en.wikipedia.org/wiki/Trial_of_Socrates)",""
"fact.ancient_greece.thinkers_trial_free_meals","source.brit_socrates","unverified","Asked to propose a penalty, Socrates suggested free meals in the Prytaneum, an honor Athens gave Olympic victors; the jury chose death.","https://www.britannica.com/biography/Socrates","L55 card.ancient_greece.055.c4","","","","","","","corroborated","famous-trials.com and Wikipedia both describe the counter-proposal of maintenance in the Prytaneum, like Olympic victors, followed by the death sentence. (https://www.famous-trials.com/socrates https://en.wikipedia.org/wiki/Trial_of_Socrates)",""
"fact.ancient_greece.thinkers_crito_refused_escape","source.brit_socrates","unverified","In Plato’s Crito, Socrates refuses his friends’ plan to get him out of prison, arguing that he must not break Athens’ laws.","https://www.britannica.com/biography/Socrates","L55 card.ancient_greece.055.c5","L56 question.ancient_greece.056.q3","","","","","","corroborated","Wikipedia's Crito and SparkNotes: Socrates refuses Crito's offer to finance his escape, personifying the Laws. (https://en.wikipedia.org/wiki/Crito https://www.sparknotes.com/philosophy/crito/summary/)",""
"fact.ancient_greece.thinkers_hemlock","source.brit_socrates","unverified","Socrates was put to death by drinking hemlock; in Plato’s Phaedo the numbness rises from his legs until it reaches his heart.","https://www.britannica.com/biography/Socrates","L55 card.ancient_greece.055.c5; L56 card.ancient_greece.056.c5; L60 card.ancient_greece.060.c3","L56 question.ancient_greece.056.q3","","","","","","corroborated","SEP says he was executed with Conium maculatum (hemlock); IEP's Phaedo describes numbness travelling upward to his heart. (https://plato.stanford.edu/entries/socrates/ https://iep.utm.edu/phaedo/)",""
"fact.ancient_greece.thinkers_hemlock","source.iep_plato_phaedo","unverified","Socrates was put to death by drinking hemlock; in Plato’s Phaedo the numbness rises from his legs until it reaches his heart.","https://iep.utm.edu/phaedo/","L55 card.ancient_greece.055.c5; L56 card.ancient_greece.056.c5; L60 card.ancient_greece.060.c3","L56 question.ancient_greece.056.q3","","","","","","corroborated","SEP says he was executed with Conium maculatum (hemlock); IEP's Phaedo describes numbness travelling upward to his heart. (https://plato.stanford.edu/entries/socrates/ https://iep.utm.edu/phaedo/)",""
"fact.ancient_greece.thinkers_plato_student","source.brit_plato","unverified","Plato, born in Athens around 428 BCE, was a student of Socrates and was deeply affected by his death.","https://www.britannica.com/biography/Plato","L56 card.ancient_greece.056.c2","L56 question.ancient_greece.056.q1","","","","","","corroborated","Wikipedia's Plato: born c. 428/427 BCE in Athens, a student of Socrates. (https://en.wikipedia.org/wiki/Plato)","one-page weak-pages"
"fact.ancient_greece.thinkers_plato_dialogues","source.brit_plato","unverified","Plato wrote dialogues, usually with Socrates as the main speaker.","https://www.britannica.com/biography/Plato","L56 card.ancient_greece.056.c2; L60 card.ancient_greece.060.c2","L56 question.ancient_greece.056.q1","","","","","","corroborated","SEP's Plato notes that Socrates is the main speaker in most of Plato's dialogues. (https://plato.stanford.edu/entries/plato/)","one-page"
"fact.ancient_greece.thinkers_academy_founded","source.brit_plato","unverified","In the 380s BCE Plato set up a school outside the walls of Athens, at a grove called the Akademeia: the Academy.","https://www.britannica.com/biography/Plato","L56 card.ancient_greece.056.c2; L60 card.ancient_greece.060.c3; L60 card.ancient_greece.060.c4","L56 question.ancient_greece.056.q1","","","","","","corroborated","IEP puts the founding around 387-383 BCE at the Akademeia outside the city walls; Wikipedia gives c. 387 BCE. (https://iep.utm.edu/plato-academy/ https://en.wikipedia.org/wiki/Platonic_Academy)",""
"fact.ancient_greece.thinkers_academy_founded","source.iep_plato_academy","unverified","In the 380s BCE Plato set up a school outside the walls of Athens, at a grove called the Akademeia: the Academy.","https://iep.utm.edu/plato-academy/","L56 card.ancient_greece.056.c2; L60 card.ancient_greece.060.c3; L60 card.ancient_greece.060.c4","L56 question.ancient_greece.056.q1","","","","","","corroborated","IEP puts the founding around 387-383 BCE at the Akademeia outside the city walls; Wikipedia gives c. 387 BCE. (https://iep.utm.edu/plato-academy/ https://en.wikipedia.org/wiki/Platonic_Academy)",""
"fact.ancient_greece.thinkers_academy_word","source.etymonline_academy","unverified","The English word academy comes from the Akademeia, the grove where Plato taught.","https://www.etymonline.com/word/academy","L56 card.ancient_greece.056.c2","L56 question.ancient_greece.056.q1","","","","","","corroborated","Wikipedia's Academy article traces the word to Plato's school at the Akademeia. (https://en.wikipedia.org/wiki/Academy)","one-page weak-pages"
"fact.ancient_greece.thinkers_cave_setup","source.perseus_plato_republic_cave","unverified","In Plato’s Republic, prisoners chained in a cave see only shadows cast on a wall by a fire behind them, and take them for reality.","https://www.perseus.tufts.edu/hopper/text?doc=Perseus%3Atext%3A1999.01.0168%3Abook%3D7%3Asection%3D514a","L56 card.ancient_greece.056.c1; L56 card.ancient_greece.056.c3","L56 question.ancient_greece.056.q2; L60 question.ancient_greece.060.q2","","","","","","corroborated","Boston University's reading of Republic VII and Wikipedia's Allegory of the cave describe the same setup. (https://people.bu.edu/wwildman/courses/wphil/readings/wphil_rdg02b_republic_cave.htm https://en.wikipedia.org/wiki/Allegory_of_the_cave)",""
"fact.ancient_greece.thinkers_cave_ascent","source.perseus_plato_republic_cave","unverified","In the allegory, a freed prisoner is dazzled by the fire, then dragged up into sunlight, where he sees real things and finally the sun.","https://www.perseus.tufts.edu/hopper/text?doc=Perseus%3Atext%3A1999.01.0168%3Abook%3D7%3Asection%3D514a","L56 card.ancient_greece.056.c3","L56 question.ancient_greece.056.q2; L60 question.ancient_greece.060.q2","","","","","","corroborated","BU's Republic VII text: dragged up a steep ascent into the presence of the sun; Wikipedia summarizes the stages. (https://people.bu.edu/wwildman/courses/wphil/readings/wphil_rdg02b_republic_cave.htm https://en.wikipedia.org/wiki/Allegory_of_the_cave)",""
"fact.ancient_greece.thinkers_cave_forms","source.brit_plato","unverified","For Plato, the senses show imperfect copies; real knowledge reaches the Forms, such as Justice, Beauty and Equality, and the sun stands for the Good.","https://www.britannica.com/biography/Plato","L56 card.ancient_greece.056.c4; L60 card.ancient_greece.060.c2","L56 question.ancient_greece.056.q2; L57 question.ancient_greece.057.q3; L60 question.ancient_greece.060.q3","","","","","","corroborated","Wikipedia's Allegory of the cave: shadows are copies perceived by the senses; the sun symbolizes the Form of the Good. (https://en.wikipedia.org/wiki/Allegory_of_the_cave)","one-page weak-pages"
"fact.ancient_greece.thinkers_cave_forms","source.1000wp_allegory_cave","unverified","For Plato, the senses show imperfect copies; real knowledge reaches the Forms, such as Justice, Beauty and Equality, and the sun stands for the Good.","https://1000wordphilosophy.com/2023/05/26/allegory-of-the-cave/","L56 card.ancient_greece.056.c4; L60 card.ancient_greece.060.c2","L56 question.ancient_greece.056.q2; L57 question.ancient_greece.057.q3; L60 question.ancient_greece.060.q3","","","","","","corroborated","Wikipedia's Allegory of the cave: shadows are copies perceived by the senses; the sun symbolizes the Form of the Good. (https://en.wikipedia.org/wiki/Allegory_of_the_cave)","one-page weak-pages"
"fact.ancient_greece.thinkers_cave_kill_liberator","source.perseus_plato_republic_cave","unverified","In the allegory, the prisoners laugh at the man who returns and would kill anyone who tried to free them, often read as a nod to Socrates’ death.","https://www.perseus.tufts.edu/hopper/text?doc=Perseus%3Atext%3A1999.01.0168%3Abook%3D7%3Asection%3D514a","L56 card.ancient_greece.056.c5","L56 question.ancient_greece.056.q3","","","","","","corroborated","BU's Republic VII text: they would put the offender to death; the Ethics Centre and 1000-Word Philosophy link this to Socrates' execution. (https://people.bu.edu/wwildman/courses/wphil/readings/wphil_rdg02b_republic_cave.htm https://ethics.org.au/ethics-explainer-platos-cave/)",""
"fact.ancient_greece.thinkers_cave_kill_liberator","source.1000wp_allegory_cave","unverified","In the allegory, the prisoners laugh at the man who returns and would kill anyone who tried to free them, often read as a nod to Socrates’ death.","https://1000wordphilosophy.com/2023/05/26/allegory-of-the-cave/","L56 card.ancient_greece.056.c5","L56 question.ancient_greece.056.q3","","","","","","corroborated","BU's Republic VII text: they would put the offender to death; the Ethics Centre and 1000-Word Philosophy link this to Socrates' execution. (https://people.bu.edu/wwildman/courses/wphil/readings/wphil_rdg02b_republic_cave.htm https://ethics.org.au/ethics-explainer-platos-cave/)",""
"fact.ancient_greece.thinkers_aristotle_subjects","source.brit_aristotle","unverified","Aristotle wrote on a vast range of subjects, including logic, physics, biology, ethics, politics, rhetoric and poetry.","https://www.britannica.com/biography/Aristotle","L57 card.ancient_greece.057.c1; L57 card.ancient_greece.057.c3","L57 question.ancient_greece.057.q1; L60 question.ancient_greece.060.q5","","","","","","corroborated","SEP's Aristotle: works span logic, metaphysics, ethics, political theory, aesthetics, rhetoric and empirical biology. (https://plato.stanford.edu/entries/aristotle/)","one-page"
"fact.ancient_greece.thinkers_aristotle_academy_20","source.brit_aristotle","unverified","Aristotle, born in 384 BCE in Stagira, joined Plato’s Academy in 367 BCE, aged 17, and stayed 20 years as pupil and colleague.","https://www.britannica.com/biography/Aristotle","L57 card.ancient_greece.057.c2","L57 question.ancient_greece.057.q3","","","","","","corroborated","IEP: Aristotle came to the Academy in 367 and stayed until Plato's death in 347; Britannica gives birth in 384 BCE at Stagira. (https://iep.utm.edu/plato-academy/ https://www.britannica.com/biography/Aristotle)",""
"fact.ancient_greece.thinkers_aristotle_academy_20","source.iep_plato_academy","unverified","Aristotle, born in 384 BCE in Stagira, joined Plato’s Academy in 367 BCE, aged 17, and stayed 20 years as pupil and colleague.","https://iep.utm.edu/plato-academy/","L57 card.ancient_greece.057.c2","L57 question.ancient_greece.057.q3","","","","","","corroborated","IEP: Aristotle came to the Academy in 367 and stayed until Plato's death in 347; Britannica gives birth in 384 BCE at Stagira. (https://iep.utm.edu/plato-academy/ https://www.britannica.com/biography/Aristotle)",""
"fact.ancient_greece.thinkers_aristotle_vs_forms","source.brit_aristotle","unverified","Aristotle often argued against Plato’s theory of Forms, saying friends and truth are both dear but it is our duty to prefer the truth.","https://www.britannica.com/biography/Aristotle","L57 card.ancient_greece.057.c2; L60 card.ancient_greece.060.c2; L60 card.ancient_greece.060.c4","L57 question.ancient_greece.057.q3","","","","","","corroborated","Perseus Nicomachean Ethics 1096a: both are dear to us, yet it is our duty to prefer the truth, said of the Forms. (https://www.perseus.tufts.edu/hopper/text?doc=Perseus:text:1999.01.0054:bekker+page=1096a)","one-page"
"fact.ancient_greece.thinkers_aristotle_vs_forms","source.perseus_aristotle_ethics_1096a","unverified","Aristotle often argued against Plato’s theory of Forms, saying friends and truth are both dear but it is our duty to prefer the truth.","https://www.perseus.tufts.edu/hopper/text?doc=Perseus:text:1999.01.0054:bekker+page=1096a","L57 card.ancient_greece.057.c2; L60 card.ancient_greece.060.c2; L60 card.ancient_greece.060.c4","L57 question.ancient_greece.057.q3","","","","","","corroborated","Perseus Nicomachean Ethics 1096a: both are dear to us, yet it is our duty to prefer the truth, said of the Forms. (https://www.perseus.tufts.edu/hopper/text?doc=Perseus:text:1999.01.0054:bekker+page=1096a)","one-page"
"fact.ancient_greece.thinkers_aristotle_lyceum","source.brit_aristotle","unverified","Aristotle returned to Athens in 335 BCE and set up his own school there, the Lyceum.","https://www.britannica.com/biography/Aristotle","L57 card.ancient_greece.057.c2; L60 card.ancient_greece.060.c3","L57 question.ancient_greece.057.q3","","","","","","corroborated","SEP: in Athens Aristotle set up his own school at the Lyceum; Wikipedia's Lyceum gives 335/334 BCE. (https://plato.stanford.edu/entries/aristotle/ https://en.wikipedia.org/wiki/Lyceum_(classical))",""
"fact.ancient_greece.thinkers_aristotle_lyceum","source.sep_aristotle","unverified","Aristotle returned to Athens in 335 BCE and set up his own school there, the Lyceum.","https://plato.stanford.edu/entries/aristotle/","L57 card.ancient_greece.057.c2; L60 card.ancient_greece.060.c3","L57 question.ancient_greece.057.q3","","","","","","corroborated","SEP: in Athens Aristotle set up his own school at the Lyceum; Wikipedia's Lyceum gives 335/334 BCE. (https://plato.stanford.edu/entries/aristotle/ https://en.wikipedia.org/wiki/Lyceum_(classical))",""
"fact.ancient_greece.thinkers_aristotle_logic","source.sep_aristotle","unverified","Aristotle created the first systematic treatment of correct reasoning: the first logic.","https://plato.stanford.edu/entries/aristotle/","L57 card.ancient_greece.057.c3","L57 question.ancient_greece.057.q1; L60 question.ancient_greece.060.q5","","","","","","corroborated","Britannica calls Aristotle the founder of formal logic. (https://www.britannica.com/biography/Aristotle)","one-page"
"fact.ancient_greece.thinkers_aristotle_500_species","source.brit_aristotle","unverified","On the island of Lesbos, Aristotle studied animals, especially sea creatures; more than 500 species appear in his works.","https://www.britannica.com/biography/Aristotle","L57 card.ancient_greece.057.c3; L60 card.ancient_greece.060.c2","L57 question.ancient_greece.057.q1; L60 question.ancient_greece.060.q5","","","","","","corroborated","Wikipedia's Aristotle's biology describes his marine studies at Lesbos and over 500 species described. (https://en.wikipedia.org/wiki/Aristotle%27s_biology)","one-page weak-pages"
"fact.ancient_greece.thinkers_aristotle_fish_right","source.brit_aristotle","unverified","Some of Aristotle’s unlikely-sounding stories about fish were proved right many centuries later.","https://www.britannica.com/biography/Aristotle","L57 card.ancient_greece.057.c3","L57 question.ancient_greece.057.q1; L60 question.ancient_greece.060.q5","","","","","","corroborated","Wikipedia's History of Animals: his dogfish placenta account was disbelieved until confirmed in 1842, and his octopus mating arm until the 19th century. (https://en.wikipedia.org/wiki/History_of_Animals https://en.wikipedia.org/wiki/Hectocotylus)","weak-pages"
"fact.ancient_greece.thinkers_golden_mean","source.sep_aristotle_ethics","unverified","Aristotle argued each virtue is a mean between too much and too little: courage lies between cowardice and rashness.","https://plato.stanford.edu/entries/aristotle-ethics/","L57 card.ancient_greece.057.c4; L60 card.ancient_greece.060.c2","L57 question.ancient_greece.057.q2","","","","","","corroborated","Britannica and Wikipedia's Golden mean (philosophy) give courage as the mean between cowardice and recklessness. (https://en.wikipedia.org/wiki/Golden_mean_(philosophy))","one-page weak-pages"
"fact.ancient_greece.thinkers_aristotle_31_works","source.sep_aristotle","unverified","Aristotle wrote perhaps as many as 200 works; about 31 survive, and they read like lecture notes and drafts.","https://plato.stanford.edu/entries/aristotle/","L57 card.ancient_greece.057.c5","","","","","","","corroborated","Wikipedia's Works of Aristotle: as many as 200 treatises, 31 survive, in the form of lecture notes and drafts. (https://en.wikipedia.org/wiki/Works_of_Aristotle)","one-page weak-pages"
"fact.ancient_greece.thinkers_stoa_poikile","source.brit_zeno_citium","unverified","Zeno of Citium came to Athens about 312 BCE and taught in the Stoa Poikile, the Painted Porch; his followers were named Stoics after it.","https://www.britannica.com/biography/Zeno-of-Citium","L58 card.ancient_greece.058.c2; L60 card.ancient_greece.060.c3","L58 question.ancient_greece.058.q1; L58 question.ancient_greece.058.q3; L59 question.ancient_greece.059.q3","","","","","","corroborated","Wikipedia's Stoicism: founded by Zeno of Citium in Athens in the early 3rd century BCE, named for the Stoa Poikile. (https://en.wikipedia.org/wiki/Stoicism https://en.wikipedia.org/wiki/Zeno_of_Citium)","weak-pages"
"fact.ancient_greece.thinkers_stoa_poikile","source.brit_stoicism","unverified","Zeno of Citium came to Athens about 312 BCE and taught in the Stoa Poikile, the Painted Porch; his followers were named Stoics after it.","https://www.britannica.com/topic/Stoicism","L58 card.ancient_greece.058.c2; L60 card.ancient_greece.060.c3","L58 question.ancient_greece.058.q1; L58 question.ancient_greece.058.q3; L59 question.ancient_greece.059.q3","","","","","","corroborated","Wikipedia's Stoicism: founded by Zeno of Citium in Athens in the early 3rd century BCE, named for the Stoa Poikile. (https://en.wikipedia.org/wiki/Stoicism https://en.wikipedia.org/wiki/Zeno_of_Citium)","weak-pages"
"fact.ancient_greece.thinkers_stoicism_300","source.brit_stoicism","unverified","Stoicism was founded in Athens about 300 BCE.","https://www.britannica.com/topic/Stoicism","L58 card.ancient_greece.058.c1; L58 card.ancient_greece.058.c4; L60 card.ancient_greece.060.c3","","","","","","","corroborated","Wikipedia's Stoicism dates the founding to the early 3rd century BCE (c. 300 BC). (https://en.wikipedia.org/wiki/Stoicism)","one-page weak-pages"
"fact.ancient_greece.thinkers_stoic_virtue","source.brit_stoicism","unverified","The Stoics held that virtue is the only true good.","https://www.britannica.com/topic/Stoicism","L58 card.ancient_greece.058.c2; L58 card.ancient_greece.058.c4","L58 question.ancient_greece.058.q1; L58 question.ancient_greece.058.q3; L59 question.ancient_greece.059.q3","","","","","","corroborated","SEP's Stoicism: virtue is the only good; wealth, health and the like are indifferent. (https://plato.stanford.edu/entries/stoicism/)","one-page"
"fact.ancient_greece.thinkers_stoic_passions","source.brit_stoicism","unverified","The Stoics saw strong emotions as errors of judgment that reason could correct.","https://www.britannica.com/topic/Stoicism","L58 card.ancient_greece.058.c2; L58 card.ancient_greece.058.c4","L58 question.ancient_greece.058.q1; L58 question.ancient_greece.058.q3; L59 question.ancient_greece.059.q3","","","","","","corroborated","SEP's Stoicism describes passions as mistaken judgments. (https://plato.stanford.edu/entries/stoicism/)","one-page"
"fact.ancient_greece.thinkers_roman_stoics","source.brit_stoicism","unverified","Later Stoics included the Roman statesman Seneca, the former slave Epictetus and the emperor Marcus Aurelius.","https://www.britannica.com/topic/Stoicism","L58 card.ancient_greece.058.c5","","","","","","","corroborated","Wikipedia's Stoicism lists Seneca, Epictetus (born a slave) and Marcus Aurelius as leading Roman Stoics. (https://en.wikipedia.org/wiki/Stoicism https://www.britannica.com/biography/Marcus-Aurelius-Roman-emperor)",""
"fact.ancient_greece.thinkers_stoics_nature","source.brit_stoicism","unverified","The Stoics taught living in harmony with nature, guided by reason.","https://www.britannica.com/topic/Stoicism","L58 card.ancient_greece.058.c2; L59 card.ancient_greece.059.c5","L58 question.ancient_greece.058.q1; L58 question.ancient_greece.058.q3; L59 question.ancient_greece.059.q3","","","","","","corroborated","Wikipedia's Stoicism: the path to eudaimonia is living in accordance with nature and reason. (https://en.wikipedia.org/wiki/Stoicism)","one-page weak-pages"
"fact.ancient_greece.thinkers_epicurus_garden","source.brit_epicurus","unverified","Epicurus opened his school, the Garden, in Athens around 306 BCE, and it admitted women and enslaved people.","https://www.britannica.com/biography/Epicurus","L58 card.ancient_greece.058.c1; L58 card.ancient_greece.058.c3; L58 card.ancient_greece.058.c4; L60 card.ancient_greece.060.c3","L58 question.ancient_greece.058.q2","","","","","","corroborated","SEP: Epicurus founded the Garden around 307/306 BCE; it admitted women and slaves. (https://plato.stanford.edu/entries/epicurus/)","one-page"
"fact.ancient_greece.thinkers_epicurus_garden","source.sep_epicurus","unverified","Epicurus opened his school, the Garden, in Athens around 306 BCE, and it admitted women and enslaved people.","https://plato.stanford.edu/entries/epicurus/","L58 card.ancient_greece.058.c1; L58 card.ancient_greece.058.c3; L58 card.ancient_greece.058.c4; L60 card.ancient_greece.060.c3","L58 question.ancient_greece.058.q2","","","","","","corroborated","SEP: Epicurus founded the Garden around 307/306 BCE; it admitted women and slaves. (https://plato.stanford.edu/entries/epicurus/)","one-page"
"fact.ancient_greece.thinkers_epicurus_pleasure","source.brit_epicurus","unverified","Epicurus called pleasure the goal of life, defining it as the absence of pain in the body and trouble in the soul.","https://www.britannica.com/biography/Epicurus","L58 card.ancient_greece.058.c3; L58 card.ancient_greece.058.c4","L58 question.ancient_greece.058.q2","","","","","","corroborated","SEP: freedom from bodily pain (aponia) and mental disturbance (ataraxia). (https://plato.stanford.edu/entries/epicurus/)","one-page"
"fact.ancient_greece.thinkers_epicurus_pleasure","source.sep_epicurus","unverified","Epicurus called pleasure the goal of life, defining it as the absence of pain in the body and trouble in the soul.","https://plato.stanford.edu/entries/epicurus/","L58 card.ancient_greece.058.c3; L58 card.ancient_greece.058.c4","L58 question.ancient_greece.058.q2","","","","","","corroborated","SEP: freedom from bodily pain (aponia) and mental disturbance (ataraxia). (https://plato.stanford.edu/entries/epicurus/)","one-page"
"fact.ancient_greece.thinkers_epicurus_simple_food","source.brit_epicurus","unverified","Epicurus’s school lived mainly on barley bread and water.","https://www.britannica.com/biography/Epicurus","L58 card.ancient_greece.058.c3","L58 question.ancient_greece.058.q2","","","","","","corroborated","Diogenes Laertius (Book X) reports Epicurus content with bread and water and his followers mostly water-drinkers. (https://www.perseus.tufts.edu/hopper/text?doc=Perseus%3Atext%3A1999.01.0258%3Abook%3D10%3Achapter%3D1)","one-page"
"fact.ancient_greece.thinkers_epicurus_cheese","source.perseus_dl_epicurus","unverified","In a letter, Epicurus asked for a little pot of cheese so that he could have a feast when he liked.","https://www.perseus.tufts.edu/hopper/text?doc=Perseus%3Atext%3A1999.01.0258%3Abook%3D10%3Achapter%3D1","L58 card.ancient_greece.058.c3","L58 question.ancient_greece.058.q2","","","","","","corroborated","Wikisource's Lives (Book X) gives: Send me a little pot of cheese, that, when I like, I may fare sumptuously. (https://en.wikisource.org/wiki/Lives_of_the_Eminent_Philosophers/Book_X)","one-page"
"fact.ancient_greece.thinkers_epicurus_death","source.sep_epicurus","unverified","Epicurus taught that death is nothing to us: while we exist, death is not here, and when death comes, we no longer exist.","https://plato.stanford.edu/entries/epicurus/","L58 card.ancient_greece.058.c4","","","","","","","corroborated","Britannica (Epicurus) says he argued death should not concern us; Wikipedia's Epicureanism quotes the Letter to Menoeceus. (https://www.britannica.com/biography/Epicurus https://en.wikipedia.org/wiki/Epicureanism)",""
"fact.ancient_greece.thinkers_diogenes_lamp","source.perseus_dl_diogenes","unverified","Diogenes Laertius says Diogenes lit a lamp in broad daylight and went about saying, “I am looking for a man.”","https://www.perseus.tufts.edu/hopper/text?doc=Perseus:text:1999.01.0258:book=6:chapter=2","L59 card.ancient_greece.059.c1; L59 card.ancient_greece.059.c3","L59 question.ancient_greece.059.q1","","","","","","corroborated","IEP's Cynics: Diogenes searches for a human being with a lit lamp in daylight. (https://iep.utm.edu/cynics/)","one-page"
"fact.ancient_greece.thinkers_diogenes_honest_man","source.brit_diogenes","unverified","Tradition remembers the lamp as a search for an honest man.","https://www.britannica.com/biography/Diogenes-Greek-philosopher","L59 card.ancient_greece.059.c3","L59 question.ancient_greece.059.q1","","","","","","corroborated","IEP's Cynics and Diogenes Laertius give the words as looking for a man or human being, not an honest man. (https://iep.utm.edu/cynics/ https://en.wikipedia.org/wiki/Diogenes)",""
"fact.ancient_greece.thinkers_diogenes_sinope","source.perseus_dl_diogenes","unverified","Diogenes came from Sinope, a Greek city on the Black Sea coast, and was said to have been exiled for adulterating the coinage.","https://www.perseus.tufts.edu/hopper/text?doc=Perseus:text:1999.01.0258:book=6:chapter=2","L59 card.ancient_greece.059.c2","L59 question.ancient_greece.059.q2","","","","","","corroborated","Wikipedia's Diogenes: born in Sinope on the Black Sea coast, exiled over the debasement of currency. (https://en.wikipedia.org/wiki/Diogenes)","one-page weak-pages"
"fact.ancient_greece.thinkers_diogenes_sinope","source.brit_diogenes","unverified","Diogenes came from Sinope, a Greek city on the Black Sea coast, and was said to have been exiled for adulterating the coinage.","https://www.britannica.com/biography/Diogenes-Greek-philosopher","L59 card.ancient_greece.059.c2","L59 question.ancient_greece.059.q2","","","","","","corroborated","Wikipedia's Diogenes: born in Sinope on the Black Sea coast, exiled over the debasement of currency. (https://en.wikipedia.org/wiki/Diogenes)","one-page weak-pages"
"fact.ancient_greece.thinkers_diogenes_poverty","source.brit_diogenes","unverified","In Athens Diogenes lived in poverty, begged for food and slept in public places; he later lived in a large storage jar.","https://www.britannica.com/biography/Diogenes-Greek-philosopher","L59 card.ancient_greece.059.c2","L59 question.ancient_greece.059.q2","","","","","","corroborated","Wikipedia's Diogenes: he slept in a large ceramic jar (pithos) in the marketplace and begged. (https://en.wikipedia.org/wiki/Diogenes)","one-page weak-pages"
"fact.ancient_greece.thinkers_diogenes_poverty","source.perseus_dl_diogenes","unverified","In Athens Diogenes lived in poverty, begged for food and slept in public places; he later lived in a large storage jar.","https://www.perseus.tufts.edu/hopper/text?doc=Perseus:text:1999.01.0258:book=6:chapter=2","L59 card.ancient_greece.059.c2","L59 question.ancient_greece.059.q2","","","","","","corroborated","Wikipedia's Diogenes: he slept in a large ceramic jar (pithos) in the marketplace and begged. (https://en.wikipedia.org/wiki/Diogenes)","one-page weak-pages"
"fact.ancient_greece.thinkers_cynic_dog","source.iep_cynics","unverified","Cynic comes from the Greek for “dog-like”; Diogenes was called the Dog, probably for doing everything in public.","https://iep.utm.edu/cynics/","L59 card.ancient_greece.059.c2","L59 question.ancient_greece.059.q2","","","","","","corroborated","Britannica's Cynic article derives the name from kyon, dog; Wikipedia's Cynicism agrees. (https://en.wikipedia.org/wiki/Cynicism_(philosophy) https://www.britannica.com/topic/Cynic)",""
"fact.ancient_greece.thinkers_diogenes_nature","source.brit_diogenes","unverified","Diogenes taught that virtue meant living simply, according to nature, and rejecting empty customs and luxury.","https://www.britannica.com/biography/Diogenes-Greek-philosopher","L59 card.ancient_greece.059.c3; L59 card.ancient_greece.059.c5","L59 question.ancient_greece.059.q1; L59 question.ancient_greece.059.q3","","","","","","corroborated","IEP's Cynics describes Cynic life according to nature against convention; Wikipedia's Diogenes agrees. (https://iep.utm.edu/cynics/ https://en.wikipedia.org/wiki/Diogenes)",""
"fact.ancient_greece.thinkers_diogenes_chicken","source.perseus_dl_diogenes","unverified","When Plato defined a human as a featherless biped, Diogenes plucked a chicken, brought it in and said, “Here is Plato’s man.”","https://www.perseus.tufts.edu/hopper/text?doc=Perseus:text:1999.01.0258:book=6:chapter=2","L59 card.ancient_greece.059.c4","","","","","","","corroborated","Wikipedia's Diogenes repeats the plucked-chicken story from Diogenes Laertius 6.40. (https://en.wikipedia.org/wiki/Diogenes)","one-page weak-pages"
"fact.ancient_greece.thinkers_diogenes_alexander","source.perseus_dl_diogenes","unverified","In a famous story, when Alexander the Great offered Diogenes any favor, he replied, “Stand out of my light.”","https://www.perseus.tufts.edu/hopper/text?doc=Perseus:text:1999.01.0258:book=6:chapter=2","L59 card.ancient_greece.059.c4","","","","","","","corroborated","Wikipedia's Diogenes gives the meeting with Alexander in Corinth and the reply to stand out of his sunlight. (https://en.wikipedia.org/wiki/Diogenes)","one-page weak-pages"
"fact.ancient_greece.thinkers_diogenes_cosmopolitan","source.perseus_dl_diogenes","unverified","Asked where he came from, Diogenes said, “I am a citizen of the world.”","https://www.perseus.tufts.edu/hopper/text?doc=Perseus:text:1999.01.0258:book=6:chapter=2","L59 card.ancient_greece.059.c4","","","","","","","corroborated","Wikipedia's Cosmopolitanism credits Diogenes with the phrase citizen of the world (kosmopolites). (https://en.wikipedia.org/wiki/Cosmopolitanism https://iep.utm.edu/cynics/)",""
"fact.ancient_greece.thinkers_diogenes_cosmopolitan","source.iep_cynics","unverified","Asked where he came from, Diogenes said, “I am a citizen of the world.”","https://iep.utm.edu/cynics/","L59 card.ancient_greece.059.c4","","","","","","","corroborated","Wikipedia's Cosmopolitanism credits Diogenes with the phrase citizen of the world (kosmopolites). (https://en.wikipedia.org/wiki/Cosmopolitanism https://iep.utm.edu/cynics/)",""
"fact.ancient_greece.thinkers_crates_zeno","source.iep_cynics","unverified","Diogenes taught Crates, and Crates taught Zeno of Citium, the founder of Stoicism.","https://iep.utm.edu/cynics/","L59 card.ancient_greece.059.c5","L59 question.ancient_greece.059.q3","","","","","","corroborated","Wikipedia's Crates of Thebes: pupil of Diogenes and teacher of Zeno of Citium. (https://en.wikipedia.org/wiki/Crates_of_Thebes)","one-page weak-pages"
"fact.ancient_greece.thinkers_crates_zeno","source.brit_zeno_citium","unverified","Diogenes taught Crates, and Crates taught Zeno of Citium, the founder of Stoicism.","https://www.britannica.com/biography/Zeno-of-Citium","L59 card.ancient_greece.059.c5","L59 question.ancient_greece.059.q3","","","","","","corroborated","Wikipedia's Crates of Thebes: pupil of Diogenes and teacher of Zeno of Citium. (https://en.wikipedia.org/wiki/Crates_of_Thebes)","one-page weak-pages"
"fact.ancient_greece.thinkers_teacher_chain","source.brit_plato","unverified","Socrates taught Plato, and Plato taught Aristotle.","https://www.britannica.com/biography/Plato","L60 card.ancient_greece.060.c1","L60 question.ancient_greece.060.q4","","","","","","corroborated","Wikipedia's Plato: student of Socrates and teacher of Aristotle. (https://en.wikipedia.org/wiki/Plato)","one-page weak-pages"
"fact.ancient_greece.thinkers_teacher_chain","source.brit_aristotle","unverified","Socrates taught Plato, and Plato taught Aristotle.","https://www.britannica.com/biography/Aristotle","L60 card.ancient_greece.060.c1","L60 question.ancient_greece.060.q4","","","","","","corroborated","Wikipedia's Plato: student of Socrates and teacher of Aristotle. (https://en.wikipedia.org/wiki/Plato)","one-page weak-pages"
"fact.ancient_greece.euclid_alexandria_300","source.brit_euclid","unverified","Euclid, the most prominent mathematician of Greco-Roman antiquity, worked in Alexandria, Egypt, around 300 BCE.","https://www.britannica.com/biography/Euclid-Greek-mathematician","L61 card.ancient_greece.061.c1; L61 card.ancient_greece.061.c2","L61 question.ancient_greece.061.q1; L61 question.ancient_greece.061.q3; L63 question.ancient_greece.063.q3; L69 question.ancient_greece.069.q3; L70 question.ancient_greece.070.q1; L70 question.ancient_greece.070.q5","","","","","","corroborated","MacTutor and other histories place Euclid in Alexandria around 300 BCE. (https://mathshistory.st-andrews.ac.uk/Biographies/Euclid/ https://en.wikipedia.org/wiki/Euclid)",""
"fact.ancient_greece.euclid_alexandria_300","source.mactutor_euclid","unverified","Euclid, the most prominent mathematician of Greco-Roman antiquity, worked in Alexandria, Egypt, around 300 BCE.","https://mathshistory.st-andrews.ac.uk/Biographies/Euclid/","L61 card.ancient_greece.061.c1; L61 card.ancient_greece.061.c2","L61 question.ancient_greece.061.q1; L61 question.ancient_greece.061.q3; L63 question.ancient_greece.063.q3; L69 question.ancient_greece.069.q3; L70 question.ancient_greece.070.q1; L70 question.ancient_greece.070.q5","","","","","","corroborated","MacTutor and other histories place Euclid in Alexandria around 300 BCE. (https://mathshistory.st-andrews.ac.uk/Biographies/Euclid/ https://en.wikipedia.org/wiki/Euclid)",""
"fact.ancient_greece.euclid_book1_starting_points","source.brit_euclid","unverified","Book I of Euclid’s Elements opens with 23 definitions, such as “A point is that which has no part”, then five postulates and five common notions, accepted without proof.","https://www.britannica.com/biography/Euclid-Greek-mathematician","L61 card.ancient_greece.061.c2","L61 question.ancient_greece.061.q1; L61 question.ancient_greece.061.q3; L63 question.ancient_greece.063.q3; L69 question.ancient_greece.069.q3; L70 question.ancient_greece.070.q1; L70 question.ancient_greece.070.q5","","","","","","corroborated","Joyce's edition lists 23 definitions, 5 postulates and 5 common notions in Book I; Definition 1 reads 'A point is that which has no part.' (https://mathcs.clarku.edu/~djoyce/java/elements/bookI/bookI.html https://www.britannica.com/topic/Elements-by-Euclid)",""
"fact.ancient_greece.euclid_book1_starting_points","source.clarku_euclid_book1","unverified","Book I of Euclid’s Elements opens with 23 definitions, such as “A point is that which has no part”, then five postulates and five common notions, accepted without proof.","https://mathcs.clarku.edu/~djoyce/java/elements/bookI/bookI.html","L61 card.ancient_greece.061.c2","L61 question.ancient_greece.061.q1; L61 question.ancient_greece.061.q3; L63 question.ancient_greece.063.q3; L69 question.ancient_greece.069.q3; L70 question.ancient_greece.070.q1; L70 question.ancient_greece.070.q5","","","","","","corroborated","Joyce's edition lists 23 definitions, 5 postulates and 5 common notions in Book I; Definition 1 reads 'A point is that which has no part.' (https://mathcs.clarku.edu/~djoyce/java/elements/bookI/bookI.html https://www.britannica.com/topic/Elements-by-Euclid)",""
"fact.ancient_greece.euclid_deductive_proof","source.brit_euclid_elements","unverified","The Elements proves its results step by step from its definitions, postulates and common notions, setting a standard for deductive reasoning.","https://www.britannica.com/topic/Elements-by-Euclid","L61 card.ancient_greece.061.c2; L61 card.ancient_greece.061.c3; L70 card.ancient_greece.070.c3","L61 question.ancient_greece.061.q1; L61 question.ancient_greece.061.q2; L61 question.ancient_greece.061.q3; L63 question.ancient_greece.063.q3; L69 question.ancient_greece.069.q3; L70 question.ancient_greece.070.q1; L70 question.ancient_greece.070.q5","","","","","","corroborated","Britannica and MacTutor describe the Elements as a deductive system built from definitions, postulates and common notions. (https://mathshistory.st-andrews.ac.uk/Biographies/Euclid/ https://mathcs.clarku.edu/~djoyce/java/elements/bookI/bookI.html)",""
"fact.ancient_greece.euclid_compiled_earlier_work","source.brit_euclid","unverified","Euclid compiled the Elements from the work of earlier mathematicians, but the design of the whole work was his own.","https://www.britannica.com/biography/Euclid-Greek-mathematician","L61 card.ancient_greece.061.c3","L61 question.ancient_greece.061.q2","","","","","","corroborated","MacTutor: Euclid based the Elements on previous works, including theorems of Eudoxus and Theaetetus. (https://mathshistory.st-andrews.ac.uk/Biographies/Euclid/)","one-page"
"fact.ancient_greece.euclid_13_books","source.brit_euclid_elements","unverified","The Elements has 13 books, covering plane geometry, numbers and solid (three-dimensional) figures.","https://www.britannica.com/topic/Elements-by-Euclid","L61 card.ancient_greece.061.c3","L61 question.ancient_greece.061.q2","","","","","","corroborated","MacTutor: 'The Elements is divided into 13 books', covering plane geometry, number theory and solid geometry. (https://mathshistory.st-andrews.ac.uk/Biographies/Euclid/)","one-page"
"fact.ancient_greece.euclid_1000_editions","source.mactutor_euclid","unverified","More than 1,000 editions of the Elements have been published since it was first printed in 1482.","https://mathshistory.st-andrews.ac.uk/Biographies/Euclid/","L61 card.ancient_greece.061.c4","","","","","","","corroborated","Commonly cited figure: over 1,000 editions since the 1482 Venice first printing. (https://en.wikipedia.org/wiki/Euclid%27s_Elements)","one-page weak-pages"
"fact.ancient_greece.euclid_2000_years","source.brit_euclid_elements","unverified","The Elements set a standard for proof and for teaching geometry that lasted, practically unchanged, for more than 2,000 years.","https://www.britannica.com/topic/Elements-by-Euclid","L61 card.ancient_greece.061.c1; L61 card.ancient_greece.061.c4","","","","","","","corroborated","MacTutor: the Elements influenced Western mathematics for more than 2,000 years. (https://mathshistory.st-andrews.ac.uk/Biographies/Euclid/)","one-page"
"fact.ancient_greece.euclid_royal_road","source.mactutor_euclid","unverified","Proclus, writing centuries after Euclid, tells that King Ptolemy asked for a shorter way to geometry than the Elements; Euclid replied there was no royal road.","https://mathshistory.st-andrews.ac.uk/Biographies/Euclid/","L61 card.ancient_greece.061.c5","","","","","","","corroborated","Britannica and MacTutor both relate the 'no royal road' reply to Ptolemy; MacTutor attributes the story to Proclus (5th century CE). (https://www.britannica.com/biography/Euclid-Greek-mathematician https://mathshistory.st-andrews.ac.uk/Biographies/Proclus/)",""
"fact.ancient_greece.euclid_royal_road","source.brit_euclid","unverified","Proclus, writing centuries after Euclid, tells that King Ptolemy asked for a shorter way to geometry than the Elements; Euclid replied there was no royal road.","https://www.britannica.com/biography/Euclid-Greek-mathematician","L61 card.ancient_greece.061.c5","","","","","","","corroborated","Britannica and MacTutor both relate the 'no royal road' reply to Ptolemy; MacTutor attributes the story to Proclus (5th century CE). (https://www.britannica.com/biography/Euclid-Greek-mathematician https://mathshistory.st-andrews.ac.uk/Biographies/Proclus/)",""
"fact.ancient_greece.archimedes_syracuse_life","source.brit_archimedes","unverified","Archimedes lived in Syracuse, on Sicily, from about 287 BCE until 212 or 211 BCE.","https://www.britannica.com/biography/Archimedes","L62 card.ancient_greece.062.c2","L62 question.ancient_greece.062.q1; L62 question.ancient_greece.062.q3; L64 question.ancient_greece.064.q3","","","","","","corroborated","MacTutor: born 287 BC Syracuse, died 212 BC Syracuse. (https://mathshistory.st-andrews.ac.uk/Biographies/Archimedes/)","one-page"
"fact.ancient_greece.archimedes_law_of_lever","source.brit_archimedes","unverified","Archimedes showed that weights balance on a lever at distances from the pivot in inverse proportion to the weights.","https://www.britannica.com/biography/Archimedes","L62 card.ancient_greece.062.c2; L62 card.ancient_greece.062.c3; L70 card.ancient_greece.070.c3","L62 question.ancient_greece.062.q1; L62 question.ancient_greece.062.q3; L64 question.ancient_greece.064.q3","","","","","","corroborated","On the Equilibrium of Planes states the law of the lever: magnitudes balance at distances reciprocally proportional to their weights. (https://en.wikipedia.org/wiki/On_the_Equilibrium_of_Planes https://math.nyu.edu/Archimedes/Lever/LeverIntro.html)",""
"fact.ancient_greece.archimedes_place_to_stand","source.nyu_archimedes_lever","unverified","“Give me a place to stand and I will move the Earth” is quoted by Pappus of Alexandria around 340 CE; it is probably not Archimedes’ own words.","https://math.nyu.edu/Archimedes/Lever/LeverIntro.html","L62 card.ancient_greece.062.c3","","","","","","","corroborated","Pappus, Synagoge Book VIII (c. 340 CE), quotes the saying; Britannica calls it apocryphal. (https://www.britannica.com/biography/Archimedes https://todayinsci.com/A/Archimedes/Archimedes-Quotations.htm)",""
"fact.ancient_greece.archimedes_place_to_stand","source.brit_archimedes","unverified","“Give me a place to stand and I will move the Earth” is quoted by Pappus of Alexandria around 340 CE; it is probably not Archimedes’ own words.","https://www.britannica.com/biography/Archimedes","L62 card.ancient_greece.062.c3","","","","","","","corroborated","Pappus, Synagoge Book VIII (c. 340 CE), quotes the saying; Britannica calls it apocryphal. (https://www.britannica.com/biography/Archimedes https://todayinsci.com/A/Archimedes/Archimedes-Quotations.htm)",""
"fact.ancient_greece.archimedes_floating_bodies","source.brit_archimedes","unverified","In On Floating Bodies, Archimedes showed that a solid denser than a fluid, immersed in it, is lighter by the weight of the fluid it displaces.","https://www.britannica.com/biography/Archimedes","L62 card.ancient_greece.062.c4","L62 question.ancient_greece.062.q2; L66 question.ancient_greece.066.q3","","","","","","corroborated","MacTutor: Archimedes' principle, giving the weight of a body immersed in a liquid, is in On Floating Bodies. (https://mathshistory.st-andrews.ac.uk/Biographies/Archimedes/ https://www.britannica.com/science/Archimedes-principle)",""
"fact.ancient_greece.archimedes_wreath_story","source.brit_archimedes","unverified","Vitruvius tells how Archimedes tested King Hiero’s gold wreath for silver; the water test is probably true, but the naked “Eureka!” run is later embellishment.","https://www.britannica.com/biography/Archimedes","L62 card.ancient_greece.062.c1; L62 card.ancient_greece.062.c4","L62 question.ancient_greece.062.q2; L66 question.ancient_greece.066.q3","","","","","","corroborated","Rorres: Vitruvius (1st century BCE) relates the crown story; Britannica: the weighing in water is probably true, the naked run is embellishment. (https://www.math.nyu.edu/~crorres/Archimedes/Crown/CrownIntro.html https://www.britannica.com/biography/Archimedes)",""
"fact.ancient_greece.archimedes_wreath_story","source.nyu_archimedes_crown","unverified","Vitruvius tells how Archimedes tested King Hiero’s gold wreath for silver; the water test is probably true, but the naked “Eureka!” run is later embellishment.","https://www.math.nyu.edu/~crorres/Archimedes/Crown/CrownIntro.html","L62 card.ancient_greece.062.c1; L62 card.ancient_greece.062.c4","L62 question.ancient_greece.062.q2; L66 question.ancient_greece.066.q3","","","","","","corroborated","Rorres: Vitruvius (1st century BCE) relates the crown story; Britannica: the weighing in water is probably true, the naked run is embellishment. (https://www.math.nyu.edu/~crorres/Archimedes/Crown/CrownIntro.html https://www.britannica.com/biography/Archimedes)",""
"fact.ancient_greece.archimedes_death_syracuse","source.brit_archimedes","unverified","Archimedes’ war machines long delayed the Roman capture of Syracuse; when the city fell in 212 or 211 BCE, he was killed.","https://www.britannica.com/biography/Archimedes","L62 card.ancient_greece.062.c5; L70 card.ancient_greece.070.c1","","","","","","","corroborated","MacTutor quotes Plutarch: his engines hurled missiles and stones at the Romans; a soldier killed him when Syracuse fell. (https://mathshistory.st-andrews.ac.uk/Biographies/Archimedes/)","one-page"
"fact.ancient_greece.archimedes_death_syracuse","source.mactutor_archimedes","unverified","Archimedes’ war machines long delayed the Roman capture of Syracuse; when the city fell in 212 or 211 BCE, he was killed.","https://mathshistory.st-andrews.ac.uk/Biographies/Archimedes/","L62 card.ancient_greece.062.c5; L70 card.ancient_greece.070.c1","","","","","","","corroborated","MacTutor quotes Plutarch: his engines hurled missiles and stones at the Romans; a soldier killed him when Syracuse fell. (https://mathshistory.st-andrews.ac.uk/Biographies/Archimedes/)","one-page"
"fact.ancient_greece.eratosthenes_cyrene_library","source.brit_eratosthenes","unverified","Eratosthenes, born in Cyrene about 276 BCE, settled in Alexandria and became director of its great library.","https://www.britannica.com/biography/Eratosthenes","L63 card.ancient_greece.063.c2","L68 question.ancient_greece.068.q3","","","","","","corroborated","MacTutor: Eratosthenes became the third librarian at Alexandria in about 240 BC. (https://mathshistory.st-andrews.ac.uk/Biographies/Eratosthenes/)","one-page"
"fact.ancient_greece.eratosthenes_cyrene_library","source.mactutor_eratosthenes","unverified","Eratosthenes, born in Cyrene about 276 BCE, settled in Alexandria and became director of its great library.","https://mathshistory.st-andrews.ac.uk/Biographies/Eratosthenes/","L63 card.ancient_greece.063.c2","L68 question.ancient_greece.068.q3","","","","","","corroborated","MacTutor: Eratosthenes became the third librarian at Alexandria in about 240 BC. (https://mathshistory.st-andrews.ac.uk/Biographies/Eratosthenes/)","one-page"
"fact.ancient_greece.eratosthenes_beta_nickname","source.mactutor_eratosthenes","unverified","Eratosthenes was nicknamed Beta: good in many fields but second best in each, like an all-round athlete taking second prizes.","https://mathshistory.st-andrews.ac.uk/Biographies/Eratosthenes/","L63 card.ancient_greece.063.c1; L63 card.ancient_greece.063.c2","L68 question.ancient_greece.068.q3","","","","","","corroborated","Widely reported: called Beta (and Pentathlos) because he was second best in many fields. (https://en.wikipedia.org/wiki/Eratosthenes https://www.britannica.com/biography/Eratosthenes)",""
"fact.ancient_greece.eratosthenes_syene_alexandria_angle","source.brit_eratosthenes","unverified","At noon on the summer solstice the Sun shone straight down at Syene, in southern Egypt, while at Alexandria it was about 7° from vertical, about 1/50 of a circle.","https://www.britannica.com/biography/Eratosthenes","L63 card.ancient_greece.063.c3; L70 card.ancient_greece.070.c3","L63 question.ancient_greece.063.q1; L63 question.ancient_greece.063.q2; L63 question.ancient_greece.063.q3","","","","","","corroborated","Britannica: vertical at Syene, about 7.2 degrees at Alexandria, which Eratosthenes gave as a fiftieth of a circle. (https://www.physics.unlv.edu/~jeffery/astro/ancient_astronomy/eratosthenes.html https://www.britannica.com/biography/Eratosthenes)",""
"fact.ancient_greece.eratosthenes_parallel_rays_euclid","source.unlv_eratosthenes","unverified","Eratosthenes assumed the Sun’s rays arrive parallel; by Euclid’s rule for a line crossing parallel lines, the angle at Alexandria equals the angle at Earth’s center.","https://www.physics.unlv.edu/~jeffery/astro/ancient_astronomy/eratosthenes.html","L63 card.ancient_greece.063.c3","L63 question.ancient_greece.063.q1; L63 question.ancient_greece.063.q2; L63 question.ancient_greece.063.q3","","","","","","corroborated","MacTutor: he assumed the Sun's rays were essentially parallel; educational pages explain the alternate-angle rule from Euclid. (https://mathshistory.st-andrews.ac.uk/Biographies/Eratosthenes/ https://www.coopertoons.com/education/eratosthenes/eratosthenes_earth.html)",""
"fact.ancient_greece.eratosthenes_parallel_rays_euclid","source.mactutor_eratosthenes","unverified","Eratosthenes assumed the Sun’s rays arrive parallel; by Euclid’s rule for a line crossing parallel lines, the angle at Alexandria equals the angle at Earth’s center.","https://mathshistory.st-andrews.ac.uk/Biographies/Eratosthenes/","L63 card.ancient_greece.063.c3","L63 question.ancient_greece.063.q1; L63 question.ancient_greece.063.q2; L63 question.ancient_greece.063.q3","","","","","","corroborated","MacTutor: he assumed the Sun's rays were essentially parallel; educational pages explain the alternate-angle rule from Euclid. (https://mathshistory.st-andrews.ac.uk/Biographies/Eratosthenes/ https://www.coopertoons.com/education/eratosthenes/eratosthenes_earth.html)",""
"fact.ancient_greece.eratosthenes_times_fifty","source.brit_eratosthenes","unverified","Since the angle was 1/50 of a circle, the Syene to Alexandria distance was 1/50 of Earth’s circumference; Eratosthenes got 250,000 stadia.","https://www.britannica.com/biography/Eratosthenes","L63 card.ancient_greece.063.c4; L70 card.ancient_greece.070.c3","","","","","","","corroborated","MacTutor gives Eratosthenes' circumference as 250,000 stadia. (https://mathshistory.st-andrews.ac.uk/Biographies/Eratosthenes/)","one-page"
"fact.ancient_greece.eratosthenes_times_fifty","source.mactutor_eratosthenes","unverified","Since the angle was 1/50 of a circle, the Syene to Alexandria distance was 1/50 of Earth’s circumference; Eratosthenes got 250,000 stadia.","https://mathshistory.st-andrews.ac.uk/Biographies/Eratosthenes/","L63 card.ancient_greece.063.c4; L70 card.ancient_greece.070.c3","","","","","","","corroborated","MacTutor gives Eratosthenes' circumference as 250,000 stadia. (https://mathshistory.st-andrews.ac.uk/Biographies/Eratosthenes/)","one-page"
"fact.ancient_greece.eratosthenes_error_range","source.brit_eratosthenes","unverified","How accurate Eratosthenes was depends on the length of his stadion; estimates of his error run from 0.5 to 17 percent.","https://www.britannica.com/biography/Eratosthenes","L63 card.ancient_greece.063.c4","","","","","","","corroborated","Britannica gives a 0.5 to 17 percent range; other sources agree accuracy hinges on the stadion's length. (https://en.wikipedia.org/wiki/Eratosthenes https://www.britannica.com/biography/Eratosthenes)",""
"fact.ancient_greece.astronomy_eudoxus_spheres","source.brit_eudoxus","unverified","Eudoxus of Cnidus (4th century BCE) modeled the heavens with 27 spheres around Earth: one for the stars, three each for Sun and Moon, four per planet.","https://www.britannica.com/biography/Eudoxus-of-Cnidus","L64 card.ancient_greece.064.c1; L64 card.ancient_greece.064.c2","L64 question.ancient_greece.064.q1","","","","","","corroborated","Multiple accounts give Eudoxus 27 concentric spheres: 1 for the stars, 3 each for Sun and Moon, 4 each for five planets. (https://www.britannica.com/science/theory-of-homocentric-spheres https://www.astronomy.ohio-state.edu/pogge.1/Ast161/Unit3/greek.html)",""
"fact.ancient_greece.astronomy_uniform_circles_until_kepler","source.brit_eudoxus","unverified","Eudoxus’s rule that every heavenly motion is uniform and circular, endorsed by Aristotle, remained orthodox until Kepler in the 1600s.","https://www.britannica.com/biography/Eudoxus-of-Cnidus","L64 card.ancient_greece.064.c2","L64 question.ancient_greece.064.q1","","","","","","corroborated","Uniform circular motion remained the standard assumption until Kepler's elliptical orbits in the 17th century. (https://www.britannica.com/science/theory-of-homocentric-spheres https://en.wikipedia.org/wiki/Eudoxus_of_Cnidus)",""
"fact.ancient_greece.astronomy_aristarchus_sun_center","source.brit_aristarchus","unverified","Aristarchus of Samos (about 310 to 230 BCE) proposed that the Sun, not Earth, is at the center, with Earth moving around it.","https://www.britannica.com/biography/Aristarchus-of-Samos","L64 card.ancient_greece.064.c1; L64 card.ancient_greece.064.c3","L64 question.ancient_greece.064.q3","","","","","","corroborated","MacTutor on Archimedes' Sand-Reckoner: Aristarchus proposed a system with the Sun at the center and Earth revolving round it. (https://mathshistory.st-andrews.ac.uk/Biographies/Archimedes/ https://www.worldhistory.org/Aristarchus_of_Samos/)",""
"fact.ancient_greece.astronomy_sand_reckoner","source.brit_archimedes","unverified","Archimedes’ Sand-Reckoner gives the most detailed surviving description of Aristarchus’s idea, noting it would make the universe vastly larger.","https://www.britannica.com/biography/Archimedes","L64 card.ancient_greece.064.c3","L64 question.ancient_greece.064.q3","","","","","","corroborated","MacTutor confirms the Sand-Reckoner reports Aristarchus's Sun-centered system. (https://mathshistory.st-andrews.ac.uk/Biographies/Archimedes/)","one-page"
"fact.ancient_greece.astronomy_sand_reckoner","source.brit_aristarchus","unverified","Archimedes’ Sand-Reckoner gives the most detailed surviving description of Aristarchus’s idea, noting it would make the universe vastly larger.","https://www.britannica.com/biography/Aristarchus-of-Samos","L64 card.ancient_greece.064.c3","L64 question.ancient_greece.064.q3","","","","","","corroborated","MacTutor confirms the Sand-Reckoner reports Aristarchus's Sun-centered system. (https://mathshistory.st-andrews.ac.uk/Biographies/Archimedes/)","one-page"
"fact.ancient_greece.astronomy_no_star_shift","source.brit_aristarchus","unverified","The Sun-centered idea won little support because its backers couldn’t explain why the stars showed no shift as Earth moved.","https://www.britannica.com/biography/Aristarchus-of-Samos","L64 card.ancient_greece.064.c4","L64 question.ancient_greece.064.q2","","","","","","corroborated","Accounts of Aristarchus note the absence of observable stellar parallax as the main objection. (https://www.worldhistory.org/Aristarchus_of_Samos/ https://en.wikipedia.org/wiki/Aristarchus_of_Samos)",""
"fact.ancient_greece.astronomy_hipparchus_catalog","source.brit_hipparchus","unverified","Hipparchus, working in the 2nd century BCE, catalogued the positions of about 850 stars.","https://www.britannica.com/biography/Hipparchus-Greek-astronomer","L64 card.ancient_greece.064.c5","","","","","","","corroborated","Hipparchus's catalog of about 850 stars, completed around 129 BCE. (https://pages.uoregon.edu/jschombe/glossary/hipparchus.html https://en.wikipedia.org/wiki/Hipparchus_star_catalog)",""
"fact.ancient_greece.astronomy_hipparchus_precession","source.brit_hipparchus","unverified","Comparing his observations with ones from the 5th and 3rd centuries BCE, Hipparchus found stars had shifted about 2°: the precession of the equinoxes.","https://www.britannica.com/biography/Hipparchus-Greek-astronomer","L64 card.ancient_greece.064.c5; L70 card.ancient_greece.070.c3; L70 card.ancient_greece.070.c4","","","","","","","corroborated","Hipparchus compared Spica's position with Timocharis's measurement about 150 years earlier and found a shift of about 2 degrees. (https://en.wikipedia.org/wiki/Timocharis_of_Alexandria https://pages.uoregon.edu/jschombe/glossary/hipparchus.html)",""
"fact.ancient_greece.astronomy_ptolemy_uses_hipparchus","source.brit_ptolemy","unverified","Ptolemy’s Almagest, completed about 150 CE, kept Earth at the center and relied on Hipparchus’s work.","https://www.britannica.com/biography/Ptolemy","L64 card.ancient_greece.064.c5","","","","","","","corroborated","Britannica (Ptolemy): Almagest completed about 150 CE, Earth a stationary sphere at the center, crediting Hipparchus. (https://www.britannica.com/biography/Ptolemy https://en.wikipedia.org/wiki/Almagest)",""
"fact.ancient_greece.astronomy_ptolemy_uses_hipparchus","source.brit_hipparchus","unverified","Ptolemy’s Almagest, completed about 150 CE, kept Earth at the center and relied on Hipparchus’s work.","https://www.britannica.com/biography/Hipparchus-Greek-astronomer","L64 card.ancient_greece.064.c5","","","","","","","corroborated","Britannica (Ptolemy): Almagest completed about 150 CE, Earth a stationary sphere at the center, crediting Hipparchus. (https://www.britannica.com/biography/Ptolemy https://en.wikipedia.org/wiki/Almagest)",""
"fact.ancient_greece.antikythera_wreck_1901","source.brit_antikythera","unverified","In 1901 sponge divers recovered the Antikythera mechanism from the wreck of a trading ship that sank in the first half of the 1st century BCE.","https://www.britannica.com/topic/Antikythera-mechanism","L65 card.ancient_greece.065.c1; L65 card.ancient_greece.065.c2","L65 question.ancient_greece.065.q3","","","","","","corroborated","WHOI: 'In 1901, the Mechanism was the sponge divers' most extraordinary find.' (https://antikythera.whoi.edu/artifacts/antikythera-mechanism https://www.history.com/articles/antikythera-mechanism-ancient-computer-secrets)",""
"fact.ancient_greece.antikythera_wreck_1901","source.whoi_antikythera","unverified","In 1901 sponge divers recovered the Antikythera mechanism from the wreck of a trading ship that sank in the first half of the 1st century BCE.","https://antikythera.whoi.edu/artifacts/antikythera-mechanism","L65 card.ancient_greece.065.c1; L65 card.ancient_greece.065.c2","L65 question.ancient_greece.065.q3","","","","","","corroborated","WHOI: 'In 1901, the Mechanism was the sponge divers' most extraordinary find.' (https://antikythera.whoi.edu/artifacts/antikythera-mechanism https://www.history.com/articles/antikythera-mechanism-ancient-computer-secrets)",""
"fact.ancient_greece.antikythera_made_100_bce","source.brit_antikythera","unverified","The Antikythera mechanism was made around 100 BCE, give or take 30 years.","https://www.britannica.com/topic/Antikythera-mechanism","L65 card.ancient_greece.065.c2","L65 question.ancient_greece.065.q3","","","","","","corroborated","WHOI dates the machine to the end of the 2nd century BCE, consistent with about 100 BCE. (https://antikythera.whoi.edu/artifacts/antikythera-mechanism)","one-page"
"fact.ancient_greece.antikythera_30_gears","source.brit_antikythera","unverified","X-ray images showed that the surviving fragments contain 30 bronze gear wheels.","https://www.britannica.com/topic/Antikythera-mechanism","L65 card.ancient_greece.065.c3","L65 question.ancient_greece.065.q1; L70 question.ancient_greece.070.q2","","","","","","corroborated","Other accounts also report at least 30 surviving bronze gears. (https://en.wikipedia.org/wiki/Antikythera_mechanism https://www.scientificamerican.com/article/an-ancient-greek-astronomical-calculation-machine-reveals-new-secrets/)",""
"fact.ancient_greece.antikythera_crank_displays","source.brit_antikythera","unverified","Turned by a hand crank, the mechanism showed the Sun and Moon in the zodiac, the Moon’s phases on a half-silvered ball, and predicted eclipses.","https://www.britannica.com/topic/Antikythera-mechanism","L65 card.ancient_greece.065.c3; L65 card.ancient_greece.065.c4","L65 question.ancient_greece.065.q1; L70 question.ancient_greece.070.q2","","","","","","corroborated","The hand-cranked device tracked the Sun and Moon, lunar phases and eclipse cycles. (https://en.wikipedia.org/wiki/Antikythera_mechanism https://www.history.com/articles/antikythera-mechanism-ancient-computer-secrets)",""
"fact.ancient_greece.antikythera_games_dial","source.brit_antikythera","unverified","The Antikythera mechanism also showed when the Panhellenic games, including the ancient Olympic Games, would take place.","https://www.britannica.com/topic/Antikythera-mechanism","L65 card.ancient_greece.065.c4","","","","","","","corroborated","A subsidiary dial tracked the four-year Olympiad cycle and other Panhellenic games. (https://en.wikipedia.org/wiki/Antikythera_mechanism https://www.scientificamerican.com/article/an-ancient-greek-astronomical-calculation-machine-reveals-new-secrets/)",""
"fact.ancient_greece.antikythera_unmatched","source.brit_antikythera","unverified","No geared mechanism as complex is known from the ancient world, or until medieval cathedral clocks about a thousand years later.","https://www.britannica.com/topic/Antikythera-mechanism","L65 card.ancient_greece.065.c1; L65 card.ancient_greece.065.c5","L65 question.ancient_greece.065.q2","","","","","","corroborated","WHOI: for a thousand years after the fall of Rome, nothing as complex was produced. (https://antikythera.whoi.edu/artifacts/antikythera-mechanism)","one-page"
"fact.ancient_greece.antikythera_unmatched","source.whoi_antikythera","unverified","No geared mechanism as complex is known from the ancient world, or until medieval cathedral clocks about a thousand years later.","https://antikythera.whoi.edu/artifacts/antikythera-mechanism","L65 card.ancient_greece.065.c1; L65 card.ancient_greece.065.c5","L65 question.ancient_greece.065.q2","","","","","","corroborated","WHOI: for a thousand years after the fall of Rome, nothing as complex was produced. (https://antikythera.whoi.edu/artifacts/antikythera-mechanism)","one-page"
"fact.ancient_greece.hippocrates_cos_life","source.brit_hippocrates","unverified","Hippocrates lived from about 460 to about 375 BCE and worked on the island of Cos; Plato mentions him as an admired physician and teacher.","https://www.britannica.com/biography/Hippocrates","L66 card.ancient_greece.066.c2","L66 question.ancient_greece.066.q2; L66 question.ancient_greece.066.q3","","","","","","corroborated","Live Science and NLM: Hippocrates of Kos, about 460 to 375 BCE. (https://www.livescience.com/62515-hippocrates.html https://www.nlm.nih.gov/hmd/topics/greek-medicine/index.html)",""
"fact.ancient_greece.hippocrates_life_and_tales","source.brit_hippocrates","unverified","Facts about Hippocrates’ life are hard to separate from tales told about him later.","https://www.britannica.com/biography/Hippocrates","L66 card.ancient_greece.066.c2","L66 question.ancient_greece.066.q2; L66 question.ancient_greece.066.q3","","","","","","corroborated","Scholars note little is securely known of Hippocrates' life; much is later tradition. (https://www.livescience.com/62515-hippocrates.html)","one-page"
"fact.ancient_greece.hippocratic_corpus_60","source.brit_hippocrates","unverified","About 60 medical writings survive under Hippocrates’ name, and most of them were not written by him.","https://www.britannica.com/biography/Hippocrates","L66 card.ancient_greece.066.c2","L66 question.ancient_greece.066.q2; L66 question.ancient_greece.066.q3","","","","","","corroborated","The Hippocratic Corpus has around 60 works of varied, largely unknown authorship. (https://en.wikipedia.org/wiki/Hippocratic_Corpus https://www.ebsco.com/research-starters/history/works-hippocrates)",""
"fact.ancient_greece.hippocratic_sacred_disease","source.mit_classics_sacred_disease","unverified","The Hippocratic On the Sacred Disease says epilepsy is “nowise more divine nor more sacred than other diseases, but has a natural cause”, in the brain.","http://classics.mit.edu/Hippocrates/sacred.html","L66 card.ancient_greece.066.c1; L66 card.ancient_greece.066.c3; L70 card.ancient_greece.070.c3; L70 card.ancient_greece.070.c4","L66 question.ancient_greece.066.q1","","","","","","corroborated","Accounts of On the Sacred Disease: epilepsy has a natural cause, seated in the brain, and is no more divine than other diseases. (https://en.wikipedia.org/wiki/On_the_Sacred_Disease https://www.ncbi.nlm.nih.gov/pmc/articles/PMC5115082/)",""
"fact.ancient_greece.hippocratic_blamed_gods_excuse","source.mit_classics_sacred_disease","unverified","On the Sacred Disease says those who called epilepsy sacred used the gods as a screen for their own inability to cure it.","http://classics.mit.edu/Hippocrates/sacred.html","L66 card.ancient_greece.066.c1; L66 card.ancient_greece.066.c3","L66 question.ancient_greece.066.q1","","","","","","corroborated","The treatise attacks magicians and purifiers who invoked the divine to hide their helplessness. (https://en.wikipedia.org/wiki/On_the_Sacred_Disease)","one-page weak-pages"
"fact.ancient_greece.hippocratic_case_histories","source.brit_hippocrates","unverified","Hippocratic writings include case histories, and diagnosis and prognosis are frequent subjects in them.","https://www.britannica.com/biography/Hippocrates","L66 card.ancient_greece.066.c4","","","","","","","corroborated","Hippocratic works such as Epidemics contain case histories and stress prognosis. (https://en.wikipedia.org/wiki/Hippocratic_Corpus)","one-page weak-pages"
"fact.ancient_greece.hippocratic_four_humors","source.carleton_nature_of_man","unverified","The Hippocratic treatise On the Nature of Man (about 400 BCE) taught that health is a balance of four humors: blood, phlegm, yellow bile and black bile.","https://earlymoderneurope.hist.sites.carleton.edu/items/show/137","L66 card.ancient_greece.066.c4; L70 card.ancient_greece.070.c4","","","","","","","corroborated","On the Nature of Man sets out the four humors and health as their right proportion. (https://en.wikipedia.org/wiki/On_the_Nature_of_Man https://www.gavi.org/vaccineswork/funny-science-hippocratic-medicine-and-four-humours)",""
"fact.ancient_greece.hippocratic_four_humors","source.brit_humor","unverified","The Hippocratic treatise On the Nature of Man (about 400 BCE) taught that health is a balance of four humors: blood, phlegm, yellow bile and black bile.","https://www.britannica.com/science/humor-ancient-physiology","L66 card.ancient_greece.066.c4; L70 card.ancient_greece.070.c4","","","","","","","corroborated","On the Nature of Man sets out the four humors and health as their right proportion. (https://en.wikipedia.org/wiki/On_the_Nature_of_Man https://www.gavi.org/vaccineswork/funny-science-hippocratic-medicine-and-four-humours)",""
"fact.ancient_greece.hippocratic_humors_middle_ages","source.brit_humor","unverified","The theory of the four humors was still current in Europe’s Middle Ages.","https://www.britannica.com/science/humor-ancient-physiology","L66 card.ancient_greece.066.c4","","","","","","","corroborated","Humoral theory dominated European medicine through the Middle Ages and beyond. (https://en.wikipedia.org/wiki/Humorism)","one-page weak-pages"
"fact.ancient_greece.hippocratic_oath_today","source.brit_hippocratic_oath","unverified","The Hippocratic Oath, from about 400 BCE, was probably not written by Hippocrates; revised versions are still used at many medical school graduations.","https://www.britannica.com/topic/Hippocratic-oath","L66 card.ancient_greece.066.c5","","","","","","","corroborated","Authorship of the oath is uncertain; versions are still recited at medical school graduations. (https://www.ncbi.nlm.nih.gov/pmc/articles/PMC5115074/ https://www.livescience.com/62515-hippocrates.html)",""
"fact.ancient_greece.hippocratic_oath_today","source.brit_hippocrates","unverified","The Hippocratic Oath, from about 400 BCE, was probably not written by Hippocrates; revised versions are still used at many medical school graduations.","https://www.britannica.com/biography/Hippocrates","L66 card.ancient_greece.066.c5","","","","","","","corroborated","Authorship of the oath is uncertain; versions are still recited at medical school graduations. (https://www.ncbi.nlm.nih.gov/pmc/articles/PMC5115074/ https://www.livescience.com/62515-hippocrates.html)",""
"fact.ancient_greece.hippocratic_oath_contents","source.brit_hippocratic_oath","unverified","Doctors taking the Hippocratic Oath swore by Apollo and other gods to give only beneficial treatment and to keep patients’ secrets.","https://www.britannica.com/topic/Hippocratic-oath","L66 card.ancient_greece.066.c5","","","","","","","corroborated","The classical oath opens 'I swear by Apollo the physician' and includes commitments to benefit patients and keep confidences. (https://en.wikipedia.org/wiki/Hippocratic_Oath)","one-page weak-pages"
"fact.ancient_greece.atomism_leucippus_democritus","source.brit_democritus","unverified","Leucippus and his pupil Democritus, a citizen of Abdera born about 460 BCE, developed the theory of atoms.","https://www.britannica.com/biography/Democritus","L67 card.ancient_greece.067.c2; L70 card.ancient_greece.070.c3","L67 question.ancient_greece.067.q1; L70 question.ancient_greece.070.q4","","","","","","corroborated","SEP: Democritus was born about 460 BCE and was a citizen of Abdera; Leucippus and Democritus developed atomism. (https://plato.stanford.edu/entries/democritus/)","one-page"
"fact.ancient_greece.atomism_leucippus_democritus","source.sep_democritus","unverified","Leucippus and his pupil Democritus, a citizen of Abdera born about 460 BCE, developed the theory of atoms.","https://plato.stanford.edu/entries/democritus/","L67 card.ancient_greece.067.c2; L70 card.ancient_greece.070.c3","L67 question.ancient_greece.067.q1; L70 question.ancient_greece.070.q4","","","","","","corroborated","SEP: Democritus was born about 460 BCE and was a citizen of Abdera; Leucippus and Democritus developed atomism. (https://plato.stanford.edu/entries/democritus/)","one-page"
"fact.ancient_greece.atomism_uncuttable","source.brit_democritus","unverified","Democritus’s atoms were too small to be divided, hence the name atomon, “indivisible” or uncuttable.","https://www.britannica.com/biography/Democritus","L67 card.ancient_greece.067.c1; L67 card.ancient_greece.067.c2","L67 question.ancient_greece.067.q1","","","","","","corroborated","Atom derives from Greek atomos, 'uncuttable'. (https://www.etymonline.com/word/atom https://plato.stanford.edu/entries/democritus/)",""
"fact.ancient_greece.atomism_atoms_and_void","source.brit_democritus","unverified","For the atomists, everything is made of countless atoms moving through the void, an empty space.","https://www.britannica.com/biography/Democritus","L67 card.ancient_greece.067.c2","L67 question.ancient_greece.067.q1","","","","","","corroborated","SEP: atomists held that only atoms and void are real. (https://plato.stanford.edu/entries/democritus/)","one-page"
"fact.ancient_greece.atomism_shape_arrangement","source.brit_democritus","unverified","Atoms differ only in shape, arrangement, position and size; water and iron differ by how their atoms are arranged.","https://www.britannica.com/biography/Democritus","L67 card.ancient_greece.067.c3","L67 question.ancient_greece.067.q3","","","","","","corroborated","SEP reports Aristotle's account: atoms differ in shape, arrangement and position. (https://plato.stanford.edu/entries/democritus/)","one-page"
"fact.ancient_greece.atomism_letters_analogy","source.sep_democritus","unverified","Aristotle compared atoms to letters: A differs from N in shape, AN from NA in arrangement, and N from Z in position.","https://plato.stanford.edu/entries/democritus/","L67 card.ancient_greece.067.c3","L67 question.ancient_greece.067.q3","","","","","","corroborated","Aristotle, Metaphysics 985b, gives the letters A/N, AN/NA and N/Z to illustrate the atomists' differences. (https://en.wikipedia.org/wiki/Atomism)","one-page weak-pages"
"fact.ancient_greece.atomism_by_convention","source.sep_democritus","unverified","Democritus: “by convention sweet and by convention bitter, by convention hot, by convention cold, by convention color; but in reality atoms and void.”","https://plato.stanford.edu/entries/democritus/","L67 card.ancient_greece.067.c4","L67 question.ancient_greece.067.q2","","","","","","corroborated","Britannica paraphrases the same fragment: qualities exist by convention, reality is atoms and void. (https://www.britannica.com/biography/Democritus)","one-page"
"fact.ancient_greece.atomism_by_convention","source.brit_democritus","unverified","Democritus: “by convention sweet and by convention bitter, by convention hot, by convention cold, by convention color; but in reality atoms and void.”","https://www.britannica.com/biography/Democritus","L67 card.ancient_greece.067.c4","L67 question.ancient_greece.067.q2","","","","","","corroborated","Britannica paraphrases the same fragment: qualities exist by convention, reality is atoms and void. (https://www.britannica.com/biography/Democritus)","one-page"
"fact.ancient_greece.atomism_too_small_to_see","source.sep_democritus","unverified","The atoms seemed far too small to perceive, so no one could look at one to check the theory.","https://plato.stanford.edu/entries/democritus/","L67 card.ancient_greece.067.c5; L70 card.ancient_greece.070.c3","L70 question.ancient_greece.070.q4","","","","","","corroborated","Britannica: atoms are so small their size cannot be diminished; they are imperceptible. (https://www.britannica.com/biography/Democritus)","one-page"
"fact.ancient_greece.atomism_aristotle_rejected","source.brit_democritus","unverified","Aristotle rejected atomism, refusing to believe that all of reality comes down to atoms.","https://www.britannica.com/biography/Democritus","L67 card.ancient_greece.067.c5","L70 question.ancient_greece.070.q4","","","","","","corroborated","Aristotle argued against the atomists in several works; the theory was sidelined for centuries. (https://plato.stanford.edu/entries/democritus/)","one-page"
"fact.ancient_greece.mapmaking_anaximander_map","source.brit_anaximander","unverified","Anaximander of Miletus (about 610 to 546 BCE) drew a map of the known world, later corrected by his fellow Milesian Hecataeus.","https://www.britannica.com/biography/Anaximander","L68 card.ancient_greece.068.c2","L68 question.ancient_greece.068.q1; L70 question.ancient_greece.070.q5","","","","","","corroborated","Several histories of cartography credit Anaximander with an early world map later corrected and enlarged by Hecataeus. (https://en.wikipedia.org/wiki/Early_world_maps http://www.myoldmaps.com/maps-from-antiquity-6200-bc/108-hecataeus/108-hecataeus.pdf)",""
"fact.ancient_greece.mapmaking_anaximander_cylinder","source.brit_anaximander","unverified","Anaximander pictured Earth as a cylinder one-third as thick as it is wide, with people on its flat top, held up by nothing.","https://www.britannica.com/biography/Anaximander","L68 card.ancient_greece.068.c1; L68 card.ancient_greece.068.c2; L70 card.ancient_greece.070.c4","L68 question.ancient_greece.068.q1; L70 question.ancient_greece.070.q5","","","","","","corroborated","Accounts agree: Earth as a column drum whose thickness is one-third its diameter, floating unsupported at the center. (https://en.wikipedia.org/wiki/Anaximander https://iep.utm.edu/anaximander/)",""
"fact.ancient_greece.mapmaking_eratosthenes_geography","source.princeton_eratosthenes_geography","unverified","Eratosthenes invented geography as a discipline, creating its terms and probably the word geographia itself.","https://press.princeton.edu/books/hardcover/9780691142678/eratosthenes-geography","L68 card.ancient_greece.068.c3","L68 question.ancient_greece.068.q3","","","","","","corroborated","Eratosthenes is widely credited with coining 'geography'. (https://en.wikipedia.org/wiki/Eratosthenes https://mathshistory.st-andrews.ac.uk/Biographies/Eratosthenes/)",""
"fact.ancient_greece.mapmaking_eratosthenes_grid","source.princeton_eratosthenes_geography","unverified","Eratosthenes’ Geographika placed some 400 places, from Thoule (probably Iceland) to Taprobane (Sri Lanka), on a grid of parallels and meridians.","https://press.princeton.edu/books/hardcover/9780691142678/eratosthenes-geography","L68 card.ancient_greece.068.c3","L68 question.ancient_greece.068.q3","","","","","","corroborated","His map used a grid of parallels and meridians; the Geographika named about 400 places. (https://en.wikipedia.org/wiki/Eratosthenes https://www.academia.edu/48826591/Eratosthenes_map_of_the_oecumene)",""
"fact.ancient_greece.mapmaking_ptolemy_8000_places","source.brit_ptolemy","unverified","Ptolemy’s Geography, from the 2nd century CE, gave latitudes and longitudes in degrees for about 8,000 places.","https://www.britannica.com/biography/Ptolemy","L68 card.ancient_greece.068.c1; L68 card.ancient_greece.068.c4","L68 question.ancient_greece.068.q2","","","","","","corroborated","The Geography lists about 8,000 places with coordinates in degrees and minutes. (https://www.library.rochester.edu/rbscp/blog/ptolemy https://www.geographyrealm.com/ptolemys-geographia/)",""
"fact.ancient_greece.mapmaking_ptolemy_8000_places","source.rochester_ptolemy_geography","unverified","Ptolemy’s Geography, from the 2nd century CE, gave latitudes and longitudes in degrees for about 8,000 places.","https://www.library.rochester.edu/rbscp/blog/ptolemy","L68 card.ancient_greece.068.c1; L68 card.ancient_greece.068.c4","L68 question.ancient_greece.068.q2","","","","","","corroborated","The Geography lists about 8,000 places with coordinates in degrees and minutes. (https://www.library.rochester.edu/rbscp/blog/ptolemy https://www.geographyrealm.com/ptolemys-geographia/)",""
"fact.ancient_greece.mapmaking_ptolemy_latin","source.rochester_ptolemy_geography","unverified","Ptolemy’s Geography was translated into Latin between 1406 and 1409, and its latitude and longitude grid gave Renaissance mapmakers a framework.","https://www.library.rochester.edu/rbscp/blog/ptolemy","L68 card.ancient_greece.068.c4","L68 question.ancient_greece.068.q2","","","","","","corroborated","The Latin translation by Jacopo Angeli (1406 to 1409) sparked Renaissance interest in cartography. (https://www.geographyrealm.com/ptolemys-geographia/ http://www.ibiblio.org/expo/vatican.exhibit/exhibit/d-mathematics/Ptolemy_geo.html)",""
"fact.ancient_greece.mapmaking_ptolemy_latin","source.brit_ptolemy","unverified","Ptolemy’s Geography was translated into Latin between 1406 and 1409, and its latitude and longitude grid gave Renaissance mapmakers a framework.","https://www.britannica.com/biography/Ptolemy","L68 card.ancient_greece.068.c4","L68 question.ancient_greece.068.q2","","","","","","corroborated","The Latin translation by Jacopo Angeli (1406 to 1409) sparked Renaissance interest in cartography. (https://www.geographyrealm.com/ptolemys-geographia/ http://www.ibiblio.org/expo/vatican.exhibit/exhibit/d-mathematics/Ptolemy_geo.html)",""
"fact.ancient_greece.inventions_ctesibius_water_clock","source.brit_ctesibius","unverified","Ctesibius of Alexandria (about 270 BCE) improved the water clock: water dripping at a steady rate raised a float holding a pointer that marked the hours.","https://www.britannica.com/biography/Ctesibius-of-Alexandria","L69 card.ancient_greece.069.c2","L69 question.ancient_greece.069.q3","","","","","","corroborated","Accounts of Ctesibius's clepsydra describe a float carrying a pointer to mark the hours. (https://www.historyofinformation.com/detail.php?id=1946 https://www.encyclopedia.com/people/science-and-technology/technology-biographies/ctesibius)",""
"fact.ancient_greece.inventions_ctesibius_pump_organ","source.brit_ctesibius","unverified","Ctesibius also invented force pumps and a water organ, in which the weight of water forced air through the pipes.","https://www.britannica.com/biography/Ctesibius-of-Alexandria","L69 card.ancient_greece.069.c2","L69 question.ancient_greece.069.q3","","","","","","corroborated","Ctesibius is credited with the force pump and the hydraulis (water organ). (https://www.encyclopedia.com/people/science-and-technology/technology-biographies/ctesibius)","one-page"
"fact.ancient_greece.inventions_hero_aeolipile","source.brit_heron","unverified","Hero of Alexandria (about 62 CE) described the aeolipile, a sphere spun by steam escaping from two bent nozzles, used to power toys and amuse visitors.","https://www.britannica.com/biography/Heron-of-Alexandria","L69 card.ancient_greece.069.c1; L69 card.ancient_greece.069.c3","L69 question.ancient_greece.069.q1; L69 question.ancient_greece.069.q3; L70 question.ancient_greece.070.q5","","","","","","corroborated","The aeolipile, described in Hero's Pneumatica, spun by steam from bent nozzles and was regarded as a toy. (https://en.wikipedia.org/wiki/Aeolipile https://collection.sciencemuseumgroup.org.uk/objects/co50879/working-model-of-heros-aeolipile-and-steam-boiler-steam-turbines)",""
"fact.ancient_greece.inventions_hero_first_steam_engine","source.brit_heron","unverified","Hero’s aeolipile is counted as the first steam-powered engine.","https://www.britannica.com/biography/Heron-of-Alexandria","L69 card.ancient_greece.069.c1; L69 card.ancient_greece.069.c3","L69 question.ancient_greece.069.q1; L69 question.ancient_greece.069.q3; L70 question.ancient_greece.070.q5","","","","","","corroborated","The aeolipile is the earliest documented steam-powered device. (https://en.wikipedia.org/wiki/Aeolipile)","one-page weak-pages"
"fact.ancient_greece.inventions_hero_pneumatica","source.brit_heron","unverified","Hero’s Pneumatica describes coin-operated machines, singing birds and a fire engine.","https://www.britannica.com/biography/Heron-of-Alexandria","L69 card.ancient_greece.069.c3","L69 question.ancient_greece.069.q1; L69 question.ancient_greece.069.q3; L70 question.ancient_greece.070.q5","","","","","","corroborated","Hero's coin-operated device dispensed holy water; the Pneumatica also includes automata and a fire engine. (https://historyofinformation.com/detail.php?id=10 https://en.wikipedia.org/wiki/Hero_of_Alexandria)",""
"fact.ancient_greece.inventions_water_mill_poem","source.brit_energy_conversion_history","unverified","One of the oldest references to a water mill is a Greek poem celebrating that it freed the young women who ground grain in hand mills from their toil.","https://www.britannica.com/technology/energy-conversion/History-of-energy-conversion-technology","L69 card.ancient_greece.069.c4","L69 question.ancient_greece.069.q2","","","","","","corroborated","Antipater of Thessalonica's epigram tells the grinding women to rest because water nymphs now turn the millwheel. (https://en.wikipedia.org/wiki/Antipater_of_Thessalonica https://www.laphamsquarterly.org/technology/waterwheel)",""
"fact.ancient_greece.inventions_water_mill_spread","source.brit_energy_conversion_history","unverified","Easy to build and able to run in any fast stream, the water mill spread from Greece and was used throughout Europe by the end of the 3rd century CE.","https://www.britannica.com/technology/energy-conversion/History-of-energy-conversion-technology","L69 card.ancient_greece.069.c4","L69 question.ancient_greece.069.q2","","","","","","corroborated","Watermills spread across the Roman world and were widespread in Europe by late antiquity. (https://en.wikipedia.org/wiki/Watermill)","one-page weak-pages"
"fact.ancient_greece.sciencemath_archimedes_tomb","source.brit_archimedes","unverified","Archimedes proved a sphere has two-thirds the volume of the cylinder around it, and asked for a sphere in a cylinder on his tomb.","https://www.britannica.com/biography/Archimedes","L70 card.ancient_greece.070.c1; L70 card.ancient_greece.070.c2","L70 question.ancient_greece.070.q3","","","","","","corroborated","MacTutor quotes Cicero finding a column with a sphere and cylinder on the tomb. (https://mathshistory.st-andrews.ac.uk/Biographies/Archimedes/ https://en.wikipedia.org/wiki/On_the_Sphere_and_Cylinder)",""
"fact.ancient_greece.sciencemath_archimedes_tomb","source.mactutor_archimedes","unverified","Archimedes proved a sphere has two-thirds the volume of the cylinder around it, and asked for a sphere in a cylinder on his tomb.","https://mathshistory.st-andrews.ac.uk/Biographies/Archimedes/","L70 card.ancient_greece.070.c1; L70 card.ancient_greece.070.c2","L70 question.ancient_greece.070.q3","","","","","","corroborated","MacTutor quotes Cicero finding a column with a sphere and cylinder on the tomb. (https://mathshistory.st-andrews.ac.uk/Biographies/Archimedes/ https://en.wikipedia.org/wiki/On_the_Sphere_and_Cylinder)",""
"fact.ancient_greece.sciencemath_cicero_found_tomb","source.brit_archimedes","unverified","Cicero found Archimedes’ tomb, overgrown with plants, about a century and a half after his death.","https://www.britannica.com/biography/Archimedes","L70 card.ancient_greece.070.c2","L70 question.ancient_greece.070.q3","","","","","","corroborated","Cicero's Tusculan Disputations describes finding the overgrown tomb at Syracuse. (https://mathshistory.st-andrews.ac.uk/Biographies/Archimedes/)","one-page"
"fact.ancient_greece.sciencemath_cicero_found_tomb","source.mactutor_archimedes","unverified","Cicero found Archimedes’ tomb, overgrown with plants, about a century and a half after his death.","https://mathshistory.st-andrews.ac.uk/Biographies/Archimedes/","L70 card.ancient_greece.070.c2","L70 question.ancient_greece.070.q3","","","","","","corroborated","Cicero's Tusculan Disputations describes finding the overgrown tomb at Syracuse. (https://mathshistory.st-andrews.ac.uk/Biographies/Archimedes/)","one-page"
"fact.ancient_greece.sciencemath_plutarch_practical","source.brit_archimedes","unverified","According to Plutarch, Archimedes thought so little of practical inventions that he left no written work on them.","https://www.britannica.com/biography/Archimedes","L70 card.ancient_greece.070.c2","L70 question.ancient_greece.070.q3","","","","","","corroborated","MacTutor quotes Plutarch: he repudiated engineering as 'sordid and ignoble'. (https://mathshistory.st-andrews.ac.uk/Biographies/Archimedes/)","one-page"
"fact.ancient_greece.sciencemath_plutarch_practical","source.mactutor_archimedes","unverified","According to Plutarch, Archimedes thought so little of practical inventions that he left no written work on them.","https://mathshistory.st-andrews.ac.uk/Biographies/Archimedes/","L70 card.ancient_greece.070.c2","L70 question.ancient_greece.070.q3","","","","","","corroborated","MacTutor quotes Plutarch: he repudiated engineering as 'sordid and ignoble'. (https://mathshistory.st-andrews.ac.uk/Biographies/Archimedes/)","one-page"
"fact.ancient_greece.theater_dionysia_spring","source.brit_theatre_of_dionysus","unverified","Athens held its drama contests at the City Dionysia, the spring festival of the god Dionysus, in the Theatre of Dionysus on the Acropolis’s south slope.","https://www.britannica.com/place/Theatre-of-Dionysus","L71 card.ancient_greece.071.c1; L71 card.ancient_greece.071.c2","L71 question.ancient_greece.071.q1; L71 question.ancient_greece.071.q2; L78 question.ancient_greece.078.q3","","","","","","corroborated","The Acropolis Museum and Wikipedia describe the Theatre of Dionysus on the south slope and the spring City Dionysia with drama competitions. (https://www.theacropolismuseum.gr/en/sanctuaries/sanctuary-and-theatre-dionysos https://en.wikipedia.org/wiki/Dionysia)",""
"fact.ancient_greece.theater_god_watched","source.brit_theater_building","unverified","On festival days the image of Dionysus was carried from his nearby temple into the theater so that the god could be present at the plays.","https://www.britannica.com/art/theater-building","L71 card.ancient_greece.071.c1; L71 card.ancient_greece.071.c2","L71 question.ancient_greece.071.q1; L71 question.ancient_greece.071.q2; L78 question.ancient_greece.078.q3","","","","","","corroborated","Wikipedia (Dionysia) and Warwick classics notes: the statue of Dionysus Eleuthereus was brought to the theatre so the god could watch the plays. (https://en.wikipedia.org/wiki/Dionysia https://warwick.ac.uk/fac/arts/classics/intranets/students/modules/greekreligion/database/clunap/)",""
"fact.ancient_greece.theater_contest_format","source.worldhistory_greek_theatre","unverified","At the City Dionysia each chosen tragic poet entered three tragedies and a satyr play, and a panel of judges picked the winner.","https://www.worldhistory.org/Greek_Theatre/","L71 card.ancient_greece.071.c2","L71 question.ancient_greece.071.q1; L71 question.ancient_greece.071.q2; L78 question.ancient_greece.078.q3","","","","","","corroborated","Randolph College and Wikipedia: three playwrights each presented three tragedies and one satyr play; the plays were judged. (https://www.randolphcollege.edu/greekplay/ancient-greek-dramatic-festivals/ https://en.wikipedia.org/wiki/Satyr_play)",""
"fact.ancient_greece.theater_entrance_money","source.brit_theater_building","unverified","Admission to the Athenian theater was at first free; when a charge was later introduced, poor citizens were given the entrance money.","https://www.britannica.com/art/theater-building","L71 card.ancient_greece.071.c3","","","","","","","corroborated","Wikipedia (Theorica): the theoric fund paid poorer citizens the price of theatre admission at festivals such as the Dionysia. (https://en.wikipedia.org/wiki/Theorica https://www.ime.gr/chronos/05/en/economy/410theorika.html)",""
"fact.ancient_greece.theater_hillside","source.worldhistory_greek_theatre_architecture","unverified","Greek theaters grew out of a flat performance area set before a natural hill, where the spectators sat on the slope.","https://www.worldhistory.org/article/895/greek-theatre-architecture/","L71 card.ancient_greece.071.c4","L71 question.ancient_greece.071.q3","","","","","","corroborated","Cornell College classics pages and theatrehistory.com: Greek theatres were built on the slope of a hill for their tiered seating. (https://www.cornellcollege.edu/Classical_Studies/cbenton/theater/grtheat/ http://www.theatrehistory.com/ancient/bates016.html)",""
"fact.ancient_greece.theater_word_parts","source.brit_theater_building","unverified","Theater comes from Greek theatron, “a place of seeing”; the orchestra was the flat, round dancing place, and actors dressed in the skene, a small tent that gave us “scene”.","https://www.britannica.com/art/theater-building","L71 card.ancient_greece.071.c4","L71 question.ancient_greece.071.q3","","","","","","corroborated","Randolph College: theatron the seeing place, orchestra the dancing place; Wikipedia (Skene): skene meant tent or hut, source of scene. (https://www.randolphcollege.edu/greekplay/the-ancient-stage/ https://en.wikipedia.org/wiki/Skene_(theatre))",""
"fact.ancient_greece.epidaurus_theatre","source.argolisculture_epidaurus_theatre","unverified","The theater at Epidaurus, built in the late 4th century BCE on a mountainside, is famed for its acoustics and still stages ancient drama at a summer festival.","https://www.argolisculture.gr/en/list-of-monuments/ancient-theatre-of-epidavros/","L71 card.ancient_greece.071.c5","","","","","","","corroborated","Wikipedia and World History Encyclopedia: built in the 4th century BCE, renowned acoustics, site of an annual festival of ancient drama. (https://en.wikipedia.org/wiki/Ancient_Theatre_of_Epidaurus https://www.worldhistory.org/article/895/greek-theatre-architecture/)",""
"fact.ancient_greece.tragedy_thespis","source.worldhistory_greek_theatre","unverified","Tradition credits Thespis, in the 6th century BCE, as the first actor to speak apart from the chorus; the word thespian comes from his name.","https://www.worldhistory.org/Greek_Theatre/","L72 card.ancient_greece.072.c2","L72 question.ancient_greece.072.q1; L80 question.ancient_greece.080.q1","","","","","","corroborated","Wikipedia (Thespis) and Backstage: Thespis, 6th century BCE, the first actor to step out of the chorus; origin of thespian. (https://en.wikipedia.org/wiki/Thespis https://www.backstage.com/magazine/article/who-was-the-first-actor-76141/)",""
"fact.ancient_greece.tragedy_second_third_actor","source.brit_aeschylus","unverified","Aeschylus added a second actor and Sophocles a third, and a Greek tragedy never used more than three speaking actors.","https://www.britannica.com/biography/Aeschylus-Greek-dramatist","L72 card.ancient_greece.072.c2","L72 question.ancient_greece.072.q1; L80 question.ancient_greece.080.q1","","","","","","corroborated","Wikipedia (Tritagonist) and USU Classical Drama: Aeschylus introduced the second actor and Sophocles the third. (https://en.wikipedia.org/wiki/Tritagonist https://www.usu.edu/markdamen/ClasDram/chapters/071gktragaes.htm)",""
"fact.ancient_greece.tragedy_second_third_actor","source.brit_sophocles","unverified","Aeschylus added a second actor and Sophocles a third, and a Greek tragedy never used more than three speaking actors.","https://www.britannica.com/biography/Sophocles","L72 card.ancient_greece.072.c2","L72 question.ancient_greece.072.q1; L80 question.ancient_greece.080.q1","","","","","","corroborated","Wikipedia (Tritagonist) and USU Classical Drama: Aeschylus introduced the second actor and Sophocles the third. (https://en.wikipedia.org/wiki/Tritagonist https://www.usu.edu/markdamen/ClasDram/chapters/071gktragaes.htm)",""
"fact.ancient_greece.tragedy_second_third_actor","source.worldhistory_greek_theatre","unverified","Aeschylus added a second actor and Sophocles a third, and a Greek tragedy never used more than three speaking actors.","https://www.worldhistory.org/Greek_Theatre/","L72 card.ancient_greece.072.c2","L72 question.ancient_greece.072.q1; L80 question.ancient_greece.080.q1","","","","","","corroborated","Wikipedia (Tritagonist) and USU Classical Drama: Aeschylus introduced the second actor and Sophocles the third. (https://en.wikipedia.org/wiki/Tritagonist https://www.usu.edu/markdamen/ClasDram/chapters/071gktragaes.htm)",""
"fact.ancient_greece.tragedy_masks_men","source.worldhistory_greek_theatre","unverified","All Greek actors were men and wore masks, which let them play women and switch between roles.","https://www.worldhistory.org/Greek_Theatre/","L72 card.ancient_greece.072.c2","L72 question.ancient_greece.072.q1; L80 question.ancient_greece.080.q1","","","","","","corroborated","Wikipedia (Greek chorus) and greektheatre.gr: no actresses; men played all roles, using different masks for different characters. (https://en.wikipedia.org/wiki/Greek_chorus http://greektheatre.gr/on-stage/masks/)",""
"fact.ancient_greece.tragedy_chorus_15","source.worldhistory_greek_theatre","unverified","A tragic chorus of up to 15 men sang and danced.","https://www.worldhistory.org/Greek_Theatre/","L72 card.ancient_greece.072.c2","L72 question.ancient_greece.072.q1; L80 question.ancient_greece.080.q1","","","","","","corroborated","Wikipedia (Greek chorus): the tragic chorus numbered 12 to 15 members who sang and danced. (https://en.wikipedia.org/wiki/Greek_chorus)","one-page weak-pages"
"fact.ancient_greece.tragedy_myth_plots","source.worldhistory_greek_tragedy","unverified","Greek tragedies almost always took their plots from myth; audiences knew a myth’s outline but not which version a playwright would stage.","https://www.worldhistory.org/Greek_Tragedy/","L72 card.ancient_greece.072.c3","","","","","","","corroborated","Wikipedia (Greek tragedy): tragedians took most plots from myths of the heroic age and the Trojan War. (https://en.wikipedia.org/wiki/Greek_tragedy)","one-page weak-pages"
"fact.ancient_greece.tragedy_myth_plots","source.usu_greek_tragedy_myth","unverified","Greek tragedies almost always took their plots from myth; audiences knew a myth’s outline but not which version a playwright would stage.","https://artsci.usu.edu/history-cultures-ideas/classics/course-resources/classical-drama-and-society/chapter-7ii","L72 card.ancient_greece.072.c3","","","","","","","corroborated","Wikipedia (Greek tragedy): tragedians took most plots from myths of the heroic age and the Trojan War. (https://en.wikipedia.org/wiki/Greek_tragedy)","one-page weak-pages"
"fact.ancient_greece.tragedy_oresteia","source.brit_oresteia","unverified","Aeschylus’s Oresteia (458 BCE), the only complete Greek trilogy to survive, opens with Agamemnon returning from the Trojan War and being murdered by his wife, Clytemnestra.","https://www.britannica.com/topic/Oresteia","L72 card.ancient_greece.072.c3; L80 card.ancient_greece.080.c4","L72 question.ancient_greece.072.q3; L80 question.ancient_greece.080.q5","","","","","","corroborated","EBSCO Research Starters and World History Encyclopedia: Oresteia first performed 458 BCE; Agamemnon depicts the king’s return from Troy and murder by Clytemnestra. (https://www.ebsco.com/research-starters/literature-and-writing/oresteia-aeschylus https://www.worldhistory.org/Agamemnon_(Play)/)",""
"fact.ancient_greece.tragedy_survival_counts","source.brit_aeschylus","unverified","Aeschylus wrote about 90 plays and Sophocles about 123, and seven of each survive complete; Euripides wrote 92, and 19 survive counting one disputed: about 33 of some 300.","https://www.britannica.com/biography/Aeschylus-Greek-dramatist","L72 card.ancient_greece.072.c1; L72 card.ancient_greece.072.c4; L80 card.ancient_greece.080.c2","L72 question.ancient_greece.072.q2; L73 question.ancient_greece.073.q3; L80 question.ancient_greece.080.q4","","","","","","corroborated","Wikipedia (Sophocles, Euripides) and a search summary: 123 and 92 plays; seven and about 19 survive; 33 tragedies preserved whole from the three. (https://en.wikipedia.org/wiki/Sophocles https://en.wikipedia.org/wiki/Euripides https://en.wikipedia.org/wiki/List_of_extant_ancient_Greek_and_Roman_plays)","weak-pages"
"fact.ancient_greece.tragedy_survival_counts","source.brit_sophocles","unverified","Aeschylus wrote about 90 plays and Sophocles about 123, and seven of each survive complete; Euripides wrote 92, and 19 survive counting one disputed: about 33 of some 300.","https://www.britannica.com/biography/Sophocles","L72 card.ancient_greece.072.c1; L72 card.ancient_greece.072.c4; L80 card.ancient_greece.080.c2","L72 question.ancient_greece.072.q2; L73 question.ancient_greece.073.q3; L80 question.ancient_greece.080.q4","","","","","","corroborated","Wikipedia (Sophocles, Euripides) and a search summary: 123 and 92 plays; seven and about 19 survive; 33 tragedies preserved whole from the three. (https://en.wikipedia.org/wiki/Sophocles https://en.wikipedia.org/wiki/Euripides https://en.wikipedia.org/wiki/List_of_extant_ancient_Greek_and_Roman_plays)","weak-pages"
"fact.ancient_greece.tragedy_survival_counts","source.brit_euripides","unverified","Aeschylus wrote about 90 plays and Sophocles about 123, and seven of each survive complete; Euripides wrote 92, and 19 survive counting one disputed: about 33 of some 300.","https://www.britannica.com/biography/Euripides","L72 card.ancient_greece.072.c1; L72 card.ancient_greece.072.c4; L80 card.ancient_greece.080.c2","L72 question.ancient_greece.072.q2; L73 question.ancient_greece.073.q3; L80 question.ancient_greece.080.q4","","","","","","corroborated","Wikipedia (Sophocles, Euripides) and a search summary: 123 and 92 plays; seven and about 19 survive; 33 tragedies preserved whole from the three. (https://en.wikipedia.org/wiki/Sophocles https://en.wikipedia.org/wiki/Euripides https://en.wikipedia.org/wiki/List_of_extant_ancient_Greek_and_Roman_plays)","weak-pages"
"fact.ancient_greece.tragedy_survival_counts","source.brit_tragedy","unverified","Aeschylus wrote about 90 plays and Sophocles about 123, and seven of each survive complete; Euripides wrote 92, and 19 survive counting one disputed: about 33 of some 300.","https://www.britannica.com/art/tragedy-literature","L72 card.ancient_greece.072.c1; L72 card.ancient_greece.072.c4; L80 card.ancient_greece.080.c2","L72 question.ancient_greece.072.q2; L73 question.ancient_greece.073.q3; L80 question.ancient_greece.080.q4","","","","","","corroborated","Wikipedia (Sophocles, Euripides) and a search summary: 123 and 92 plays; seven and about 19 survive; 33 tragedies preserved whole from the three. (https://en.wikipedia.org/wiki/Sophocles https://en.wikipedia.org/wiki/Euripides https://en.wikipedia.org/wiki/List_of_extant_ancient_Greek_and_Roman_plays)","weak-pages"
"fact.ancient_greece.tragedy_euripides_popular","source.brit_euripides","unverified","Euripides won only four first prizes in his lifetime, against perhaps 24 for Sophocles, but his fame later eclipsed his rivals’, so more of his plays survive.","https://www.britannica.com/biography/Euripides","L72 card.ancient_greece.072.c4; L80 card.ancient_greece.080.c3","L72 question.ancient_greece.072.q2; L73 question.ancient_greece.073.q3; L80 question.ancient_greece.080.q4","","","","","","corroborated","Wikipedia (Euripides): more of his plays survive because his popularity grew after his death, in the Hellenistic age. (https://en.wikipedia.org/wiki/Euripides)","one-page weak-pages"
"fact.ancient_greece.tragedy_euripides_popular","source.brit_sophocles","unverified","Euripides won only four first prizes in his lifetime, against perhaps 24 for Sophocles, but his fame later eclipsed his rivals’, so more of his plays survive.","https://www.britannica.com/biography/Sophocles","L72 card.ancient_greece.072.c4; L80 card.ancient_greece.080.c3","L72 question.ancient_greece.072.q2; L73 question.ancient_greece.073.q3; L80 question.ancient_greece.080.q4","","","","","","corroborated","Wikipedia (Euripides): more of his plays survive because his popularity grew after his death, in the Hellenistic age. (https://en.wikipedia.org/wiki/Euripides)","one-page weak-pages"
"fact.ancient_greece.comedy_aristophanes_output","source.brit_aristophanes","unverified","Aristophanes wrote about 40 comedies, of which 11 survive; they are the chief examples of Athenian Old Comedy.","https://www.britannica.com/biography/Aristophanes","L73 card.ancient_greece.073.c2","L73 question.ancient_greece.073.q2","","","","","","corroborated","Wikipedia (Aristophanes): he wrote forty plays, of which eleven survive virtually complete; his works are examples of Old Comedy. (https://en.wikipedia.org/wiki/Aristophanes)","one-page weak-pages"
"fact.ancient_greece.comedy_old_satire","source.brit_aristophanes","unverified","Old Comedy was full of political satire: Aristophanes attacked the politician Cleon in Knights (424 BCE) and mocked Socrates in Clouds (423 BCE).","https://www.britannica.com/biography/Aristophanes","L73 card.ancient_greece.073.c1; L73 card.ancient_greece.073.c2","L73 question.ancient_greece.073.q2","","","","","","corroborated","Wikipedia (The Clouds) and USU Classical Drama: Knights attacks Cleon; Clouds (423 BCE) targets Socrates. (https://en.wikipedia.org/wiki/The_Clouds https://www.usu.edu/markdamen/ClasDram/chapters/091aristoph.htm)",""
"fact.ancient_greece.comedy_lysistrata","source.brit_lysistrata","unverified","In Aristophanes’s Lysistrata (411 BCE), the women of Athens and Sparta refuse sex until their husbands end the Peloponnesian War.","https://www.britannica.com/topic/Lysistrata-by-Aristophanes","L73 card.ancient_greece.073.c3","L73 question.ancient_greece.073.q1; L73 question.ancient_greece.073.q3","","","","","","corroborated","Oregon State Open Educational Resources and EBSCO: Lysistrata (411 BCE), women withhold sex to force an end to the war. (https://open.oregonstate.education/ancientcivilizations/chapter/lysistrata/ https://www.ebsco.com/research-starters/drama-and-theater-arts/lysistrata-aristophanes)",""
"fact.ancient_greece.comedy_frogs","source.worldhistory_frogs","unverified","Aristophanes’s Frogs won first prize in 405 BCE: Dionysus goes to the underworld to bring back Euripides, judges a contest with Aeschylus, and brings back Aeschylus.","https://www.worldhistory.org/The_Frogs/","L73 card.ancient_greece.073.c1; L73 card.ancient_greece.073.c3; L80 card.ancient_greece.080.c4","L73 question.ancient_greece.073.q1; L73 question.ancient_greece.073.q3; L80 question.ancient_greece.080.q5","","","","","","corroborated","UCL Frogs study guide and Wikipedia: first prize at the Lenaia 405 BCE; Dionysus sets out to fetch Euripides but returns with Aeschylus. (https://www.ucl.ac.uk/classics/aristophanes-frogs-study-guide https://en.wikipedia.org/wiki/The_Frogs)",""
"fact.ancient_greece.comedy_new_menander_life","source.brit_menander","unverified","Menander (about 342–292 BCE), the greatest poet of New Comedy, wrote over 100 plays about everyday life, with stock characters like stern fathers, young lovers and scheming slaves.","https://www.britannica.com/biography/Menander-Greek-dramatist","L73 card.ancient_greece.073.c4","L73 question.ancient_greece.073.q2","","","","","","corroborated","UCL Dyskolos study guide and Wikipedia: Menander, leading New Comedy poet, over 100 plays of domestic life with stock types. (https://www.ucl.ac.uk/classics/about-us/classical-play/past-productions/menander-dyskolos-2016/menanders-dyskolos-study-guide https://en.wikipedia.org/wiki/Dyskolos)",""
"fact.ancient_greece.comedy_dyskolos_papyrus","source.brit_menander","unverified","Menander’s plays were long lost; the Dyskolos, about a grumpy old man and his only play to survive nearly complete, was first printed in 1958 from a papyrus found in Egypt.","https://www.britannica.com/biography/Menander-Greek-dramatist","L73 card.ancient_greece.073.c4; L80 card.ancient_greece.080.c3","L73 question.ancient_greece.073.q2","","","","","","corroborated","Wikipedia (Dyskolos) and the Bodmer Lab, University of Geneva: papyrus recovered in Egypt, published 1958, the only nearly complete Menander play. (https://en.wikipedia.org/wiki/Dyskolos https://bodmerlab.unige.ch/constellations/menandre)",""
"fact.ancient_greece.music_lyre_tortoise","source.worldhistory_lyre","unverified","The Greek lyre had two arms and a crossbar holding its strings; its common form, the chelys, had a sound box made from a tortoise shell.","https://www.worldhistory.org/Lyre/","L74 card.ancient_greece.074.c2","L74 question.ancient_greece.074.q1; L75 question.ancient_greece.075.q3","","","","","","corroborated","Wikipedia (Chelys): the common lyre of the Greeks had a back of tortoiseshell; Homeric Hymn to Hermes describes the shell sound box. (https://en.wikipedia.org/wiki/Chelys https://www.theoi.com/Text/HomericHymns2.html)",""
"fact.ancient_greece.music_hermes_lyre_myth","source.worldhistory_lyre","unverified","In Greek myth, the baby god Hermes made the first lyre from a tortoise shell, stole Apollo’s cattle, and calmed Apollo by giving him the lyre.","https://www.worldhistory.org/Lyre/","L74 card.ancient_greece.074.c2","L74 question.ancient_greece.074.q1; L75 question.ancient_greece.075.q3","","","","","","corroborated","Homeric Hymn to Hermes (Theoi, Perseus): Hermes makes the lyre from a tortoise shell, steals Apollo’s cattle and gives Apollo the lyre. (https://www.theoi.com/Text/HomericHymns2.html https://www.perseus.tufts.edu/hopper/text?doc=Perseus%3Atext%3A1999.01.0138%3Ahymn%3D4)",""
"fact.ancient_greece.music_lyre_education","source.worldhistory_lyre","unverified","The lyre was played alone or to accompany singing and poetry, and learning to play it was an integral part of Greek education.","https://www.worldhistory.org/Lyre/","L74 card.ancient_greece.074.c2","L74 question.ancient_greece.074.q1; L75 question.ancient_greece.075.q3","","","","","","corroborated","Wikipedia (Lyre) and Britannica (Lyric): the lyre accompanied poetry, and music was part of Greek education. (https://en.wikipedia.org/wiki/Lyre https://www.britannica.com/art/lyric)",""
"fact.ancient_greece.music_demodocus","source.perseus_odyssey_8","unverified","In the Odyssey, the blind singer Demodocus takes his lyre from a peg at the Phaeacian feast and sings of a quarrel between Odysseus and Achilles, while Odysseus hides his tears.","https://www.perseus.tufts.edu/hopper/text?doc=Perseus:text:1999.01.0136:book=8:card=62","L74 card.ancient_greece.074.c1; L74 card.ancient_greece.074.c4","L74 question.ancient_greece.074.q3","","","","","","corroborated","SparkNotes and Wikipedia (Demodocus): the blind bard sings of the quarrel of Odysseus and Achilles; Odysseus weeps and hides his face. (https://www.sparknotes.com/lit/odyssey/section4/ https://en.wikipedia.org/wiki/Demodocus_(Odyssey_character))",""
"fact.ancient_greece.music_aulos_pipes","source.brit_aulos","unverified","The aulos was a reed pipe usually played in pairs, one pipe in each hand, and players often wore a leather strap across the cheeks.","https://www.britannica.com/art/aulos","L74 card.ancient_greece.074.c3","L74 question.ancient_greece.074.q2","","","","","","corroborated","Wikipedia (Aulos): double-reed pipes, often played in pairs; players used a phorbeia strap. (https://en.wikipedia.org/wiki/Aulos)","one-page weak-pages"
"fact.ancient_greece.music_aulos_not_flute","source.brit_aulos","unverified","The aulos is often translated “flute”, but as a reed instrument it sounded more like an oboe.","https://www.britannica.com/art/aulos","L74 card.ancient_greece.074.c3","L74 question.ancient_greece.074.q2","","","","","","corroborated","Wikipedia (Aulos): often mistranslated as flute; its sound was more comparable to oboes or bagpipes. (https://en.wikipedia.org/wiki/Aulos)","one-page weak-pages"
"fact.ancient_greece.music_aulos_uses","source.worldhistory_aulos","unverified","The aulos often accompanied choruses and played at the theater, in worship of Dionysus, at athletic contests and at drinking parties.","https://www.worldhistory.org/Aulos/","L74 card.ancient_greece.074.c3","L74 question.ancient_greece.074.q2","","","","","","corroborated","Wikipedia (Aulos): it accompanied theatrical performances, Dionysian rites, athletic competitions and sacrifices. (https://en.wikipedia.org/wiki/Aulos)","one-page weak-pages"
"fact.ancient_greece.lyric_from_lyre","source.brit_lyric","unverified","The word lyric comes from the lyre: Greek lyric poetry was performed to its accompaniment and often expressed personal emotion.","https://www.britannica.com/art/lyric","L75 card.ancient_greece.075.c2; L80 card.ancient_greece.080.c3","L75 question.ancient_greece.075.q3","","","","","","corroborated","World History Encyclopedia (Lyre): the lyre accompanied singing or lyric poetry; Wikipedia (Lyric poetry) gives the lyre etymology. (https://www.worldhistory.org/Lyre/ https://en.wikipedia.org/wiki/Lyric_poetry)",""
"fact.ancient_greece.lyric_solo_choral","source.brit_lyric","unverified","Greek lyric came in two kinds: solo songs by poets such as Sappho and Alcaeus, and choral songs by poets such as Pindar.","https://www.britannica.com/art/lyric","L75 card.ancient_greece.075.c2","L75 question.ancient_greece.075.q3","","","","","","corroborated","Wikipedia (Greek lyric): monody by Sappho and Alcaeus; choral lyric by Pindar. (https://en.wikipedia.org/wiki/Greek_lyric)","one-page weak-pages"
"fact.ancient_greece.sappho_lesbos","source.brit_sappho","unverified","Sappho lived about 610–570 BCE on the island of Lesbos and wrote about love, desire, weddings and the women of her circle; her style was admired in every age.","https://www.britannica.com/biography/Sappho-Greek-poet","L75 card.ancient_greece.075.c3; L80 card.ancient_greece.080.c4","L75 question.ancient_greece.075.q1; L75 question.ancient_greece.075.q2; L80 question.ancient_greece.080.q5","","","","","","corroborated","University of Missouri Libraries exhibit and The Conversation: Sappho of Lesbos (about 610 to 570 BCE), poet of love and her circle of women. (https://library.missouri.edu/specialcollections/exhibits/show/lh2arts/sappho https://theconversation.com/guide-to-the-classics-sappho-a-poet-in-fragments-90823)",""
"fact.ancient_greece.sappho_nine_books","source.brit_sappho","unverified","Scholars in Alexandria collected Sappho’s poems into nine books; that edition was lost by the early Middle Ages.","https://www.britannica.com/biography/Sappho-Greek-poet","L75 card.ancient_greece.075.c1; L75 card.ancient_greece.075.c3; L80 card.ancient_greece.080.c2","L75 question.ancient_greece.075.q1; L75 question.ancient_greece.075.q2","","","","","","corroborated","Norton Anthology and The Conversation: her poems were arranged in nine books in Alexandria; little survives. (https://nerd.wwnorton.com/ebooks/epub/worldlit5/EPUB/content/1.2.2.2.0.0-chapter03.xhtml https://theconversation.com/guide-to-the-classics-sappho-a-poet-in-fragments-90823)",""
"fact.ancient_greece.sappho_one_complete","source.brit_sappho","unverified","Only one of Sappho’s poems, an ode to Aphrodite, came down to us complete; the rest survives in quotations and papyrus fragments.","https://www.britannica.com/biography/Sappho-Greek-poet","L75 card.ancient_greece.075.c1; L75 card.ancient_greece.075.c3; L80 card.ancient_greece.080.c2","L75 question.ancient_greece.075.q1; L75 question.ancient_greece.075.q2","","","","","","corroborated","Wikipedia (Poetry of Sappho) and The Conversation: the Ode to Aphrodite is the one poem long known complete; the rest is fragments and quotations. (https://en.wikipedia.org/wiki/Poetry_of_Sappho https://theconversation.com/guide-to-the-classics-sappho-a-poet-in-fragments-90823)",""
"fact.ancient_greece.sappho_papyrus_finds","source.conversation_sappho","unverified","Many Sappho fragments come from papyri found at Oxyrhynchus, an ancient rubbish dump in Egypt, and some from the plaster-like wrapping of a mummy.","https://theconversation.com/guide-to-the-classics-sappho-a-poet-in-fragments-90823","L75 card.ancient_greece.075.c1; L75 card.ancient_greece.075.c4; L80 card.ancient_greece.080.c3","L75 question.ancient_greece.075.q2","","","","","","corroborated","Wikipedia (Tithonus poem): Sappho papyri from Oxyrhynchus and from mummy cartonnage. (https://en.wikipedia.org/wiki/Tithonus_poem https://en.wikipedia.org/wiki/Poetry_of_Sappho)","weak-pages"
"fact.ancient_greece.sappho_2004_poem","source.conversation_sappho","unverified","In 2004 scholars published papyrus that almost completed Sappho’s poem on old age, and in 2013 more fragments surfaced.","https://theconversation.com/guide-to-the-classics-sappho-a-poet-in-fragments-90823","L75 card.ancient_greece.075.c4","L75 question.ancient_greece.075.q2","","","","","","corroborated","Wikipedia (Tithonus poem): fragments published in 2004 almost completed the poem on ageing; the Brothers Poem emerged in 2014 from papyrus found around then. (https://en.wikipedia.org/wiki/Tithonus_poem https://archive.chs.harvard.edu/CHS/article/display/6045)",""
"fact.ancient_greece.sappho_tenth_muse","source.conversation_sappho","unverified","Ancient admirers called Sappho “the Tenth Muse”.","https://theconversation.com/guide-to-the-classics-sappho-a-poet-in-fragments-90823","L75 card.ancient_greece.075.c1","","","","","","","corroborated","HowStuffWorks and Wikipedia: Sappho was called the tenth Muse in antiquity, in an epigram attributed to Plato. (https://entertainment.howstuffworks.com/arts/literature/sappho.htm https://en.wikipedia.org/wiki/Sappho)",""
"fact.ancient_greece.sculpture_kouros","source.brit_kouros","unverified","Archaic kouroi, stone statues of standing young men carved from about 615–590 BCE on, face stiffly forward with the left foot slightly forward and arms at their sides.","https://www.britannica.com/art/kouros","L76 card.ancient_greece.076.c2","L76 question.ancient_greece.076.q1; L77 question.ancient_greece.077.q3","","","","","","corroborated","Wikipedia (Kritios Boy, Classical sculpture): Archaic kouroi were symmetrical, frontal and rigid, weight on both feet. (https://en.wikipedia.org/wiki/Kritios_Boy https://en.wikipedia.org/wiki/Kouros)","weak-pages"
"fact.ancient_greece.sculpture_kritios_boy","source.acropolis_museum_kritios","unverified","The Kritios Boy, a marble youth from the Athenian Acropolis made just after 480 BCE, rests his weight on his left leg with the right knee bent: an early contrapposto.","https://www.theacropolismuseum.gr/en/youth-statue-kritios-boy","L76 card.ancient_greece.076.c2; L80 card.ancient_greece.080.c4","L76 question.ancient_greece.076.q1; L77 question.ancient_greece.077.q3","","","","","","corroborated","Wikipedia (Contrapposto, Kritios Boy): about 480 BCE, the left leg bears the weight while the right is bent; first known use of contrapposto. (https://en.wikipedia.org/wiki/Contrapposto https://en.wikipedia.org/wiki/Kritios_Boy)","weak-pages"
"fact.ancient_greece.sculpture_kritios_boy","source.brit_contrapposto","unverified","The Kritios Boy, a marble youth from the Athenian Acropolis made just after 480 BCE, rests his weight on his left leg with the right knee bent: an early contrapposto.","https://www.britannica.com/art/contrapposto","L76 card.ancient_greece.076.c2; L80 card.ancient_greece.080.c4","L76 question.ancient_greece.076.q1; L77 question.ancient_greece.077.q3","","","","","","corroborated","Wikipedia (Contrapposto, Kritios Boy): about 480 BCE, the left leg bears the weight while the right is bent; first known use of contrapposto. (https://en.wikipedia.org/wiki/Contrapposto https://en.wikipedia.org/wiki/Kritios_Boy)","weak-pages"
"fact.ancient_greece.sculpture_doryphoros_copies","source.brit_polyclitus","unverified","Polyclitus’s bronze Spear Bearer (Doryphoros), of about 450–440 BCE, is lost and known only through Roman copies.","https://www.britannica.com/biography/Polyclitus","L76 card.ancient_greece.076.c3","L76 question.ancient_greece.076.q2; L80 question.ancient_greece.080.q2","","","","","","corroborated","Wikipedia (Doryphoros): the lost bronze original of about 440 BCE is known only from later, mainly Roman, marble copies. (https://en.wikipedia.org/wiki/Doryphoros https://study.com/academy/lesson/doryphoros-overview-features-spear-bearer-polykleitos.html)",""
"fact.ancient_greece.sculpture_roman_marble_copies","source.met_roman_copies","unverified","Many Greek statues now known only in Roman marble copies were first made in bronze; the marble copies needed supports, often carved as tree trunks.","https://www.metmuseum.org/essays/roman-copies-of-greek-statues","L76 card.ancient_greece.076.c3; L80 card.ancient_greece.080.c2; L80 card.ancient_greece.080.c3","L76 question.ancient_greece.076.q2; L80 question.ancient_greece.080.q2","","","","","","corroborated","Wikipedia (Doryphoros, Ancient Greek sculpture): Roman marble copies of bronze originals needed a carved tree stump to support the stone. (https://en.wikipedia.org/wiki/Doryphoros https://en.wikipedia.org/wiki/Ancient_Greek_sculpture)","weak-pages unopened-source"
"fact.ancient_greece.sculpture_bronzes_melted","source.worldhistory_riace_bronzes","unverified","Full-size ancient Greek bronze statues rarely survive, because most were later melted down.","https://www.worldhistory.org/Riace_Bronzes/","L76 card.ancient_greece.076.c3; L80 card.ancient_greece.080.c2; L80 card.ancient_greece.080.c3","L76 question.ancient_greece.076.q2; L80 question.ancient_greece.080.q2","","","","","","corroborated","Wikipedia (Doryphoros) and study.com: Greek bronzes were often recycled for their metal, so most originals are lost. (https://en.wikipedia.org/wiki/Doryphoros https://study.com/academy/lesson/doryphoros-overview-features-spear-bearer-polykleitos.html)",""
"fact.ancient_greece.sculpture_riace","source.worldhistory_riace_bronzes","unverified","The Riace Bronzes, two Greek warriors probably made in the mid-5th century BCE, were found in the sea off southern Italy in 1972; they are among the few full-size Greek bronzes to survive.","https://www.worldhistory.org/Riace_Bronzes/","L76 card.ancient_greece.076.c1; L76 card.ancient_greece.076.c4; L80 card.ancient_greece.080.c2; L80 card.ancient_greece.080.c3","L76 question.ancient_greece.076.q3","","","","","","corroborated","Wikipedia (Riace bronzes) and the Linda Hall Library: found in 1972 in the sea off Riace, Calabria; Greek, 5th century BCE. (https://en.wikipedia.org/wiki/Riace_bronzes https://www.lindahall.org/about/news/scientist-of-the-day/riace-bronzes/)",""
"fact.ancient_greece.pottery_black_figure","source.brit_black_figure","unverified","In black-figure painting, which began in Corinth about 700 BCE, figures were painted black on the bare clay and details were scratched through the black.","https://www.britannica.com/art/black-figure-pottery","L77 card.ancient_greece.077.c2","","","","","","","corroborated","World History Encyclopedia (Black Figure Pottery): developed first in Corinth about 700 BCE; details incised through the black. (https://www.worldhistory.org/Black_Figure_Pottery/ https://en.wikipedia.org/wiki/Black-figure_pottery)",""
"fact.ancient_greece.pottery_red_figure","source.brit_red_figure","unverified","Red-figure, invented in Athens about 530 BCE, reversed black-figure: the background was painted black, the figures left red, and details painted with a brush.","https://www.britannica.com/art/red-figure-pottery","L77 card.ancient_greece.077.c3; L80 card.ancient_greece.080.c4","L77 question.ancient_greece.077.q1; L77 question.ancient_greece.077.q3","","","","","","corroborated","Wikipedia (Red-figure pottery) and Ancient World Magazine: developed in Athens about 530 BCE; background black, figures reserved, details brushed. (https://en.wikipedia.org/wiki/Red-figure_pottery https://www.ancientworldmagazine.com/articles/making-ancient-greek-vases-look-red-figure-black-figure-pottery/)",""
"fact.ancient_greece.pottery_red_figure_freedom","source.brit_red_figure","unverified","Brushed details gave red-figure painters more freedom to show bodies, movement and faces, and red-figure became the dominant style.","https://www.britannica.com/art/red-figure-pottery","L77 card.ancient_greece.077.c3","L77 question.ancient_greece.077.q1; L77 question.ancient_greece.077.q3","","","","","","corroborated","Wikipedia (Red-figure pottery): brush-painted details allowed greater precision and naturalism; red-figure replaced black-figure. (https://en.wikipedia.org/wiki/Red-figure_pottery)","one-page weak-pages"
"fact.ancient_greece.pottery_krater","source.brit_krater","unverified","A krater was a large bowl for mixing wine with water.","https://www.britannica.com/art/krater","L77 card.ancient_greece.077.c4","L77 question.ancient_greece.077.q2","","","","","","corroborated","University of Sydney Chau Chak Wing Museum and the Met: the krater was a bowl for mixing wine and water. (https://www.sydney.edu.au/museum/education/learning-resources/column-krater.html https://www.metmuseum.org/art/collection/search/253349)",""
"fact.ancient_greece.pottery_panathenaic_oil","source.harvard_panathenaic_amphora","unverified","Prize amphorae at Athens’s Panathenaic Games were filled with olive oil; one side showed Athena and the other the contest.","https://harvardartmuseums.org/collections/object/303742","L77 card.ancient_greece.077.c1; L77 card.ancient_greece.077.c4","L77 question.ancient_greece.077.q2","","","","","","corroborated","Wikipedia (Panathenaic amphora) and the Hood Museum: prize jars of olive oil with Athena on one side and the event on the other. (https://en.wikipedia.org/wiki/Panathenaic_amphora https://hoodmuseum.dartmouth.edu/objects/c.959.53)",""
"fact.ancient_greece.pottery_panathenaic_oil","source.ancientworld_panathenaic_amphora","unverified","Prize amphorae at Athens’s Panathenaic Games were filled with olive oil; one side showed Athena and the other the contest.","https://www.ancientworldmagazine.com/articles/competing-olive-oil-panathenaic-amphora/","L77 card.ancient_greece.077.c1; L77 card.ancient_greece.077.c4","L77 question.ancient_greece.077.q2","","","","","","corroborated","Wikipedia (Panathenaic amphora) and the Hood Museum: prize jars of olive oil with Athena on one side and the event on the other. (https://en.wikipedia.org/wiki/Panathenaic_amphora https://hoodmuseum.dartmouth.edu/objects/c.959.53)",""
"fact.ancient_greece.pottery_panathenaic_black_figure","source.harvard_panathenaic_amphora","unverified","Panathenaic prize amphorae kept black-figure long after other pottery dropped it; one at Harvard dates to 340–339 BCE.","https://harvardartmuseums.org/collections/object/303742","L77 card.ancient_greece.077.c4","L77 question.ancient_greece.077.q2","","","","","","corroborated","Wikipedia (Panathenaic amphora): always decorated in black-figure, even long after red-figure superseded it. (https://en.wikipedia.org/wiki/Panathenaic_amphora https://hoodmuseum.dartmouth.edu/objects/c.959.53)",""
"fact.ancient_greece.pottery_panathenaic_black_figure","source.ancientworld_panathenaic_amphora","unverified","Panathenaic prize amphorae kept black-figure long after other pottery dropped it; one at Harvard dates to 340–339 BCE.","https://www.ancientworldmagazine.com/articles/competing-olive-oil-panathenaic-amphora/","L77 card.ancient_greece.077.c4","L77 question.ancient_greece.077.q2","","","","","","corroborated","Wikipedia (Panathenaic amphora): always decorated in black-figure, even long after red-figure superseded it. (https://en.wikipedia.org/wiki/Panathenaic_amphora https://hoodmuseum.dartmouth.edu/objects/c.959.53)",""
"fact.ancient_greece.orders_three_looks","source.brit_architectural_orders","unverified","Greek architecture has three orders: Doric (no base, a plain cushion-like capital), Ionic (a base and scrolls at the capital) and Corinthian (a capital of acanthus leaves).","https://www.britannica.com/technology/order-architecture","L78 card.ancient_greece.078.c2; L80 card.ancient_greece.080.c2","L78 question.ancient_greece.078.q1","","","","","","corroborated","Wikipedia (Classical order) and Lumen Learning art history: Doric plain without base, Ionic volutes on a base, Corinthian acanthus. (https://en.wikipedia.org/wiki/Classical_order https://courses.lumenlearning.com/suny-ncc-zeliart/chapter/greek-architectural-orders/)",""
"fact.ancient_greece.orders_opposite_shores","source.brit_architectural_orders","unverified","The Doric and Ionic orders arose at nearly the same time on opposite shores of the Aegean: Doric on the Greek mainland, Ionic in the Greek cities of Asia Minor.","https://www.britannica.com/technology/order-architecture","L78 card.ancient_greece.078.c2; L78 card.ancient_greece.078.c3","L78 question.ancient_greece.078.q2","","","","","","corroborated","Wikipedia (Ionic order, Doric order): Doric on the mainland and in the west, Ionic in Ionia and the islands of Asia Minor. (https://en.wikipedia.org/wiki/Ionic_order https://en.wikipedia.org/wiki/Doric_order)","weak-pages"
"fact.ancient_greece.orders_wood_origins","source.brit_architectural_orders","unverified","Both the Doric and the Ionic order began in temples built of wood.","https://www.britannica.com/technology/order-architecture","L78 card.ancient_greece.078.c3","L78 question.ancient_greece.078.q2","","","","","","corroborated","Wikipedia (Classical order): both the Doric and Ionic orders appear to have originated in wood. (https://en.wikipedia.org/wiki/Classical_order)","one-page weak-pages"
"fact.ancient_greece.orders_vitruvius_bodies","source.lacuscurtius_vitruvius_4","unverified","The Roman architect Vitruvius said the Doric column was proportioned like a man and the Ionic like a woman, its scrolls like curling hair.","https://penelope.uchicago.edu/Thayer/E/Roman/Texts/Vitruvius/4*.html","L78 card.ancient_greece.078.c1; L78 card.ancient_greece.078.c3","L78 question.ancient_greece.078.q2","","","","","","corroborated","Wikipedia (Ionic order, Classical order): Vitruvius linked Doric to male and Ionic to female proportions. (https://en.wikipedia.org/wiki/Ionic_order https://en.wikipedia.org/wiki/Classical_order)","weak-pages"
"fact.ancient_greece.orders_callimachus_legend","source.lacuscurtius_vitruvius_4","unverified","Vitruvius told how acanthus grew around a tile-covered basket left on a Corinthian girl’s grave, and the sculptor Callimachus based the Corinthian capital on it.","https://penelope.uchicago.edu/Thayer/E/Roman/Texts/Vitruvius/4*.html","L78 card.ancient_greece.078.c1; L78 card.ancient_greece.078.c4","L78 question.ancient_greece.078.q3","","","","","","corroborated","Royal Academy of Arts and Wikipedia (Callimachus, sculptor): Vitruvius’s story of the basket on the maiden’s tomb and Callimachus. (https://www.royalacademy.org.uk/article/how-to-read-it-sir-william-chambers-corinthian-capital https://en.wikipedia.org/wiki/Callimachus_(sculptor))",""
"fact.ancient_greece.orders_lysicrates","source.brit_choragic_monument","unverified","The Monument of Lysicrates in Athens, built in 334 BCE to celebrate a victory at the City Dionysia, has the earliest surviving Corinthian columns.","https://www.britannica.com/technology/choragic-monument","L78 card.ancient_greece.078.c2; L78 card.ancient_greece.078.c4; L80 card.ancient_greece.080.c4","L78 question.ancient_greece.078.q3; L80 question.ancient_greece.080.q5","","","","","","corroborated","Wikipedia and Encyclopaedia Romana: the monument (335/334 BCE) for a winning chorus is the first use of Corinthian columns on a building’s exterior. (https://en.wikipedia.org/wiki/Choragic_Monument_of_Lysicrates https://penelope.uchicago.edu/~grout/encyclopaedia_romana/greece/architecture/lysicrates.html)",""
"fact.ancient_greece.orders_lysicrates","source.brit_architectural_orders","unverified","The Monument of Lysicrates in Athens, built in 334 BCE to celebrate a victory at the City Dionysia, has the earliest surviving Corinthian columns.","https://www.britannica.com/technology/order-architecture","L78 card.ancient_greece.078.c2; L78 card.ancient_greece.078.c4; L80 card.ancient_greece.080.c4","L78 question.ancient_greece.078.q3; L80 question.ancient_greece.080.q5","","","","","","corroborated","Wikipedia and Encyclopaedia Romana: the monument (335/334 BCE) for a winning chorus is the first use of Corinthian columns on a building’s exterior. (https://en.wikipedia.org/wiki/Choragic_Monument_of_Lysicrates https://penelope.uchicago.edu/~grout/encyclopaedia_romana/greece/architecture/lysicrates.html)",""
"fact.ancient_greece.historians_herodotus_basics","source.brit_herodotus","unverified","Herodotus, born about 484 BCE in Halicarnassus in Asia Minor, wrote the first great narrative history of the ancient world, on the Greco-Persian Wars, and is called the father of history.","https://www.britannica.com/biography/Herodotus-Greek-historian","L79 card.ancient_greece.079.c1; L79 card.ancient_greece.079.c2","L79 question.ancient_greece.079.q1","","","","","","corroborated","World History Encyclopedia and History Hit: born in Halicarnassus about 484 BCE; his Histories cover the Greco-Persian Wars; Cicero called him the father of history. (https://www.worldhistory.org/herodotus/ https://www.historyhit.com/who-was-herodotus/)",""
"fact.ancient_greece.historians_herodotus_aim","source.perseus_herodotus_1_1","unverified","Herodotus opens his work as “the display of the inquiry” made so that “things done by man not be forgotten in time”, including the cause of the war.","https://www.perseus.tufts.edu/hopper/text?doc=Perseus:text:1999.01.0126:book=1:chapter=1","L79 card.ancient_greece.079.c1; L79 card.ancient_greece.079.c2","L79 question.ancient_greece.079.q1","","","","","","corroborated","Wikipedia (Histories (Herodotus)) quotes the same proem: his inquiry preserves great deeds and explains why Greeks and non-Greeks went to war. (https://en.wikipedia.org/wiki/Histories_(Herodotus))","one-page weak-pages"
"fact.ancient_greece.historians_herodotus_method","source.brit_herodotus","unverified","Herodotus traveled widely, including to Egypt, and recorded peoples’ traditions without endorsing all of them, which earned him a reputation for believing too much.","https://www.britannica.com/biography/Herodotus-Greek-historian","L79 card.ancient_greece.079.c2","L79 question.ancient_greece.079.q1","","","","","","corroborated","HowStuffWorks and History Hit: he traveled to Egypt and beyond, reported what he was told, and was also called the father of lies. (https://history.howstuffworks.com/historical-figures/herodotus.htm https://www.historyhit.com/who-was-herodotus/)",""
"fact.ancient_greece.historians_thucydides_basics","source.brit_thucydides","unverified","Thucydides, an Athenian, caught the plague of 430–429 BCE, was exiled for 20 years after failing to save Amphipolis as a general in 424 BCE, and wrote a history of the Peloponnesian War that breaks off in 411 BCE.","https://www.britannica.com/biography/Thucydides-Greek-historian","L79 card.ancient_greece.079.c3","L79 question.ancient_greece.079.q3","","","","","","corroborated","HISTORY.com and Wikipedia (Thucydides): exiled twenty years after Amphipolis (424); caught the plague; his history stops in 411 BCE. (https://www.history.com/articles/thucydides https://en.wikipedia.org/wiki/Thucydides)","unopened-source"
"fact.ancient_greece.historians_thucydides_aim","source.perseus_thucydides_1_22","unverified","Thucydides wrote that the absence of romance might make his history less appealing, but he wrote it “as a possession for all time”, not to win the applause of the moment.","https://www.perseus.tufts.edu/hopper/text?doc=Perseus:text:1999.01.0200:book=1:chapter=22:section=4","L79 card.ancient_greece.079.c4","L79 question.ancient_greece.079.q2","","","","","","corroborated","Wikipedia (History of the Peloponnesian War) quotes 1.22: a possession for all time, not a prize composition for the moment. (https://en.wikipedia.org/wiki/History_of_the_Peloponnesian_War)","one-page weak-pages"
"fact.ancient_greece.arts_survival_routes","source.brit_euripides","unverified","Greek plays, poems and statues reached us by different routes: texts later readers kept copying, papyri found in Egypt, bronzes lost at sea and Roman copies.","https://www.britannica.com/biography/Euripides","L80 card.ancient_greece.080.c1; L80 card.ancient_greece.080.c3","L80 question.ancient_greece.080.q3; L80 question.ancient_greece.080.q4","","","","","","corroborated","Wikipedia (Euripides, Dyskolos, Riace bronzes, Doryphoros) each describe one route: later popularity, Egyptian papyrus, the sea, Roman marble copies. (https://en.wikipedia.org/wiki/Euripides https://en.wikipedia.org/wiki/Dyskolos https://en.wikipedia.org/wiki/Riace_bronzes)","weak-pages"
"fact.ancient_greece.arts_survival_routes","source.brit_menander","unverified","Greek plays, poems and statues reached us by different routes: texts later readers kept copying, papyri found in Egypt, bronzes lost at sea and Roman copies.","https://www.britannica.com/biography/Menander-Greek-dramatist","L80 card.ancient_greece.080.c1; L80 card.ancient_greece.080.c3","L80 question.ancient_greece.080.q3; L80 question.ancient_greece.080.q4","","","","","","corroborated","Wikipedia (Euripides, Dyskolos, Riace bronzes, Doryphoros) each describe one route: later popularity, Egyptian papyrus, the sea, Roman marble copies. (https://en.wikipedia.org/wiki/Euripides https://en.wikipedia.org/wiki/Dyskolos https://en.wikipedia.org/wiki/Riace_bronzes)","weak-pages"
"fact.ancient_greece.arts_survival_routes","source.conversation_sappho","unverified","Greek plays, poems and statues reached us by different routes: texts later readers kept copying, papyri found in Egypt, bronzes lost at sea and Roman copies.","https://theconversation.com/guide-to-the-classics-sappho-a-poet-in-fragments-90823","L80 card.ancient_greece.080.c1; L80 card.ancient_greece.080.c3","L80 question.ancient_greece.080.q3; L80 question.ancient_greece.080.q4","","","","","","corroborated","Wikipedia (Euripides, Dyskolos, Riace bronzes, Doryphoros) each describe one route: later popularity, Egyptian papyrus, the sea, Roman marble copies. (https://en.wikipedia.org/wiki/Euripides https://en.wikipedia.org/wiki/Dyskolos https://en.wikipedia.org/wiki/Riace_bronzes)","weak-pages"
"fact.ancient_greece.arts_survival_routes","source.worldhistory_riace_bronzes","unverified","Greek plays, poems and statues reached us by different routes: texts later readers kept copying, papyri found in Egypt, bronzes lost at sea and Roman copies.","https://www.worldhistory.org/Riace_Bronzes/","L80 card.ancient_greece.080.c1; L80 card.ancient_greece.080.c3","L80 question.ancient_greece.080.q3; L80 question.ancient_greece.080.q4","","","","","","corroborated","Wikipedia (Euripides, Dyskolos, Riace bronzes, Doryphoros) each describe one route: later popularity, Egyptian papyrus, the sea, Roman marble copies. (https://en.wikipedia.org/wiki/Euripides https://en.wikipedia.org/wiki/Dyskolos https://en.wikipedia.org/wiki/Riace_bronzes)","weak-pages"
"fact.ancient_greece.arts_survival_routes","source.met_roman_copies","unverified","Greek plays, poems and statues reached us by different routes: texts later readers kept copying, papyri found in Egypt, bronzes lost at sea and Roman copies.","https://www.metmuseum.org/essays/roman-copies-of-greek-statues","L80 card.ancient_greece.080.c1; L80 card.ancient_greece.080.c3","L80 question.ancient_greece.080.q3; L80 question.ancient_greece.080.q4","","","","","","corroborated","Wikipedia (Euripides, Dyskolos, Riace bronzes, Doryphoros) each describe one route: later popularity, Egyptian papyrus, the sea, Roman marble copies. (https://en.wikipedia.org/wiki/Euripides https://en.wikipedia.org/wiki/Dyskolos https://en.wikipedia.org/wiki/Riace_bronzes)","weak-pages unopened-source"
"fact.ancient_greece.philip_hostage_thebes","source.worldhistory_philip_ii","unverified","As a young man, Philip of Macedonia spent about three years, from around 367 BCE, as a hostage in Thebes, where he studied under the great general Epaminondas.","https://www.worldhistory.org/Philip_II_of_Macedon/","L81 card.ancient_greece.081.c1; L81 card.ancient_greece.081.c2","L81 question.ancient_greece.081.q2","","","","","","corroborated","Philip was a hostage at Thebes in the 360s BCE and learned from Epaminondas. (https://en.wikipedia.org/wiki/Philip_II_of_Macedon)","one-page weak-pages"
"fact.ancient_greece.philip_hostage_thebes","source.brit_philip_ii_macedonia","unverified","As a young man, Philip of Macedonia spent about three years, from around 367 BCE, as a hostage in Thebes, where he studied under the great general Epaminondas.","https://www.britannica.com/biography/Philip-II-king-of-Macedonia","L81 card.ancient_greece.081.c1; L81 card.ancient_greece.081.c2","L81 question.ancient_greece.081.q2","","","","","","corroborated","Philip was a hostage at Thebes in the 360s BCE and learned from Epaminondas. (https://en.wikipedia.org/wiki/Philip_II_of_Macedon)","one-page weak-pages"
"fact.ancient_greece.philip_king_359","source.worldhistory_philip_ii","unverified","Philip became king of Macedonia in 359 BCE, at the age of 23.","https://www.worldhistory.org/Philip_II_of_Macedon/","L81 card.ancient_greece.081.c2","L81 question.ancient_greece.081.q2","","","","","","corroborated","Philip II reigned from 359 BCE; born 382 BCE. (https://en.wikipedia.org/wiki/Philip_II_of_Macedon)","one-page weak-pages"
"fact.ancient_greece.philip_king_359","source.brit_philip_ii_macedonia","unverified","Philip became king of Macedonia in 359 BCE, at the age of 23.","https://www.britannica.com/biography/Philip-II-king-of-Macedonia","L81 card.ancient_greece.081.c2","L81 question.ancient_greece.081.q2","","","","","","corroborated","Philip II reigned from 359 BCE; born 382 BCE. (https://en.wikipedia.org/wiki/Philip_II_of_Macedon)","one-page weak-pages"
"fact.ancient_greece.philip_sarissa","source.brit_philip_ii_macedonia","unverified","Philip armed his soldiers with the sarissa, a pike nearly one and a half times as long as the spear of the Greeks.","https://www.britannica.com/biography/Philip-II-king-of-Macedonia","L81 card.ancient_greece.081.c3","L81 question.ancient_greece.081.q1; L90 question.ancient_greece.090.q3","","","","","","corroborated","The sarissa was a pike about 4 to 6 m long, much longer than the hoplite spear, introduced by Philip II. (https://en.wikipedia.org/wiki/Sarissa)","one-page weak-pages"
"fact.ancient_greece.philip_sarissa","source.worldhistory_philip_ii","unverified","Philip armed his soldiers with the sarissa, a pike nearly one and a half times as long as the spear of the Greeks.","https://www.worldhistory.org/Philip_II_of_Macedon/","L81 card.ancient_greece.081.c3","L81 question.ancient_greece.081.q1; L90 question.ancient_greece.090.q3","","","","","","corroborated","The sarissa was a pike about 4 to 6 m long, much longer than the hoplite spear, introduced by Philip II. (https://en.wikipedia.org/wiki/Sarissa)","one-page weak-pages"
"fact.ancient_greece.philip_chaeronea_338","source.worldhistory_philip_ii","unverified","In 338 BCE, at Chaeronea, Philip defeated the combined armies of Athens and Thebes.","https://www.worldhistory.org/Philip_II_of_Macedon/","L81 card.ancient_greece.081.c1; L81 card.ancient_greece.081.c4; L90 card.ancient_greece.090.c2","L81 question.ancient_greece.081.q3; L83 question.ancient_greece.083.q3","","","","","","corroborated","Battle of Chaeronea, 338 BCE: Philip II defeated an alliance led by Athens and Thebes. (https://en.wikipedia.org/wiki/Battle_of_Chaeronea_(338_BC))","one-page weak-pages"
"fact.ancient_greece.philip_chaeronea_338","source.brit_alexander_the_great","unverified","In 338 BCE, at Chaeronea, Philip defeated the combined armies of Athens and Thebes.","https://www.britannica.com/biography/Alexander-the-Great","L81 card.ancient_greece.081.c1; L81 card.ancient_greece.081.c4; L90 card.ancient_greece.090.c2","L81 question.ancient_greece.081.q3; L83 question.ancient_greece.083.q3","","","","","","corroborated","Battle of Chaeronea, 338 BCE: Philip II defeated an alliance led by Athens and Thebes. (https://en.wikipedia.org/wiki/Battle_of_Chaeronea_(338_BC))","one-page weak-pages"
"fact.ancient_greece.alexander_chaeronea_left_wing","source.brit_alexander_the_great","unverified","Philip’s son Alexander, only 18, commanded the left wing at Chaeronea.","https://www.britannica.com/biography/Alexander-the-Great","L81 card.ancient_greece.081.c4","L81 question.ancient_greece.081.q3; L83 question.ancient_greece.083.q3","","","","","","corroborated","Alexander, aged 18, commanded the Macedonian left wing (companion cavalry) at Chaeronea. (https://en.wikipedia.org/wiki/Battle_of_Chaeronea_(338_BC))","one-page weak-pages"
"fact.ancient_greece.alexander_chaeronea_left_wing","source.worldhistory_philip_ii","unverified","Philip’s son Alexander, only 18, commanded the left wing at Chaeronea.","https://www.worldhistory.org/Philip_II_of_Macedon/","L81 card.ancient_greece.081.c4","L81 question.ancient_greece.081.q3; L83 question.ancient_greece.083.q3","","","","","","corroborated","Alexander, aged 18, commanded the Macedonian left wing (companion cavalry) at Chaeronea. (https://en.wikipedia.org/wiki/Battle_of_Chaeronea_(338_BC))","one-page weak-pages"
"fact.ancient_greece.philip_league_corinth_337","source.brit_philip_ii_macedonia","unverified","In 337 BCE Philip organized the Greek states into the League of Corinth, with himself as its leader, and planned a war against Persia.","https://www.britannica.com/biography/Philip-II-king-of-Macedonia","L81 card.ancient_greece.081.c4; L81 card.ancient_greece.081.c5","L81 question.ancient_greece.081.q3; L83 question.ancient_greece.083.q3","","","","","","corroborated","The League of Corinth was formed in 337 BCE under Philip II as hegemon, to wage war on Persia. (https://en.wikipedia.org/wiki/League_of_Corinth)","one-page weak-pages"
"fact.ancient_greece.philip_assassinated_336","source.livius_diodorus_death_of_philip","unverified","In 336 BCE Philip was stabbed to death by his bodyguard Pausanias in the theater at Aegae, during celebrations of his daughter’s wedding.","https://www.livius.org/sources/content/diodorus/the-death-of-philip/","L81 card.ancient_greece.081.c5","","","","","","","corroborated","Philip II was assassinated by Pausanias of Orestis at Aegae in 336 BCE, at the wedding of his daughter Cleopatra. (https://en.wikipedia.org/wiki/Pausanias_of_Orestis https://en.wikipedia.org/wiki/336_BC)","weak-pages"
"fact.ancient_greece.philip_assassinated_336","source.worldhistory_philip_ii","unverified","In 336 BCE Philip was stabbed to death by his bodyguard Pausanias in the theater at Aegae, during celebrations of his daughter’s wedding.","https://www.worldhistory.org/Philip_II_of_Macedon/","L81 card.ancient_greece.081.c5","","","","","","","corroborated","Philip II was assassinated by Pausanias of Orestis at Aegae in 336 BCE, at the wedding of his daughter Cleopatra. (https://en.wikipedia.org/wiki/Pausanias_of_Orestis https://en.wikipedia.org/wiki/336_BC)","weak-pages"
"fact.ancient_greece.alexander_king_at_20","source.brit_alexander_the_great","unverified","Alexander, born in 356 BCE, became king in 336 BCE, at the age of 20.","https://www.britannica.com/biography/Alexander-the-Great","L81 card.ancient_greece.081.c5","","","","","","","corroborated","Alexander III was born in 356 BCE and succeeded Philip II in 336 BCE, aged 20. (https://en.wikipedia.org/wiki/Alexander_the_Great)","one-page weak-pages"
"fact.ancient_greece.aristotle_tutor_13_16","source.brit_alexander_the_great","unverified","From age 13 to 16, Alexander was taught by the philosopher Aristotle, who inspired his interest in philosophy, medicine and scientific investigation.","https://www.britannica.com/biography/Alexander-the-Great","L82 card.ancient_greece.082.c2","L82 question.ancient_greece.082.q1","","","","","","corroborated","Aristotle tutored Alexander from 343 BCE, when Alexander was about 13, for about three years. (https://en.wikipedia.org/wiki/Aristotle https://www.livius.org/sources/content/plutarch/plutarchs-alexander/alexander-and-aristotle/)",""
"fact.ancient_greece.aristotle_mieza_school","source.lacus_plutarch_alexander","unverified","Plutarch writes that Philip sent for Aristotle, ’the most famous and learned of philosophers’, and gave teacher and pupil the precinct of the nymphs near Mieza as their school.","https://penelope.uchicago.edu/Thayer/E/Roman/Texts/Plutarch/Lives/Alexander*/3.html","L82 card.ancient_greece.082.c2","L82 question.ancient_greece.082.q1","","","","","","corroborated","Plutarch (Alexander 7) places the teaching at the precinct of the Nymphs near Mieza. (https://www.livius.org/sources/content/plutarch/plutarchs-alexander/alexander-and-aristotle/ https://en.wikipedia.org/wiki/Mieza_(Macedonia))",""
"fact.ancient_greece.aristotle_stageira_fee","source.lacus_plutarch_alexander","unverified","According to Plutarch, Philip paid Aristotle by rebuilding his hometown, Stageira, which Philip had destroyed, and bringing back its citizens from exile or slavery.","https://penelope.uchicago.edu/Thayer/E/Roman/Texts/Plutarch/Lives/Alexander*/3.html","L82 card.ancient_greece.082.c3","L82 question.ancient_greece.082.q2","","","","","","corroborated","Philip destroyed Stagira in 348 BCE and later rebuilt it, reportedly as Aristotle’s price for tutoring Alexander. (https://en.wikipedia.org/wiki/Stagira_(ancient_city) https://mrdowling.com/aristotle-the-greatest-scientist-of-the-ancient-world)",""
"fact.ancient_greece.alexander_iliad_pillow","source.lacus_plutarch_alexander","unverified","Plutarch writes that Alexander called the Iliad a handbook of the art of war, and kept Aristotle’s edition of it, the ’Iliad of the Casket’, under his pillow with his dagger.","https://penelope.uchicago.edu/Thayer/E/Roman/Texts/Plutarch/Lives/Alexander*/3.html","L82 card.ancient_greece.082.c1; L82 card.ancient_greece.082.c4","L82 question.ancient_greece.082.q3","","","","","","corroborated","Plutarch (Alexander 8) reports the Casket Iliad, edited by Aristotle, kept under his pillow with a dagger. (https://www.livius.org/sources/content/plutarch/plutarchs-alexander/alexander-and-aristotle/ https://topostext.org/work/172)",""
"fact.ancient_greece.alexander_achilles_descent","source.lacus_plutarch_alexander","unverified","Plutarch says that on his mother’s side Alexander descended from Neoptolemus, the son of Achilles.","https://penelope.uchicago.edu/Thayer/E/Roman/Texts/Plutarch/Lives/Alexander*/3.html","L82 card.ancient_greece.082.c4","L82 question.ancient_greece.082.q3","","","","","","corroborated","Olympias’s Molossian royal house claimed descent from Neoptolemus, son of Achilles. (https://en.wikipedia.org/wiki/Olympias https://www.worldhistory.org/Olympias/)",""
"fact.ancient_greece.bucephalus_taming","source.lacus_plutarch_alexander","unverified","Plutarch tells that a horse dealer offered Bucephalus to Philip for 13 talents; the horse seemed wild and unmanageable until Alexander saw it was frightened by its own shadow and turned it toward the sun.","https://penelope.uchicago.edu/Thayer/E/Roman/Texts/Plutarch/Lives/Alexander*/3.html","L83 card.ancient_greece.083.c1; L83 card.ancient_greece.083.c2","L83 question.ancient_greece.083.q1","","","","","","corroborated","Plutarch (Alexander 6): Philonicus offered the horse for 13 talents; Alexander turned him toward the sun because he shied at his shadow. (https://en.wikipedia.org/wiki/Bucephalus)","one-page weak-pages"
"fact.ancient_greece.bucephalus_philip_words","source.lacus_plutarch_alexander","unverified","In Plutarch’s story, Philip told his son: ’seek thee out a kingdom equal to thyself; Macedonia has not room for thee.’","https://penelope.uchicago.edu/Thayer/E/Roman/Texts/Plutarch/Lives/Alexander*/3.html","L83 card.ancient_greece.083.c2","L83 question.ancient_greece.083.q1","","","","","","corroborated","Plutarch (Alexander 6.8) quotes Philip telling Alexander to seek a kingdom worthy of himself, for Macedonia was too small. (https://en.wikipedia.org/wiki/Bucephalus)","one-page weak-pages"
"fact.ancient_greece.bucephalus_name","source.brit_bucephalus","unverified","The name Bucephalus is Greek for ’bull-headed’.","https://www.britannica.com/topic/Bucephalus","L83 card.ancient_greece.083.c3","L85 question.ancient_greece.085.q3","","","","","","corroborated","Bucephalus means ox-head or bull-head in Greek (bous + kephale). (https://en.wikipedia.org/wiki/Bucephalus)","one-page weak-pages"
"fact.ancient_greece.bucephalus_death_city","source.lacus_plutarch_alexander_60","unverified","Bucephalus died, aged 30, after Alexander’s battle against Porus on the Hydaspes River in 326 BCE, and Alexander founded a city there named Bucephala after him.","https://penelope.uchicago.edu/Thayer/E/Roman/Texts/Plutarch/Lives/Alexander*/8.html","L83 card.ancient_greece.083.c3; L85 card.ancient_greece.085.c3","L85 question.ancient_greece.085.q3","","","","","","corroborated","Bucephalus died after the Battle of the Hydaspes (326 BCE); Alexander founded Bucephala in his honor. (https://en.wikipedia.org/wiki/Bucephalus https://en.wikipedia.org/wiki/Battle_of_the_Hydaspes)","weak-pages"
"fact.ancient_greece.bucephalus_death_city","source.brit_bucephalus","unverified","Bucephalus died, aged 30, after Alexander’s battle against Porus on the Hydaspes River in 326 BCE, and Alexander founded a city there named Bucephala after him.","https://www.britannica.com/topic/Bucephalus","L83 card.ancient_greece.083.c3; L85 card.ancient_greece.085.c3","L85 question.ancient_greece.085.q3","","","","","","corroborated","Bucephalus died after the Battle of the Hydaspes (326 BCE); Alexander founded Bucephala in his honor. (https://en.wikipedia.org/wiki/Bucephalus https://en.wikipedia.org/wiki/Battle_of_the_Hydaspes)","weak-pages"
"fact.ancient_greece.bucephalus_death_city","source.brit_hydaspes","unverified","Bucephalus died, aged 30, after Alexander’s battle against Porus on the Hydaspes River in 326 BCE, and Alexander founded a city there named Bucephala after him.","https://www.britannica.com/event/Battle-of-the-Hydaspes","L83 card.ancient_greece.083.c3; L85 card.ancient_greece.085.c3","L85 question.ancient_greece.085.q3","","","","","","corroborated","Bucephalus died after the Battle of the Hydaspes (326 BCE); Alexander founded Bucephala in his honor. (https://en.wikipedia.org/wiki/Bucephalus https://en.wikipedia.org/wiki/Battle_of_the_Hydaspes)","weak-pages"
"fact.ancient_greece.alexander_cities_alexandria","source.brit_alexander_the_great","unverified","Alexander founded several cities named Alexandria, from Egypt to Central Asia.","https://www.britannica.com/biography/Alexander-the-Great","L83 card.ancient_greece.083.c3","L85 question.ancient_greece.085.q3","","","","","","corroborated","Alexander founded Alexandria in Egypt, Alexandria Eschate, Alexandria of the Arians (Herat) and others. (https://en.wikipedia.org/wiki/List_of_cities_founded_by_Alexander_the_Great)","one-page weak-pages"
"fact.ancient_greece.alexander_sources_late","source.livius_arrians_sources","unverified","The main surviving accounts of Alexander, by Plutarch and Arrian, were written about four centuries after he died; the eyewitness histories they used, like that of Callisthenes, are lost.","https://www.livius.org/articles/person/alexander-the-great/alexander-3.3-arrians-sources/","L83 card.ancient_greece.083.c4","L83 question.ancient_greece.083.q2; L83 question.ancient_greece.083.q3","","","","","","corroborated","All surviving Alexander narratives date from centuries later and rely on lost primary accounts (Callisthenes, Ptolemy, Aristobulus). (https://en.wikipedia.org/wiki/Historiography_of_Alexander_the_Great)","one-page weak-pages"
"fact.ancient_greece.alexander_sources_late","source.brit_arrian","unverified","The main surviving accounts of Alexander, by Plutarch and Arrian, were written about four centuries after he died; the eyewitness histories they used, like that of Callisthenes, are lost.","https://www.britannica.com/biography/Arrian","L83 card.ancient_greece.083.c4","L83 question.ancient_greece.083.q2; L83 question.ancient_greece.083.q3","","","","","","corroborated","All surviving Alexander narratives date from centuries later and rely on lost primary accounts (Callisthenes, Ptolemy, Aristobulus). (https://en.wikipedia.org/wiki/Historiography_of_Alexander_the_Great)","one-page weak-pages"
"fact.ancient_greece.plutarch_born_chaeronea","source.brit_plutarch","unverified","Plutarch was born around 46 CE in Chaeronea.","https://www.britannica.com/biography/Plutarch","L83 card.ancient_greece.083.c4","L83 question.ancient_greece.083.q2; L83 question.ancient_greece.083.q3","","","","","","corroborated","Plutarch was born c. 46 CE at Chaeronea in Boeotia. (https://en.wikipedia.org/wiki/Plutarch)","one-page weak-pages"
"fact.ancient_greece.persia_crossing_334","source.brit_alexander_the_great","unverified","In spring 334 BCE Alexander crossed the Dardanelles into Asia with about 30,000 infantry and more than 5,000 cavalry.","https://www.britannica.com/biography/Alexander-the-Great","L84 card.ancient_greece.084.c1; L84 card.ancient_greece.084.c2; L90 card.ancient_greece.090.c2","L84 question.ancient_greece.084.q3; L90 question.ancient_greece.090.q4","","","","","","corroborated","Alexander crossed the Hellespont in 334 BCE with roughly 32,000 infantry and 5,100 cavalry. (https://en.wikipedia.org/wiki/Alexander_the_Great)","one-page weak-pages"
"fact.ancient_greece.persia_troy_visit","source.brit_alexander_the_great","unverified","Before his first battle in Asia, Alexander visited Troy, where, Plutarch says, he anointed the gravestone of Achilles with oil and ran a race by it with his companions.","https://www.britannica.com/biography/Alexander-the-Great","L84 card.ancient_greece.084.c2","L84 question.ancient_greece.084.q3","","","","","","corroborated","Alexander visited Ilium in 334 BCE and honored the tomb of Achilles (Plutarch 15, Arrian 1.12). (https://en.wikipedia.org/wiki/Alexander_the_Great https://topostext.org/work/172)",""
"fact.ancient_greece.persia_troy_visit","source.lacus_plutarch_alexander","unverified","Before his first battle in Asia, Alexander visited Troy, where, Plutarch says, he anointed the gravestone of Achilles with oil and ran a race by it with his companions.","https://penelope.uchicago.edu/Thayer/E/Roman/Texts/Plutarch/Lives/Alexander*/3.html","L84 card.ancient_greece.084.c2","L84 question.ancient_greece.084.q3","","","","","","corroborated","Alexander visited Ilium in 334 BCE and honored the tomb of Achilles (Plutarch 15, Arrian 1.12). (https://en.wikipedia.org/wiki/Alexander_the_Great https://topostext.org/work/172)",""
"fact.ancient_greece.persia_granicus_334","source.brit_alexander_the_great","unverified","In 334 BCE Alexander won his first battle against a Persian army at the Granicus River.","https://www.britannica.com/biography/Alexander-the-Great","L84 card.ancient_greece.084.c3","L84 question.ancient_greece.084.q1","","","","","","corroborated","Battle of the Granicus, May 334 BCE, Alexander’s first major victory over Persia. (https://en.wikipedia.org/wiki/Battle_of_the_Granicus)","one-page weak-pages"
"fact.ancient_greece.persia_issus_333","source.brit_alexander_the_great","unverified","In 333 BCE Alexander defeated the Persian king Darius III at Issus, and Darius fled.","https://www.britannica.com/biography/Alexander-the-Great","L84 card.ancient_greece.084.c3","L84 question.ancient_greece.084.q1","","","","","","corroborated","At Issus (333 BCE) Alexander defeated Darius III, who fled the field. (https://en.wikipedia.org/wiki/Battle_of_Issus)","one-page weak-pages"
"fact.ancient_greece.persia_gordian_knot","source.brit_alexander_the_great","unverified","Legend said whoever loosed the Gordian knot would rule Asia; most ancient writers say Alexander cut it with his sword, but the story may be apocryphal.","https://www.britannica.com/biography/Alexander-the-Great","L84 card.ancient_greece.084.c4","L84 question.ancient_greece.084.q2","","","","","","corroborated","The Gordian knot story (333 BCE) is told by Plutarch and Arrian; Aristobulus gave a different version. (https://en.wikipedia.org/wiki/Gordian_Knot)","one-page weak-pages"
"fact.ancient_greece.persia_gordian_knot","source.lacus_plutarch_alexander","unverified","Legend said whoever loosed the Gordian knot would rule Asia; most ancient writers say Alexander cut it with his sword, but the story may be apocryphal.","https://penelope.uchicago.edu/Thayer/E/Roman/Texts/Plutarch/Lives/Alexander*/3.html","L84 card.ancient_greece.084.c4","L84 question.ancient_greece.084.q2","","","","","","corroborated","The Gordian knot story (333 BCE) is told by Plutarch and Arrian; Aristobulus gave a different version. (https://en.wikipedia.org/wiki/Gordian_Knot)","one-page weak-pages"
"fact.ancient_greece.persia_tyre_egypt_332","source.brit_alexander_the_great","unverified","In 332 BCE Alexander stormed the island city of Tyre after a siege, and Egypt surrendered to him without a real fight.","https://www.britannica.com/biography/Alexander-the-Great","L84 card.ancient_greece.084.c3","L84 question.ancient_greece.084.q1","","","","","","corroborated","Tyre fell in July 332 BCE after a seven-month siege; Egypt was then surrendered by its Persian satrap. (https://en.wikipedia.org/wiki/Siege_of_Tyre_(332_BC))","one-page weak-pages"
"fact.ancient_greece.persia_gaugamela_331","source.brit_alexander_the_great","unverified","In 331 BCE Alexander defeated Darius at Gaugamela, the decisive battle of the war.","https://www.britannica.com/biography/Alexander-the-Great","L84 card.ancient_greece.084.c3; L90 card.ancient_greece.090.c2","L84 question.ancient_greece.084.q1; L90 question.ancient_greece.090.q4","","","","","","corroborated","Gaugamela, 1 October 331 BCE, was the decisive defeat of Darius III. (https://en.wikipedia.org/wiki/Battle_of_Gaugamela)","one-page weak-pages"
"fact.ancient_greece.persia_end_330","source.brit_alexander_the_great","unverified","In 330 BCE Alexander burned the palace of Xerxes at Persepolis as a sign that the Greek war of revenge on Persia was over, and Darius was stabbed by a usurper among his own men.","https://www.britannica.com/biography/Alexander-the-Great","L84 card.ancient_greece.084.c1; L84 card.ancient_greece.084.c3; L84 card.ancient_greece.084.c4","L84 question.ancient_greece.084.q1; L84 question.ancient_greece.084.q2","","","","","","corroborated","Persepolis palace burned 330 BCE; Darius III was killed by Bessus in July 330 BCE. (https://en.wikipedia.org/wiki/Persepolis https://en.wikipedia.org/wiki/Darius_III)","weak-pages"
"fact.ancient_greece.india_roxana","source.brit_alexander_the_great","unverified","In Central Asia Alexander captured Roxana, daughter of a local noble, and married her to make peace.","https://www.britannica.com/biography/Alexander-the-Great","L85 card.ancient_greece.085.c2","","","","","","","corroborated","Alexander married Roxana, daughter of the Bactrian noble Oxyartes, in 327 BCE. (https://en.wikipedia.org/wiki/Roxana)","one-page weak-pages"
"fact.ancient_greece.india_indus_326","source.brit_alexander_the_great","unverified","In spring 326 BCE Alexander crossed the Indus and entered India.","https://www.britannica.com/biography/Alexander-the-Great","L85 card.ancient_greece.085.c2; L90 card.ancient_greece.090.c2","L90 question.ancient_greece.090.q4","","","","","","corroborated","Alexander crossed the Indus in 326 BCE and entered Taxila. (https://en.wikipedia.org/wiki/Indian_campaign_of_Alexander_the_Great)","one-page weak-pages"
"fact.ancient_greece.india_hydaspes_porus","source.brit_hydaspes","unverified","In 326 BCE Alexander defeated King Porus on the Hydaspes River; Porus’s elephants were unfamiliar to the Macedonians.","https://www.britannica.com/event/Battle-of-the-Hydaspes","L85 card.ancient_greece.085.c3","L85 question.ancient_greece.085.q2; L85 question.ancient_greece.085.q3","","","","","","corroborated","Battle of the Hydaspes, 326 BCE, against Porus, whose war elephants the Macedonians had not faced before. (https://en.wikipedia.org/wiki/Battle_of_the_Hydaspes)","one-page weak-pages"
"fact.ancient_greece.india_porus_like_a_king","source.lacus_plutarch_alexander_60","unverified","Plutarch writes that when Alexander asked the captured Porus how he wished to be treated, Porus answered ’like a king’; impressed, Alexander kept him as ruler and gave him more land.","https://penelope.uchicago.edu/Thayer/E/Roman/Texts/Plutarch/Lives/Alexander*/8.html","L85 card.ancient_greece.085.c3","L85 question.ancient_greece.085.q2; L85 question.ancient_greece.085.q3","","","","","","corroborated","Porus’s reply “like a king” is reported by Plutarch and Arrian; Alexander restored and enlarged his kingdom. (https://en.wikipedia.org/wiki/Porus)","one-page weak-pages"
"fact.ancient_greece.india_porus_like_a_king","source.brit_hydaspes","unverified","Plutarch writes that when Alexander asked the captured Porus how he wished to be treated, Porus answered ’like a king’; impressed, Alexander kept him as ruler and gave him more land.","https://www.britannica.com/event/Battle-of-the-Hydaspes","L85 card.ancient_greece.085.c3","L85 question.ancient_greece.085.q2; L85 question.ancient_greece.085.q3","","","","","","corroborated","Porus’s reply “like a king” is reported by Plutarch and Arrian; Alexander restored and enlarged his kingdom. (https://en.wikipedia.org/wiki/Porus)","one-page weak-pages"
"fact.ancient_greece.india_hyphasis_mutiny","source.brit_alexander_the_great","unverified","At the Hyphasis River, Alexander’s army mutinied and refused to go any farther; Alexander, Plutarch says, shut himself in his tent in anger before giving in.","https://www.britannica.com/biography/Alexander-the-Great","L85 card.ancient_greece.085.c1; L85 card.ancient_greece.085.c4; L90 card.ancient_greece.090.c2","L90 question.ancient_greece.090.q4","","","","","","corroborated","The Hyphasis (Beas) mutiny of 326 BCE ended Alexander’s advance east. (https://en.wikipedia.org/wiki/Hyphasis_mutiny)","one-page weak-pages"
"fact.ancient_greece.india_hyphasis_mutiny","source.lacus_plutarch_alexander_62","unverified","At the Hyphasis River, Alexander’s army mutinied and refused to go any farther; Alexander, Plutarch says, shut himself in his tent in anger before giving in.","https://penelope.uchicago.edu/Thayer/E/Roman/Texts/Plutarch/Lives/Alexander*/9.html","L85 card.ancient_greece.085.c1; L85 card.ancient_greece.085.c4; L90 card.ancient_greece.090.c2","L90 question.ancient_greece.090.q4","","","","","","corroborated","The Hyphasis (Beas) mutiny of 326 BCE ended Alexander’s advance east. (https://en.wikipedia.org/wiki/Hyphasis_mutiny)","one-page weak-pages"
"fact.ancient_greece.india_twelve_altars","source.brit_alexander_the_great","unverified","At the Hyphasis, Alexander set up 12 altars to the 12 Olympian gods.","https://www.britannica.com/biography/Alexander-the-Great","L85 card.ancient_greece.085.c4","","","","","","","corroborated","Arrian and others report twelve altars erected at the Hyphasis to mark the limit of the march. (https://en.wikipedia.org/wiki/Hyphasis_mutiny)","one-page weak-pages"
"fact.ancient_greece.india_gedrosia","source.brit_alexander_the_great","unverified","On the way back, Alexander’s march through the Gedrosian desert was a disaster of thirst and hunger; Plutarch wrote that not even a quarter of his fighting force came back from India.","https://www.britannica.com/biography/Alexander-the-Great","L85 card.ancient_greece.085.c5","L85 question.ancient_greece.085.q1","","","","","","corroborated","The Gedrosian desert march of 325 BCE caused heavy losses to Alexander’s army. (https://en.wikipedia.org/wiki/Gedrosian_Desert)","one-page weak-pages"
"fact.ancient_greece.india_gedrosia","source.lacus_plutarch_alexander_66","unverified","On the way back, Alexander’s march through the Gedrosian desert was a disaster of thirst and hunger; Plutarch wrote that not even a quarter of his fighting force came back from India.","https://penelope.uchicago.edu/Thayer/E/Roman/Texts/Plutarch/Lives/Alexander*/10.html","L85 card.ancient_greece.085.c5","L85 question.ancient_greece.085.q1","","","","","","corroborated","The Gedrosian desert march of 325 BCE caused heavy losses to Alexander’s army. (https://en.wikipedia.org/wiki/Gedrosian_Desert)","one-page weak-pages"
"fact.ancient_greece.death_babylon_323","source.brit_alexander_the_great","unverified","Alexander fell ill after a long banquet and drinking bout in Babylon and died 10 days later, on June 13, 323 BCE, aged 32.","https://www.britannica.com/biography/Alexander-the-Great","L86 card.ancient_greece.086.c2; L90 card.ancient_greece.090.c2","L90 question.ancient_greece.090.q4","","","","","","corroborated","Alexander died in Babylon on 10 or 11 June 323 BCE (Britannica: 13 June), aged 32. (https://en.wikipedia.org/wiki/Death_of_Alexander_the_Great)","one-page weak-pages"
"fact.ancient_greece.death_babylon_323","source.lacus_plutarch_alexander_66","unverified","Alexander fell ill after a long banquet and drinking bout in Babylon and died 10 days later, on June 13, 323 BCE, aged 32.","https://penelope.uchicago.edu/Thayer/E/Roman/Texts/Plutarch/Lives/Alexander*/10.html","L86 card.ancient_greece.086.c2; L90 card.ancient_greece.090.c2","L90 question.ancient_greece.090.q4","","","","","","corroborated","Alexander died in Babylon on 10 or 11 June 323 BCE (Britannica: 13 June), aged 32. (https://en.wikipedia.org/wiki/Death_of_Alexander_the_Great)","one-page weak-pages"
"fact.ancient_greece.death_cause_debated","source.brit_alexander_the_great","unverified","What killed Alexander is still debated: the most popular theories are malaria, typhoid fever and poison, though Plutarch thought the poison story a fabrication.","https://www.britannica.com/biography/Alexander-the-Great","L86 card.ancient_greece.086.c2","","","","","","","corroborated","Proposed causes of Alexander’s death include malaria, typhoid and poisoning; no consensus exists. (https://en.wikipedia.org/wiki/Death_of_Alexander_the_Great)","one-page weak-pages"
"fact.ancient_greece.death_cause_debated","source.lacus_plutarch_alexander_66","unverified","What killed Alexander is still debated: the most popular theories are malaria, typhoid fever and poison, though Plutarch thought the poison story a fabrication.","https://penelope.uchicago.edu/Thayer/E/Roman/Texts/Plutarch/Lives/Alexander*/10.html","L86 card.ancient_greece.086.c2","","","","","","","corroborated","Proposed causes of Alexander’s death include malaria, typhoid and poisoning; no consensus exists. (https://en.wikipedia.org/wiki/Death_of_Alexander_the_Great)","one-page weak-pages"
"fact.ancient_greece.death_to_the_strongest","source.perseus_diodorus_17_117","unverified","The historian Diodorus writes that the dying Alexander gave his ring to his general Perdiccas and, asked who should have his kingdom, answered ’to the strongest’.","https://www.perseus.tufts.edu/hopper/text?doc=Perseus%3Atext%3A1999.01.0084%3Abook%3D17%3Achapter%3D117","L86 card.ancient_greece.086.c1; L86 card.ancient_greece.086.c3","L86 question.ancient_greece.086.q1","","","","","","corroborated","Diodorus 17.117 reports the ring given to Perdiccas and the answer “to the strongest”. (https://en.wikipedia.org/wiki/Perdiccas https://courses.lumenlearning.com/atd-herkimer-westerncivilization/chapter/alexanders-empire/)",""
"fact.ancient_greece.death_to_the_strongest","source.worldhistory_wars_diadochi","unverified","The historian Diodorus writes that the dying Alexander gave his ring to his general Perdiccas and, asked who should have his kingdom, answered ’to the strongest’.","https://www.worldhistory.org/Wars_of_the_Diadochi/","L86 card.ancient_greece.086.c1; L86 card.ancient_greece.086.c3","L86 question.ancient_greece.086.q1","","","","","","corroborated","Diodorus 17.117 reports the ring given to Perdiccas and the answer “to the strongest”. (https://en.wikipedia.org/wiki/Perdiccas https://courses.lumenlearning.com/atd-herkimer-westerncivilization/chapter/alexanders-empire/)",""
"fact.ancient_greece.death_no_heir","source.brit_alexander_the_great","unverified","Alexander had named no heir, so his generals made two kings: his half-brother Philip Arrhidaeus and his son by Roxana, Alexander IV, born after his death.","https://www.britannica.com/biography/Alexander-the-Great","L86 card.ancient_greece.086.c4","L86 question.ancient_greece.086.q2","","","","","","corroborated","Philip III Arrhidaeus and the posthumous Alexander IV were proclaimed joint kings in 323 BCE. (https://en.wikipedia.org/wiki/Partition_of_Babylon https://en.wikipedia.org/wiki/Alexander_IV_of_Macedon)","weak-pages"
"fact.ancient_greece.death_alexander_iv_310","source.worldhistory_wars_diadochi","unverified","In 310 BCE the general Cassander had the boy king Alexander IV and his mother Roxana killed.","https://www.worldhistory.org/Wars_of_the_Diadochi/","L86 card.ancient_greece.086.c4","L86 question.ancient_greece.086.q2","","","","","","corroborated","Cassander had Alexander IV and Roxana murdered in about 310 BCE. (https://en.wikipedia.org/wiki/Alexander_IV_of_Macedon https://en.wikipedia.org/wiki/Cassander)","weak-pages"
"fact.ancient_greece.diadochi_wars_323_281","source.worldhistory_wars_diadochi","unverified","Alexander’s generals, the Successors, fought over his empire from 323 to 281 BCE.","https://www.worldhistory.org/Wars_of_the_Diadochi/","L86 card.ancient_greece.086.c4","L86 question.ancient_greece.086.q2","","","","","","corroborated","The Wars of the Diadochi lasted from 322 to 281 BCE. (https://en.wikipedia.org/wiki/Wars_of_the_Diadochi)","one-page weak-pages"
"fact.ancient_greece.seleucus_500_elephants","source.brit_seleucus_i","unverified","Seleucus, one of Alexander’s generals, gave up territory to the Indian ruler Chandragupta in exchange for 500 elephants.","https://www.britannica.com/biography/Seleucus-I-Nicator","L87 card.ancient_greece.087.c1; L87 card.ancient_greece.087.c2; L87 card.ancient_greece.087.c4","L87 question.ancient_greece.087.q2","","","","","","corroborated","The Seleucid-Mauryan treaty (about 303 BCE) ceded territory to Chandragupta for 500 war elephants. (https://en.wikipedia.org/wiki/Seleucid%E2%80%93Mauryan_war)","one-page weak-pages"
"fact.ancient_greece.ipsus_301","source.brit_battle_ipsus","unverified","At Ipsus in 301 BCE, Seleucus and his allies beat Antigonus, who was killed; Seleucus’s estimated 400 elephants made the difference, and hopes of reuniting Alexander’s empire ended.","https://www.britannica.com/event/Battle-of-Ipsus","L87 card.ancient_greece.087.c2","L87 question.ancient_greece.087.q2","","","","","","corroborated","At Ipsus (301 BCE) Seleucus’s elephants were decisive and Antigonus I was killed. (https://en.wikipedia.org/wiki/Battle_of_Ipsus)","one-page weak-pages"
"fact.ancient_greece.ipsus_301","source.worldhistory_wars_diadochi","unverified","At Ipsus in 301 BCE, Seleucus and his allies beat Antigonus, who was killed; Seleucus’s estimated 400 elephants made the difference, and hopes of reuniting Alexander’s empire ended.","https://www.worldhistory.org/Wars_of_the_Diadochi/","L87 card.ancient_greece.087.c2","L87 question.ancient_greece.087.q2","","","","","","corroborated","At Ipsus (301 BCE) Seleucus’s elephants were decisive and Antigonus I was killed. (https://en.wikipedia.org/wiki/Battle_of_Ipsus)","one-page weak-pages"
"fact.ancient_greece.ptolemies_305_30","source.brit_ptolemaic_dynasty","unverified","The Ptolemies, descended from Alexander’s general Ptolemy, ruled Egypt as kings from 305 BCE until 30 BCE.","https://www.britannica.com/topic/Ptolemaic-dynasty","L87 card.ancient_greece.087.c3; L87 card.ancient_greece.087.c4","L87 question.ancient_greece.087.q1; L87 question.ancient_greece.087.q3; L88 question.ancient_greece.088.q3; L90 question.ancient_greece.090.q5","","","","","","corroborated","The Ptolemaic dynasty ruled Egypt from 305 BCE to the death of Cleopatra VII in 30 BCE. (https://en.wikipedia.org/wiki/Ptolemaic_Kingdom)","one-page weak-pages"
"fact.ancient_greece.seleucids_thrace_india","source.brit_seleucid_kingdom","unverified","The Seleucid kingdom at its greatest stretched from Thrace to the border of India; its main capital was Antioch in Syria, and Rome ended it in 64 BCE.","https://www.britannica.com/topic/Seleucid-kingdom","L87 card.ancient_greece.087.c3; L87 card.ancient_greece.087.c4","L87 question.ancient_greece.087.q1; L87 question.ancient_greece.087.q3; L88 question.ancient_greece.088.q3; L90 question.ancient_greece.090.q5","","","","","","corroborated","The Seleucid Empire spanned from Anatolia to the Indus at its height; capital Antioch; annexed by Pompey in 63 BCE. (https://en.wikipedia.org/wiki/Seleucid_Empire)","one-page weak-pages"
"fact.ancient_greece.antigonids_306_168","source.brit_antigonid_dynasty","unverified","The Antigonid family, descended from Alexander’s general Antigonus, ruled Macedonia from 306 to 168 BCE.","https://www.britannica.com/topic/Antigonid-dynasty","L87 card.ancient_greece.087.c3; L87 card.ancient_greece.087.c4; L89 card.ancient_greece.089.c2","L87 question.ancient_greece.087.q1; L87 question.ancient_greece.087.q3; L88 question.ancient_greece.088.q3; L90 question.ancient_greece.090.q5","","","","","","corroborated","The Antigonid dynasty ruled Macedon until its defeat by Rome at Pydna in 168 BCE. (https://en.wikipedia.org/wiki/Antigonid_dynasty)","one-page weak-pages"
"fact.ancient_greece.hellenistic_greek_language_rule","source.brit_hellenistic_age","unverified","In the Hellenistic kingdoms Greek became the language of government, and Greek culture mixed with the cultures of the peoples the kings ruled.","https://www.britannica.com/event/Hellenistic-age","L87 card.ancient_greece.087.c4","","","","","","","corroborated","Greek was the administrative language of the Hellenistic states, which blended Greek and local cultures. (https://en.wikipedia.org/wiki/Hellenistic_period)","one-page weak-pages"
"fact.ancient_greece.library_founding_295","source.brit_library_alexandria","unverified","About 295 BCE, Ptolemy I had Demetrius of Phaleron found the library and the Mouseion in Alexandria, aiming to collect, if possible, all the books in the world.","https://www.britannica.com/topic/Library-of-Alexandria","L88 card.ancient_greece.088.c2","L88 question.ancient_greece.088.q3","","","","","","corroborated","The Library was founded under Ptolemy I, with Demetrius of Phalerum, around 295 BCE. (https://en.wikipedia.org/wiki/Library_of_Alexandria https://www.nationalgeographic.com/history/article/who-burned-library-of-alexandria-egypt)",""
"fact.ancient_greece.library_demetrius_athenian","source.brit_demetrius_phaleron","unverified","Demetrius of Phaleron was an Athenian statesman and philosopher who became prominent at the court of Ptolemy I.","https://www.britannica.com/biography/Demetrius-of-Phaleron","L88 card.ancient_greece.088.c2","L88 question.ancient_greece.088.q3","","","","","","corroborated","Demetrius of Phalerum, Athenian statesman and Peripatetic philosopher, went to Ptolemy I’s court in Egypt. (https://en.wikipedia.org/wiki/Demetrius_of_Phalerum)","one-page weak-pages"
"fact.ancient_greece.library_mostly_greek","source.brit_library_alexandria","unverified","Most of the Library of Alexandria’s books were in Greek.","https://www.britannica.com/topic/Library-of-Alexandria","L88 card.ancient_greece.088.c2","L88 question.ancient_greece.088.q3","","","","","","corroborated","The Library’s collection was predominantly of Greek works. (https://en.wikipedia.org/wiki/Library_of_Alexandria)","one-page weak-pages"
"fact.ancient_greece.library_athens_tragedies","source.brit_library_alexandria","unverified","Ptolemy III borrowed Athens’ official copies of the plays of Aeschylus, Sophocles and Euripides, leaving 15 talents of silver as security, then kept the originals and returned copies.","https://www.britannica.com/topic/Library-of-Alexandria","L88 card.ancient_greece.088.c1; L88 card.ancient_greece.088.c3","L88 question.ancient_greece.088.q2","","","","","","corroborated","Galen reports Ptolemy III forfeited a 15-talent deposit to keep the Athenian state copies of the tragedians. (https://en.wikipedia.org/wiki/Ptolemaic_Kingdom https://www.attalus.org/translate/extracts.html)",""
"fact.ancient_greece.library_pinakes","source.brit_pinakes","unverified","The scholar Callimachus, who worked at the library, compiled the Pinakes, a catalog of its authors and their works by field of learning, in 120 books.","https://www.britannica.com/topic/Pinakes","L88 card.ancient_greece.088.c4","L88 question.ancient_greece.088.q1","","","","","","corroborated","Callimachus’s Pinakes (120 books) catalogued the Library’s holdings by genre and author. (https://en.wikipedia.org/wiki/Pinakes https://www.historyofinformation.com/detail.php?id=136)",""
"fact.ancient_greece.pharos_sostratus","source.brit_pharos_lighthouse","unverified","The lighthouse on the island of Pharos was built by Sostratus of Cnidus, a Greek architect, and finished about 280 BCE.","https://www.britannica.com/topic/Pharos-of-Alexandria","L88 card.ancient_greece.088.c5","","","","","","","corroborated","The Pharos was designed by the Greek architect Sostratus of Cnidus and completed around 280 BCE under Ptolemy II. (https://en.wikipedia.org/wiki/Lighthouse_of_Alexandria)","one-page weak-pages"
"fact.ancient_greece.pharos_height_wonder","source.brit_pharos_lighthouse","unverified","The Lighthouse of Alexandria rose more than 110 metres, had a fire burning at the top at night, and was one of the Seven Wonders of the World.","https://www.britannica.com/topic/Pharos-of-Alexandria","L88 card.ancient_greece.088.c5","","","","","","","corroborated","The Pharos was over 100 m tall, with a fire at the top, and was one of the Seven Wonders. (https://en.wikipedia.org/wiki/Lighthouse_of_Alexandria)","one-page weak-pages"
"fact.ancient_greece.pydna_168","source.brit_antigonid_dynasty","unverified","In 168 BCE Rome defeated King Perseus of Macedonia at Pydna, ending the Antigonid kingdom.","https://www.britannica.com/topic/Antigonid-dynasty","L89 card.ancient_greece.089.c2","L89 question.ancient_greece.089.q1; L90 question.ancient_greece.090.q5","","","","","","corroborated","At Pydna (168 BCE) Aemilius Paullus defeated Perseus, ending the Antigonid dynasty. (https://en.wikipedia.org/wiki/Battle_of_Pydna)","one-page weak-pages"
"fact.ancient_greece.pydna_168","source.brit_polybius","unverified","In 168 BCE Rome defeated King Perseus of Macedonia at Pydna, ending the Antigonid kingdom.","https://www.britannica.com/biography/Polybius","L89 card.ancient_greece.089.c2","L89 question.ancient_greece.089.q1; L90 question.ancient_greece.090.q5","","","","","","corroborated","At Pydna (168 BCE) Aemilius Paullus defeated Perseus, ending the Antigonid dynasty. (https://en.wikipedia.org/wiki/Battle_of_Pydna)","one-page weak-pages"
"fact.ancient_greece.polybius_hostage","source.brit_polybius","unverified","After Pydna, Polybius was one of 1,000 leading Achaeans deported to Rome as hostages.","https://www.britannica.com/biography/Polybius","L89 card.ancient_greece.089.c2","L89 question.ancient_greece.089.q1; L90 question.ancient_greece.090.q5","","","","","","corroborated","Polybius was among 1,000 Achaean hostages sent to Rome in 167 BCE. (https://en.wikipedia.org/wiki/Polybius https://www.livius.org/sources/content/polybius/)",""
"fact.ancient_greece.polybius_histories","source.brit_polybius","unverified","In Rome Polybius became a friend of the general Scipio Aemilianus and wrote his Histories, in Greek, to explain how the Romans had brought nearly the whole inhabited world under their rule in under 53 years.","https://www.britannica.com/biography/Polybius","L89 card.ancient_greece.089.c3","","","","","","","corroborated","Polybius, a friend of Scipio Aemilianus, wrote the Histories in Greek on Rome’s rise to dominance in 53 years. (https://en.wikipedia.org/wiki/Polybius)","one-page weak-pages"
"fact.ancient_greece.corinth_people_146","source.ebsco_sack_of_corinth","unverified","When Rome destroyed Corinth in 146 BCE, most of its men were killed and its women and children were enslaved.","https://www.ebsco.com/research-starters/history/sack-corinth","L89 card.ancient_greece.089.c4","L89 question.ancient_greece.089.q3","","","","","","corroborated","Pausanias reports the men of Corinth were killed and the women and children sold into slavery. (https://en.wikipedia.org/wiki/Battle_of_Corinth_(146_BC))","one-page weak-pages"
"fact.ancient_greece.mummius_art_remark","source.brit_lucius_mummius","unverified","The Roman general Mummius shipped Corinth’s art treasures to Rome and warned the shippers that anything lost or damaged would have to be replaced with work of equal value.","https://www.britannica.com/biography/Lucius-Mummius","L89 card.ancient_greece.089.c1; L89 card.ancient_greece.089.c4","L89 question.ancient_greece.089.q3","","","","","","corroborated","Velleius Paterculus records Mummius’s warning that lost statues and paintings would have to be replaced with new ones. (https://en.wikipedia.org/wiki/Battle_of_Corinth_(146_BC) https://en.wikipedia.org/wiki/Lucius_Mummius_Achaicus)","weak-pages"
"fact.ancient_greece.horace_captive_greece","source.perseus_horace_epistles_2_1","unverified","The Roman poet Horace wrote that captive Greece took her fierce conqueror captive and brought the arts to rustic Latium.","https://www.perseus.tufts.edu/hopper/text?doc=Hor.+Ep.+2.1","L89 card.ancient_greece.089.c1; L89 card.ancient_greece.089.c5","L89 question.ancient_greece.089.q2","","","","","","corroborated","Horace, Epistles 2.1.156: “Graecia capta ferum victorem cepit et artes intulit agresti Latio.” (https://web.sas.upenn.edu/discentes/2020/09/02/graecia-capta-catullus-and-philodemus/)","one-page"
"fact.ancient_greece.ai_khanoum_greek_city","source.livius_ai_khanum","unverified","Ai Khanoum, in northern Afghanistan, was a Greek city founded in the wake of Alexander’s conquests, with a gymnasium and a theater.","https://www.livius.org/articles/place/ai-khanum/","L90 card.ancient_greece.090.c1; L90 card.ancient_greece.090.c3","L90 question.ancient_greece.090.q1","","","","","","corroborated","Ai-Khanoum was a Hellenistic Greek city in Bactria (northern Afghanistan) with a gymnasium and theater. (https://en.wikipedia.org/wiki/Ai-Khanoum)","one-page weak-pages"
"fact.ancient_greece.ai_khanoum_greek_city","source.worldhistory_ai_khanum","unverified","Ai Khanoum, in northern Afghanistan, was a Greek city founded in the wake of Alexander’s conquests, with a gymnasium and a theater.","https://www.worldhistory.org/article/165/ai-khanum-the-capital-of-eucratides/","L90 card.ancient_greece.090.c1; L90 card.ancient_greece.090.c3","L90 question.ancient_greece.090.q1","","","","","","corroborated","Ai-Khanoum was a Hellenistic Greek city in Bactria (northern Afghanistan) with a gymnasium and theater. (https://en.wikipedia.org/wiki/Ai-Khanoum)","one-page weak-pages"
"fact.ancient_greece.ai_khanoum_delphic_maxims","source.livius_ai_khanum","unverified","At Ai Khanoum a man named Clearchus set up Delphic sayings he had copied: ’As a child, be orderly; as a youth, self-controlled; as an adult, just; as an old man, of good counsel; when dying, without sorrow.’","https://www.livius.org/articles/place/ai-khanum/","L90 card.ancient_greece.090.c1; L90 card.ancient_greece.090.c3","L90 question.ancient_greece.090.q1","","","","","","corroborated","The Ai-Khanoum inscription of Clearchus reproduces Delphic maxims, ending with the five-line sequence from child to death. (https://en.wikipedia.org/wiki/Ai-Khanoum https://en.wikipedia.org/wiki/Clearchus_of_Soli)","weak-pages"
"fact.ancient_greece.ai_khanoum_delphic_maxims","source.worldhistory_ai_khanum","unverified","At Ai Khanoum a man named Clearchus set up Delphic sayings he had copied: ’As a child, be orderly; as a youth, self-controlled; as an adult, just; as an old man, of good counsel; when dying, without sorrow.’","https://www.worldhistory.org/article/165/ai-khanum-the-capital-of-eucratides/","L90 card.ancient_greece.090.c1; L90 card.ancient_greece.090.c3","L90 question.ancient_greece.090.q1","","","","","","corroborated","The Ai-Khanoum inscription of Clearchus reproduces Delphic maxims, ending with the five-line sequence from child to death. (https://en.wikipedia.org/wiki/Ai-Khanoum https://en.wikipedia.org/wiki/Clearchus_of_Soli)","weak-pages"
"fact.ancient_greece.koine_common_greek","source.brit_koine","unverified","Koine, the common Greek of the Hellenistic age, was used from Greece and Macedonia to the Greek-ruled parts of Africa and the Middle East until the 6th century CE; the New Testament was written in it.","https://www.britannica.com/topic/Koine-Greek-language","L90 card.ancient_greece.090.c4","L90 question.ancient_greece.090.q2","","","","","","corroborated","Koine Greek was the lingua franca of the Hellenistic and Roman East and the language of the New Testament. (https://en.wikipedia.org/wiki/Koine_Greek)","one-page weak-pages"
"fact.ancient_greece.legacy_word_telephone","source.etymonline_telephone","unverified","Telephone comes from Greek tele, ""far"", and phone, ""sound, voice""; the word was coined around 1830 for a system that sent words using musical notes.","https://www.etymonline.com/word/telephone","L91 card.ancient_greece.091.c1; L91 card.ancient_greece.091.c2","L91 question.ancient_greece.091.q2","","","","","","corroborated","Independent etymologies derive telephone from Greek tele ""far"" + phone ""voice, sound"", via French téléphone. (https://en.wiktionary.org/wiki/telephone https://www.vocabulary.com/dictionary/telephone)",""
"fact.ancient_greece.legacy_word_photograph","source.etymonline_photograph","unverified","In 1839 John Herschel coined photograph from Greek photo-, ""light"", and -graph, ""something written"".","https://www.etymonline.com/word/photograph","L91 card.ancient_greece.091.c1; L91 card.ancient_greece.091.c3","L91 question.ancient_greece.091.q2","","","","","","corroborated","Other accounts confirm Herschel coined photograph in 1839 from Greek phos ""light"" + graphe ""drawing, writing"". (https://en.wikipedia.org/wiki/Photograph)","one-page weak-pages"
"fact.ancient_greece.legacy_word_school","source.etymonline_school","unverified","School comes, through Latin, from Greek skhole, ""leisure"" or ""spare time"", which came to mean learned discussion and then a place for it.","https://www.etymonline.com/word/school","L91 card.ancient_greece.091.c1; L91 card.ancient_greece.091.c4; L99 card.ancient_greece.099.c4","L91 question.ancient_greece.091.q1","","","","","","corroborated","Merriam-Webster also traces school to Greek schole, ""leisure"", then discussion and a place for it. (https://www.merriam-webster.com/wordplay/get-schooled-on-the-origins-of-school-twice)","one-page"
"fact.ancient_greece.legacy_word_dinosaur","source.etymonline_dinosaur","unverified","In the 1840s the anatomist Richard Owen coined dinosaur from Greek deinos, ""terrible"", and sauros, ""lizard"".","https://www.etymonline.com/word/dinosaur","L91 card.ancient_greece.091.c1; L91 card.ancient_greece.091.c5","L91 question.ancient_greece.091.q3","","","","","","corroborated","The Natural History Museum and others confirm Owen coined Dinosauria, ""terrible lizards"" (presented 1841, published 1842). (https://www.nhm.ac.uk/discover/how-dinosaurs-got-their-name.html https://www.lindahall.org/experience/digital-exhibitions/paper-dinosaurs/03-early-restorations/04-the-word-dinosaur-is-coined-1842/)",""
"fact.ancient_greece.legacy_democracy_word","source.brit_democracy","unverified","Democracy comes from Greek demos, ""people"", and kratos, ""rule"".","https://www.britannica.com/topic/democracy","L92 card.ancient_greece.092.c1; L92 card.ancient_greece.092.c2","L92 question.ancient_greece.092.q1; L94 question.ancient_greece.094.q3; L100 question.ancient_greece.100.q7","","","","","","corroborated","Standard etymologies give demokratia from demos ""people"" + kratos ""rule, power"". (https://www.etymonline.com/word/democracy)","one-page"
"fact.ancient_greece.legacy_athens_direct_democracy","source.brit_democracy","unverified","In Athens, citizens voted on laws themselves in the Assembly; most democracies today are representative, with voters electing lawmakers.","https://www.britannica.com/topic/democracy","L92 card.ancient_greece.092.c1; L92 card.ancient_greece.092.c2; L92 card.ancient_greece.092.c4","L92 question.ancient_greece.092.q1; L92 question.ancient_greece.092.q3; L94 question.ancient_greece.094.q3; L100 question.ancient_greece.100.q7","","","","","","corroborated","World History Encyclopedia describes the Assembly where citizens voted directly; modern democracies are representative, not direct. (https://www.worldhistory.org/Athenian_Democracy/ https://en.wikipedia.org/wiki/Direct_democracy)",""
"fact.ancient_greece.legacy_athens_citizens_only","source.brit_democracy","unverified","Only adult male citizens could take part in Athenian democracy; women, slaves and foreigners were excluded, so most inhabitants had no vote.","https://www.britannica.com/topic/democracy","L92 card.ancient_greece.092.c3; L99 card.ancient_greece.099.c3","L92 question.ancient_greece.092.q2; L100 question.ancient_greece.100.q7","","","","","","corroborated","World History Encyclopedia confirms only adult male citizens could vote, excluding women, slaves and foreign residents. (https://www.worldhistory.org/Athenian_Democracy/)","one-page"
"fact.ancient_greece.legacy_nz_women_vote_1893","source.nzhistory_womens_suffrage","unverified","In 1893 New Zealand became the first self-governing country to let women vote in national elections.","https://nzhistory.govt.nz/politics/womens-suffrage","L92 card.ancient_greece.092.c3","L92 question.ancient_greece.092.q2; L100 question.ancient_greece.100.q7","","","","","","corroborated","The New Zealand Ministry for Women and Parliament confirm the Electoral Act of 19 September 1893. (https://www.women.govt.nz/about-us/history-womens-suffrage-aotearoa-new-zealand https://www.history.com/this-day-in-history/september-19/new-zealand-first-in-womens-vote)",""
"fact.ancient_greece.legacy_madison_federalist_10","source.avalon_federalist_10","unverified","In Federalist No. 10 (1787), James Madison called a pure democracy a small number of citizens who assemble and govern in person, and argued a republic, run by elected representatives, could cover a far larger country.","https://avalon.law.yale.edu/18th_century/fed10.asp","L92 card.ancient_greece.092.c4","L92 question.ancient_greece.092.q3","","","","","","corroborated","The Bill of Rights Institute text and summaries confirm Madison’s definitions and his point that a republic can extend over a greater number of citizens and territory. (https://billofrightsinstitute.org/primary-sources/federalist-no-10/ https://en.wikipedia.org/wiki/Federalist_No._10)",""
"fact.ancient_greece.legacy_coubertin_1894","source.brit_olympics","unverified","The French educator Pierre de Coubertin led the revival of the Olympics: in 1894 a congress at the Sorbonne in Paris agreed to hold international Games and founded the International Olympic Committee.","https://www.britannica.com/sports/Olympic-Games","L93 card.ancient_greece.093.c2","L93 question.ancient_greece.093.q1","","","","","","corroborated","Britannica’s Coubertin biography and olympics.com confirm the June 1894 Sorbonne congress that founded the IOC. (https://www.britannica.com/biography/Pierre-baron-de-Coubertin https://www.olympics.com/ioc/pierre-de-coubertin)",""
"fact.ancient_greece.legacy_athens_1896","source.brit_olympics","unverified","The first modern Olympic Games were held in Athens in 1896.","https://www.britannica.com/sports/Olympic-Games","L93 card.ancient_greece.093.c1; L93 card.ancient_greece.093.c2; L99 card.ancient_greece.099.c4","L93 question.ancient_greece.093.q1","","","","","","corroborated","Britannica’s Spyridon Louis article and olympics.com confirm Athens 1896 as the first modern Games. (https://www.britannica.com/biography/Spyridon-Louis)","one-page"
"fact.ancient_greece.legacy_marathon_1896","source.brit_spyridon_louis","unverified","The marathon was a new race at the 1896 Games, inspired by the legend of a runner carrying news from Marathon to Athens; the Greek Spyridon Louis won it by more than seven minutes and became a national hero.","https://www.britannica.com/biography/Spyridon-Louis","L93 card.ancient_greece.093.c1; L93 card.ancient_greece.093.c3","L93 question.ancient_greece.093.q3","","","","","","corroborated","Olympics.com and other accounts confirm Louis won the first Olympic marathon in 1896 and that the race was created from the Pheidippides legend. (https://www.olympics.com/en/news/local-hero-louis-earns-cult-status-in-marathon https://en.wikipedia.org/wiki/Athletics_at_the_1896_Summer_Olympics_%E2%80%93_Men%27s_marathon)",""
"fact.ancient_greece.legacy_torch_relay_1936","source.history_olympic_torch_relay","unverified","The Olympic torch relay began with the 1936 Berlin Games in Nazi Germany: a flame lit at Olympia with a mirror focusing the Sun’s rays was carried by runners to Berlin. Ancient Greeks never ran such a relay.","https://www.history.com/articles/the-olympic-torch-relays-surprising-origins","L93 card.ancient_greece.093.c1; L93 card.ancient_greece.093.c4","L93 question.ancient_greece.093.q2; L93 question.ancient_greece.093.q3; L100 question.ancient_greece.100.q8","","","","","","corroborated","Smithsonian Magazine and olympics.com also date the first torch relay to 1936, lit at Olympia with a parabolic mirror. (https://www.smithsonianmag.com/innovation/your-burning-questions-about-olympic-torch-answered-180968120/ https://www.olympics.com/en/olympic-games/berlin-1936/torch-relay)",""
"fact.ancient_greece.legacy_greek_revival_style","source.brit_greek_revival","unverified","The Greek Revival, a style based on 5th-century-BCE Greek temples, spread through Europe and the United States in the first half of the 19th century; the Parthenon was a favorite model.","https://www.britannica.com/art/Greek-Revival","L94 card.ancient_greece.094.c1; L94 card.ancient_greece.094.c2; L99 card.ancient_greece.099.c4","L94 question.ancient_greece.094.q2","","","","","","corroborated","University of Michigan’s Greek Ann Arbor pages and NPS describe Greek Revival as modeled on Greek temples such as the Parthenon. (https://sites.lsa.umich.edu/greek-annarbor/category/architecture/models-of-greek-revival-architecture/)","one-page"
"fact.ancient_greece.legacy_second_bank_parthenon","source.nps_second_bank","unverified","William Strickland designed the Second Bank of the United States in Philadelphia, built 1819 to 1824, taking the Parthenon as his model for its columns and plain pediments.","https://www.nps.gov/inde/learn/historyculture/places-secondbank.htm","L94 card.ancient_greece.094.c1; L94 card.ancient_greece.094.c3","L94 question.ancient_greece.094.q2","","","","","","corroborated","The Holy Cross Classical America page and Clio also say Strickland modeled the Second Bank on the Parthenon. (https://college.holycross.edu/faculty/wziobro/ClassicalAmerica/2ndBankHP.htm https://theclio.com/entry/29547)",""
"fact.ancient_greece.legacy_second_bank_parthenon","source.brit_greek_revival","unverified","William Strickland designed the Second Bank of the United States in Philadelphia, built 1819 to 1824, taking the Parthenon as his model for its columns and plain pediments.","https://www.britannica.com/art/Greek-Revival","L94 card.ancient_greece.094.c1; L94 card.ancient_greece.094.c3","L94 question.ancient_greece.094.q2","","","","","","corroborated","The Holy Cross Classical America page and Clio also say Strickland modeled the Second Bank on the Parthenon. (https://college.holycross.edu/faculty/wziobro/ClassicalAmerica/2ndBankHP.htm https://theclio.com/entry/29547)",""
"fact.ancient_greece.legacy_lincoln_memorial_parthenon","source.nps_lincoln_memorial_features","unverified","Henry Bacon modeled the Lincoln Memorial, dedicated in 1922, on the Parthenon, feeling a memorial to a man who defended democracy should echo democracy’s birthplace.","https://home.nps.gov/linc/learn/historyculture/memorial-features.htm","L94 card.ancient_greece.094.c4","L94 question.ancient_greece.094.q1; L94 question.ancient_greece.094.q3","","","","","","corroborated","The Trust for the National Mall also says Bacon based it on a Greek temple to connect Lincoln’s defense of democracy to its origins in Athens; dedicated May 30, 1922. (https://nationalmall.org/monuments-memorials/lincoln-memorial)","one-page"
"fact.ancient_greece.legacy_lincoln_memorial_parthenon","source.tnm_lincoln_memorial","unverified","Henry Bacon modeled the Lincoln Memorial, dedicated in 1922, on the Parthenon, feeling a memorial to a man who defended democracy should echo democracy’s birthplace.","https://nationalmall.org/monuments-memorials/lincoln-memorial","L94 card.ancient_greece.094.c4","L94 question.ancient_greece.094.q1; L94 question.ancient_greece.094.q3","","","","","","corroborated","The Trust for the National Mall also says Bacon based it on a Greek temple to connect Lincoln’s defense of democracy to its origins in Athens; dedicated May 30, 1922. (https://nationalmall.org/monuments-memorials/lincoln-memorial)","one-page"
"fact.ancient_greece.legacy_lincoln_36_columns","source.tnm_lincoln_memorial","unverified","The Lincoln Memorial has 36 columns, one for each state in the Union when Lincoln died.","https://nationalmall.org/monuments-memorials/lincoln-memorial","L94 card.ancient_greece.094.c4","L94 question.ancient_greece.094.q1; L94 question.ancient_greece.094.q3","","","","","","corroborated","Washington.org and other guides confirm 36 columns for the 36 states at the time of Lincoln’s death. (https://washington.org/DC-guide-to/lincoln-memorial https://bensguide.gpo.gov/j-lincoln-memorial)",""
"fact.ancient_greece.legacy_joyce_ulysses","source.brit_ulysses_novel","unverified","James Joyce’s novel Ulysses (1922), set in Dublin on one day, June 16, 1904, is built as a modern parallel to Homer’s Odyssey, with Leopold Bloom as Odysseus.","https://www.britannica.com/topic/Ulysses-novel-by-Joyce","L95 card.ancient_greece.095.c1; L95 card.ancient_greece.095.c2; L99 card.ancient_greece.099.c4","L95 question.ancient_greece.095.q1","","","","","","corroborated","Other references confirm the 1922 publication, the single Dublin day and the Odyssey parallel. (https://en.wikipedia.org/wiki/Ulysses_(novel) https://blog.gale.com/james-joyces-ulysses-turns-100/)",""
"fact.ancient_greece.legacy_ulysses_name","source.brit_odysseus","unverified","Ulysses is the name Odysseus goes by in English, from the Latin form of his name.","https://www.britannica.com/topic/Odysseus","L95 card.ancient_greece.095.c2","L95 question.ancient_greece.095.q1","","","","","","corroborated","Accounts of Joyce’s novel note the title is the Latin form of Odysseus. (https://en.wikipedia.org/wiki/Ulysses_(novel))","one-page weak-pages"
"fact.ancient_greece.legacy_harryhausen_skeletons","source.brit_jason_argonauts_film","unverified","For the 1963 film Jason and the Argonauts, stop-motion animator Ray Harryhausen spent four months on a battle between Jason, two Argonauts and an army of skeletons.","https://www.britannica.com/topic/Jason-and-the-Argonauts","L95 card.ancient_greece.095.c3","","","","","","","corroborated","Art UK and other retrospectives confirm the skeleton fight took Harryhausen about four months. (https://artuk.org/discover/stories/jason-and-the-argonauts-at-60-revisiting-ray-harryhausens-masterpiece https://en.wikipedia.org/wiki/Jason_and_the_Argonauts_(1963_film))",""
"fact.ancient_greece.legacy_lightning_thief","source.pw_lightning_thief","unverified","In Rick Riordan’s 2005 novel The Lightning Thief, Percy Jackson learns he is a son of Poseidon, and the gods’ Mount Olympus sits on the 600th floor of the Empire State Building.","https://www.publishersweekly.com/9780786856299","L95 card.ancient_greece.095.c1; L95 card.ancient_greece.095.c3","","","","","","","corroborated","The Empire State Building’s own site and fan references confirm the 600th-floor Olympus and Percy as son of Poseidon. (https://www.esbnyc.com/blog/step-world-percy-jackson-olympians-empire-state-building https://en.wikipedia.org/wiki/Percy_Jackson)","weak-pages"
"fact.ancient_greece.legacy_achilles_heel_later","source.brit_achilles","unverified","The story that Thetis dipped the baby Achilles in the River Styx, leaving only the heel she held vulnerable, is not in Homer; it was added by later tellers.","https://www.britannica.com/topic/Achilles-Greek-mythology","L95 card.ancient_greece.095.c4","L95 question.ancient_greece.095.q2; L95 question.ancient_greece.095.q3; L100 question.ancient_greece.100.q10","","","","","","corroborated","Other sources say the Styx dipping is first attested in Statius’s Latin Achilleid (1st century CE), not in Homer. (https://www.thecollector.com/origins-achilles-heel-statius-achilleid/ https://en.wikipedia.org/wiki/Achilles%27_heel)",""
"fact.ancient_greece.legacy_atom_word","source.etymonline_atom","unverified","Atom comes from Greek atomos, ""uncuttable"" or ""indivisible"", from an ancient Greek idea that matter is made of tiny pieces that cannot be divided.","https://www.etymonline.com/word/atom","L96 card.ancient_greece.096.c1; L96 card.ancient_greece.096.c2","L96 question.ancient_greece.096.q1; L96 question.ancient_greece.096.q2","","","","","","corroborated","Penn State course notes and NPR confirm atomos means uncuttable, from Greek atomist philosophy. (https://courses.ems.psu.edu/matse81/node/2115 https://www.npr.org/2010/11/19/131447080/science-diction-the-origin-of-the-word-atom)",""
"fact.ancient_greece.legacy_thomson_electron","source.brit_jj_thomson","unverified","In 1897 the English physicist J. J. Thomson discovered the electron, the first known particle smaller than an atom.","https://www.britannica.com/biography/J-J-Thomson","L96 card.ancient_greece.096.c1; L96 card.ancient_greece.096.c2","L96 question.ancient_greece.096.q1; L96 question.ancient_greece.096.q2","","","","","","corroborated","The Science History Institute and Royal Institution confirm Thomson’s 1897 discovery of the electron as the first subatomic particle. (https://www.sciencehistory.org/education/scientific-biographies/joseph-john-j-j-thomson/ https://www.rigb.org/explore-science/explore/blog/subatomic-science-jj-thomsons-discovery-electron)",""
"fact.ancient_greece.legacy_rutherford_alpha_beta","source.brit_atom_radioactivity","unverified","In 1899 Ernest Rutherford found radioactive substances give off more than one kind of radiation and named the less penetrating rays alpha and the more penetrating ones beta, after the first two Greek letters.","https://www.britannica.com/science/atom/Discovery-of-radioactivity","L96 card.ancient_greece.096.c3","L96 question.ancient_greece.096.q3","","","","","","corroborated","RSC Education and other histories confirm Rutherford named alpha and beta rays in 1899. (https://edu.rsc.org/feature/radioactivity-discovered/2020216.article https://www.chemteam.info/Radioactivity/Disc-of-Alpha&Beta.html)",""
"fact.ancient_greece.legacy_hippocratic_oath_today","source.brit_hippocratic_oath","unverified","The Hippocratic oath is an ethical code attributed to the Greek physician Hippocrates; versions of it still appear in the graduation ceremonies of many medical schools.","https://www.britannica.com/topic/Hippocratic-oath","L96 card.ancient_greece.096.c4; L99 card.ancient_greece.099.c4","","","","","","","corroborated","The World Medical Association describes its Declaration of Geneva as building on the Hippocratic Oath, still the model for physicians’ pledges. (https://www.wma.net/what-we-do/medical-ethics/declaration-of-geneva/)","one-page"
"fact.ancient_greece.legacy_declaration_geneva","source.wma_declaration_geneva","unverified","In 1948 the World Medical Association adopted the Declaration of Geneva, known as the modern version of the Hippocratic oath.","https://www.wma.net/what-we-do/medical-ethics/declaration-of-geneva/","L96 card.ancient_greece.096.c4","","","","","","","corroborated","Britannica and the AMA describe the 1948 Declaration of Geneva as a modern successor to the Hippocratic oath. (https://www.britannica.com/topic/Hippocratic-oath https://www.ama-assn.org/delivering-care/ethics/global-physician-ethics-pledge-gets-biggest-makeover-decades)",""
"fact.ancient_greece.legacy_declaration_geneva","source.brit_hippocratic_oath","unverified","In 1948 the World Medical Association adopted the Declaration of Geneva, known as the modern version of the Hippocratic oath.","https://www.britannica.com/topic/Hippocratic-oath","L96 card.ancient_greece.096.c4","","","","","","","corroborated","Britannica and the AMA describe the 1948 Declaration of Geneva as a modern successor to the Hippocratic oath. (https://www.britannica.com/topic/Hippocratic-oath https://www.ama-assn.org/delivering-care/ethics/global-physician-ethics-pledge-gets-biggest-makeover-decades)",""
"fact.ancient_greece.legacy_venetus_a","source.homermultitext_venetus_a","unverified","The Venetus A, made toward the end of the 10th century CE, more than 1,500 years after Homer, is the oldest complete text of the Iliad.","https://www.homermultitext.org/manuscripts/venetusA/VenA-Introduction-2014/","L97 card.ancient_greece.097.c1; L97 card.ancient_greece.097.c2","L97 question.ancient_greece.097.q1; L97 question.ancient_greece.097.q3; L100 question.ancient_greece.100.q5","","","","","","corroborated","Wiley’s Homer Encyclopedia and other references confirm the 10th-century Venetus A as the oldest complete Iliad manuscript. (https://onlinelibrary.wiley.com/doi/full/10.1002/9781444350302.wbhe1309 https://en.wikipedia.org/wiki/Venetus_A)",""
"fact.ancient_greece.legacy_venetus_a","source.brit_homer","unverified","The Venetus A, made toward the end of the 10th century CE, more than 1,500 years after Homer, is the oldest complete text of the Iliad.","https://www.britannica.com/biography/Homer-Greek-poet","L97 card.ancient_greece.097.c1; L97 card.ancient_greece.097.c2","L97 question.ancient_greece.097.q1; L97 question.ancient_greece.097.q3; L100 question.ancient_greece.100.q5","","","","","","corroborated","Wiley’s Homer Encyclopedia and other references confirm the 10th-century Venetus A as the oldest complete Iliad manuscript. (https://onlinelibrary.wiley.com/doi/full/10.1002/9781444350302.wbhe1309 https://en.wikipedia.org/wiki/Venetus_A)",""
"fact.ancient_greece.legacy_bessarion_venice","source.homermultitext_venetus_a","unverified","In the 15th century the Greek cardinal Bessarion acquired the Venetus A and gave his whole collection of Greek manuscripts to Venice, where it remains.","https://www.homermultitext.org/manuscripts/venetusA/VenA-Introduction-2014/","L97 card.ancient_greece.097.c2","L97 question.ancient_greece.097.q1; L97 question.ancient_greece.097.q3; L100 question.ancient_greece.100.q5","","","","","","corroborated","Other references confirm Bessarion’s collection founded the Marciana library in Venice, which holds the Venetus A. (https://en.wikipedia.org/wiki/Biblioteca_Marciana https://en.wikipedia.org/wiki/Venetus_A)","weak-pages"
"fact.ancient_greece.legacy_hunayn_translations","source.brit_hunayn_ibn_ishaq","unverified","In 9th-century Baghdad, Hunayn ibn Ishaq (808-873) translated works of Plato, Aristotle, Hippocrates and Galen from Greek.","https://www.britannica.com/biography/Hunayn-ibn-Ishaq","L97 card.ancient_greece.097.c3","L97 question.ancient_greece.097.q2; L97 question.ancient_greece.097.q3","","","","","","corroborated","Other accounts of the Graeco-Arabic translation movement describe Hunayn as its most productive translator of Greek texts. (https://en.wikipedia.org/wiki/Hunayn_ibn_Ishaq https://www.historyofinformation.com/detail.php?id=4109)",""
"fact.ancient_greece.legacy_galen_arabic_only","source.brit_hunayn_ibn_ishaq","unverified","Most of Galen’s original Greek manuscripts were lost, and some of his works survive only in Arabic translation.","https://www.britannica.com/biography/Hunayn-ibn-Ishaq","L97 card.ancient_greece.097.c3; L99 card.ancient_greece.099.c3","L97 question.ancient_greece.097.q2; L97 question.ancient_greece.097.q3; L99 question.ancient_greece.099.q2","","","","","","corroborated","Scholarly editions (for example of Galen’s works translated by Hunayn) note Galenic works lost in Greek that survive in Arabic. (https://www.routledge.com/Galen-De-diebus-decretoriis-from-Greek-into-Arabic-A-Critical-Edition-with-Translation-and-Commentary-of-Hunayn-ibn-Ishaq-Kitab-ayyam-al-buhran/Cooper/p/book/9781138250833 https://en.wikipedia.org/wiki/Hunayn_ibn_Ishaq)",""
"fact.ancient_greece.legacy_1453_manuscripts_west","source.nlm_return_of_greek","unverified","After Constantinople fell to the Ottoman Turks in 1453, Byzantine refugees brought more Greek manuscripts to the West, and older Latin translations made from Arabic versions came to seem inadequate.","https://www.nlm.nih.gov/exhibition/odysseyofknowledge/returnofgreek.html","L97 card.ancient_greece.097.c4","","","","","","","corroborated","Other histories describe Byzantine scholars fleeing to Italy with manuscripts after 1453. (https://en.wikipedia.org/wiki/Greek_scholars_in_the_Renaissance https://nhmuseum.gr/en/permanent-exhibition/item/17180-greek-scholars-in-the-west-14th-15th-c-clergy-and-the-ottoman-state-corridor-6)",""
"fact.ancient_greece.legacy_1453_manuscripts_west","source.brit_fall_constantinople","unverified","After Constantinople fell to the Ottoman Turks in 1453, Byzantine refugees brought more Greek manuscripts to the West, and older Latin translations made from Arabic versions came to seem inadequate.","https://www.britannica.com/event/Fall-of-Constantinople-1453","L97 card.ancient_greece.097.c4","","","","","","","corroborated","Other histories describe Byzantine scholars fleeing to Italy with manuscripts after 1453. (https://en.wikipedia.org/wiki/Greek_scholars_in_the_Renaissance https://nhmuseum.gr/en/permanent-exhibition/item/17180-greek-scholars-in-the-west-14th-15th-c-clergy-and-the-ottoman-state-corridor-6)",""
"fact.ancient_greece.legacy_archimedes_palimpsest","source.pbs_archimedes_palimpsest","unverified","A Byzantine copy of works by Archimedes was scraped and written over with prayers in the 13th century; spotted in 1906 and recovered with modern imaging, it holds the only surviving copy of his Method.","https://www.pbs.org/wgbh/nova/physics/inside-archimedes-palimpsest.html","L97 card.ancient_greece.097.c5","","","","","","","corroborated","The Walters Art Museum and others describe the 10th-century copy erased in 1229 for a prayer book and the unique text of the Method. (https://thewalters.org/news/lost-and-found-the-secrets-of-archimedes/ https://en.wikipedia.org/wiki/Archimedes_Palimpsest)",""
"fact.ancient_greece.legacy_statues_painted","source.smithsonianmag_chroma","unverified","Ancient Greek sculptures were painted in bright colors (polychromy); researchers detect surviving pigment traces with infrared and ultraviolet light and build colored reconstructions.","https://www.smithsonianmag.com/smart-news/see-the-vibrant-long-overlooked-colors-of-classical-sculptures-180980321/","L98 card.ancient_greece.098.c1; L98 card.ancient_greece.098.c2","L98 question.ancient_greece.098.q1; L100 question.ancient_greece.100.q9","","","","","","corroborated","The Met’s Chroma exhibition coverage (ARTnews, RSC Education) confirms Greek sculpture was originally painted. (https://www.artnews.com/list/art-news/news/the-mets-new-show-dispels-the-myth-of-white-greek-sculpture-in-blaze-of-color-1234635075/ https://edu.rsc.org/resources/were-ancient-greek-statues-white-or-coloured/1639.article)",""
"fact.ancient_greece.legacy_parthenon_paint_2023","source.kcl_parthenon_colours","unverified","A 2023 study found traces of Egyptian blue, white and purple paint on the Parthenon Sculptures in the British Museum.","https://www.kcl.ac.uk/news/scientific-analysis-reveals-the-true-colours-of-the-parthenon-sculptures","L98 card.ancient_greece.098.c2","L98 question.ancient_greece.098.q1; L100 question.ancient_greece.100.q9","","","","","","corroborated","Phys.org and CNN reported the same 2023 study in Antiquity finding Egyptian blue and other paint. (https://phys.org/news/2023-10-scientific-analysis-reveals-true-parthenon.html https://www.cnn.com/style/greek-parthenon-sculptures-painted-egyptian-blue-scn/index.html)",""
"fact.ancient_greece.legacy_why_statues_white","source.kcl_parthenon_colours","unverified","Most paint on Greek sculptures wore away over time, and restorers sometimes removed surviving traces to restore an assumed original whiteness.","https://www.kcl.ac.uk/news/scientific-analysis-reveals-the-true-colours-of-the-parthenon-sculptures","L98 card.ancient_greece.098.c3","L98 question.ancient_greece.098.q2; L100 question.ancient_greece.100.q9","","","","","","corroborated","Smithsonian Magazine and RSC Education also cite weathering and later cleaning as reasons the color vanished. (https://edu.rsc.org/resources/were-ancient-greek-statues-white-or-coloured/1639.article)","one-page"
"fact.ancient_greece.legacy_why_statues_white","source.smithsonianmag_chroma","unverified","Most paint on Greek sculptures wore away over time, and restorers sometimes removed surviving traces to restore an assumed original whiteness.","https://www.smithsonianmag.com/smart-news/see-the-vibrant-long-overlooked-colors-of-classical-sculptures-180980321/","L98 card.ancient_greece.098.c3","L98 question.ancient_greece.098.q2; L100 question.ancient_greece.100.q9","","","","","","corroborated","Smithsonian Magazine and RSC Education also cite weathering and later cleaning as reasons the color vanished. (https://edu.rsc.org/resources/were-ancient-greek-statues-white-or-coloured/1639.article)","one-page"
"fact.ancient_greece.legacy_winckelmann_white","source.smithsonianmag_chroma","unverified","The 18th-century art historian Johann Joachim Winckelmann linked whiteness with beauty, writing that color should play a minor part in it.","https://www.smithsonianmag.com/smart-news/see-the-vibrant-long-overlooked-colors-of-classical-sculptures-180980321/","L98 card.ancient_greece.098.c3","L98 question.ancient_greece.098.q2; L100 question.ancient_greece.100.q9","","","","","","corroborated","Studies of Winckelmann (Taylor and Francis) and Artsy confirm his influential preference for white marble. (https://www.tandfonline.com/doi/full/10.1080/00233609.2020.1788636 https://www.artsy.net/article/artsy-editorial-people-classical-sculptures-meant-white)",""
"fact.ancient_greece.legacy_hellenes_graeci","source.brit_hellene","unverified","The ancient Greeks called themselves Hellenes; the name Greek comes from Latin Graeci, the Romans’ name for them.","https://www.britannica.com/topic/Hellene","L98 card.ancient_greece.098.c4","L98 question.ancient_greece.098.q3; L100 question.ancient_greece.100.q6","","","","","","corroborated","Other references on the name of Greece confirm Hellenes as the self-name and Latin Graeci/Graecia as the source of Greek. (https://en.wikipedia.org/wiki/Name_of_Greece)","one-page weak-pages"
"fact.ancient_greece.legacy_hellenes_graeci","source.etymonline_greek","unverified","The ancient Greeks called themselves Hellenes; the name Greek comes from Latin Graeci, the Romans’ name for them.","https://www.etymonline.com/word/Greek","L98 card.ancient_greece.098.c4","L98 question.ancient_greece.098.q3; L100 question.ancient_greece.100.q6","","","","","","corroborated","Other references on the name of Greece confirm Hellenes as the self-name and Latin Graeci/Graecia as the source of Greek. (https://en.wikipedia.org/wiki/Name_of_Greece)","one-page weak-pages"
"fact.ancient_greece.legacy_graia_cumae_theory","source.etymonline_greek","unverified","One theory traces Graeci to Greeks from Graia, a town in Boeotia, who helped found Cumae in Italy, where Romans first met Greeks.","https://www.etymonline.com/word/Greek","L98 card.ancient_greece.098.c4","L98 question.ancient_greece.098.q3; L100 question.ancient_greece.100.q6","","","","","","corroborated","Accounts of the name of Greece also mention the Graia (Graioi) and Cumae explanation as one theory. (https://en.wikipedia.org/wiki/Name_of_Greece)","one-page weak-pages"
"fact.ancient_greece.legacy_hellenic_republic","source.brit_greece_country","unverified","Greece’s official name today is the Hellenic Republic.","https://www.britannica.com/place/Greece","L98 card.ancient_greece.098.c4","L98 question.ancient_greece.098.q3; L100 question.ancient_greece.100.q6","","","","","","corroborated","WorldAtlas and other references confirm the official name Hellenic Republic. (https://www.worldatlas.com/articles/which-country-is-also-called-the-hellenic-republic.html https://en.wikipedia.org/wiki/Name_of_Greece)",""
"fact.ancient_greece.legacy_shelley_hellas","source.greeknewsagenda_shelley_hellas","unverified","In the preface to Hellas (1822), a poem inspired by the Greek War of Independence, Percy Bysshe Shelley wrote: ""We are all Greeks. Our laws, our literature, our religion, our arts have their root in Greece.""","https://www.greeknewsagenda.gr/poem-of-the-month-hellas-by-percy-bysshe-shelley/","L99 card.ancient_greece.099.c1; L99 card.ancient_greece.099.c2","L99 question.ancient_greece.099.q1","","","","","","corroborated","Wikipedia and the Anarchist Library text of Hellas confirm the preface wording and its link to the Greek War of Independence. (https://en.wikipedia.org/wiki/Hellas_(poem) https://theanarchistlibrary.org/library/percy-bysshe-shelley-hellas)",""
"fact.ancient_greece.legacy_greek_war_1821","source.brit_greek_independence","unverified","The Greek War of Independence against Ottoman rule began in 1821, and in 1830 the London protocol made Greece an independent state.","https://www.britannica.com/event/War-of-Greek-Independence","L99 card.ancient_greece.099.c2","L99 question.ancient_greece.099.q1","","","","","","corroborated","Other histories confirm the 1821 revolt and 1830 recognition of Greek independence. (https://en.wikipedia.org/wiki/Greek_War_of_Independence https://www.newworldencyclopedia.org/entry/Greek_War_of_Independence)",""
"fact.ancient_greece.legacy_byron_missolonghi","source.brit_byron","unverified","The poet Lord Byron went to Greece to help its fight for independence, died of fever at Missolonghi in 1824, and became a Greek national hero.","https://www.britannica.com/biography/Lord-Byron-poet","L99 card.ancient_greece.099.c2","L99 question.ancient_greece.099.q1","","","","","","corroborated","History.com and the Keats-Shelley House confirm Byron died at Missolonghi on April 19, 1824, supporting Greek independence. (https://www.history.com/this-day-in-history/april-19/lord-byron-dies-in-greece https://ksh.roma.it/romanticism/1824)",""
