fact_id,source_id,status,claim,source_url,appears_in,tested_by,supporting_quote,checked_by,checked_at,notes,pre_check,fact_check,fact_check_evidence,weak_evidence
"fact.architecture.vitruvius_only_treatise","source.iet_vitruvius_1511","unverified","Vitruvius's De architectura, written between 33 and 14 BCE (about 2,000 years ago), is the only complete work on architecture to survive from classical antiquity.","https://www.theiet.org/membership/library-and-archives/the-iet-archives/archives-highlights/the-1511-edition-of-vitruvius-on-architecture","L1 card.architecture.001.c1; L41 card.architecture.041.c1; L47 card.architecture.047.c1","","","","","","","corroborated","Reference works describe De architectura, written around 25 BCE, as the only architectural treatise to survive from antiquity. (https://en.wikipedia.org/wiki/De_architectura https://www.worldhistory.org/Vitruvius/)",""
"fact.architecture.vitruvian_triad","source.sep_architecture_tradition","unverified","Vitruvius named three principles of architecture, firmitas, utilitas and venustas; Henry Wotton's 1624 English version made them firmness, commodity and delight.","https://plato.stanford.edu/entries/architecture/tradition.html","L1 card.architecture.001.c2; L99 card.architecture.099.c4","L1 question.architecture.001.q1; L78 question.architecture.078.q3; L98 question.architecture.098.q3; L100 question.architecture.100.q1","","","","","","corroborated","Wotton's 1624 Elements of Architecture renders Vitruvius's triad as 'Commodity, Firmness, and Delight'. (https://en.wikipedia.org/wiki/Firmness,_commodity,_and_delight https://www.lib.uchicago.edu/media/documents/exfcd-text_HvDhxot.pdf)",""
"fact.architecture.vitruvian_triad","source.brit_architecture","unverified","Vitruvius named three principles of architecture, firmitas, utilitas and venustas; Henry Wotton's 1624 English version made them firmness, commodity and delight.","https://www.britannica.com/art/architecture","L1 card.architecture.001.c2; L99 card.architecture.099.c4","L1 question.architecture.001.q1; L78 question.architecture.078.q3; L98 question.architecture.098.q3; L100 question.architecture.100.q1","","","","","","corroborated","Wotton's 1624 Elements of Architecture renders Vitruvius's triad as 'Commodity, Firmness, and Delight'. (https://en.wikipedia.org/wiki/Firmness,_commodity,_and_delight https://www.lib.uchicago.edu/media/documents/exfcd-text_HvDhxot.pdf)",""
"fact.architecture.triad_meanings","source.sep_architecture_tradition","unverified","Firmness is structural strength, commodity is usefulness to the people who use the building, and delight is beauty.","https://plato.stanford.edu/entries/architecture/tradition.html","L1 card.architecture.001.c2; L53 card.architecture.053.c4; L98 card.architecture.098.c4; L99 card.architecture.099.c2; L99 card.architecture.099.c4","L1 question.architecture.001.q1; L78 question.architecture.078.q3; L98 question.architecture.098.q3; L100 question.architecture.100.q1","","","","","","corroborated","Firmitas is glossed as structural integrity, utilitas as function for occupants, venustas as beauty. (https://en.wikipedia.org/wiki/Firmness,_commodity,_and_delight)","one-page weak-pages"
"fact.architecture.triad_meanings","source.brit_architecture","unverified","Firmness is structural strength, commodity is usefulness to the people who use the building, and delight is beauty.","https://www.britannica.com/art/architecture","L1 card.architecture.001.c2; L53 card.architecture.053.c4; L98 card.architecture.098.c4; L99 card.architecture.099.c2; L99 card.architecture.099.c4","L1 question.architecture.001.q1; L78 question.architecture.078.q3; L98 question.architecture.098.q3; L100 question.architecture.100.q1","","","","","","corroborated","Firmitas is glossed as structural integrity, utilitas as function for occupants, venustas as beauty. (https://en.wikipedia.org/wiki/Firmness,_commodity,_and_delight)","one-page weak-pages"
"fact.architecture.architect_etymology","source.etymonline_architect","unverified","The word architect comes from Greek arkhitekton, 'master builder', from arkhi- ('chief') and tekton ('builder').","https://www.etymonline.com/word/architect","L1 card.architecture.001.c3","L1 question.architecture.001.q2; L9 question.architecture.009.q3; L41 question.architecture.041.q3; L50 question.architecture.050.q2; L89 question.architecture.089.q3","","","","","","corroborated","Dictionaries trace architect via Latin architectus to Greek arkhitekton, chief builder. (https://en.wikipedia.org/wiki/Architect)","one-page weak-pages"
"fact.architecture.architect_services","source.riba_work_with_architect","unverified","An architect helps a client prepare the brief, designs the building, and produces drawings with technical specifications that builders can price and build from.","https://www.riba.org/explore/find-an-architect/homeowners-digest/how-do-i-work-with-an-architect/","L1 card.architecture.001.c3; L9 card.architecture.009.c3","L1 question.architecture.001.q2; L9 question.architecture.009.q3; L41 question.architecture.041.q3; L50 question.architecture.050.q2; L89 question.architecture.089.q3","","","","","","corroborated","Guides to the RIBA Plan of Work describe architects developing the brief and design and producing technical drawings and specifications for tender and construction. (https://urbanistarchitecture.co.uk/riba-plan-of-work-stages/)","one-page"
"fact.architecture.architect_approvals_site","source.riba_work_with_architect","unverified","An architect advises on approvals such as planning permission and building regulations and, as contract administrator, can inspect the work on site.","https://www.riba.org/explore/find-an-architect/homeowners-digest/how-do-i-work-with-an-architect/","L1 card.architecture.001.c3","L1 question.architecture.001.q2; L9 question.architecture.009.q3; L41 question.architecture.041.q3; L50 question.architecture.050.q2; L89 question.architecture.089.q3","","","","","","corroborated","Architects secure planning and building-regulation approvals and administer the building contract, including site inspections. (https://urbanistarchitecture.co.uk/riba-plan-of-work-stages/)","one-page"
"fact.architecture.timeline_mud_brick","source.brit_brick","unverified","Sun-dried mud brick was one of the first building materials; bricks were first made in sun-dried form at least 6,000 years ago.","https://www.britannica.com/technology/brick-building-material","L1 card.architecture.001.c4; L6 card.architecture.006.c2; L6 card.architecture.006.c4; L44 card.architecture.044.c2","L1 question.architecture.001.q3; L11 question.architecture.011.q3; L81 question.architecture.081.q3","","","","","","corroborated","Mudbrick is among the oldest building materials, with finds in the Near East far older than 6,000 years. (https://en.wikipedia.org/wiki/Mudbrick)","one-page weak-pages"
"fact.architecture.timeline_post_lintel","source.brit_post_lintel","unverified","The post-and-lintel system was the basis of architecture from prehistoric to Roman times.","https://www.britannica.com/technology/post-and-lintel-system","L1 card.architecture.001.c4; L3 card.architecture.003.c2","L1 question.architecture.001.q3; L11 question.architecture.011.q3","","","","","","corroborated","Post and lintel is described as the basic construction of ancient architecture, from Stonehenge to Greek temples. (https://en.wikipedia.org/wiki/Post_and_lintel)","one-page weak-pages"
"fact.architecture.timeline_pantheon","source.brit_pantheon","unverified","Rome's Pantheon was rebuilt by the emperor Hadrian between 118 and 128 CE, under a great concrete dome.","https://www.britannica.com/topic/Pantheon-building-Rome-Italy","L1 card.architecture.001.c4","L1 question.architecture.001.q3; L11 question.architecture.011.q3","","","","","","corroborated","The present Pantheon was built under Hadrian, completed around 126-128 CE, with a concrete dome. (https://en.wikipedia.org/wiki/Pantheon,_Rome https://eandt.theiet.org/2022/03/15/pantheon-still-worlds-largest-unreinforced-concrete-dome)",""
"fact.architecture.timeline_florence_dome","source.brit_florence_cathedral","unverified","The dome of Florence Cathedral, designed by Filippo Brunelleschi, was begun in 1420 and completed in 1436.","https://www.britannica.com/topic/the-Duomo","L1 card.architecture.001.c4; L5 card.architecture.005.c4","L1 question.architecture.001.q3; L11 question.architecture.011.q3","","","","","","corroborated","Construction of the dome ran from 1420 to 1436. (https://science.howstuffworks.com/engineering/architecture/brunelleschis-dome.htm https://en.wikipedia.org/wiki/Florence_Cathedral)",""
"fact.architecture.timeline_crystal_palace","source.brit_crystal_palace","unverified","London's Crystal Palace, built of prefabricated iron and glass, opened for the Great Exhibition in Hyde Park in 1851.","https://www.britannica.com/topic/Crystal-Palace-building-London","L1 card.architecture.001.c4","L1 question.architecture.001.q3; L11 question.architecture.011.q3","","","","","","corroborated","The cast-iron and plate-glass Crystal Palace housed the Great Exhibition of 1851 in Hyde Park. (https://en.wikipedia.org/wiki/The_Crystal_Palace)","one-page weak-pages"
"fact.architecture.timeline_home_insurance","source.brit_skyscraper","unverified","Chicago's Home Insurance Building (1884-85) is generally considered the first tall building held up by an iron and steel skeleton frame.","https://www.britannica.com/technology/skyscraper","L1 card.architecture.001.c4; L8 card.architecture.008.c4; L61 card.architecture.061.c3","L1 question.architecture.001.q3; L11 question.architecture.011.q3; L61 question.architecture.061.q3","","","","","","corroborated","The Home Insurance Building (1885) is often considered the first skyscraper, the first tall building with a structural steel and iron frame. (https://en.wikipedia.org/wiki/Home_Insurance_Building)","one-page weak-pages"
"fact.architecture.timeline_home_insurance","source.brit_home_insurance_building","unverified","Chicago's Home Insurance Building (1884-85) is generally considered the first tall building held up by an iron and steel skeleton frame.","https://www.britannica.com/place/Home-Insurance-Company-Building","L1 card.architecture.001.c4; L8 card.architecture.008.c4; L61 card.architecture.061.c3","L1 question.architecture.001.q3; L11 question.architecture.011.q3; L61 question.architecture.061.q3","","","","","","corroborated","The Home Insurance Building (1885) is often considered the first skyscraper, the first tall building with a structural steel and iron frame. (https://en.wikipedia.org/wiki/Home_Insurance_Building)","one-page weak-pages"
"fact.architecture.dead_loads","source.mit_primary_loads","unverified","Dead loads act permanently: the self-weight of the structure plus things like roofing, flooring, pipes, ducts and partition walls.","https://web.mit.edu/4.441/1_lectures/1_lecture17/1_lecture17.html","L2 card.architecture.002.c1; L2 card.architecture.002.c2","L2 question.architecture.002.q1; L64 question.architecture.064.q3; L92 question.architecture.092.q3; L95 question.architecture.095.q3","","","","","","corroborated","Dead loads are the permanent weight of roof, floor, wall and foundation systems, finishes and fixed equipment. (https://www.nachi.org/structural-design-loads-home-inspector.htm)","one-page"
"fact.architecture.live_loads","source.mit_primary_loads","unverified","Live loads are transient and can change: people, sofas, pianos, books and cars, plus loads from the weather; wind counts as a sideways (lateral) live load.","https://web.mit.edu/4.441/1_lectures/1_lecture17/1_lecture17.html","L2 card.architecture.002.c2; L64 card.architecture.064.c2; L92 card.architecture.092.c4; L95 card.architecture.095.c4","L2 question.architecture.002.q1; L64 question.architecture.064.q3; L92 question.architecture.092.q3; L95 question.architecture.095.q3","","","","","","corroborated","Live loads are transient loads such as people, furniture and vehicles; wind acts as a lateral load. (https://www.nachi.org/structural-design-loads-home-inspector.htm https://en.wikipedia.org/wiki/Structural_load)",""
"fact.architecture.load_path","source.pnnl_continuous_load_path","unverified","A load path is the route a force takes through a structure; a continuous load path carries loads from the roof, through the walls, to the foundation and into the supporting soil.","https://basc.pnnl.gov/resource-guides/continuous-load-path-provided-connections-roof-through-wall-foundation","L2 card.architecture.002.c1; L2 card.architecture.002.c3; L8 card.architecture.008.c2; L31 card.architecture.031.c2; L45 card.architecture.045.c3; L58 card.architecture.058.c2; L67 card.architecture.067.c2; L95 card.architecture.095.c4","L2 question.architecture.002.q2; L2 question.architecture.002.q3; L3 question.architecture.003.q3; L31 question.architecture.031.q3; L38 question.architecture.038.q3; L58 question.architecture.058.q3; L67 question.architecture.067.q3","","","","","","corroborated","FEMA describes a load path as the route a force takes through a structure until it is transferred to the supporting soils. (https://www.fema.gov/sites/default/files/documents/fema_p-2181-fact-sheet-3-2-wall-openings.pdf https://www.jlconline.com/how-to/framing/basic-load-paths_o)",""
"fact.architecture.tension_compression_defined","source.brit_bridge_engineering","unverified","Compression is a pushing, squeezing force and tension a pulling, stretching one; structures must resist both.","https://www.britannica.com/technology/bridge-engineering","L2 card.architecture.002.c4; L3 card.architecture.003.c3; L10 card.architecture.010.c2; L96 card.architecture.096.c3","L2 question.architecture.002.q3; L10 question.architecture.010.q3; L45 question.architecture.045.q3","","","","","","corroborated","Engineering references define tension as a stretching force and compression as a squeezing force. (https://plus.maths.org/content/matjhs-minute-catenary https://en.wikipedia.org/wiki/Compression_(physics))",""
"fact.architecture.tension_compression_defined","source.brit_building_construction","unverified","Compression is a pushing, squeezing force and tension a pulling, stretching one; structures must resist both.","https://www.britannica.com/technology/building-construction","L2 card.architecture.002.c4; L3 card.architecture.003.c3; L10 card.architecture.010.c2; L96 card.architecture.096.c3","L2 question.architecture.002.q3; L10 question.architecture.010.q3; L45 question.architecture.045.q3","","","","","","corroborated","Engineering references define tension as a stretching force and compression as a squeezing force. (https://plus.maths.org/content/matjhs-minute-catenary https://en.wikipedia.org/wiki/Compression_(physics))",""
"fact.architecture.hanging_vs_supporting","source.brit_bridge_engineering","unverified","A cable holding up a hanging load is in tension, while a post or tower carrying weight down to the ground is in compression.","https://www.britannica.com/technology/bridge-engineering","L2 card.architecture.002.c4; L45 card.architecture.045.c3; L51 card.architecture.051.c3","L2 question.architecture.002.q3; L10 question.architecture.010.q3; L45 question.architecture.045.q3","","","","","","corroborated","Suspension-bridge cables carry the deck in tension while towers carry it to the ground in compression; a hanging chain is in tension. (https://www.britannica.com/technology/suspension-bridge https://plus.maths.org/content/matjhs-minute-catenary)",""
"fact.architecture.post_lintel_defined","source.brit_post_lintel","unverified","In the post-and-lintel system, two upright posts hold up a horizontal lintel laid across their tops; Stonehenge was built on this system.","https://www.britannica.com/technology/post-and-lintel-system","L3 card.architecture.003.c1; L3 card.architecture.003.c2; L34 card.architecture.034.c4","L3 question.architecture.003.q1; L3 question.architecture.003.q3; L10 question.architecture.010.q4; L16 question.architecture.016.q3; L34 question.architecture.034.q3","","","","","","corroborated","Post and lintel: horizontal members supported by vertical posts, as at Stonehenge. (https://en.wikipedia.org/wiki/Post_and_lintel)","one-page weak-pages"
"fact.architecture.lintel_over_openings","source.brit_beam","unverified","A beam spanning an opening such as a door or window, with brick or stone wall above it, is often called a lintel.","https://www.britannica.com/technology/beam-architecture","L3 card.architecture.003.c2","L3 question.architecture.003.q1; L3 question.architecture.003.q3; L16 question.architecture.016.q3; L34 question.architecture.034.q3","","","","","","corroborated","A lintel is a structural horizontal block spanning the space between two supports, commonly over doors and windows. (https://en.wikipedia.org/wiki/Lintel)","one-page weak-pages"
"fact.architecture.stonehenge_joints","source.eh_stonehenge_building","unverified","Stonehenge's lintels sit on the uprights with mortise-and-tenon joints and lock to each other with tongue-and-groove joints, usually found only in woodworking.","https://www.english-heritage.org.uk/visit/places/stonehenge/history-and-stories/building-stonehenge/","L3 card.architecture.003.c1","L10 question.architecture.010.q4","","","","","","corroborated","Historic England archive illustrations show mortise-and-tenon joints locking uprights to lintels and tongue-and-groove joints locking lintels together. (https://historicengland.org.uk/images-books/photos/item/IC095/091)","one-page"
"fact.architecture.beam_bending","source.brit_bridge_engineering","unverified","When a beam bends under a load, its top is squeezed in compression and its bottom is stretched in tension.","https://www.britannica.com/technology/bridge-engineering","L3 card.architecture.003.c3; L10 card.architecture.010.c4; L13 card.architecture.013.c4; L72 card.architecture.072.c3","L3 question.architecture.003.q2; L4 question.architecture.004.q3; L6 question.architecture.006.q3; L7 question.architecture.007.q3; L8 question.architecture.008.q3; L13 question.architecture.013.q3; L14 question.architecture.014.q3; L100 question.architecture.100.q2","","","","","","corroborated","In a simply supported beam under load, the top fibers are in compression and the bottom fibers in tension. (https://en.wikipedia.org/wiki/Bending)","one-page weak-pages"
"fact.architecture.short_stone_lintels","source.brit_post_lintel","unverified","Brick and stone are brittle and weak in tension, so they can provide only a short lintel.","https://www.britannica.com/technology/post-and-lintel-system","L3 card.architecture.003.c3; L3 card.architecture.003.c4; L4 card.architecture.004.c2; L4 card.architecture.004.c4; L6 card.architecture.006.c2; L10 card.architecture.010.c3; L10 card.architecture.010.c4; L14 card.architecture.014.c2; L20 card.architecture.020.c2; L59 card.architecture.059.c2","L3 question.architecture.003.q2; L4 question.architecture.004.q3; L6 question.architecture.006.q3; L7 question.architecture.007.q3; L8 question.architecture.008.q3; L13 question.architecture.013.q3; L14 question.architecture.014.q3; L100 question.architecture.100.q2","","","","","","corroborated","Stone lintels crack under tension, so spans in stone post-and-lintel construction are limited. (https://en.wikipedia.org/wiki/Post_and_lintel)","one-page weak-pages"
"fact.architecture.arch_voussoirs","source.brit_arch_architecture","unverified","An arch is built of wedge-shaped blocks called voussoirs, each cut to press firmly against its neighbors; the central one is the keystone.","https://www.britannica.com/technology/arch-architecture","L4 card.architecture.004.c2; L13 card.architecture.013.c4; L19 card.architecture.019.c4","L4 question.architecture.004.q1; L4 question.architecture.004.q3; L17 question.architecture.017.q3; L18 question.architecture.018.q3; L54 question.architecture.054.q3; L86 question.architecture.086.q3","","","","","","corroborated","Voussoirs are the wedge-shaped elements of an arch; the keystone is the central voussoir at the apex. (https://en.wikipedia.org/wiki/Voussoir https://en.wikipedia.org/wiki/Keystone_(architecture))","weak-pages"
"fact.architecture.arch_compression","source.brit_arch_architecture","unverified","Weight pressing down on an arch forces its voussoirs together instead of apart, keeping the masonry in compression.","https://www.britannica.com/technology/arch-architecture","L4 card.architecture.004.c2; L10 card.architecture.010.c4; L18 card.architecture.018.c4; L54 card.architecture.054.c4","L4 question.architecture.004.q1; L4 question.architecture.004.q3; L17 question.architecture.017.q3; L18 question.architecture.018.q3; L54 question.architecture.054.q3; L60 question.architecture.060.q3; L86 question.architecture.086.q3","","","","","","corroborated","An arch carries loads primarily in compression. (https://en.wikipedia.org/wiki/Arch)","one-page weak-pages"
"fact.architecture.arch_compression","source.brit_masonry","unverified","Weight pressing down on an arch forces its voussoirs together instead of apart, keeping the masonry in compression.","https://www.britannica.com/technology/masonry","L4 card.architecture.004.c2; L10 card.architecture.010.c4; L18 card.architecture.018.c4; L54 card.architecture.054.c4","L4 question.architecture.004.q1; L4 question.architecture.004.q3; L17 question.architecture.017.q3; L18 question.architecture.018.q3; L54 question.architecture.054.q3; L60 question.architecture.060.q3; L86 question.architecture.086.q3","","","","","","corroborated","An arch carries loads primarily in compression. (https://en.wikipedia.org/wiki/Arch)","one-page weak-pages"
"fact.architecture.arch_centering","source.brit_arch_architecture","unverified","While an arch is being built, its voussoirs need support from below, usually temporary wooden centering, until the keystone is set.","https://www.britannica.com/technology/arch-architecture","L4 card.architecture.004.c1; L4 card.architecture.004.c2; L5 card.architecture.005.c1; L94 card.architecture.094.c2","L4 question.architecture.004.q1; L4 question.architecture.004.q3; L17 question.architecture.017.q3; L18 question.architecture.018.q3; L54 question.architecture.054.q3; L86 question.architecture.086.q3; L100 question.architecture.100.q8","","","","","","corroborated","Centring is temporary formwork supporting an arch until it is complete and self-supporting. (https://en.wikipedia.org/wiki/Centring)","one-page weak-pages"
"fact.architecture.arch_wide_spans","source.brit_arch_architecture","unverified","Arches can span much wider openings than lintels because they are made of small, easily carried blocks rather than one massive stone.","https://www.britannica.com/technology/arch-architecture","L4 card.architecture.004.c4; L6 card.architecture.006.c4; L20 card.architecture.020.c2","L4 question.architecture.004.q3; L83 question.architecture.083.q3","","","","","","corroborated","Masonry arches can span greater openings than stone lintels by keeping material in compression. (https://en.wikipedia.org/wiki/Arch)","one-page weak-pages"
"fact.architecture.arch_roman_semicircular","source.brit_arch_architecture","unverified","The Romans used the semicircular arch in bridges, aqueducts and large-scale buildings.","https://www.britannica.com/technology/arch-architecture","L4 card.architecture.004.c4; L17 card.architecture.017.c2; L20 card.architecture.020.c1; L20 card.architecture.020.c3","L4 question.architecture.004.q3; L17 question.architecture.017.q3; L83 question.architecture.083.q3","","","","","","corroborated","Roman architecture made wide use of the semicircular arch in bridges, aqueducts and large buildings. (https://en.wikipedia.org/wiki/Roman_architecture)","one-page weak-pages"
"fact.architecture.arch_thrust","source.brit_arch_architecture","unverified","An arch's load produces a diagonal outward force called thrust, which will make the arch collapse unless its supports are massive enough to resist it and carry it into the foundation.","https://www.britannica.com/technology/arch-architecture","L4 card.architecture.004.c3; L20 card.architecture.020.c2; L23 card.architecture.023.c1; L23 card.architecture.023.c2; L24 card.architecture.024.c3; L71 card.architecture.071.c3; L99 card.architecture.099.c3","L4 question.architecture.004.q2; L5 question.architecture.005.q3; L23 question.architecture.023.q3; L24 question.architecture.024.q3; L43 question.architecture.043.q3; L51 question.architecture.051.q3; L100 question.architecture.100.q3","","","","","","corroborated","Arches press outward at their bases and need abutments or buttresses to resist the horizontal thrust. (https://en.wikipedia.org/wiki/Arch https://www.britannica.com/technology/arch-bridge)",""
"fact.architecture.dome_from_arch","source.brit_dome","unverified","A dome is a hemispherical structure that evolved from the arch, usually forming a ceiling or roof.","https://www.britannica.com/technology/dome-architecture","L5 card.architecture.005.c2","L5 question.architecture.005.q3; L21 question.architecture.021.q3","","","","","","corroborated","A dome is described as an arch rotated about its central vertical axis. (https://en.wikipedia.org/wiki/Dome)","one-page weak-pages"
"fact.architecture.dome_perimeter_thrust","source.brit_dome","unverified","A dome pushes outward all around its perimeter, so early large domes such as Rome's Pantheon needed heavy supporting walls.","https://www.britannica.com/technology/dome-architecture","L5 card.architecture.005.c2; L10 card.architecture.010.c4; L19 card.architecture.019.c2; L21 card.architecture.021.c3","L5 question.architecture.005.q3; L21 question.architecture.021.q3","","","","","","corroborated","Domes exert outward thrust around their base, resisted by thick walls, buttresses or tension rings. (https://en.wikipedia.org/wiki/Dome)","one-page weak-pages"
"fact.architecture.dome_hoop_forces","source.mit_masonry_dome_equilibrium","unverified","Besides forces running down its curve, a dome carries hoop forces in horizontal rings; they let a dome be built ring by ring without centering, which an arch cannot do.","https://web.mit.edu/masonry/papers/wwLau_SMBT_2006.pdf","L5 card.architecture.005.c1; L5 card.architecture.005.c3","L5 question.architecture.005.q2; L10 question.architecture.010.q5; L19 question.architecture.019.q3; L42 question.architecture.042.q3; L100 question.architecture.100.q4","","","","","","corroborated","Masonry dome analyses describe meridional and hoop (latitudinal ring) forces; hoop compression near the crown stabilizes each course. (https://www.academia.edu/3278819/Tension_Ring_in_Masonry_Domes)","one-page"
"fact.architecture.dome_hoop_tension","source.mit_masonry_dome_equilibrium","unverified","In a hemispherical dome, hoop forces squeeze near the top but turn to tension toward the base; masonry domes tend to crack along their meridians into slices whose bases lean outward.","https://web.mit.edu/masonry/papers/wwLau_SMBT_2006.pdf","L5 card.architecture.005.c3; L10 card.architecture.010.c3; L10 card.architecture.010.c4; L19 card.architecture.019.c3","L5 question.architecture.005.q2; L10 question.architecture.010.q5; L19 question.architecture.019.q3; L42 question.architecture.042.q3; L100 question.architecture.100.q4","","","","","","corroborated","Hoop tension develops below about 52 degrees from the crown, causing meridional cracking and outward bulging unless restrained. (https://www.academia.edu/3278819/Tension_Ring_in_Masonry_Domes)","one-page"
"fact.architecture.florence_largest_masonry","source.natgeo_florence_dome","unverified","Florence Cathedral's dome, completed in 1436, is still the largest masonry dome in the world.","https://www.nationalgeographic.com/culture/article/140210-duomo-florence-brunelleschi-cathedral-architecture","L5 card.architecture.005.c4","L5 question.architecture.005.q1; L29 question.architecture.029.q3; L100 question.architecture.100.q4","","","","","","corroborated","Brunelleschi's dome, finished in 1436, remains the largest brick (masonry) dome ever built. (https://science.howstuffworks.com/engineering/architecture/brunelleschis-dome.htm https://en.wikipedia.org/wiki/Florence_Cathedral)",""
"fact.architecture.florence_largest_masonry","source.brit_florence_cathedral","unverified","Florence Cathedral's dome, completed in 1436, is still the largest masonry dome in the world.","https://www.britannica.com/topic/the-Duomo","L5 card.architecture.005.c4","L5 question.architecture.005.q1; L29 question.architecture.029.q3; L100 question.architecture.100.q4","","","","","","corroborated","Brunelleschi's dome, finished in 1436, remains the largest brick (masonry) dome ever built. (https://science.howstuffworks.com/engineering/architecture/brunelleschis-dome.htm https://en.wikipedia.org/wiki/Florence_Cathedral)",""
"fact.architecture.florence_no_formwork","source.brit_florence_cathedral","unverified","Brunelleschi built Florence's dome without formwork.","https://www.britannica.com/topic/the-Duomo","L5 card.architecture.005.c4","L5 question.architecture.005.q1; L29 question.architecture.029.q3; L100 question.architecture.100.q4","","","","","","corroborated","The dome was raised without the full wooden centering normally used for vaults. (https://science.howstuffworks.com/engineering/architecture/brunelleschis-dome.htm)","one-page"
"fact.architecture.florence_tie_rings","source.brit_florence_cathedral","unverified","Brunelleschi bound Florence's dome with tie rings of stone held by metal cramps and of oak timbers joined by metal connectors.","https://www.britannica.com/topic/the-Duomo","L5 card.architecture.005.c4","L5 question.architecture.005.q1; L29 question.architecture.029.q3; L100 question.architecture.100.q4","","","","","","corroborated","Stone and iron chains plus a wooden chain act as hoops to stop the dome spreading outward. (https://en.wikipedia.org/wiki/Florence_Cathedral https://science.howstuffworks.com/engineering/architecture/brunelleschis-dome.htm)",""
"fact.architecture.stone_compression_fire","source.brit_masonry","unverified","Stone has great strength in compression but lacks tensile strength; masonry also resists fire.","https://www.britannica.com/technology/masonry","L6 card.architecture.006.c2; L8 card.architecture.008.c4","","","","","","","corroborated","Masonry has high compressive strength, low tensile strength and good fire resistance. (https://en.wikipedia.org/wiki/Masonry)","one-page weak-pages"
"fact.architecture.wood_strength_weight","source.brit_wood","unverified","Wood is strong in relation to its weight and relatively easy to work.","https://www.britannica.com/science/wood-plant-tissue","L6 card.architecture.006.c2; L6 card.architecture.006.c3; L93 card.architecture.093.c4","L6 question.architecture.006.q3","","","","","","corroborated","Wood has a high strength-to-weight ratio and is easily shaped with tools. (https://en.wikipedia.org/wiki/Wood https://www.fpl.fs.usda.gov/documnts/fplgtr/fplgtr190/chapter_05.pdf)",""
"fact.architecture.greek_wood_beams","source.brit_post_lintel","unverified","The Greeks substituted wooden beams for stone because wood required fewer supports and opened up interior spaces.","https://www.britannica.com/technology/post-and-lintel-system","L6 card.architecture.006.c3","L6 question.architecture.006.q3","","","","","","corroborated","Greek temples used timber beams for roofs and ceilings over interior spaces. (https://en.wikipedia.org/wiki/Ancient_Greek_architecture)","one-page weak-pages"
"fact.architecture.london_brick_1666","source.brit_brick","unverified","After the Great Fire of 1666, London changed from a city of wood into a city of brick, to gain protection from fire.","https://www.britannica.com/technology/brick-building-material","L6 card.architecture.006.c1; L6 card.architecture.006.c2; L6 card.architecture.006.c3; L93 card.architecture.093.c1","L6 question.architecture.006.q2; L6 question.architecture.006.q3; L93 question.architecture.093.q3","","","","","","corroborated","The Rebuilding Act of 1667 required new buildings in the City of London to be of brick or stone rather than timber. (https://www.designingbuildings.co.uk/wiki/The_Rebuilding_Acts https://en.wikipedia.org/wiki/Rebuilding_of_London_Act_1666)",""
"fact.architecture.brick_fired_kiln","source.brit_brick","unverified","Fired brick is burned in a kiln for strength, hardness and heat resistance; at Ur, potters discovered the closed kiln, whose heat could be controlled.","https://www.britannica.com/technology/brick-building-material","L6 card.architecture.006.c2; L6 card.architecture.006.c4; L12 card.architecture.012.c3","L6 question.architecture.006.q1; L44 question.architecture.044.q3","","","","","","corroborated","Fired bricks, baked in kilns, are more durable than sun-dried bricks; kiln-fired brick appears in Mesopotamia. (https://en.wikipedia.org/wiki/Brick)","one-page weak-pages"
"fact.architecture.brick_one_person","source.brit_brick","unverified","Ancient brickmakers held that a brick should be no larger than one person could easily handle.","https://www.britannica.com/technology/brick-building-material","L6 card.architecture.006.c2; L6 card.architecture.006.c4","L6 question.architecture.006.q1; L44 question.architecture.044.q3","","","","","","corroborated","Brick sizes have historically been set so a bricklayer can lift and place a brick with one hand. (https://en.wikipedia.org/wiki/Brick)","one-page weak-pages"
"fact.architecture.pantheon_record","source.iet_pantheon_dome","unverified","Rome's Pantheon, rebuilt under Hadrian between 118 and 128 CE and almost 1,900 years old, still has the world's largest unreinforced concrete dome.","https://eandt.theiet.org/2022/03/15/pantheon-still-worlds-largest-unreinforced-concrete-dome","L7 card.architecture.007.c1; L19 card.architecture.019.c1","","","","","","","corroborated","The Pantheon (completed about 126 CE) remains the largest unreinforced concrete dome in the world. (https://monolithicdome.com/pantheon https://news.mit.edu/2023/roman-concrete-durability-lime-casts-0106)",""
"fact.architecture.pantheon_record","source.brit_pantheon","unverified","Rome's Pantheon, rebuilt under Hadrian between 118 and 128 CE and almost 1,900 years old, still has the world's largest unreinforced concrete dome.","https://www.britannica.com/topic/Pantheon-building-Rome-Italy","L7 card.architecture.007.c1; L19 card.architecture.019.c1","","","","","","","corroborated","The Pantheon (completed about 126 CE) remains the largest unreinforced concrete dome in the world. (https://monolithicdome.com/pantheon https://news.mit.edu/2023/roman-concrete-durability-lime-casts-0106)",""
"fact.architecture.roman_concrete_recipe","source.lbl_roman_seawater_concrete","unverified","Roman builders made concrete by mixing lime with volcanic ash and chunks of volcanic rock.","https://newscenter.lbl.gov/2013/06/04/roman-concrete/","L7 card.architecture.007.c2; L32 card.architecture.032.c3","L7 question.architecture.007.q1; L32 question.architecture.032.q3; L46 question.architecture.046.q3","","","","","","corroborated","Roman concrete combined a lime and volcanic ash (pozzolana) mortar with rock aggregate such as tuff. (https://en.wikipedia.org/wiki/Roman_concrete https://ancientengrtech.wisc.edu/roman-concrete/)",""
"fact.architecture.roman_marine_concrete","source.lbl_roman_seawater_concrete","unverified","Vitruvius recorded that the best marine concrete used volcanic ash from around the Gulf of Naples; Roman harbor structures have survived 2,000 years underwater.","https://newscenter.lbl.gov/2013/06/04/roman-concrete/","L7 card.architecture.007.c2","L7 question.architecture.007.q1; L32 question.architecture.032.q3; L46 question.architecture.046.q3","","","","","","corroborated","Vitruvius describes pozzolana from the Bay of Naples for harbor works; Roman harbor concrete survives underwater today. (https://en.wikipedia.org/wiki/Roman_concrete https://ancientengrtech.wisc.edu/roman-concrete/)",""
"fact.architecture.lime_clasts_hot_mixing","source.mit_concrete","unverified","A 2023 MIT-led study of Roman concrete from Privernum found that its white lime clasts, once blamed on poor mixing, formed when builders mixed in hot quicklime.","https://news.mit.edu/2023/roman-concrete-durability-lime-casts-0106","L7 card.architecture.007.c3","L7 question.architecture.007.q2","","","","","","corroborated","Seymour et al., Science Advances (January 2023), report hot mixing with quicklime as the origin of lime clasts in Privernum concrete. (https://www.science.org/doi/10.1126/sciadv.add1602)","one-page"
"fact.architecture.lime_clasts_healing","source.mit_concrete","unverified","In the study, water reaching a clast through a crack dissolved calcium that refilled the crack as calcium carbonate; hot-mixed test samples sealed their cracks within two weeks.","https://news.mit.edu/2023/roman-concrete-durability-lime-casts-0106","L7 card.architecture.007.c3","L7 question.architecture.007.q2","","","","","","corroborated","The paper reports crack-healing by calcium carbonate recrystallization; cracked hot-mixed samples healed within two weeks while controls did not. (https://www.science.org/doi/10.1126/sciadv.add1602)","one-page"
"fact.architecture.portland_cement","source.brit_concrete","unverified","In 1824 the English inventor Joseph Aspdin burned and ground limestone and clay together to make portland cement, still the main binder in concrete.","https://www.britannica.com/technology/concrete-building-material","L7 card.architecture.007.c4","L7 question.architecture.007.q3; L12 question.architecture.012.q3; L59 question.architecture.059.q3; L72 question.architecture.072.q3; L94 question.architecture.094.q3","","","","","","corroborated","Joseph Aspdin patented portland cement in October 1824, made by burning and grinding limestone and clay. (https://en.wikipedia.org/wiki/Joseph_Aspdin https://www.britannica.com/biography/Joseph-Aspdin)",""
"fact.architecture.concrete_weak_tension","source.brit_reinforced_concrete","unverified","Plain concrete resists compression well but not tension; in reinforced concrete, steel bars take the tension and the concrete takes the compression.","https://www.britannica.com/technology/reinforced-concrete","L7 card.architecture.007.c4; L10 card.architecture.010.c4; L12 card.architecture.012.c4; L72 card.architecture.072.c4; L94 card.architecture.094.c4","L7 question.architecture.007.q3; L12 question.architecture.012.q3; L59 question.architecture.059.q3; L72 question.architecture.072.q3; L94 question.architecture.094.q3","","","","","","corroborated","Concrete is strong in compression and weak in tension; embedded steel rebar carries the tensile stresses. (https://en.wikipedia.org/wiki/Reinforced_concrete)","one-page weak-pages"
"fact.architecture.monier_1867","source.brit_concrete","unverified","Reinforced concrete is usually credited to Joseph Monier, a Paris gardener who made concrete pots and tubs reinforced with iron mesh and patented it in 1867.","https://www.britannica.com/technology/concrete-building-material","L7 card.architecture.007.c4","L7 question.architecture.007.q3; L12 question.architecture.012.q3; L59 question.architecture.059.q3; L72 question.architecture.072.q3; L94 question.architecture.094.q3","","","","","","corroborated","Monier, a French gardener, patented iron-reinforced concrete horticultural tubs in July 1867. (https://en.wikipedia.org/wiki/Joseph_Monier https://www.britannica.com/biography/Joseph-Monier)",""
"fact.architecture.load_bearing_walls","source.brit_skyscraper","unverified","In a load-bearing building the walls carry the floors above; the earliest skyscrapers rested on extremely thick masonry walls at ground level.","https://www.britannica.com/technology/skyscraper","L8 card.architecture.008.c2; L99 card.architecture.099.c3","L8 question.architecture.008.q2; L15 question.architecture.015.q3; L25 question.architecture.025.q3; L47 question.architecture.047.q3; L50 question.architecture.050.q7; L73 question.architecture.073.q3; L74 question.architecture.074.q3; L99 question.architecture.099.q3","","","","","","corroborated","Load-bearing walls carry the weight of the floors above; tall load-bearing buildings such as the Monadnock needed very thick base walls. (https://en.wikipedia.org/wiki/Load-bearing_wall https://www.britannica.com/topic/Monadnock-Building)",""
"fact.architecture.frame_skeleton","source.brit_skyscraper","unverified","In a frame building, a skeleton of columns and beams carries the floors, and the outer wall bears only its own weight and hangs on the frame.","https://www.britannica.com/technology/skyscraper","L8 card.architecture.008.c2; L10 card.architecture.010.c4; L25 card.architecture.025.c2; L47 card.architecture.047.c3; L49 card.architecture.049.c4; L61 card.architecture.061.c3; L66 card.architecture.066.c2; L70 card.architecture.070.c4; L73 card.architecture.073.c2; L99 card.architecture.099.c3","L8 question.architecture.008.q2; L15 question.architecture.015.q3; L25 question.architecture.025.q3; L47 question.architecture.047.q3; L50 question.architecture.050.q7; L73 question.architecture.073.q3; L74 question.architecture.074.q3; L99 question.architecture.099.q3","","","","","","corroborated","A curtain wall is a non-structural outer covering that carries only its own weight, hung on the building frame. (https://en.wikipedia.org/wiki/Curtain_wall_(architecture))","one-page weak-pages"
"fact.architecture.paxton_gardener","source.brit_paxton","unverified","Joseph Paxton was superintendent of the gardens at Chatsworth from 1826 and built glasshouses there, including a lily house in 1850.","https://www.britannica.com/biography/Joseph-Paxton","L8 card.architecture.008.c1; L8 card.architecture.008.c3","L8 question.architecture.008.q1; L49 question.architecture.049.q3; L53 question.architecture.053.q3; L66 question.architecture.066.q3; L84 question.architecture.084.q3","","","","","","corroborated","Paxton was head gardener at Chatsworth, where he built the Great Conservatory and the Victoria regia lily house. (https://en.wikipedia.org/wiki/Joseph_Paxton https://www.gracesguide.co.uk/Joseph_Paxton)",""
"fact.architecture.crystal_palace_iron_glass","source.brit_crystal_palace","unverified","The Crystal Palace, built for the Great Exhibition of 1851 in Hyde Park, had slender iron rods holding up walls of clear glass.","https://www.britannica.com/topic/Crystal-Palace-building-London","L8 card.architecture.008.c1","","","","","","","corroborated","The Crystal Palace was a cast-iron and plate-glass structure for the Great Exhibition of 1851. (https://en.wikipedia.org/wiki/The_Crystal_Palace)","one-page weak-pages"
"fact.architecture.crystal_palace_six_months","source.brit_paxton","unverified","Made of prefabricated parts of sheet glass and iron, the Crystal Palace was built within six months.","https://www.britannica.com/biography/Joseph-Paxton","L8 card.architecture.008.c3; L49 card.architecture.049.c3; L53 card.architecture.053.c3","L8 question.architecture.008.q1; L49 question.architecture.049.q3; L53 question.architecture.053.q3; L66 question.architecture.066.q3; L84 question.architecture.084.q3","","","","","","corroborated","Thanks to prefabrication the Crystal Palace was completed in about 190 days. (https://en.wikipedia.org/wiki/The_Crystal_Palace https://www.gracesguide.co.uk/Joseph_Paxton)",""
"fact.architecture.crystal_palace_six_months","source.vam_paxton_sketch","unverified","Made of prefabricated parts of sheet glass and iron, the Crystal Palace was built within six months.","https://collections.vam.ac.uk/item/O18167/the-great-exhibition-building-architectural-sketch-paxton-joseph-sir/","L8 card.architecture.008.c3; L49 card.architecture.049.c3; L53 card.architecture.053.c3","L8 question.architecture.008.q1; L49 question.architecture.049.q3; L53 question.architecture.053.q3; L66 question.architecture.066.q3; L84 question.architecture.084.q3","","","","","","corroborated","Thanks to prefabrication the Crystal Palace was completed in about 190 days. (https://en.wikipedia.org/wiki/The_Crystal_Palace https://www.gracesguide.co.uk/Joseph_Paxton)",""
"fact.architecture.paxton_blotting_sketch","source.vam_paxton_sketch","unverified","Paxton drew his first sketch of the Crystal Palace on blotting paper during a Midland Railway board meeting, following the lines of his Chatsworth lily house.","https://collections.vam.ac.uk/item/O18167/the-great-exhibition-building-architectural-sketch-paxton-joseph-sir/","L8 card.architecture.008.c3; L9 card.architecture.009.c3; L84 card.architecture.084.c1","L8 question.architecture.008.q1; L49 question.architecture.049.q3; L53 question.architecture.053.q3; L66 question.architecture.066.q3; L84 question.architecture.084.q3","","","","","","corroborated","On 11 June 1850, at a Midland Railway board meeting, Paxton doodled his concept on pink blotting paper. (https://en.wikipedia.org/wiki/The_Crystal_Palace https://collections.vam.ac.uk/item/O186594/facsimile-of-sir-joseph-paxtons-lithograph-paxton-joseph-sir/)",""
"fact.architecture.steel_tension","source.brit_reinforced_concrete","unverified","Steel has high tensile strength, while cast iron is brittle and weak in tension.","https://www.britannica.com/technology/reinforced-concrete","L8 card.architecture.008.c4; L10 card.architecture.010.c4; L39 card.architecture.039.c4","L8 question.architecture.008.q3; L39 question.architecture.039.q3","","","","","","corroborated","Cast iron is strong in compression but brittle in tension; steel has high tensile strength. (https://en.wikipedia.org/wiki/Cast_iron https://en.wikipedia.org/wiki/Steel)","weak-pages"
"fact.architecture.steel_tension","source.brit_cast_iron","unverified","Steel has high tensile strength, while cast iron is brittle and weak in tension.","https://www.britannica.com/technology/cast-iron","L8 card.architecture.008.c4; L10 card.architecture.010.c4; L39 card.architecture.039.c4","L8 question.architecture.008.q3; L39 question.architecture.039.q3","","","","","","corroborated","Cast iron is strong in compression but brittle in tension; steel has high tensile strength. (https://en.wikipedia.org/wiki/Cast_iron https://en.wikipedia.org/wiki/Steel)","weak-pages"
"fact.architecture.drawing_plan","source.cuny_architectural_drawings","unverified","A plan is a horizontal cut through a building, usually taken about three to four feet above the floor and seen from above.","https://openlab.citytech.cuny.edu/architecture-oer/course-by-week/lesson-3-introduction-to-architectural-drawings-elevations/","L9 card.architecture.009.c2","L9 question.architecture.009.q2","","","","","","corroborated","A plan is a horizontal slice through a space seen from above. (https://fontanarchitecture.com/plan-section-elevation/)","one-page"
"fact.architecture.drawing_section_elevation","source.cuny_architectural_drawings","unverified","A section is a vertical cut through a building; an elevation shows a vertical surface, such as the front of a building, seen straight on.","https://openlab.citytech.cuny.edu/architecture-oer/course-by-week/lesson-3-introduction-to-architectural-drawings-elevations/","L9 card.architecture.009.c2","L9 question.architecture.009.q2","","","","","","corroborated","A section is a vertical slice through a building; an elevation is a view of a vertical face from directly in front. (https://fontanarchitecture.com/plan-section-elevation/)","one-page"
"fact.architecture.drawing_scale","source.cuny_architectural_drawings","unverified","Architectural drawings are drawn to scale; at one half inch to one foot, each half inch on paper stands for a foot of building.","https://openlab.citytech.cuny.edu/architecture-oer/course-by-week/lesson-3-introduction-to-architectural-drawings-elevations/","L9 card.architecture.009.c3","L9 question.architecture.009.q3","","","","","","corroborated","Architectural drawings are made to a stated scale, such as 1/2 inch to 1 foot, so real sizes can be measured. (https://en.wikipedia.org/wiki/Architectural_drawing)","one-page weak-pages"
"fact.architecture.paxton_drawings_week","source.vam_paxton_sketch","unverified","Within a week, Paxton's sketches were turned into proper drawings and presented to the exhibition's commission.","https://collections.vam.ac.uk/item/O18167/the-great-exhibition-building-architectural-sketch-paxton-joseph-sir/","L9 card.architecture.009.c3","L9 question.architecture.009.q3","","","","","","corroborated","Within a week the sketches were converted into proper drawings and presented to the Commission. (https://wikishire.co.uk/wiki/The_Crystal_Palace)","one-page"
"fact.architecture.cyanotype_herschel","source.brit_cyanotype","unverified","John Herschel introduced the cyanotype, or blueprint, process in 1842, using paper treated with ferric ammonium citrate and potassium ferricyanide.","https://www.britannica.com/technology/cyanotype","L9 card.architecture.009.c1; L9 card.architecture.009.c4","L9 question.architecture.009.q1","","","","","","corroborated","Herschel described the cyanotype in 1842; it uses ferric ammonium citrate and potassium ferricyanide. (https://www.alternativephotography.com/cyanotype-history-john-herschels-invention/ https://psap.library.illinois.edu/collection-id-guide/archdrawingrepro)",""
"fact.architecture.cyanotype_herschel","source.brit_blueprint","unverified","John Herschel introduced the cyanotype, or blueprint, process in 1842, using paper treated with ferric ammonium citrate and potassium ferricyanide.","https://www.britannica.com/technology/blueprint","L9 card.architecture.009.c1; L9 card.architecture.009.c4","L9 question.architecture.009.q1","","","","","","corroborated","Herschel described the cyanotype in 1842; it uses ferric ammonium citrate and potassium ferricyanide. (https://www.alternativephotography.com/cyanotype-history-john-herschels-invention/ https://psap.library.illinois.edu/collection-id-guide/archdrawingrepro)",""
"fact.architecture.blueprint_white_on_blue","source.brit_blueprint","unverified","To make a blueprint, a drawing on translucent material is laid over the treated paper and exposed to light, giving white lines on a dark blue background.","https://www.britannica.com/technology/blueprint","L9 card.architecture.009.c1; L9 card.architecture.009.c4","L9 question.architecture.009.q1","","","","","","corroborated","Blueprints show white lines on a Prussian-blue background. (https://psap.library.illinois.edu/collection-id-guide/archdrawingrepro)","one-page"
"fact.architecture.blueprint_1870s_diazo","source.illinois_psap_drawing_reproduction","unverified","Blueprints caught on for copying drawings in the 1870s, once commercial paper was sold; diazo prints had replaced them in most architectural offices by the 1950s.","https://psap.library.illinois.edu/collection-id-guide/archdrawingrepro","L9 card.architecture.009.c4","L9 question.architecture.009.q1","","","","","","corroborated","Blueprinting spread from the 1870s; diazo whiteprints supplanted it from the 1940s. (https://en.wikipedia.org/wiki/Blueprint)","one-page weak-pages"
"fact.architecture.blueprint_word","source.etymonline_blueprint","unverified","The word blueprint is recorded from 1882, and its figurative sense, 'a detailed plan', from 1926.","https://www.etymonline.com/word/blueprint","L9 card.architecture.009.c4","L9 question.architecture.009.q1","","","","","","corroborated","Dictionaries give blueprint both as a photographic print and, figuratively, a detailed plan of action. (https://www.merriam-webster.com/dictionary/blueprint)","one-page"
"fact.architecture.hooke_1675","source.plusmaths_catenary","unverified","In 1675 Robert Hooke hid his finding in a Latin anagram: 'As hangs the flexible line, so but inverted will stand the rigid arch.'","https://plus.maths.org/content/matjhs-minute-catenary","L10 card.architecture.010.c1; L10 card.architecture.010.c2; L29 card.architecture.029.c4; L96 card.architecture.096.c4","L10 question.architecture.010.q1; L10 question.architecture.010.q3; L71 question.architecture.071.q3; L96 question.architecture.096.q3; L100 question.architecture.100.q5","","","","","","corroborated","Hooke's 1675 anagram 'ut pendet continuum flexile, sic stabit contiguum rigidum inversum' is well documented. (https://en.wikipedia.org/wiki/Catenary)","one-page weak-pages"
"fact.architecture.hooke_1675","source.mit_hooke_hanging_chain","unverified","In 1675 Robert Hooke hid his finding in a Latin anagram: 'As hangs the flexible line, so but inverted will stand the rigid arch.'","https://web.mit.edu/masonry/papers/block_dejong_ochs_NNJ.pdf","L10 card.architecture.010.c1; L10 card.architecture.010.c2; L29 card.architecture.029.c4; L96 card.architecture.096.c4","L10 question.architecture.010.q1; L10 question.architecture.010.q3; L71 question.architecture.071.q3; L96 question.architecture.096.q3; L100 question.architecture.100.q5","","","","","","corroborated","Hooke's 1675 anagram 'ut pendet continuum flexile, sic stabit contiguum rigidum inversum' is well documented. (https://en.wikipedia.org/wiki/Catenary)","one-page weak-pages"
"fact.architecture.chain_tension_arch_compression","source.plusmaths_catenary","unverified","A hanging chain is in tension along its curve; turned upside down, those forces become compression along the arch, so it does not bend or buckle.","https://plus.maths.org/content/matjhs-minute-catenary","L10 card.architecture.010.c2; L71 card.architecture.071.c2; L96 card.architecture.096.c4","L10 question.architecture.010.q1; L10 question.architecture.010.q3; L71 question.architecture.071.q3; L96 question.architecture.096.q3; L100 question.architecture.100.q5","","","","","","corroborated","An inverted catenary arch carries its own weight in pure compression, mirroring the hanging chain in tension. (https://en.wikipedia.org/wiki/Catenary)","one-page weak-pages"
"fact.architecture.chain_tension_arch_compression","source.mit_hooke_hanging_chain","unverified","A hanging chain is in tension along its curve; turned upside down, those forces become compression along the arch, so it does not bend or buckle.","https://web.mit.edu/masonry/papers/block_dejong_ochs_NNJ.pdf","L10 card.architecture.010.c2; L71 card.architecture.071.c2; L96 card.architecture.096.c4","L10 question.architecture.010.q1; L10 question.architecture.010.q3; L71 question.architecture.071.q3; L96 question.architecture.096.q3; L100 question.architecture.100.q5","","","","","","corroborated","An inverted catenary arch carries its own weight in pure compression, mirroring the hanging chain in tension. (https://en.wikipedia.org/wiki/Catenary)","one-page weak-pages"
"fact.architecture.thrust_line_inside","source.mit_hooke_hanging_chain","unverified","Masonry is analyzed as having no tensile strength; if a line of thrust can be found lying entirely within the masonry, the structure can be shown to be safe for those loads.","https://web.mit.edu/masonry/papers/block_dejong_ochs_NNJ.pdf","L10 card.architecture.010.c3","L10 question.architecture.010.q2","","","","","","corroborated","Heyman's safe theorem: a masonry arch is safe if a thrust line can be found lying wholly within the masonry. (https://en.wikipedia.org/wiki/Line_of_thrust https://www.researchgate.net/publication/345465958_The_catenary_and_the_line_of_thrust_as_a_means_for_shaping_arches_and_vaults)",""
"fact.architecture.wonders_gobekli_age","source.brit_gobekli_tepe","unverified","Göbekli Tepe, in southeastern Turkey, was built by hunter-gatherers, before farming, beginning about 11,500 years ago.","https://www.britannica.com/place/Gobekli-Tepe","L11 card.architecture.011.c2","L11 question.architecture.011.q2","","","","","","corroborated","Britannica dates the site to the 9th-10th millennium BCE and describes hunter-gatherer builders; Archaeology magazine dates the monumental buildings to around 9000 BCE and calls the builders hunter-gatherers. (https://www.britannica.com/place/Gobekli-Tepe https://archaeology.org/issues/may-june-2021/features/turkey-gobekli-tepe-hunter-gatherers/)",""
"fact.architecture.wonders_gobekli_age","source.unesco_gobekli_tepe","unverified","Göbekli Tepe, in southeastern Turkey, was built by hunter-gatherers, before farming, beginning about 11,500 years ago.","https://whc.unesco.org/en/list/1572/","L11 card.architecture.011.c2","L11 question.architecture.011.q2","","","","","","corroborated","Britannica dates the site to the 9th-10th millennium BCE and describes hunter-gatherer builders; Archaeology magazine dates the monumental buildings to around 9000 BCE and calls the builders hunter-gatherers. (https://www.britannica.com/place/Gobekli-Tepe https://archaeology.org/issues/may-june-2021/features/turkey-gobekli-tepe-hunter-gatherers/)",""
"fact.architecture.wonders_gobekli_pillars","source.brit_gobekli_tepe","unverified","Göbekli Tepe's T-shaped limestone pillars, set in round and oval enclosures, reach over 5 meters tall and weigh up to 50 tons.","https://www.britannica.com/place/Gobekli-Tepe","L11 card.architecture.011.c2","L11 question.architecture.011.q2","","","","","","corroborated","Britannica: the T-shaped limestone pillars 'surpass 16 feet (5 metres) in height and weigh as much as 50 tons'; UNESCO describes monumental round-oval megalithic enclosures. (https://www.britannica.com/place/Gobekli-Tepe)","one-page"
"fact.architecture.wonders_gobekli_pillars","source.unesco_gobekli_tepe","unverified","Göbekli Tepe's T-shaped limestone pillars, set in round and oval enclosures, reach over 5 meters tall and weigh up to 50 tons.","https://whc.unesco.org/en/list/1572/","L11 card.architecture.011.c2","L11 question.architecture.011.q2","","","","","","corroborated","Britannica: the T-shaped limestone pillars 'surpass 16 feet (5 metres) in height and weigh as much as 50 tons'; UNESCO describes monumental round-oval megalithic enclosures. (https://www.britannica.com/place/Gobekli-Tepe)","one-page"
"fact.architecture.wonders_gobekli_ritual_reading","source.archaeologymag_gobekli_2021","unverified","Göbekli Tepe's first excavator, Klaus Schmidt, read it as a ritual center where people gathered but did not live.","https://archaeology.org/issues/may-june-2021/features/turkey-gobekli-tepe-hunter-gatherers/","L11 card.architecture.011.c2","L11 question.architecture.011.q2","","","","","","corroborated","Britannica calls it a ritual site with no signs of domestic life; Archaeology magazine reports Schmidt saw it as a ritual center, 'a cathedral on a hill', not a residential site. (https://popular-archaeology.com/article/echo-from-the-past-how-gobekli-tepe-is-reshaping-our-understanding-of-the-neolithic-2/)","one-page"
"fact.architecture.wonders_gobekli_ritual_reading","source.brit_gobekli_tepe","unverified","Göbekli Tepe's first excavator, Klaus Schmidt, read it as a ritual center where people gathered but did not live.","https://www.britannica.com/place/Gobekli-Tepe","L11 card.architecture.011.c2","L11 question.architecture.011.q2","","","","","","corroborated","Britannica calls it a ritual site with no signs of domestic life; Archaeology magazine reports Schmidt saw it as a ritual center, 'a cathedral on a hill', not a residential site. (https://popular-archaeology.com/article/echo-from-the-past-how-gobekli-tepe-is-reshaping-our-understanding-of-the-neolithic-2/)","one-page"
"fact.architecture.wonders_gobekli_houses","source.archaeologymag_gobekli_2021","unverified","Recent excavations at Göbekli Tepe found hearths, domestic buildings and a rainwater cistern cut into the bedrock, evidence that people lived there beside the great enclosures.","https://archaeology.org/issues/may-june-2021/features/turkey-gobekli-tepe-hunter-gatherers/","L11 card.architecture.011.c3","L11 question.architecture.011.q2","","","","","","corroborated","Popular Archaeology and other summaries of DAI work under Lee Clare report domestic structures, a water supply cut in bedrock and daily-life tools, contrasting with the earlier sanctuary-only interpretation. (https://popular-archaeology.com/article/echo-from-the-past-how-gobekli-tepe-is-reshaping-our-understanding-of-the-neolithic-2/)","one-page"
"fact.architecture.wonders_catalhoyuk_date","source.brit_catalhuyuk","unverified","Çatalhöyük, a Neolithic settlement in Turkey, has building periods from about 6700 BCE to about 5650 BCE; its people lived in rectangular mud-brick houses.","https://www.britannica.com/place/Catalhuyuk","L11 card.architecture.011.c4","L11 question.architecture.011.q1; L11 question.architecture.011.q3","","","","","","corroborated","The Çatalhöyük Research Project describes roughly rectangular houses with mud-brick walls; Britannica dates the building periods from about 6700 to 5650 BCE. (http://www.catalhoyuk.com/site/architecture)","one-page"
"fact.architecture.wonders_catalhoyuk_roofs","source.catalhoyuk_architecture","unverified","Çatalhöyük's houses were built close together with no streets in between; people moved around on the roofs and climbed down a wooden ladder through an opening in the ceiling.","http://www.catalhoyuk.com/site/architecture","L11 card.architecture.011.c4","L11 question.architecture.011.q1; L11 question.architecture.011.q3","","","","","","corroborated","Britannica: houses probably entered from roof level by a wooden ladder; TheCollector and other summaries describe houses densely packed with no streets, reached by roof ladders. (https://www.britannica.com/place/Catalhuyuk https://www.thecollector.com/why-did-catalhoyuk-have-no-streets/)",""
"fact.architecture.wonders_catalhoyuk_roofs","source.brit_catalhuyuk","unverified","Çatalhöyük's houses were built close together with no streets in between; people moved around on the roofs and climbed down a wooden ladder through an opening in the ceiling.","https://www.britannica.com/place/Catalhuyuk","L11 card.architecture.011.c4","L11 question.architecture.011.q1; L11 question.architecture.011.q3","","","","","","corroborated","Britannica: houses probably entered from roof level by a wooden ladder; TheCollector and other summaries describe houses densely packed with no streets, reached by roof ladders. (https://www.britannica.com/place/Catalhuyuk https://www.thecollector.com/why-did-catalhoyuk-have-no-streets/)",""
"fact.architecture.wonders_catalhoyuk_rebuilt","source.catalhoyuk_architecture","unverified","Çatalhöyük's houses were repeatedly filled in and rebuilt on top of each other, eventually creating the mound seen today.","http://www.catalhoyuk.com/site/architecture","L11 card.architecture.011.c4","L11 question.architecture.011.q1; L11 question.architecture.011.q3","","","","","","corroborated","Descriptions of the site note houses rebuilt on the remains of earlier ones over centuries, raising the settlement mound. (https://www.thecollector.com/why-did-catalhoyuk-have-no-streets/)","one-page"
"fact.architecture.wonders_skara_brae","source.hes_skara_brae","unverified","Skara Brae in Orkney, Scotland, about 5,000 years old, is the best-preserved Neolithic settlement in Western Europe; its houses keep stone dressers and box beds, and a storm uncovered it in 1850.","https://www.historicenvironment.scot/visit-a-place/places/skara-brae/","L11 card.architecture.011.c5","","","","","","","corroborated","Other guides to Skara Brae describe stone dressers, box beds and hearths in houses about 5,000 years old, exposed by a storm in 1850. (https://www.ancient-scotland.co.uk/site/skara-brae-neolithic-village)","one-page"
"fact.architecture.wonders_ziggurat_defined","source.brit_ziggurat","unverified","A ziggurat was a stepped temple tower of ancient Mesopotamia, usually square or rectangular, with no internal chambers; about 25 are known.","https://www.britannica.com/topic/ziggurat","L12 card.architecture.012.c1; L12 card.architecture.012.c2","L12 question.architecture.012.q1; L20 question.architecture.020.q4","","","","","","corroborated","Britannica's ziggurat article: 'It had no internal chambers and was usually square or rectangular'; 'Approximately 25 ziggurats are known.' Art History tree (L11) independently describes it as a stepped temple tower. (https://www.britannica.com/topic/ziggurat-at-Ur)","one-page"
"fact.architecture.wonders_ziggurat_ur","source.brit_ziggurat_ur","unverified","The ziggurat at Ur dates to about 2100 BCE, under King Ur-Nammu; three staircases led to a temple on its flat top.","https://www.britannica.com/topic/ziggurat-at-Ur","L12 card.architecture.012.c1; L12 card.architecture.012.c2","L12 question.architecture.012.q1; L20 question.architecture.020.q4","","","","","","corroborated","Alberti's Window (art history) describes the Ur ziggurat's first building phase under Ur-Nammu; the Art History tree (L11) gives about 2100 BCE, Ur-Nammu, three staircases and a temple on top. (https://albertis-window.com/2015/05/the-bricks-of-the-ziggurat-of-ur/)","one-page"
"fact.architecture.wonders_ziggurat_babel","source.brit_ziggurat","unverified","The legendary Tower of Babel is popularly associated with the ziggurat of Marduk's great temple in Babylon.","https://www.britannica.com/topic/ziggurat","L12 card.architecture.012.c2","L12 question.architecture.012.q1; L20 question.architecture.020.q4","","","","","","corroborated","Britannica: 'The legendary Tower of Babel has been popularly associated with the ziggurat of the great temple of Marduk in Babylon.' Commonly repeated in encyclopedias (Etemenanki). (https://www.livius.org/articles/place/babylon/etemenanki/ https://en.wikipedia.org/wiki/Etemenanki)",""
"fact.architecture.wonders_ziggurat_skin_bitumen","source.brit_ziggurat","unverified","Ziggurats had a core of mud brick and an exterior of baked brick; at Ur, several million sun-dried bricks formed the core, and the facing bricks were mortared with bitumen, a natural tar, to make a waterproof surface.","https://www.britannica.com/topic/ziggurat","L12 card.architecture.012.c3","L12 question.architecture.012.q2","","","","","","corroborated","Britannica (ziggurat): always a core of mud brick and exterior of baked brick; Britannica (Ur): several million core bricks, facing mortared with bitumen for a waterproof surface. Art History tree L11 agrees on core and skin. (https://www.britannica.com/topic/ziggurat https://www.britannica.com/topic/ziggurat-at-Ur)",""
"fact.architecture.wonders_ziggurat_skin_bitumen","source.brit_ziggurat_ur","unverified","Ziggurats had a core of mud brick and an exterior of baked brick; at Ur, several million sun-dried bricks formed the core, and the facing bricks were mortared with bitumen, a natural tar, to make a waterproof surface.","https://www.britannica.com/topic/ziggurat-at-Ur","L12 card.architecture.012.c3","L12 question.architecture.012.q2","","","","","","corroborated","Britannica (ziggurat): always a core of mud brick and exterior of baked brick; Britannica (Ur): several million core bricks, facing mortared with bitumen for a waterproof surface. Art History tree L11 agrees on core and skin. (https://www.britannica.com/topic/ziggurat https://www.britannica.com/topic/ziggurat-at-Ur)",""
"fact.architecture.wonders_ziggurat_weepers","source.brit_ziggurat_ur","unverified","The Ur ziggurat's facing was punctuated by weeper holes that let water evaporate from the core.","https://www.britannica.com/topic/ziggurat-at-Ur","L12 card.architecture.012.c3","L12 question.architecture.012.q2","","","","","","corroborated","Descriptions of the Ur ziggurat note drainage or weep holes through the baked-brick casing to let moisture escape from the mud-brick core. (https://albertis-window.com/2015/05/the-bricks-of-the-ziggurat-of-ur/)","one-page"
"fact.architecture.wonders_aqar_quf_reeds","source.penn_aqar_quf","unverified","At the Aqar Quf ziggurat in Iraq, a layer of reed matting bedded in sand and gravel lies after every eight or nine courses of bricks, and plaited reed ropes run through the structure from side to side as reinforcement.","https://www.penn.museum/sites/bulletin/3023/","L12 card.architecture.012.c4","L12 question.architecture.012.q3","","","","","","corroborated","Accounts of Dur-Kurigalzu (Aqar Quf) repeat that a layer of reed matting lies after every 8 or 9 courses of brick; University of Houston's Engines of Our Ingenuity describes reed-mat layers as reinforcement. (https://engines.egr.uh.edu/episode/575 https://en.wikipedia.org/wiki/Dur-Kurigalzu)",""
"fact.architecture.wonders_reeds_slumping","source.uh_engines_ziggurats","unverified","Reed matting kept ziggurats from slumping to the side when they got wet.","https://engines.egr.uh.edu/episode/575","L12 card.architecture.012.c4","L12 question.architecture.012.q3","","","","","","corroborated","The Penn Museum Bulletin describes the Aqar Quf reeds as an effective reinforcement that has kept the structure well preserved. (https://www.penn.museum/sites/bulletin/3023/)","one-page"
"fact.architecture.wonders_great_pyramid_mass","source.brit_pyramid_architecture","unverified","About 2.3 million stone blocks went into the Great Pyramid, a structure of some 5.75 million tons, completed about 4,500 years ago, in the early 25th century BCE.","https://www.britannica.com/technology/pyramid-architecture","L13 card.architecture.013.c1","","","","","","","corroborated","Britannica (Great Pyramid) dates completion to the early 25th century BCE; Egypt tree L24 uses 2.3 million blocks. Britannica pyramid article gives the 5.75-million-ton figure. (https://www.britannica.com/topic/Great-Pyramid-of-Giza https://www.britannica.com/technology/pyramid-architecture)",""
"fact.architecture.wonders_great_pyramid_mass","source.brit_great_pyramid","unverified","About 2.3 million stone blocks went into the Great Pyramid, a structure of some 5.75 million tons, completed about 4,500 years ago, in the early 25th century BCE.","https://www.britannica.com/topic/Great-Pyramid-of-Giza","L13 card.architecture.013.c1","","","","","","","corroborated","Britannica (Great Pyramid) dates completion to the early 25th century BCE; Egypt tree L24 uses 2.3 million blocks. Britannica pyramid article gives the 5.75-million-ton figure. (https://www.britannica.com/topic/Great-Pyramid-of-Giza https://www.britannica.com/technology/pyramid-architecture)",""
"fact.architecture.wonders_pyramid_stones","source.brit_pyramid_architecture","unverified","The Great Pyramid's core is yellowish limestone blocks; the outer casing and inner passages are finer, light-colored limestone; the King's Chamber is built of huge granite blocks, lined and roofed with granite.","https://www.britannica.com/technology/pyramid-architecture","L13 card.architecture.013.c2","L13 question.architecture.013.q1","","","","","","corroborated","Britannica (Great Pyramid): core of yellowish limestone, passages of finer light-colored limestone, the King's Chamber 'entirely lined and roofed with granite'. Ancient Egypt Online also describes the pink granite chamber. (https://www.britannica.com/topic/Great-Pyramid-of-Giza https://ancientegyptonline.co.uk/kingschambergp/)",""
"fact.architecture.wonders_pyramid_stones","source.brit_great_pyramid","unverified","The Great Pyramid's core is yellowish limestone blocks; the outer casing and inner passages are finer, light-colored limestone; the King's Chamber is built of huge granite blocks, lined and roofed with granite.","https://www.britannica.com/topic/Great-Pyramid-of-Giza","L13 card.architecture.013.c2","L13 question.architecture.013.q1","","","","","","corroborated","Britannica (Great Pyramid): core of yellowish limestone, passages of finer light-colored limestone, the King's Chamber 'entirely lined and roofed with granite'. Ancient Egypt Online also describes the pink granite chamber. (https://www.britannica.com/topic/Great-Pyramid-of-Giza https://ancientegyptonline.co.uk/kingschambergp/)",""
"fact.architecture.wonders_relieving_compartments","source.brit_great_pyramid","unverified","Above the King's Chamber are five compartments separated by massive horizontal granite slabs, probably built to shield the chamber's ceiling by diverting the thrust of the masonry above.","https://www.britannica.com/topic/Great-Pyramid-of-Giza","L13 card.architecture.013.c3; L20 card.architecture.020.c3","L13 question.architecture.013.q2","","","","","","corroborated","Ancient Egypt Online and other descriptions give five relieving chambers above the King's Chamber, with granite ceilings, built to distribute the weight of the masonry overhead. (https://ancientegyptonline.co.uk/kingschambergp/ https://www.pyramidofman.com/chambers.html)",""
"fact.architecture.wonders_gabled_top_chamber","source.aeo_kings_chamber","unverified","The topmost relieving compartment above the King's Chamber has a gabled roof of huge limestone blocks leaning against each other in pairs, which helps bear the weight above.","https://ancientegyptonline.co.uk/kingschambergp/","L13 card.architecture.013.c4; L20 card.architecture.020.c3","L13 question.architecture.013.q3","","","","","","corroborated","Pyramid of Man: above the granite chambers is a limestone gable, said to be designed to distribute the weight to the north and south walls; other descriptions call the top chamber's roof gabled limestone blocks. (https://www.pyramidofman.com/chambers.html)","one-page"
"fact.architecture.wonders_hypostyle_size","source.memphis_hypostyle_architecture","unverified","Karnak's Great Hypostyle Hall covers nearly an acre; almost all of Paris's Notre-Dame cathedral could rest inside it.","https://www.memphis.edu/hypostyle/about-architecture/index.php","L14 card.architecture.014.c1","","","","","","","corroborated","Other descriptions of the hall give an area of about 5,000 square metres (about an acre) and repeat the comparison that Notre-Dame could fit inside. (https://www.thearchaeologist.org/blog/ancient-egyptian-temples-the-hypostyle-hall-of-karnak)","one-page weak-pages"
"fact.architecture.wonders_hypostyle_word","source.brit_hypostyle_hall","unverified","A hypostyle hall is an interior space whose roof rests on pillars or columns; the word means literally 'under pillars.'","https://www.britannica.com/technology/hypostyle-hall","L14 card.architecture.014.c2","L14 question.architecture.014.q1; L14 question.architecture.014.q3; L16 question.architecture.016.q3; L20 question.architecture.020.q3","","","","","","corroborated","Merriam-Webster defines hypostyle as having the roof resting on rows of columns, from Greek hypostylos, 'resting on pillars'. (https://www.merriam-webster.com/dictionary/hypostyle)","one-page"
"fact.architecture.wonders_egypt_greek_lintels","source.brit_post_lintel","unverified","The interiors of Egyptian temples and the exteriors of Greek temples are lined with columns covered by stone lintels.","https://www.britannica.com/technology/post-and-lintel-system","L14 card.architecture.014.c2; L16 card.architecture.016.c1; L20 card.architecture.020.c1; L20 card.architecture.020.c3","L14 question.architecture.014.q1; L14 question.architecture.014.q3; L16 question.architecture.016.q3; L20 question.architecture.020.q3","","","","","","corroborated","Britannica's post-and-lintel article states the interiors of Egyptian temples and the exteriors of Greek temples are delineated by columns covered by stone lintels; architecture glossaries call Greek and Egyptian architecture trabeated. (https://buffaloah.com/a/DCTNRY/t/trabeated.html)","one-page"
"fact.architecture.wonders_karnak_134","source.memphis_hypostyle_architecture","unverified","Karnak's Great Hypostyle Hall has 134 columns: 12 in the central nave about 20 m tall with open papyrus-flower capitals, and 122 shorter columns about 14 m tall with closed-bud capitals.","https://www.memphis.edu/hypostyle/about-architecture/index.php","L14 card.architecture.014.c2; L14 card.architecture.014.c3; L20 card.architecture.020.c3","L14 question.architecture.014.q1; L14 question.architecture.014.q3; L16 question.architecture.016.q3; L20 question.architecture.020.q3","","","","","","corroborated","The Egypt tree (L63) and University of Memphis tour pages give 134 columns, 12 great central columns over 20 m with open papyrus capitals, and 122 shorter closed-bud columns. (https://www.memphis.edu/hypostyle/tour_hall/great_columns.php)","one-page"
"fact.architecture.wonders_karnak_clerestory","source.memphis_hypostyle_architecture","unverified","The Hypostyle Hall's only daylight came through huge stone window grilles in the clerestory beside the tall central columns; with its roof on, the hall stood in twilight even at midday.","https://www.memphis.edu/hypostyle/about-architecture/index.php","L14 card.architecture.014.c3","","","","","","","corroborated","University of Memphis 'Great Columns' page: the twelve great columns supported the higher clerestory roof of the central nave; other temple guides describe clerestory windows giving way to dark inner rooms. (https://www.memphis.edu/hypostyle/tour_hall/great_columns.php https://www.memphis.edu/hypostyle/meaning_function/model-universe.php)",""
"fact.architecture.wonders_temple_sequence","source.ees_egypt_temples","unverified","An Egyptian temple led from a pylon gateway to an open court, a hypostyle hall and the sanctuary holding the god's statue; the open court may have been as far as non-priests could go.","https://www.ees.ac.uk/resource/temples-in-ancient-egypt.html","L14 card.architecture.014.c4","L14 question.architecture.014.q2","","","","","","corroborated","University of Memphis 'A Model of the Universe' and other temple guides describe the sequence from outer courts through the hypostyle hall to the holy of holies, entered only by the king or high priests. (https://www.memphis.edu/hypostyle/meaning_function/model-universe.php)","one-page"
"fact.architecture.wonders_temple_mound","source.ees_egypt_temples","unverified","Papyrus-shaped columns in hypostyle halls evoked the marshes around the mound of creation; the sanctuary was the darkest, most enclosed part of the temple, with the highest floor, recreating that mound.","https://www.ees.ac.uk/resource/temples-in-ancient-egypt.html","L14 card.architecture.014.c4","L14 question.architecture.014.q2","","","","","","corroborated","University of Memphis: temples were models of the universe; floors rose and ceilings lowered toward the dark sanctuary, which represented the primeval mound, with the columns as marsh plants. (https://www.memphis.edu/hypostyle/meaning_function/model-universe.php)","one-page"
"fact.architecture.wonders_seven_compilers","source.brit_seven_wonders","unverified","One of the best-known lists of the Seven Wonders was written by the Greek writer Antipater of Sidon in the 2nd century BCE.","https://www.britannica.com/topic/Seven-Wonders-of-the-World","L15 card.architecture.015.c1","","","","","","","corroborated","World History Encyclopedia names Antipater of Sidon (2nd century BCE) among the classic compilers of the list, alongside Philo of Byzantium and Diodorus Siculus. (https://www.worldhistory.org/Seven_Wonders/)","one-page"
"fact.architecture.wonders_seven_list","source.brit_seven_wonders","unverified","The Seven Wonders of the ancient world were the Pyramids of Giza, the Hanging Gardens of Babylon, the Statue of Zeus at Olympia by Phidias, the Temple of Artemis at Ephesus, the Mausoleum of Halicarnassus, the Colossus of Rhodes and the Pharos (lighthouse) of Alexandria.","https://www.britannica.com/topic/Seven-Wonders-of-the-World","L15 card.architecture.015.c2","L15 question.architecture.015.q1","","","","","","corroborated","World History Encyclopedia lists the same seven; the Egypt tree independently counts the Giza pyramids and the Pharos among them. (https://www.worldhistory.org/Seven_Wonders/)","one-page"
"fact.architecture.wonders_pyramids_survivor","source.brit_seven_wonders","unverified","The Pyramids of Giza are the oldest of the Seven Wonders and the only one still substantially in existence.","https://www.britannica.com/topic/Seven-Wonders-of-the-World","L15 card.architecture.015.c5","","","","","","","corroborated","The Egypt tree (L24) states the Giza pyramids are the only wonder still standing; World History Encyclopedia agrees. (https://www.worldhistory.org/Seven_Wonders/)","one-page"
"fact.architecture.wonders_mausoleum_word","source.brit_seven_wonders","unverified","The Mausoleum of Halicarnassus was built by Artemisia for her husband Mausolus, and the word mausoleum comes from it.","https://www.britannica.com/topic/Seven-Wonders-of-the-World","L15 card.architecture.015.c5","","","","","","","corroborated","Etymonline: mausoleum from Greek Mausoleion, the tomb of Mausolus at Halicarnassus built by his widow Artemisia. (https://www.etymonline.com/word/mausoleum)","one-page"
"fact.architecture.wonders_mausoleum_word","source.brit_mausoleum_halicarnassus","unverified","The Mausoleum of Halicarnassus was built by Artemisia for her husband Mausolus, and the word mausoleum comes from it.","https://www.britannica.com/topic/Mausoleum-of-Halicarnassus","L15 card.architecture.015.c5","","","","","","","corroborated","Etymonline: mausoleum from Greek Mausoleion, the tomb of Mausolus at Halicarnassus built by his widow Artemisia. (https://www.etymonline.com/word/mausoleum)","one-page"
"fact.architecture.wonders_artemis_fate","source.brit_temple_artemis","unverified","The Temple of Artemis at Ephesus was burned by Herostratus in 356 BCE, rebuilt, and later wrecked by invading Goths.","https://www.britannica.com/topic/Temple-of-Artemis-temple-Ephesus-Turkey","L15 card.architecture.015.c3","L15 question.architecture.015.q2; L15 question.architecture.015.q3","","","","","","corroborated","Britannica's Herostratus article: he burned the temple in 356 BCE; World History Encyclopedia records rebuilding and destruction or plundering by invading Goths in the 3rd century CE (dates given vary, 262 to 267 CE). (https://www.britannica.com/biography/Herostratus https://www.worldhistory.org/Temple_of_Artemis_at_Ephesus/)",""
"fact.architecture.wonders_colossus_fate","source.brit_colossus_rhodes","unverified","The Colossus of Rhodes, made of bronze plates fastened to an iron framework, was toppled by an earthquake about 226 BCE, little more than half a century after it was finished.","https://www.britannica.com/topic/Colossus-of-Rhodes","L15 card.architecture.015.c3","L15 question.architecture.015.q2; L15 question.architecture.015.q3","","","","","","corroborated","World History Encyclopedia: finished about 280 BCE, fell in an earthquake in 228 or 226 BCE; its bronze shell was supported by internal iron struts. Britannica: built 294-282 BCE, toppled about 225/226 BCE. (https://www.worldhistory.org/Colossus_of_Rhodes/)","one-page"
"fact.architecture.wonders_mausoleum_fate","source.brit_mausoleum_halicarnassus","unverified","The Mausoleum of Halicarnassus was probably destroyed by an earthquake between the 11th and 15th centuries CE, and its stones were reused in local buildings.","https://www.britannica.com/topic/Mausoleum-of-Halicarnassus","L15 card.architecture.015.c3","L15 question.architecture.015.q2; L15 question.architecture.015.q3","","","","","","corroborated","World History Encyclopedia: damaged by earthquakes and its stones later reused by the Knights of St John in their castle at Bodrum. (https://www.worldhistory.org/Mausoleum_at_Halicarnassus/)","one-page"
"fact.architecture.wonders_hanging_gardens","source.brit_hanging_gardens","unverified","Tradition says Nebuchadnezzar II built the Hanging Gardens of Babylon for his wife Amytis, who missed her homeland's mountains, but no certain trace has been found at Babylon; one theory places them at Nineveh, built by Sennacherib.","https://www.britannica.com/place/Hanging-Gardens-of-Babylon","L15 card.architecture.015.c4","","","","","","","corroborated","Stephanie Dalley's Oxford-published research (reported by the University of Oxford and others) argues the gardens were Sennacherib's at Nineveh; no archaeological evidence has been found at Babylon. (https://www.worldhistory.org/Hanging_Gardens_of_Babylon/)","one-page"
"fact.architecture.wonders_parthenon_basics","source.brit_parthenon","unverified","The Parthenon, Athena's temple in Athens, was designed by Ictinus and Callicrates and built from 447 BCE in about eight or nine years.","https://www.britannica.com/topic/Parthenon","L16 card.architecture.016.c1","","","","","","","corroborated","The Art History tree (L16) gives 447 to 438 BCE and the architects Ictinus and Callicrates; Britannica gives 447-432 BCE including decoration. (https://www.britannica.com/topic/Parthenon)","one-page"
"fact.architecture.wonders_parthenon_basics","source.smithsonianmag_parthenon_mysteries","unverified","The Parthenon, Athena's temple in Athens, was designed by Ictinus and Callicrates and built from 447 BCE in about eight or nine years.","https://www.smithsonianmag.com/history/unlocking-mysteries-of-the-parthenon-16621015/","L16 card.architecture.016.c1","","","","","","","corroborated","The Art History tree (L16) gives 447 to 438 BCE and the architects Ictinus and Callicrates; Britannica gives 447-432 BCE including decoration. (https://www.britannica.com/topic/Parthenon)","one-page"
"fact.architecture.wonders_parthenon_refinements","source.irishtimes_parthenon_refinements","unverified","The Parthenon's base curves upward toward the middle, its columns swell slightly (entasis) and slope imperceptibly inward, its corner columns are slightly thicker, and it has few perfectly straight lines.","https://www.irishtimes.com/news/science/optical-refinements-at-the-parthenon-1.3531800","L16 card.architecture.016.c1; L16 card.architecture.016.c2","L16 question.architecture.016.q1","","","","","","corroborated","Britannica lists the upward curve of the base, the convexity of the columns and the thickened corner columns; Smithsonian describes the bulging floor and entasis. (https://www.britannica.com/topic/Parthenon https://www.smithsonianmag.com/history/unlocking-mysteries-of-the-parthenon-16621015/)",""
"fact.architecture.wonders_parthenon_refinements","source.brit_parthenon","unverified","The Parthenon's base curves upward toward the middle, its columns swell slightly (entasis) and slope imperceptibly inward, its corner columns are slightly thicker, and it has few perfectly straight lines.","https://www.britannica.com/topic/Parthenon","L16 card.architecture.016.c1; L16 card.architecture.016.c2","L16 question.architecture.016.q1","","","","","","corroborated","Britannica lists the upward curve of the base, the convexity of the columns and the thickened corner columns; Smithsonian describes the bulging floor and entasis. (https://www.britannica.com/topic/Parthenon https://www.smithsonianmag.com/history/unlocking-mysteries-of-the-parthenon-16621015/)",""
"fact.architecture.wonders_parthenon_illusion_debate","source.smithsonianmag_parthenon_mysteries","unverified","The refinements are classically explained as correcting optical illusions, such as a row of straight columns looking thinner in the middle, but that explanation is debated.","https://www.smithsonianmag.com/history/unlocking-mysteries-of-the-parthenon-16621015/","L16 card.architecture.016.c2","L16 question.architecture.016.q1","","","","","","corroborated","Smithsonian (2026, Goriely) reports a mathematician disputing Vitruvius's optical-illusion explanation; the Irish Times gives the traditional illusion-correcting rationale. (https://www.irishtimes.com/news/science/optical-refinements-at-the-parthenon-1.3531800)","one-page"
"fact.architecture.wonders_parthenon_illusion_debate","source.smithsonianmag_parthenon_curves","unverified","The refinements are classically explained as correcting optical illusions, such as a row of straight columns looking thinner in the middle, but that explanation is debated.","https://www.smithsonianmag.com/smart-news/centuries-ago-an-architect-characterized-the-parthenons-curves-as-a-clever-optical-illusion-now-a-mathematician-begs-to-differ-180989520/","L16 card.architecture.016.c2","L16 question.architecture.016.q1","","","","","","corroborated","Smithsonian (2026, Goriely) reports a mathematician disputing Vitruvius's optical-illusion explanation; the Irish Times gives the traditional illusion-correcting rationale. (https://www.irishtimes.com/news/science/optical-refinements-at-the-parthenon-1.3531800)","one-page"
"fact.architecture.wonders_parthenon_no_mortar","source.smithsonianmag_parthenon_mysteries","unverified","The Parthenon was built without mortar, so every block had to be trimmed by hand; its joints are all but invisible, even under a magnifying glass.","https://www.smithsonianmag.com/history/unlocking-mysteries-of-the-parthenon-16621015/","L16 card.architecture.016.c3; L20 card.architecture.020.c3","L16 question.architecture.016.q2","","","","","","corroborated","EBSCO Research Starters: the Greeks used no mortar, and many joints were so tight a razor blade could not be inserted; the Acropolis Restoration Service describes blocks fitted precisely and joined by clamps. (https://www.ebsco.com/research-starters/history/building-parthenon/ https://learnmore.ancienttemple.ysma.gr/constructing-the-temple/?lang=en)",""
"fact.architecture.wonders_parthenon_clamps","source.smithsonianmag_parthenon_mysteries","unverified","The Parthenon's builders joined its marble blocks with iron clamps set in carved grooves and poured molten lead over them, sealing the iron.","https://www.smithsonianmag.com/history/unlocking-mysteries-of-the-parthenon-16621015/","L16 card.architecture.016.c3; L20 card.architecture.020.c3","L16 question.architecture.016.q2","","","","","","corroborated","Archaeology magazine (2015): the Parthenon's ancient builders used iron clamps but coated them in lead to prevent them from expanding and cracking the stone. (https://www.archaeology.org/issues/193-1511/features/3771-athens-acropolis-parthenon-restoration)","one-page"
"fact.architecture.wonders_balanos_iron","source.smithsonianmag_parthenon_mysteries","unverified","From 1898, Nikolaos Balanos restored the Parthenon with iron clamps but no lead coating; rain swelled the iron and cracked the marble.","https://www.smithsonianmag.com/history/unlocking-mysteries-of-the-parthenon-16621015/","L16 card.architecture.016.c4","L16 question.architecture.016.q2","","","","","","corroborated","Archaeology magazine: Balanos's poor-quality iron clamps rusted, corroded and expanded, cracking the marble; Smithsonian gives 1898 and the missing lead coating. (https://www.archaeology.org/issues/193-1511/features/3771-athens-acropolis-parthenon-restoration https://www.smithsonianmag.com/history/unlocking-mysteries-of-the-parthenon-16621015/)",""
"fact.architecture.wonders_balanos_iron","source.archaeologymag_acropolis_2015","unverified","From 1898, Nikolaos Balanos restored the Parthenon with iron clamps but no lead coating; rain swelled the iron and cracked the marble.","https://www.archaeology.org/issues/193-1511/features/3771-athens-acropolis-parthenon-restoration","L16 card.architecture.016.c4","L16 question.architecture.016.q2","","","","","","corroborated","Archaeology magazine: Balanos's poor-quality iron clamps rusted, corroded and expanded, cracking the marble; Smithsonian gives 1898 and the missing lead coating. (https://www.archaeology.org/issues/193-1511/features/3771-athens-acropolis-parthenon-restoration https://www.smithsonianmag.com/history/unlocking-mysteries-of-the-parthenon-16621015/)",""
"fact.architecture.wonders_titanium_clamps","source.smithsonianmag_parthenon_mysteries","unverified","Today's Acropolis restorers replace the old iron clamps with titanium, which won't corrode and crack the marble.","https://www.smithsonianmag.com/history/unlocking-mysteries-of-the-parthenon-16621015/","L16 card.architecture.016.c4","L16 question.architecture.016.q2","","","","","","corroborated","Archaeology magazine: wherever found, Balanos's clamps are removed and replaced with noncorrosive titanium. (https://www.archaeology.org/issues/193-1511/features/3771-athens-acropolis-parthenon-restoration)","one-page"
"fact.architecture.wonders_titanium_clamps","source.archaeologymag_acropolis_2015","unverified","Today's Acropolis restorers replace the old iron clamps with titanium, which won't corrode and crack the marble.","https://www.archaeology.org/issues/193-1511/features/3771-athens-acropolis-parthenon-restoration","L16 card.architecture.016.c4","L16 question.architecture.016.q2","","","","","","corroborated","Archaeology magazine: wherever found, Balanos's clamps are removed and replaced with noncorrosive titanium. (https://www.archaeology.org/issues/193-1511/features/3771-athens-acropolis-parthenon-restoration)","one-page"
"fact.architecture.wonders_colosseum_size","source.brit_colosseum","unverified","The Colosseum is a freestanding oval about 189 by 156 m that could hold as many as 50,000 spectators.","https://www.britannica.com/topic/Colosseum","L17 card.architecture.017.c1; L17 card.architecture.017.c2","L17 question.architecture.017.q3","","","","","","corroborated","World History Encyclopedia gives 189 x 156 m; the Rome tree (L56) gives about 50,000 spectators. (https://www.worldhistory.org/colosseum/)","one-page"
"fact.architecture.wonders_colosseum_materials","source.brit_colosseum","unverified","The Colosseum has a framework of travertine, with walls of tufa and concrete, and uses a complex system of barrel and groin vaults.","https://www.britannica.com/topic/Colosseum","L17 card.architecture.017.c2","L17 question.architecture.017.q3","","","","","","corroborated","World History Encyclopedia: built from locally quarried limestone (travertine) with linking walls of brick, concrete and tufa, and vaults of lighter stone. (https://www.worldhistory.org/colosseum/)","one-page"
"fact.architecture.wonders_colosseum_arcades","source.brit_colosseum","unverified","Three stories of the Colosseum are encircled by arcades framed by engaged columns in the Doric, Ionic and Corinthian orders.","https://www.britannica.com/topic/Colosseum","L17 card.architecture.017.c2; L20 card.architecture.020.c3","L17 question.architecture.017.q3","","","","","","corroborated","World History Encyclopedia: Doric columns on the first level, Ionic on the second, Corinthian on the third. (https://www.worldhistory.org/colosseum/)","one-page"
"fact.architecture.wonders_colosseum_arcades","source.whe_colosseum","unverified","Three stories of the Colosseum are encircled by arcades framed by engaged columns in the Doric, Ionic and Corinthian orders.","https://www.worldhistory.org/colosseum/","L17 card.architecture.017.c2; L20 card.architecture.020.c3","L17 question.architecture.017.q3","","","","","","corroborated","World History Encyclopedia: Doric columns on the first level, Ionic on the second, Corinthian on the third. (https://www.worldhistory.org/colosseum/)","one-page"
"fact.architecture.wonders_colosseum_entrances","source.whe_colosseum","unverified","The Colosseum had no fewer than 80 entrances; 76 were numbered, and tickets were sold for each.","https://www.worldhistory.org/colosseum/","L17 card.architecture.017.c3","L17 question.architecture.017.q1; L20 question.architecture.020.q5","","","","","","corroborated","The Colosseum.net and other guides: 80 ground-level arches, 76 numbered for spectators and 4 reserved, with numbers matching spectators' tickets. (https://the-colosseum.net/wp/en/description/)","one-page"
"fact.architecture.wonders_colosseum_zones","source.whe_colosseum","unverified","The Colosseum's seats were divided into zones by class, with wooden seats and standing room on the top tier for women and the poor.","https://www.worldhistory.org/colosseum/","L17 card.architecture.017.c3","L17 question.architecture.017.q1; L20 question.architecture.020.q5","","","","","","corroborated","The Colosseum.net: the seating was divided hierarchically into zones (podium, gradatio, porticus) that kept the classes separate. (https://the-colosseum.net/wp/en/description/)","one-page"
"fact.architecture.wonders_vomitorium","source.mw_vomitory","unverified","A vomitorium is an entrance passage piercing the banks of seats of a theater, amphitheater or stadium; the name comes from Latin vomere, 'to vomit', for the way it disgorged the spectators.","https://www.merriam-webster.com/dictionary/vomitory","L17 card.architecture.017.c4","L17 question.architecture.017.q2","","","","","","corroborated","History Cooperative and Wiktionary: the vomitorium was a passage that spewed crowds out, not a room for vomiting; from Latin vomo, to spew forth. (https://historycooperative.org/vomitorium/ https://en.wiktionary.org/wiki/vomitorium)",""
"fact.architecture.wonders_nimes_gradient","source.pontdugard_monument","unverified","The Roman aqueduct serving Nîmes ran about 50 km, and its average gradient is estimated at only about 25 to 34 cm per kilometer (sources differ).","https://pontdugard.fr/en/discover/monument","L18 card.architecture.018.c1","L18 question.architecture.018.q1","","","","","","corroborated","The official Pont du Gard site gives 50 km and 25 cm/km; World History Encyclopedia gives nearly 50 km and 34 cm/km (17 m total drop). Both figures are stated as a range. (http://www.historyofbridges.com/famous-bridges/pont-du-gard/)","one-page"
"fact.architecture.wonders_nimes_gradient","source.whe_pont_du_gard","unverified","The Roman aqueduct serving Nîmes ran about 50 km, and its average gradient is estimated at only about 25 to 34 cm per kilometer (sources differ).","https://www.worldhistory.org/image/125/the-roman-aqueduct-of-pont-du-gard/","L18 card.architecture.018.c1","L18 question.architecture.018.q1","","","","","","corroborated","The official Pont du Gard site gives 50 km and 25 cm/km; World History Encyclopedia gives nearly 50 km and 34 cm/km (17 m total drop). Both figures are stated as a range. (http://www.historyofbridges.com/famous-bridges/pont-du-gard/)","one-page"
"fact.architecture.wonders_aqueduct_gravity","source.brit_aqueduct","unverified","Roman aqueducts moved water by gravity alone, so they had to maintain their gradients over varied terrain.","https://www.britannica.com/technology/aqueduct-engineering","L18 card.architecture.018.c1; L18 card.architecture.018.c2","L18 question.architecture.018.q1","","","","","","corroborated","The Rome tree (L72) states aqueducts carried water by gravity along a gentle, steady downhill slope. (https://www.britannica.com/technology/aqueduct-engineering)","one-page"
"fact.architecture.wonders_rome_arches_share","source.brit_aqueduct","unverified","Of about 420 km of aqueducts serving Rome, only about 50 km crossed valleys on stone arches; the rest were underground conduits.","https://www.britannica.com/technology/aqueduct-engineering","L18 card.architecture.018.c2","","","","","","","corroborated","Other summaries give roughly 48 km of arches out of a total of about 420 to 500 km, the rest underground; the Rome tree (L72) agrees most of the length ran underground or at ground level. (https://www.earthdate.org/episodes/roman-aqueducts https://historycrunch.com/roman-aqueducts/)",""
"fact.architecture.wonders_pont_du_gard","source.brit_pont_du_gard","unverified","The Pont du Gard carried the Nîmes aqueduct across the Gard River on three tiers of arches, with the water channel on top, and was built without mortar.","https://www.britannica.com/topic/Pont-du-Gard","L18 card.architecture.018.c4","L18 question.architecture.018.q3","","","","","","corroborated","The official Pont du Gard site describes three levels of arches (6, 11 and originally 47) carrying the aqueduct; historyofbridges.com notes the stones were laid without mortar. (https://pontdugard.fr/en/discover/monument http://www.historyofbridges.com/famous-bridges/pont-du-gard/)",""
"fact.architecture.wonders_pont_du_gard","source.pontdugard_monument","unverified","The Pont du Gard carried the Nîmes aqueduct across the Gard River on three tiers of arches, with the water channel on top, and was built without mortar.","https://pontdugard.fr/en/discover/monument","L18 card.architecture.018.c4","L18 question.architecture.018.q3","","","","","","corroborated","The official Pont du Gard site describes three levels of arches (6, 11 and originally 47) carrying the aqueduct; historyofbridges.com notes the stones were laid without mortar. (https://pontdugard.fr/en/discover/monument http://www.historyofbridges.com/famous-bridges/pont-du-gard/)",""
"fact.architecture.wonders_chorobates","source.lacuscurtius_vitruvius_book8","unverified","Vitruvius described the chorobates, a leveling instrument: a straightedge about twenty feet long on two legs, with plumb lines that show it stands level when they match marked lines.","https://penelope.uchicago.edu/Thayer/E/Roman/Texts/Vitruvius/8*.html","L18 card.architecture.018.c3","L18 question.architecture.018.q2","","","","","","corroborated","ETHW describes the chorobates as an elongated wooden leveling platform used by Roman aqueduct surveyors; other accounts give its length as about 6 m (20 feet) with plumb lines. (https://ethw.org/Roman_Aqueducts https://lexundria.com/vitr/8.5/mg)",""
"fact.architecture.wonders_chorobates_groove","source.lacuscurtius_vitruvius_book8","unverified","If wind disturbed the chorobates' plumb lines, water poured into a groove along its top showed the level instead.","https://penelope.uchicago.edu/Thayer/E/Roman/Texts/Vitruvius/8*.html","L18 card.architecture.018.c3","L18 question.architecture.018.q2","","","","","","corroborated","ETHW: the chorobates was sometimes fitted with a water-filled longitudinal groove. (https://ethw.org/Roman_Aqueducts)","one-page"
"fact.architecture.wonders_pantheon_dimensions","source.brit_pantheon","unverified","The Pantheon's dome is about 43 m in diameter.","https://www.britannica.com/topic/Pantheon-building-Rome-Italy","L19 card.architecture.019.c1","","","","","","","corroborated","The Rome tree (L74) and Art History tree (L17) both give about 43 m. (https://www.britannica.com/topic/Pantheon-building-Rome-Italy)","one-page"
"fact.architecture.wonders_pantheon_graded","source.brit_pantheon","unverified","The Pantheon's materials are graded by height, from heavy basalt in the foundations, through brick and tufa, to the lightest pumice toward the center of the vault.","https://www.britannica.com/topic/Pantheon-building-Rome-Italy","L19 card.architecture.019.c2","L19 question.architecture.019.q1","","","","","","corroborated","engineeringrome.org: bricks and tufa near the base, porous slag, pumice and light tufa higher, getting lighter toward the oculus; the Rome tree (L74) says lighter stone was mixed in higher up. (https://engineeringrome.org/studying-domes-engineering-of-the-roman-pantheon-and-brunelleschis-duomo/)","one-page"
"fact.architecture.wonders_pantheon_walls","source.brit_pantheon","unverified","The Pantheon's walls are 6 m thick, and its drum is strengthened by huge brick arches and piers set one above another inside the walls.","https://www.britannica.com/topic/Pantheon-building-Rome-Italy","L19 card.architecture.019.c2","L19 question.architecture.019.q1","","","","","","corroborated","ArcheoRoma and other descriptions: a series of brick relieving arches is built into the mass of the rotunda wall, channeling weight to the piers. (https://www.archeoroma.org/sites/pantheon/)","one-page"
"fact.architecture.wonders_pantheon_crack_pattern","source.artbulletin_pantheon_structure","unverified","The Pantheon's dome has cracks running top to rim through its lower half; they stop short of the oculus, the round opening at the top. Robert Mark and Paul Hutchinson analyzed this in 1986.","https://www.tandfonline.com/doi/abs/10.1080/00043079.1986.10788309","L19 card.architecture.019.c1; L19 card.architecture.019.c3","L19 question.architecture.019.q3","","","","","","corroborated","Brewminate's summary of Pantheon structure: cracking occurs in the lower half, in the meridional direction, and does not reach the oculus; search summaries of Mark and Hutchinson agree. (https://brewminate.com/construction-and-behavior-of-the-pantheon/)","one-page unopened-source"
"fact.architecture.wonders_pantheon_ring_of_arches","source.artbulletin_pantheon_structure","unverified","In Mark and Hutchinson's analysis, the Pantheon's cracked lower dome acts as a series of arches sharing the uncracked upper dome, around the oculus, as a common keystone.","https://www.tandfonline.com/doi/abs/10.1080/00043079.1986.10788309","L19 card.architecture.019.c4; L20 card.architecture.020.c3","L19 question.architecture.019.q2","","","","","","corroborated","Brewminate: 'the cracks create sections that act as a series of arches that share the uncracked oculus as a common keystone.' (https://brewminate.com/construction-and-behavior-of-the-pantheon/)","one-page unopened-source"
"fact.architecture.wonders_trabeated_def","source.mw_trabeated","unverified","Trabeated means designed or constructed with horizontal beams or lintels.","https://www.merriam-webster.com/dictionary/trabeated","L20 card.architecture.020.c2","L20 question.architecture.020.q1; L20 question.architecture.020.q2","","","","","","corroborated","The Buffalo Architecture and History dictionary: a trabeated system uses horizontal beams or lintels borne up by columns or posts. (https://buffaloah.com/a/DCTNRY/t/trabeated.html)","one-page"
"fact.architecture.wonders_arcuated_def","source.mw_arcuated","unverified","In architecture, arcuated means having arches.","https://www.merriam-webster.com/dictionary/arcuated","L20 card.architecture.020.c2","L20 question.architecture.020.q1; L20 question.architecture.020.q2","","","","","","corroborated","Architecture glossaries describe arcuated construction as using arches and vaults, in contrast to trabeated post-and-beam construction. (https://aclassicsteacher.wordpress.com/2016/03/06/arcuate-and-trabeate/)","one-page weak-pages"
"fact.architecture.hagia_sophia_built","source.brit_hagia_sophia","unverified","Hagia Sophia was built for Justinian between 532 and 537 by Anthemius of Tralles, an architect and mathematician, and Isidorus of Miletus, a professor of physics.","https://www.britannica.com/topic/Hagia-Sophia","L21 card.architecture.021.c1; L21 card.architecture.021.c2","L21 question.architecture.021.q1; L22 question.architecture.022.q3; L30 question.architecture.030.q4","","","","","","corroborated","Hagia Sophia was built 532-537 under Justinian; Anthemius of Tralles and Isidore of Miletus are named as its designers, both mathematicians and scientists. (https://en.wikipedia.org/wiki/Isidore_of_Miletus https://www.historytoday.com/archive/months-past/sancta-sophia-collapses)",""
"fact.architecture.hagia_sophia_built","source.asce_hagia_sophia","unverified","Hagia Sophia was built for Justinian between 532 and 537 by Anthemius of Tralles, an architect and mathematician, and Isidorus of Miletus, a professor of physics.","https://www.asce.org/publications-and-news/civil-engineering-source/civil-engineering-magazine/issues/magazine-issue/article/2022/01/tent-of-the-heavens","L21 card.architecture.021.c1; L21 card.architecture.021.c2","L21 question.architecture.021.q1; L22 question.architecture.022.q3; L30 question.architecture.030.q4","","","","","","corroborated","Hagia Sophia was built 532-537 under Justinian; Anthemius of Tralles and Isidore of Miletus are named as its designers, both mathematicians and scientists. (https://en.wikipedia.org/wiki/Isidore_of_Miletus https://www.historytoday.com/archive/months-past/sancta-sophia-collapses)",""
"fact.architecture.hagia_sophia_pendentive_defined","source.brit_pendentive","unverified","A pendentive is a curved triangle of masonry filling an upper corner of a square room so that the tops form a circular support for a dome; Hagia Sophia is an early, large example.","https://www.britannica.com/technology/pendentive","L21 card.architecture.021.c2; L30 card.architecture.030.c3","L21 question.architecture.021.q1; L22 question.architecture.022.q3; L30 question.architecture.030.q4","","","","","","corroborated","Britannica's dome article: at Hagia Sophia the transition from a cubic base to the dome was achieved by four pendentives, curved triangular masses of masonry. (https://www.britannica.com/technology/dome-architecture)","one-page"
"fact.architecture.hagia_sophia_four_piers","source.asce_hagia_sophia","unverified","At Hagia Sophia, two pairs of arches meet on pendentives that carry the dome's load down through four massive piers.","https://www.asce.org/publications-and-news/civil-engineering-source/civil-engineering-magazine/issues/magazine-issue/article/2022/01/tent-of-the-heavens","L21 card.architecture.021.c2","L21 question.architecture.021.q1; L22 question.architecture.022.q3; L30 question.architecture.030.q4","","","","","","corroborated","Hagia Sophia's round dome sits over a square space on pendentives that carry its weight onto four great piers. (https://hagiasophiaturkey.com/dome-of-hagia-sophia/)","one-page"
"fact.architecture.hagia_sophia_forty_windows","source.asce_hagia_sophia","unverified","Forty windows ring the base of Hagia Sophia's dome, making it seem almost suspended above the space.","https://www.asce.org/publications-and-news/civil-engineering-source/civil-engineering-magazine/issues/magazine-issue/article/2022/01/tent-of-the-heavens","L21 card.architecture.021.c3","L21 question.architecture.021.q3","","","","","","corroborated","A ring of about forty windows around the base of the dome gives the illusion that it floats. (https://hagiasophiaturkey.com/dome-of-hagia-sophia/ https://study.com/learn/lesson/hagia-sophia-dome-characteristics-design.html)",""
"fact.architecture.hagia_sophia_half_domes","source.asce_hagia_sophia","unverified","At Hagia Sophia, two giant half domes on the east and west join the arches under the main dome and extend the covered space lengthwise.","https://www.asce.org/publications-and-news/civil-engineering-source/civil-engineering-magazine/issues/magazine-issue/article/2022/01/tent-of-the-heavens","L21 card.architecture.021.c3","L21 question.architecture.021.q3","","","","","","corroborated","Britannica: the main dome is supported on pendentives and two semidomes, one on either side of the longitudinal axis. (https://www.britannica.com/topic/Hagia-Sophia/Architecture)","one-page"
"fact.architecture.hagia_sophia_half_domes","source.brit_hagia_sophia","unverified","At Hagia Sophia, two giant half domes on the east and west join the arches under the main dome and extend the covered space lengthwise.","https://www.britannica.com/topic/Hagia-Sophia","L21 card.architecture.021.c3","L21 question.architecture.021.q3","","","","","","corroborated","Britannica: the main dome is supported on pendentives and two semidomes, one on either side of the longitudinal axis. (https://www.britannica.com/topic/Hagia-Sophia/Architecture)","one-page"
"fact.architecture.hagia_sophia_half_dome_buttress","source.mit_masonry_dome_equilibrium","unverified","A half dome is often used as a buttress at the base of a larger dome, as at Hagia Sophia.","https://web.mit.edu/masonry/papers/wwLau_SMBT_2006.pdf","L21 card.architecture.021.c3","L21 question.architecture.021.q3","","","","","","corroborated","Heyman and others describe Hagia Sophia's semidomes as buttressing the main dome against its outward thrust. (https://www.asce.org/publications-and-news/civil-engineering-source/civil-engineering-magazine/issues/magazine-issue/article/2022/01/tent-of-the-heavens)","one-page"
"fact.architecture.hagia_sophia_collapse_558","source.brit_hagia_sophia","unverified","After an earthquake, part of Hagia Sophia's first dome collapsed in 558; ASCE's account blames its shallow shape, which loaded the walls instead of the piers.","https://www.britannica.com/topic/Hagia-Sophia","L21 card.architecture.021.c1; L21 card.architecture.021.c4","L21 question.architecture.021.q2","","","","","","corroborated","Earthquakes in 553 and 557 damaged the church, and on 7 May 558 the dome collapsed. (https://www.historytoday.com/archive/months-past/sancta-sophia-collapses https://en.wikipedia.org/wiki/557_Constantinople_earthquake)",""
"fact.architecture.hagia_sophia_collapse_558","source.asce_hagia_sophia","unverified","After an earthquake, part of Hagia Sophia's first dome collapsed in 558; ASCE's account blames its shallow shape, which loaded the walls instead of the piers.","https://www.asce.org/publications-and-news/civil-engineering-source/civil-engineering-magazine/issues/magazine-issue/article/2022/01/tent-of-the-heavens","L21 card.architecture.021.c1; L21 card.architecture.021.c4","L21 question.architecture.021.q2","","","","","","corroborated","Earthquakes in 553 and 557 damaged the church, and on 7 May 558 the dome collapsed. (https://www.historytoday.com/archive/months-past/sancta-sophia-collapses https://en.wikipedia.org/wiki/557_Constantinople_earthquake)",""
"fact.architecture.hagia_sophia_raised_crown","source.asce_hagia_sophia","unverified","Isidorus the Younger rebuilt Hagia Sophia's dome by 562, raising its crown about 6 meters (20.5 ft) to reduce its sideways thrust, and adding 40 ribs.","https://www.asce.org/publications-and-news/civil-engineering-source/civil-engineering-magazine/issues/magazine-issue/article/2022/01/tent-of-the-heavens","L21 card.architecture.021.c4","L21 question.architecture.021.q2","","","","","","corroborated","Agathias records the rebuilt dome as about 6 m (20 ft) taller; the restoration was completed in 562. (https://en.wikipedia.org/wiki/Isidore_the_Younger)","one-page weak-pages"
"fact.architecture.hagia_sophia_raised_crown","source.brit_hagia_sophia","unverified","Isidorus the Younger rebuilt Hagia Sophia's dome by 562, raising its crown about 6 meters (20.5 ft) to reduce its sideways thrust, and adding 40 ribs.","https://www.britannica.com/topic/Hagia-Sophia","L21 card.architecture.021.c4","L21 question.architecture.021.q2","","","","","","corroborated","Agathias records the rebuilt dome as about 6 m (20 ft) taller; the restoration was completed in 562. (https://en.wikipedia.org/wiki/Isidore_the_Younger)","one-page weak-pages"
"fact.architecture.mosque_mihrab_qibla","source.brit_mosque","unverified","In a mosque, the mihrab, a niche for the imam who leads the prayer, points to the qibla, the direction of Mecca that Muslims face in prayer.","https://www.britannica.com/topic/mosque","L22 card.architecture.022.c1; L22 card.architecture.022.c2; L30 card.architecture.030.c2","L22 question.architecture.022.q1; L30 question.architecture.030.q2","","","","","","corroborated","The mihrab is a niche in the mosque wall indicating the qibla, the direction of the Kaaba in Mecca that Muslims face when praying. (https://en.wikipedia.org/wiki/Mihrab https://www.metmuseum.org/learn/educators/curriculum-resources/art-of-the-islamic-world/unit-one/the-mosque)",""
"fact.architecture.mosque_mihrab_qibla","source.brit_orientation","unverified","In a mosque, the mihrab, a niche for the imam who leads the prayer, points to the qibla, the direction of Mecca that Muslims face in prayer.","https://www.britannica.com/topic/orientation-architecture","L22 card.architecture.022.c1; L22 card.architecture.022.c2; L30 card.architecture.030.c2","L22 question.architecture.022.q1; L30 question.architecture.030.q2","","","","","","corroborated","The mihrab is a niche in the mosque wall indicating the qibla, the direction of the Kaaba in Mecca that Muslims face when praying. (https://en.wikipedia.org/wiki/Mihrab https://www.metmuseum.org/learn/educators/curriculum-resources/art-of-the-islamic-world/unit-one/the-mosque)",""
"fact.architecture.mosque_minbar_minaret","source.brit_mosque","unverified","A mosque's minbar is a pulpit of steps for the preacher; from the minaret, the muezzin gives the call to prayer five times each day.","https://www.britannica.com/topic/mosque","L22 card.architecture.022.c2","L22 question.architecture.022.q1; L30 question.architecture.030.q2","","","","","","corroborated","A minaret is a tower from which the call to prayer, given five times a day, is proclaimed by the muezzin. (https://en.wikipedia.org/wiki/Minaret https://en.wikipedia.org/wiki/Muezzin)","weak-pages"
"fact.architecture.mosque_cordoba_founded","source.brit_mosque_cathedral_cordoba","unverified","The Great Mosque of Córdoba was built by the Umayyad ruler Abd al-Rahman I in 784-786; extensions in the 9th and 10th centuries doubled its size.","https://www.britannica.com/topic/Mosque-Cathedral-of-Cordoba","L22 card.architecture.022.c3","L22 question.architecture.022.q2","","","","","","corroborated","The original structure dates from 784-786 under Abd al-Rahman I, with major expansions under Abd al-Rahman II, al-Hakam II and al-Mansur. (https://en.wikipedia.org/wiki/Mosque%E2%80%93Cathedral_of_C%C3%B3rdoba https://www.artencordoba.com/en/mosque-cordoba/first-extension-abd-al-rahman-ii/)",""
"fact.architecture.mosque_cordoba_850_columns","source.brit_mosque_cathedral_cordoba","unverified","Some 850 pillars carry the roof of Córdoba's former mosque, in rows supporting two tiers of arches.","https://www.britannica.com/topic/Mosque-Cathedral-of-Cordoba","L22 card.architecture.022.c3","L22 question.architecture.022.q2","","","","","","corroborated","The hall is a forest of more than 800 columns carrying double-tiered arches. (https://en.wikipedia.org/wiki/Mosque%E2%80%93Cathedral_of_C%C3%B3rdoba)","one-page weak-pages"
"fact.architecture.mosque_cordoba_qibla_moved","source.mezquita_abd_al_rahman_ii","unverified","When Córdoba's population grew, Abd al-Rahman II extended the prayer hall southward, demolishing the original qibla wall and building a new one.","https://mezquita-catedraldecordoba.es/en/descubre-el-monumento/el-edificio/ampliacion-de-abderraman-ii/","L22 card.architecture.022.c3","L22 question.architecture.022.q2","","","","","","corroborated","Abd al-Rahman II's extension (from 833) added bays to the south, requiring a new qibla wall. (https://www.artencordoba.com/en/mosque-cordoba/first-extension-abd-al-rahman-ii/)","one-page"
"fact.architecture.mosque_sinan_chief_architect","source.brit_sinan","unverified","Sinan worked as chief architect of the Ottoman Empire for about the last 40 years of his life.","https://www.britannica.com/biography/Sinan","L22 card.architecture.022.c4","L22 question.architecture.022.q3","","","","","","corroborated","Mimar Sinan served as chief Ottoman architect for nearly five decades under several sultans. (https://en.wikipedia.org/wiki/Mimar_Sinan)","one-page weak-pages"
"fact.architecture.mosque_suleymaniye_hagia","source.brit_sinan","unverified","Sinan built the Süleymaniye Mosque in Istanbul for Sultan Süleyman in 1550-1557, basing it on the design of Hagia Sophia.","https://www.britannica.com/biography/Sinan","L22 card.architecture.022.c4","L22 question.architecture.022.q3","","","","","","corroborated","The Süleymaniye was founded in 1550 and inaugurated in 1557; Süleyman sought to rival Hagia Sophia. (https://en.wikipedia.org/wiki/S%C3%BCleymaniye_Mosque https://islamicart.museumwnf.org/database_item.php?id=monument%3BISL%3Btr%3BMon01%3B25%3Ben)",""
"fact.architecture.mosque_sinan_central_dome","source.brit_sinan","unverified","In Sinan's mosques the huge central dome became the focal point around which the rest of the design was developed, with smaller domes and buttresses leading up to it.","https://www.britannica.com/biography/Sinan","L22 card.architecture.022.c4","L22 question.architecture.022.q3","","","","","","corroborated","Sinan's mosques build up through semidomes and smaller domes to a dominant central dome. (https://en.wikipedia.org/wiki/S%C3%BCleymaniye_Mosque)","one-page weak-pages"
"fact.architecture.romanesque_features","source.brit_romanesque_architecture","unverified","Romanesque churches used semicircular arches, barrel or groin vaults, and massive piers and walls with few windows to contain the outward thrust of the vaults.","https://www.britannica.com/art/Romanesque-architecture","L23 card.architecture.023.c1; L23 card.architecture.023.c2","L23 question.architecture.023.q3","","","","","","corroborated","Romanesque architecture is characterized by round arches, barrel and groin vaults, and thick walls with small windows. (https://en.wikipedia.org/wiki/Romanesque_architecture)","one-page weak-pages"
"fact.architecture.romanesque_barrel_vault_defined","source.brit_vault","unverified","A barrel vault is in effect a continuous series of arches; it thrusts like an arch and must be buttressed along its entire length by heavy walls with limited openings.","https://www.britannica.com/technology/vault-architecture","L23 card.architecture.023.c2","L23 question.architecture.023.q3","","","","","","corroborated","A barrel vault exerts a continuous lateral thrust along its length and needs thick walls to resist it. (https://en.wikipedia.org/wiki/Barrel_vault)","one-page weak-pages"
"fact.architecture.romanesque_groin_vault_defined","source.brit_vault","unverified","Two barrel vaults crossing at right angles form a groin vault; in a row, groin vaults can cover long rectangular spaces, and their thrust gathers at the four corners, so only those points need buttressing.","https://www.britannica.com/technology/vault-architecture","L23 card.architecture.023.c3","L23 question.architecture.023.q2","","","","","","corroborated","A groin vault is formed by two barrel vaults intersecting at right angles; its loads are concentrated along the groins at the corners. (https://en.wikipedia.org/wiki/Groin_vault)","one-page weak-pages"
"fact.architecture.durham_begun_1093","source.brit_durham_cathedral","unverified","Durham Cathedral in England, begun in 1093, is an outstanding example of Romanesque architecture.","https://www.britannica.com/topic/Durham-Cathedral","L23 card.architecture.023.c4","L23 question.architecture.023.q1","","","","","","corroborated","Durham Cathedral was built between 1093 and 1133 and is a UNESCO-listed masterpiece of Norman Romanesque architecture. (https://en.wikipedia.org/wiki/Durham_Cathedral)","one-page weak-pages"
"fact.architecture.durham_rib_vault","source.durham_whs_architecture","unverified","Durham Cathedral is the earliest known example of stone ribs forming pointed arches to support a vault; the ribs let the filling be thinner and lighter, and the vault has stood for 900 years.","https://www.durhamworldheritagesite.com/learn/architecture/cathedral/architectural-importance","L23 card.architecture.023.c4; L24 card.architecture.024.c2","L23 question.architecture.023.q1","","","","","","corroborated","Durham's nave has the earliest surviving pointed rib vault, an experimental model for later Gothic building. (https://en.wikipedia.org/wiki/Durham_Cathedral https://en.wikipedia.org/wiki/Rib_vault)","weak-pages"
"fact.architecture.gothic_saint_denis","source.brit_gothic_architecture","unverified","The abbey church of Saint-Denis, rebuilt about 1135 to 1144, was one of the earliest buildings to combine the rib vault, flying buttress and pointed arch into a coherent Gothic style.","https://www.britannica.com/art/Gothic-architecture","L24 card.architecture.024.c1","","","","","","","corroborated","Saint-Denis, rebuilt under Abbot Suger with its choir dedicated in 1144, is traditionally called the first Gothic building. (https://en.wikipedia.org/wiki/Basilica_of_Saint-Denis)","one-page weak-pages"
"fact.architecture.gothic_saint_denis","source.brit_early_gothic_architecture","unverified","The abbey church of Saint-Denis, rebuilt about 1135 to 1144, was one of the earliest buildings to combine the rib vault, flying buttress and pointed arch into a coherent Gothic style.","https://www.britannica.com/art/Western-architecture/Early-Gothic","L24 card.architecture.024.c1","","","","","","","corroborated","Saint-Denis, rebuilt under Abbot Suger with its choir dedicated in 1144, is traditionally called the first Gothic building. (https://en.wikipedia.org/wiki/Basilica_of_Saint-Denis)","one-page weak-pages"
"fact.architecture.gothic_pointed_arch_spans","source.durham_whs_architecture","unverified","Pointed arches escape the rigid geometry of semicircular arches, whose height is set by their width: arches of different spans can rise to the same height.","https://www.durhamworldheritagesite.com/learn/architecture/cathedral/architectural-importance","L24 card.architecture.024.c2; L30 card.architecture.030.c3","L24 question.architecture.024.q2","","","","","","corroborated","Pointed arches can be raised as high over a short span as over a long one, unlike round arches, so ribs of rectangular bays meet at one height. (https://en.wikipedia.org/wiki/Pointed_arch https://en.wikipedia.org/wiki/Rib_vault)","weak-pages"
"fact.architecture.gothic_pointed_arch_spans","source.brit_vault","unverified","Pointed arches escape the rigid geometry of semicircular arches, whose height is set by their width: arches of different spans can rise to the same height.","https://www.britannica.com/technology/vault-architecture","L24 card.architecture.024.c2; L30 card.architecture.030.c3","L24 question.architecture.024.q2","","","","","","corroborated","Pointed arches can be raised as high over a short span as over a long one, unlike round arches, so ribs of rectangular bays meet at one height. (https://en.wikipedia.org/wiki/Pointed_arch https://en.wikipedia.org/wiki/Rib_vault)","weak-pages"
"fact.architecture.gothic_complex_plans","source.brit_early_gothic_architecture","unverified","Skilled use of the pointed arch and the ribbed vault let Gothic builders cover far more elaborate and complicated ground plans than before.","https://www.britannica.com/art/Western-architecture/Early-Gothic","L24 card.architecture.024.c2","L24 question.architecture.024.q2","","","","","","corroborated","Pointed rib vaults could cover rectangular and irregular bays that round-arched vaults could not. (https://en.wikipedia.org/wiki/Rib_vault)","one-page weak-pages"
"fact.architecture.gothic_flying_buttress_defined","source.brit_flying_buttress","unverified","A flying buttress is a half arch that carries the thrust of a roof or vault from the upper part of a wall across an aisle to an outer pier.","https://www.britannica.com/technology/flying-buttress","L24 card.architecture.024.c3; L30 card.architecture.030.c3","L24 question.architecture.024.q1; L24 question.architecture.024.q3","","","","","","corroborated","A flying buttress transmits the thrust of a vault or roof from the upper wall to an outer support across an intervening space. (https://en.wikipedia.org/wiki/Flying_buttress)","one-page weak-pages"
"fact.architecture.gothic_flying_buttress_defined","source.brit_early_gothic_architecture","unverified","A flying buttress is a half arch that carries the thrust of a roof or vault from the upper part of a wall across an aisle to an outer pier.","https://www.britannica.com/art/Western-architecture/Early-Gothic","L24 card.architecture.024.c3; L30 card.architecture.030.c3","L24 question.architecture.024.q1; L24 question.architecture.024.q3","","","","","","corroborated","A flying buttress transmits the thrust of a vault or roof from the upper wall to an outer support across an intervening space. (https://en.wikipedia.org/wiki/Flying_buttress)","one-page weak-pages"
"fact.architecture.gothic_pinnacle_weight","source.brit_flying_buttress","unverified","A pinnacle often tops the pier of a flying buttress, adding weight and stability; the flying buttress evolved from simpler hidden supports and made high-ceilinged Gothic churches possible.","https://www.britannica.com/technology/flying-buttress","L24 card.architecture.024.c4","","","","","","","corroborated","Pinnacles add vertical load to buttress piers, helping them resist the lateral thrust of the vault. (https://en.wikipedia.org/wiki/Flying_buttress https://en.wikipedia.org/wiki/Pinnacle)","weak-pages"
"fact.architecture.gothic_larger_windows","source.brit_early_gothic_architecture","unverified","Gothic builders used the pointed arch, rib vault and flying buttress to build taller and to open up the wall between supports for larger windows.","https://www.britannica.com/art/Western-architecture/Early-Gothic","L25 card.architecture.025.c1; L25 card.architecture.025.c2","L25 question.architecture.025.q3","","","","","","corroborated","Flying buttresses and rib vaults made thinner walls and larger windows possible in Gothic churches. (https://en.wikipedia.org/wiki/Tracery https://en.wikipedia.org/wiki/Gothic_architecture)","weak-pages"
"fact.architecture.gothic_larger_windows","source.brit_gothic_architecture","unverified","Gothic builders used the pointed arch, rib vault and flying buttress to build taller and to open up the wall between supports for larger windows.","https://www.britannica.com/art/Gothic-architecture","L25 card.architecture.025.c1; L25 card.architecture.025.c2","L25 question.architecture.025.q3","","","","","","corroborated","Flying buttresses and rib vaults made thinner walls and larger windows possible in Gothic churches. (https://en.wikipedia.org/wiki/Tracery https://en.wikipedia.org/wiki/Gothic_architecture)","weak-pages"
"fact.architecture.gothic_chartres_clerestory","source.brit_early_gothic_architecture","unverified","At Chartres Cathedral, mainly built after 1194, the architect dropped the gallery level and used specially designed flying buttresses to enlarge the clerestory; great churches after it were dominated by glass set high up.","https://www.britannica.com/art/Western-architecture/Early-Gothic","L25 card.architecture.025.c2","L25 question.architecture.025.q3","","","","","","corroborated","Chartres, rebuilt after the 1194 fire, eliminated the gallery and used flying buttresses to allow a much taller clerestory. (https://en.wikipedia.org/wiki/Chartres_Cathedral https://en.wikipedia.org/wiki/Classic_Gothic)","weak-pages"
"fact.architecture.gothic_clerestory_defined","source.brit_clerestory","unverified","A clerestory is a wall with windows carried higher than the surrounding roofs to light the interior.","https://www.britannica.com/technology/clerestory","L25 card.architecture.025.c2","L25 question.architecture.025.q3","","","","","","corroborated","A clerestory is a high section of wall containing windows above eye level, rising above adjacent roofs. (https://en.wikipedia.org/wiki/Clerestory)","one-page weak-pages"
"fact.architecture.gothic_plate_tracery","source.brit_tracery","unverified","Early Gothic windows used plate tracery, openings cut through a slab of stone, as at 12th-century Chartres.","https://www.britannica.com/technology/tracery","L25 card.architecture.025.c3","L25 question.architecture.025.q2","","","","","","corroborated","Chartres used plate tracery, in which the openings for glass are cut into a stone slab or plate. (https://en.wikipedia.org/wiki/Tracery)","one-page weak-pages"
"fact.architecture.gothic_bar_tracery","source.brit_tracery","unverified","Bar tracery, developed after 1220, divides a window with thin upright stone bars; early examples are at Reims Cathedral, before 1230.","https://www.britannica.com/technology/tracery","L25 card.architecture.025.c3","L25 question.architecture.025.q2","","","","","","corroborated","Bar tracery replaced plate tracery in the early 13th century, first at Reims; its mullions are much thinner than plate tracery. (https://en.wikipedia.org/wiki/Tracery)","one-page weak-pages"
"fact.architecture.gothic_notre_dame_iron","source.plosone_notre_dame_iron","unverified","A 2023 study, made possible by the 2019 fire, dated iron staples in Notre-Dame's galleries to about the 1160s: the first known Gothic cathedral to use iron massively as a building material.","https://journals.plos.org/plosone/article?id=10.1371/journal.pone.0280945","L25 card.architecture.025.c4","L25 question.architecture.025.q1","","","","","","corroborated","CNRS press release: radiocarbon dating shows iron staples were used from the earliest phases of Notre-Dame's construction in the 1160s, a historical first. (https://www.sciencedaily.com/releases/2023/03/230315143833.htm https://www.smithsonianmag.com/smart-news/notre-dame-is-held-together-with-large-iron-staples-180981824/)",""
"fact.architecture.gothic_iron_chains","source.plosone_notre_dame_iron","unverified","By the mid-13th century, Gothic builders embedded iron chain links at the tops of walls, as in the Sainte-Chapelle.","https://journals.plos.org/plosone/article?id=10.1371/journal.pone.0280945","L25 card.architecture.025.c4","L25 question.architecture.025.q1","","","","","","corroborated","The Sainte-Chapelle's glass walls are braced by iron chains and rods embedded in the stonework. (https://www.eurekalert.org/news-releases/982184 https://www.studiomatrx.org/architecture-canon/sainte-chapelle)",""
"fact.architecture.angkor_suryavarman_vishnu","source.brit_angkor_wat","unverified","Angkor Wat was built in the 12th century by the Khmer king Suryavarman II and dedicated to the Hindu god Vishnu.","https://www.britannica.com/topic/Angkor-Wat","L26 card.architecture.026.c2","L26 question.architecture.026.q1; L26 question.architecture.026.q3; L28 question.architecture.028.q3; L30 question.architecture.030.q3","","","","","","corroborated","World History Encyclopedia: built in the 12th century under Suryavarman II as a Hindu temple dedicated to Vishnu. (https://www.worldhistory.org/Angkor_Wat/)","one-page"
"fact.architecture.angkor_suryavarman_vishnu","source.whe_angkor_wat","unverified","Angkor Wat was built in the 12th century by the Khmer king Suryavarman II and dedicated to the Hindu god Vishnu.","https://www.worldhistory.org/Angkor_Wat/","L26 card.architecture.026.c2","L26 question.architecture.026.q1; L26 question.architecture.026.q3; L28 question.architecture.028.q3; L30 question.architecture.030.q3","","","","","","corroborated","World History Encyclopedia: built in the 12th century under Suryavarman II as a Hindu temple dedicated to Vishnu. (https://www.worldhistory.org/Angkor_Wat/)","one-page"
"fact.architecture.angkor_meru_towers","source.brit_angkor_wat","unverified","Angkor Wat's five central towers symbolize the peaks of Mount Meru, the sacred mountain of Hindu cosmology.","https://www.britannica.com/topic/Angkor-Wat","L26 card.architecture.026.c2; L28 card.architecture.028.c3; L30 card.architecture.030.c3","L26 question.architecture.026.q1; L26 question.architecture.026.q3; L28 question.architecture.028.q3; L30 question.architecture.030.q3","","","","","","corroborated","Angkor Wat is designed to represent Mount Meru; its five spires represent Meru's five peaks. (https://www.worldhistory.org/Angkor_Wat/)","one-page"
"fact.architecture.angkor_meru_towers","source.whe_angkor_wat","unverified","Angkor Wat's five central towers symbolize the peaks of Mount Meru, the sacred mountain of Hindu cosmology.","https://www.worldhistory.org/Angkor_Wat/","L26 card.architecture.026.c2; L28 card.architecture.028.c3; L30 card.architecture.030.c3","L26 question.architecture.026.q1; L26 question.architecture.026.q3; L28 question.architecture.028.q3; L30 question.architecture.030.q3","","","","","","corroborated","Angkor Wat is designed to represent Mount Meru; its five spires represent Meru's five peaks. (https://www.worldhistory.org/Angkor_Wat/)","one-page"
"fact.architecture.angkor_moat_oceans","source.brit_angkor_wat","unverified","Angkor Wat's enormous moat, about 200 meters wide, suggests the oceans at the edge of the world.","https://www.britannica.com/topic/Angkor-Wat","L26 card.architecture.026.c2","L26 question.architecture.026.q1; L26 question.architecture.026.q3; L28 question.architecture.028.q3; L30 question.architecture.030.q3","","","","","","corroborated","The moat around Angkor Wat is about 190-200 m wide and represents the cosmic ocean. (https://en.wikipedia.org/wiki/Angkor_Wat)","one-page weak-pages"
"fact.architecture.angkor_moat_oceans","source.whe_angkor_wat","unverified","Angkor Wat's enormous moat, about 200 meters wide, suggests the oceans at the edge of the world.","https://www.worldhistory.org/Angkor_Wat/","L26 card.architecture.026.c2","L26 question.architecture.026.q1; L26 question.architecture.026.q3; L28 question.architecture.028.q3; L30 question.architecture.030.q3","","","","","","corroborated","The moat around Angkor Wat is about 190-200 m wide and represents the cosmic ocean. (https://en.wikipedia.org/wiki/Angkor_Wat)","one-page weak-pages"
"fact.architecture.angkor_flag_largest","source.brit_angkor_wat","unverified","Angkor Wat appears on the Cambodian flag, and Britannica calls it the world's largest religious structure, covering some 400 acres.","https://www.britannica.com/topic/Angkor-Wat","L26 card.architecture.026.c1","","","","","","","corroborated","Guinness World Records and other sources list Angkor Wat as the largest religious monument; it appears on the national flag. (https://en.wikipedia.org/wiki/Angkor_Wat https://en.wikipedia.org/wiki/Flag_of_Cambodia)","weak-pages"
"fact.architecture.angkor_capital","source.brit_angkor","unverified","Angkor was the capital of the Khmer Empire from the 9th to the 15th century.","https://www.britannica.com/place/Angkor","L26 card.architecture.026.c3","L26 question.architecture.026.q3","","","","","","corroborated","Angkor served as the seat of the Khmer Empire from about the 9th to the 15th century. (https://en.wikipedia.org/wiki/Angkor)","one-page weak-pages"
"fact.architecture.angkor_water_system","source.brit_angkor","unverified","One of Angkor's most notable features was a vast system of reservoirs, canals and moats, used for irrigation and also symbolizing the cosmic waters.","https://www.britannica.com/place/Angkor","L26 card.architecture.026.c3","L26 question.architecture.026.q3","","","","","","corroborated","Angkor's barays, canals and moats formed an extensive hydraulic network. (https://en.wikipedia.org/wiki/Angkor)","one-page weak-pages"
"fact.architecture.angkor_laterite_sandstone","source.whe_angkor_wat","unverified","Angkor Wat is built on laterite encased in sandstone quarried in the Kulen Hills.","https://www.worldhistory.org/Angkor_Wat/","L26 card.architecture.026.c4","L26 question.architecture.026.q2","","","","","","corroborated","The sandstone of Angkor's temples came from quarries at Phnom Kulen. (https://www.upi.com/Science_News/2012/10/22/Angkor-Wat-builders-may-have-had-shortcut/UPI-14441350938876/)","one-page"
"fact.architecture.angkor_canal_study_2012","source.jas_angkor_sandstone_quarries","unverified","In 2012, Waseda University researchers Etsuo Uchida and Ichita Shimoda used satellite images to trace canals from more than 50 quarries at the foot of Mount Kulen to Angkor, a route less than half as long as the overland one once assumed.","https://www.sciencedirect.com/science/article/abs/pii/S0305440312004384","L26 card.architecture.026.c4","L26 question.architecture.026.q2","","","","","","corroborated","UPI and Nature World News report a canal route of about 20-22 miles versus the 54-55-mile overland route, and about 50 quarries. (https://www.upi.com/Science_News/2012/10/22/Angkor-Wat-builders-may-have-had-shortcut/UPI-14441350938876/ https://www.natureworldnews.com/articles/290/20121102/mystery-solved-angkor-wat-temples-sandstones-transported.htm)",""
"fact.architecture.pagoda_from_stupa","source.brit_pagoda","unverified","The pagoda derives from the stupa, a domed monument first built in ancient India to house relics; five-story pagodas were built to enshrine remains of the Buddha.","https://www.britannica.com/technology/pagoda","L27 card.architecture.027.c2","L27 question.architecture.027.q3","","","","","","corroborated","Pagodas descend from stupas and were built to enshrine relics of the Buddha. (https://en.wikipedia.org/wiki/Pagoda https://en.wikipedia.org/wiki/Japanese_pagoda)","weak-pages"
"fact.architecture.pagoda_from_stupa","source.wcee_horyuji_pagoda","unverified","The pagoda derives from the stupa, a domed monument first built in ancient India to house relics; five-story pagodas were built to enshrine remains of the Buddha.","https://www.iitk.ac.in/nicee/wcee/article/1229.pdf","L27 card.architecture.027.c2","L27 question.architecture.027.q3","","","","","","corroborated","Pagodas descend from stupas and were built to enshrine relics of the Buddha. (https://en.wikipedia.org/wiki/Pagoda https://en.wikipedia.org/wiki/Japanese_pagoda)","weak-pages"
"fact.architecture.pagoda_to_japan","source.wcee_horyuji_pagoda","unverified","The five-story pagoda reached Japan from India by way of China, with Buddhism, in the 6th century.","https://www.iitk.ac.in/nicee/wcee/article/1229.pdf","L27 card.architecture.027.c2","L27 question.architecture.027.q3","","","","","","corroborated","Buddhism and its pagoda architecture reached Japan via China and Korea in the 6th century. (https://en.wikipedia.org/wiki/Japanese_pagoda)","one-page weak-pages"
"fact.architecture.pagoda_horyuji_711","source.wcee_horyuji_pagoda","unverified","The five-story pagoda of Hōryū-ji, in Nara, was rebuilt around 711 after a fire and is regarded as the oldest existing wooden pagoda in Japan.","https://www.iitk.ac.in/nicee/wcee/article/1229.pdf","L27 card.architecture.027.c2","L27 question.architecture.027.q3","","","","","","corroborated","Hōryū-ji burned in 670 and was rebuilt; its five-story pagoda is among the oldest wooden buildings in the world. (https://en.wikipedia.org/wiki/H%C5%8Dry%C5%AB-ji https://www.britannica.com/topic/Horyu-Temple)",""
"fact.architecture.pagoda_horyuji_711","source.brit_pagoda","unverified","The five-story pagoda of Hōryū-ji, in Nara, was rebuilt around 711 after a fire and is regarded as the oldest existing wooden pagoda in Japan.","https://www.britannica.com/technology/pagoda","L27 card.architecture.027.c2","L27 question.architecture.027.q3","","","","","","corroborated","Hōryū-ji burned in 670 and was rebuilt; its five-story pagoda is among the oldest wooden buildings in the world. (https://en.wikipedia.org/wiki/H%C5%8Dry%C5%AB-ji https://www.britannica.com/topic/Horyu-Temple)",""
"fact.architecture.pagoda_no_toppling","source.wcee_horyuji_pagoda","unverified","Engineers studying the Hōryū-ji pagoda found no historical record of a five-story pagoda toppling in an earthquake, and no serious damage to old wooden pagodas was reported after the 1995 Kobe earthquake.","https://www.iitk.ac.in/nicee/wcee/article/1229.pdf","L27 card.architecture.027.c1","","","","","","","corroborated","Japanese wooden pagodas have a remarkable record in earthquakes; very few have ever collapsed from shaking. (https://en.wikipedia.org/wiki/Shinbashira https://gizmodo.com/how-japans-oldest-wooden-building-survives-giant-earthq-5846501)",""
"fact.architecture.pagoda_independent_stories","source.wcee_horyuji_pagoda","unverified","In the Hōryū-ji pagoda each story is an independent framework with no column tying them together, and the first-story columns are not tied down to the foundation.","https://www.iitk.ac.in/nicee/wcee/article/1229.pdf","L27 card.architecture.027.c3","L27 question.architecture.027.q2; L30 question.architecture.030.q5","","","","","","corroborated","Pagoda floors are not rigidly connected, only stacked with loose-fitting brackets, so each can move separately. (https://en.wikipedia.org/wiki/Shinbashira https://gizmodo.com/how-japans-oldest-wooden-building-survives-giant-earthq-5846501)",""
"fact.architecture.pagoda_resistance_factors","source.wcee_horyuji_pagoda","unverified","Researchers credit pagodas' earthquake resistance to friction and sliding in their many wooden joints and the balancing-toy effect of their deep eaves, among other factors.","https://www.iitk.ac.in/nicee/wcee/article/1229.pdf","L27 card.architecture.027.c3","L27 question.architecture.027.q2; L30 question.architecture.030.q5","","","","","","corroborated","Wooden joints and loosely stacked floors let pagodas absorb seismic energy. (https://en.wikipedia.org/wiki/Japanese_pagoda https://en.wikipedia.org/wiki/Shinbashira)","weak-pages"
"fact.architecture.pagoda_shinbashira_top","source.wcee_horyuji_pagoda","unverified","At Hōryū-ji, the central column, the shinbashira, supports only the ornamental spire on top, independently of the main structure.","https://www.iitk.ac.in/nicee/wcee/article/1229.pdf","L27 card.architecture.027.c4","L27 question.architecture.027.q1","","","","","","corroborated","The shinbashira runs through the pagoda's axis but is often not connected to the floors, supported independently. (https://en.wikipedia.org/wiki/Shinbashira)","one-page weak-pages"
"fact.architecture.pagoda_shinbashira_limits","source.uh_engines_pagoda","unverified","One explanation of the central pole: when a quake makes the heavy roofs try to slide sideways, the pole won't let any roof move very far.","https://engines.egr.uh.edu/episode/1299","L27 card.architecture.027.c4","L27 question.architecture.027.q1","","","","","","corroborated","As loosely stacked stories slide, they strike the shinbashira, which limits their movement and absorbs energy. (https://en.wikipedia.org/wiki/Shinbashira)","one-page weak-pages"
"fact.architecture.hindu_garbhagriha_defined","source.brit_garbhagriha","unverified","The garbhagriha, often translated ""womb house"", is the innermost and most sacred sanctuary of a Hindu temple, housing the main image or emblem of its deity.","https://www.britannica.com/technology/garbhagriha","L28 card.architecture.028.c1; L28 card.architecture.028.c2","L28 question.architecture.028.q1","","","","","","corroborated","The garbhagriha is the sanctum sanctorum of a Hindu temple where the murti of the primary deity resides. (https://en.wikipedia.org/wiki/Garbhagriha https://education.asianart.org/resources/kandariya-mahadeva-temple/)",""
"fact.architecture.hindu_garbhagriha_defined","source.brit_north_indian_temple","unverified","The garbhagriha, often translated ""womb house"", is the innermost and most sacred sanctuary of a Hindu temple, housing the main image or emblem of its deity.","https://www.britannica.com/topic/North-Indian-temple-architecture","L28 card.architecture.028.c1; L28 card.architecture.028.c2","L28 question.architecture.028.q1","","","","","","corroborated","The garbhagriha is the sanctum sanctorum of a Hindu temple where the murti of the primary deity resides. (https://en.wikipedia.org/wiki/Garbhagriha https://education.asianart.org/resources/kandariya-mahadeva-temple/)",""
"fact.architecture.hindu_tower_over_sanctum","source.brit_garbhagriha","unverified","Over the small sanctuary rises the temple's tower: a shikhara in northern India, a pyramidal vimana in the south.","https://www.britannica.com/technology/garbhagriha","L28 card.architecture.028.c1; L28 card.architecture.028.c2","L28 question.architecture.028.q1","","","","","","corroborated","The shikhara (north) or vimana (south) rises directly above the garbhagriha. (https://en.wikipedia.org/wiki/Vimana_(architectural_feature) https://en.wikipedia.org/wiki/Shikhara)","weak-pages"
"fact.architecture.hindu_tower_over_sanctum","source.brit_north_indian_temple","unverified","Over the small sanctuary rises the temple's tower: a shikhara in northern India, a pyramidal vimana in the south.","https://www.britannica.com/topic/North-Indian-temple-architecture","L28 card.architecture.028.c1; L28 card.architecture.028.c2","L28 question.architecture.028.q1","","","","","","corroborated","The shikhara (north) or vimana (south) rises directly above the garbhagriha. (https://en.wikipedia.org/wiki/Vimana_(architectural_feature) https://en.wikipedia.org/wiki/Shikhara)","weak-pages"
"fact.architecture.hindu_tower_over_sanctum","source.brit_south_indian_temple","unverified","Over the small sanctuary rises the temple's tower: a shikhara in northern India, a pyramidal vimana in the south.","https://www.britannica.com/topic/South-Indian-temple-architecture","L28 card.architecture.028.c1; L28 card.architecture.028.c2","L28 question.architecture.028.q1","","","","","","corroborated","The shikhara (north) or vimana (south) rises directly above the garbhagriha. (https://en.wikipedia.org/wiki/Vimana_(architectural_feature) https://en.wikipedia.org/wiki/Shikhara)","weak-pages"
"fact.architecture.hindu_kandariya_shiva","source.asianart_kandariya","unverified","The Kandariya Mahadeva Temple at Khajuraho, built in the 11th century, is dedicated to Shiva, represented by a linga in the womb chamber at its heart.","https://education.asianart.org/resources/kandariya-mahadeva-temple/","L28 card.architecture.028.c3","L28 question.architecture.028.q3","","","","","","corroborated","India's tourism ministry dates the temple to about 1017-1029 under the Chandela king Vidyadhara and notes its dedication to Shiva. (https://www.incredibleindia.gov.in/en/madhya-pradesh/khajuraho/kandariya-mahadev-temple-khajuraho)","one-page"
"fact.architecture.hindu_kandariya_shiva","source.brit_north_indian_temple","unverified","The Kandariya Mahadeva Temple at Khajuraho, built in the 11th century, is dedicated to Shiva, represented by a linga in the womb chamber at its heart.","https://www.britannica.com/topic/North-Indian-temple-architecture","L28 card.architecture.028.c3","L28 question.architecture.028.q3","","","","","","corroborated","India's tourism ministry dates the temple to about 1017-1029 under the Chandela king Vidyadhara and notes its dedication to Shiva. (https://www.incredibleindia.gov.in/en/madhya-pradesh/khajuraho/kandariya-mahadev-temple-khajuraho)","one-page"
"fact.architecture.hindu_kandariya_meru","source.asianart_kandariya","unverified","The Kandariya Mahadeva Temple's steeply rising, mountain-like form refers to Mount Meru, the mythical source of creation, and many miniature shrines on its spire add to the upward movement.","https://education.asianart.org/resources/kandariya-mahadeva-temple/","L28 card.architecture.028.c3; L30 card.architecture.030.c3","L28 question.architecture.028.q3","","","","","","corroborated","The main shikhara, surrounded by many miniature spires, is widely read as representing a sacred mountain. (https://en.wikipedia.org/wiki/Kandariya_Mahadeva_Temple https://www.incredibleindia.gov.in/en/madhya-pradesh/khajuraho/kandariya-mahadev-temple-khajuraho)",""
"fact.architecture.hindu_kandariya_meru","source.brit_north_indian_temple","unverified","The Kandariya Mahadeva Temple's steeply rising, mountain-like form refers to Mount Meru, the mythical source of creation, and many miniature shrines on its spire add to the upward movement.","https://www.britannica.com/topic/North-Indian-temple-architecture","L28 card.architecture.028.c3; L30 card.architecture.030.c3","L28 question.architecture.028.q3","","","","","","corroborated","The main shikhara, surrounded by many miniature spires, is widely read as representing a sacred mountain. (https://en.wikipedia.org/wiki/Kandariya_Mahadeva_Temple https://www.incredibleindia.gov.in/en/madhya-pradesh/khajuraho/kandariya-mahadev-temple-khajuraho)",""
"fact.architecture.hindu_nagara_shikhara","source.brit_north_indian_temple","unverified","In northern (Nagara) Hindu temples the shikhara is usually curved in outline, and smaller towers often top the halls in front.","https://www.britannica.com/topic/North-Indian-temple-architecture","L28 card.architecture.028.c4","L28 question.architecture.028.q2","","","","","","corroborated","The Nagara style is marked by a curvilinear shikhara, with smaller subsidiary towers. (https://en.wikipedia.org/wiki/Shikhara)","one-page weak-pages"
"fact.architecture.hindu_dravida_vimana","source.brit_south_indian_temple","unverified","In southern (Dravida) temples the tower over the sanctuary is a pyramid of gradually receding stories; by the Vijayanagar period, gateways called gopuras had grown to dominate the temples inside.","https://www.britannica.com/topic/South-Indian-temple-architecture","L28 card.architecture.028.c4","L28 question.architecture.028.q2","","","","","","corroborated","Dravidian vimanas rise as stepped pyramids; later gopurams became the tallest parts of many southern temples. (https://en.wikipedia.org/wiki/Vimana_(architectural_feature) https://en.wikipedia.org/wiki/Gopuram)","weak-pages"
"fact.architecture.hindu_brihadishvara","source.brit_brihadishvara","unverified","The Brihadishvara Temple at Thanjavur, built in 1003-1010 under Rajaraja I, has a pyramidal vimana more than 60 meters high.","https://www.britannica.com/topic/Brihadishvara-temple","L28 card.architecture.028.c4","L28 question.architecture.028.q2","","","","","","corroborated","The temple was completed in 1010 under Rajaraja Chola I; its granite vimana is about 66 m tall. (https://en.wikipedia.org/wiki/Brihadisvara_Temple,_Thanjavur)","one-page weak-pages"
"fact.architecture.hindu_brihadishvara","source.brit_south_indian_temple","unverified","The Brihadishvara Temple at Thanjavur, built in 1003-1010 under Rajaraja I, has a pyramidal vimana more than 60 meters high.","https://www.britannica.com/topic/South-Indian-temple-architecture","L28 card.architecture.028.c4","L28 question.architecture.028.q2","","","","","","corroborated","The temple was completed in 1010 under Rajaraja Chola I; its granite vimana is about 66 m tall. (https://en.wikipedia.org/wiki/Brihadisvara_Temple,_Thanjavur)","one-page weak-pages"
"fact.architecture.st_peters_constantine","source.brit_st_peters","unverified","Constantine ordered a basilica built on the site of Saint Peter's tomb in 315, and it was consecrated in 326.","https://www.britannica.com/topic/Saint-Peters-Basilica","L29 card.architecture.029.c2","L29 question.architecture.029.q1","","","","","","corroborated","Old St. Peter's was built under Constantine in the 4th century over what was held to be the grave of Saint Peter. (https://en.wikipedia.org/wiki/Old_St._Peter%27s_Basilica)","one-page weak-pages"
"fact.architecture.st_peters_1506_bramante","source.brit_st_peters","unverified","Pope Julius II laid the first stone of the new St. Peter's in 1506, to Donato Bramante's Greek-cross plan (four equal arms) with a large central vault.","https://www.britannica.com/topic/Saint-Peters-Basilica","L29 card.architecture.029.c2; L29 card.architecture.029.c3","L29 question.architecture.029.q1","","","","","","corroborated","Construction of the present basilica began on 18 April 1506 under Julius II to a design by Bramante. (https://en.wikipedia.org/wiki/St._Peter%27s_Basilica)","one-page weak-pages"
"fact.architecture.st_peters_1506_bramante","source.wga_st_peters","unverified","Pope Julius II laid the first stone of the new St. Peter's in 1506, to Donato Bramante's Greek-cross plan (four equal arms) with a large central vault.","https://www.wga.hu/database/churches/s_pietro.html","L29 card.architecture.029.c2; L29 card.architecture.029.c3","L29 question.architecture.029.q1","","","","","","corroborated","Construction of the present basilica began on 18 April 1506 under Julius II to a design by Bramante. (https://en.wikipedia.org/wiki/St._Peter%27s_Basilica)","one-page weak-pages"
"fact.architecture.st_peters_michelangelo_1546","source.brit_st_peters","unverified","In 1546 Pope Paul III made the aged Michelangelo chief architect of St. Peter's; he kept a Greek cross and designed a new dome as the dominant element of the whole building.","https://www.britannica.com/topic/Saint-Peters-Basilica","L29 card.architecture.029.c2; L29 card.architecture.029.c3","L29 question.architecture.029.q1","","","","","","corroborated","Michelangelo took over as architect in 1546 and designed the dome. (https://en.wikipedia.org/wiki/St._Peter%27s_Basilica)","one-page weak-pages"
"fact.architecture.st_peters_michelangelo_1546","source.wga_st_peters","unverified","In 1546 Pope Paul III made the aged Michelangelo chief architect of St. Peter's; he kept a Greek cross and designed a new dome as the dominant element of the whole building.","https://www.wga.hu/database/churches/s_pietro.html","L29 card.architecture.029.c2; L29 card.architecture.029.c3","L29 question.architecture.029.q1","","","","","","corroborated","Michelangelo took over as architect in 1546 and designed the dome. (https://en.wikipedia.org/wiki/St._Peter%27s_Basilica)","one-page weak-pages"
"fact.architecture.st_peters_dome_1590","source.brit_st_peters","unverified","St. Peter's dome, modified from Michelangelo's design, was completed under Giacomo della Porta by 1590.","https://www.britannica.com/topic/Saint-Peters-Basilica","L29 card.architecture.029.c1; L29 card.architecture.029.c2","L29 question.architecture.029.q1","","","","","","corroborated","Giacomo della Porta and Domenico Fontana completed the dome in 1590. (https://en.wikipedia.org/wiki/St._Peter%27s_Basilica)","one-page weak-pages"
"fact.architecture.st_peters_dome_1590","source.wga_st_peters","unverified","St. Peter's dome, modified from Michelangelo's design, was completed under Giacomo della Porta by 1590.","https://www.wga.hu/database/churches/s_pietro.html","L29 card.architecture.029.c1; L29 card.architecture.029.c2","L29 question.architecture.029.q1","","","","","","corroborated","Giacomo della Porta and Domenico Fontana completed the dome in 1590. (https://en.wikipedia.org/wiki/St._Peter%27s_Basilica)","one-page weak-pages"
"fact.architecture.st_peters_maderno_1626","source.brit_st_peters","unverified","From 1605 Carlo Maderno lengthened St. Peter's nave into a Latin cross, making it 187 meters (615 ft) long; Urban VIII consecrated the basilica in 1626, 120 years after its first stone.","https://www.britannica.com/topic/Saint-Peters-Basilica","L29 card.architecture.029.c2; L29 card.architecture.029.c3","L29 question.architecture.029.q1","","","","","","corroborated","Maderno extended the nave and completed the facade in 1614; the basilica was consecrated on 18 November 1626. (https://en.wikipedia.org/wiki/St._Peter%27s_Basilica https://www.walksinrome.com/blog/november-18th-1626-consecration-of-st-peters-basilica-in-rome)","weak-pages"
"fact.architecture.st_peters_maderno_1626","source.wga_st_peters","unverified","From 1605 Carlo Maderno lengthened St. Peter's nave into a Latin cross, making it 187 meters (615 ft) long; Urban VIII consecrated the basilica in 1626, 120 years after its first stone.","https://www.wga.hu/database/churches/s_pietro.html","L29 card.architecture.029.c2; L29 card.architecture.029.c3","L29 question.architecture.029.q1","","","","","","corroborated","Maderno extended the nave and completed the facade in 1614; the basilica was consecrated on 18 November 1626. (https://en.wikipedia.org/wiki/St._Peter%27s_Basilica https://www.walksinrome.com/blog/november-18th-1626-consecration-of-st-peters-basilica-in-rome)","weak-pages"
"fact.architecture.st_peters_largest_until_1989","source.brit_st_peters","unverified","According to Britannica, St. Peter's was the largest church in the world until 1989, when a basilica in Yamoussoukro, Côte d'Ivoire, exceeded it.","https://www.britannica.com/topic/Saint-Peters-Basilica","L29 card.architecture.029.c3","","","","","","","corroborated","The Basilica of Our Lady of Peace of Yamoussoukro, completed in 1989, is often cited as the largest church in the world. (https://en.wikipedia.org/wiki/Basilica_of_Our_Lady_of_Peace_of_Yamoussoukro)","one-page weak-pages"
"fact.architecture.st_peters_poleni_1743","source.mactutor_poleni","unverified","In 1743 Pope Benedict XIV summoned the mathematician Giovanni Poleni to Rome because the dome of St. Peter's seemed near to collapsing.","https://mathshistory.st-andrews.ac.uk/Biographies/Poleni/","L29 card.architecture.029.c1","","","","","","","corroborated","In 1743 the dome was badly fractured and Benedict XIV called in Poleni to assess it. (https://en.m.wikipedia.org/wiki/History_of_Italian_Renaissance_domes https://www.sciencedirect.com/science/article/pii/S2095263522000784)",""
"fact.architecture.st_peters_poleni_chain","source.mit_hooke_hanging_chain","unverified","In 1748 Poleni used Hooke's hanging chain to assess the cracked dome: he divided it into slices, hung 32 unequal weights matching each part, and showed the chain's curve fit within the masonry, so the dome was safe.","https://web.mit.edu/masonry/papers/block_dejong_ochs_NNJ.pdf","L29 card.architecture.029.c4; L30 card.architecture.030.c3","L29 question.architecture.029.q2; L29 question.architecture.029.q3","","","","","","corroborated","Poleni's 1748 analysis modeled the dome as slices and used a weighted hanging chain to show a thrust line within the masonry. (https://en.m.wikipedia.org/wiki/History_of_Italian_Renaissance_domes https://theamericanscholar.org/chain-gang/)",""
"fact.architecture.st_peters_poleni_chain","source.mit_masonry_dome_equilibrium","unverified","In 1748 Poleni used Hooke's hanging chain to assess the cracked dome: he divided it into slices, hung 32 unequal weights matching each part, and showed the chain's curve fit within the masonry, so the dome was safe.","https://web.mit.edu/masonry/papers/wwLau_SMBT_2006.pdf","L29 card.architecture.029.c4; L30 card.architecture.030.c3","L29 question.architecture.029.q2; L29 question.architecture.029.q3","","","","","","corroborated","Poleni's 1748 analysis modeled the dome as slices and used a weighted hanging chain to show a thrust line within the masonry. (https://en.m.wikipedia.org/wiki/History_of_Italian_Renaissance_domes https://theamericanscholar.org/chain-gang/)",""
"fact.architecture.st_peters_iron_rings","source.mactutor_poleni","unverified","With the architect Luigi Vanvitelli, Poleni proposed fitting large iron rings to strengthen St. Peter's dome; the rings were fitted by 1748.","https://mathshistory.st-andrews.ac.uk/Biographies/Poleni/","L29 card.architecture.029.c4; L30 card.architecture.030.c3","L29 question.architecture.029.q2; L29 question.architecture.029.q3","","","","","","corroborated","Iron tie rings were added around the dome in 1743-44 by Luigi Vanvitelli, following Poleni's study. (https://en.m.wikipedia.org/wiki/History_of_Italian_Renaissance_domes)","one-page weak-pages"
"fact.architecture.sacred_orientation_defined","source.brit_orientation","unverified","Orientation, from Latin oriens (""the rising sun""), is a building's position in relation to an east-west axis.","https://www.britannica.com/topic/orientation-architecture","L30 card.architecture.030.c2","L30 question.architecture.030.q1; L30 question.architecture.030.q2; L30 question.architecture.030.q3","","","","","","corroborated","The orientation of churches refers to the facing of their apse toward the east, the rising sun. (https://www.newadvent.org/cathen/11305a.htm)","one-page"
"fact.architecture.sacred_church_east","source.brit_orientation","unverified","Christian churches have usually been oriented with the apse or high altar at the east end; Rome's Old St. Peter's basilica faced west instead.","https://www.britannica.com/topic/orientation-architecture","L30 card.architecture.030.c2","L30 question.architecture.030.q1; L30 question.architecture.030.q2; L30 question.architecture.030.q3","","","","","","corroborated","Most medieval churches placed the altar in the east; Old St. Peter's had its apse in the west. (https://en.wikipedia.org/wiki/Old_St._Peter%27s_Basilica https://www.newadvent.org/cathen/11305a.htm)",""
"fact.architecture.sacred_angkor_west","source.whe_angkor_wat","unverified","Unlike the other temples around it, which face east, Angkor Wat faces west.","https://www.worldhistory.org/Angkor_Wat/","L30 card.architecture.030.c2","L30 question.architecture.030.q1; L30 question.architecture.030.q2; L30 question.architecture.030.q3","","","","","","corroborated","Most Khmer temples face east; Angkor Wat faces west, which many scholars link to Vishnu or a funerary role. (https://www.britannica.com/topic/Angkor-Wat https://en.wikipedia.org/wiki/Angkor_Wat)",""
"fact.architecture.castles_lord_residence","source.brit_castle_architecture","unverified","A castle was a medieval stronghold, generally the residence of the king or lord of the territory around it.","https://www.britannica.com/technology/castle-architecture","L31 card.architecture.031.c1; L33 card.architecture.033.c3","L33 question.architecture.033.q3","","","","","","corroborated","Wikipedia notes scholars usually consider a castle to be the private fortified residence of a lord or noble. (https://en.wikipedia.org/wiki/Castle)","one-page weak-pages"
"fact.architecture.castles_flanking_fire","source.brit_military_tech_castle","unverified","Towers protruding from a castle wall let defenders bring flanking fire along the face and foot of the wall, and were built higher than the wall for extra range.","https://www.britannica.com/technology/military-technology/The-castle","L31 card.architecture.031.c4","L31 question.architecture.031.q1","","","","","","corroborated","Wikipedia's fortified tower article says wall towers provide flanking fire to straight stretches of curtain wall; English Heritage says projecting towers increased the defenders' field of fire. (https://en.wikipedia.org/wiki/Fortified_tower https://www.english-heritage.org.uk/castles/castles-through-time/)",""
"fact.architecture.castles_flanking_fire","source.eh_castles_through_time","unverified","Towers protruding from a castle wall let defenders bring flanking fire along the face and foot of the wall, and were built higher than the wall for extra range.","https://www.english-heritage.org.uk/castles/castles-through-time/","L31 card.architecture.031.c4","L31 question.architecture.031.q1","","","","","","corroborated","Wikipedia's fortified tower article says wall towers provide flanking fire to straight stretches of curtain wall; English Heritage says projecting towers increased the defenders' field of fire. (https://en.wikipedia.org/wiki/Fortified_tower https://www.english-heritage.org.uk/castles/castles-through-time/)",""
"fact.architecture.castles_machicolations","source.brit_military_tech_castle","unverified","Wooden hoardings gave way to machicolations: permanent overhanging stone galleries with openings through which defenders dropped missiles on attackers directly below.","https://www.britannica.com/technology/military-technology/The-castle","L31 card.architecture.031.c4","L31 question.architecture.031.q1","","","","","","corroborated","Wikipedia defines a machicolation as a floor opening between the supporting corbels of a battlement through which stones or other material could be dropped on attackers. (https://en.wikipedia.org/wiki/Machicolation)","one-page weak-pages"
"fact.architecture.castles_machicolations","source.brit_castle_architecture","unverified","Wooden hoardings gave way to machicolations: permanent overhanging stone galleries with openings through which defenders dropped missiles on attackers directly below.","https://www.britannica.com/technology/castle-architecture","L31 card.architecture.031.c4","L31 question.architecture.031.q1","","","","","","corroborated","Wikipedia defines a machicolation as a floor opening between the supporting corbels of a battlement through which stones or other material could be dropped on attackers. (https://en.wikipedia.org/wiki/Machicolation)","one-page weak-pages"
"fact.architecture.castles_mining_method","source.brit_military_tech_castle","unverified","Mining meant digging a tunnel beneath a castle wall, holding it up with wooden props, then burning the props so the masonry above collapsed.","https://www.britannica.com/technology/military-technology/The-castle","L31 card.architecture.031.c2","L31 question.architecture.031.q3","","","","","","corroborated","Wikipedia's article on military mining describes tunnels under defenses supported by temporary wooden props, then filled with combustibles to collapse the wall or tower. (https://en.wikipedia.org/wiki/Mining_(military))","one-page weak-pages"
"fact.architecture.castles_mining_method","source.eh_castles_through_time","unverified","Mining meant digging a tunnel beneath a castle wall, holding it up with wooden props, then burning the props so the masonry above collapsed.","https://www.english-heritage.org.uk/castles/castles-through-time/","L31 card.architecture.031.c2","L31 question.architecture.031.q3","","","","","","corroborated","Wikipedia's article on military mining describes tunnels under defenses supported by temporary wooden props, then filled with combustibles to collapse the wall or tower. (https://en.wikipedia.org/wiki/Mining_(military))","one-page weak-pages"
"fact.architecture.castles_rochester_1215","source.eh_rochester_castle_history","unverified","During King John's siege of Rochester Castle in 1215, miners attacked the keep's south-east turret, burning the fat of 40 pigs to fire the props and bring that corner down.","https://www.english-heritage.org.uk/visit/places/rochester-castle/history/","L31 card.architecture.031.c1; L31 card.architecture.031.c2","L31 question.architecture.031.q3","","","","","","corroborated","Wikipedia quotes John's order for 'forty of the fattest pigs' to bring fire beneath the tower; the burning props collapsed the mine and one corner of the keep. (https://en.wikipedia.org/wiki/Rochester_Castle https://magnacartaresearch.org/read/itinerary/The_fall_of_Rochester_Castle)",""
"fact.architecture.castles_rochester_tallest","source.eh_rochester_castle_history","unverified","Rochester Castle's keep is the tallest such building to survive in Europe.","https://www.english-heritage.org.uk/visit/places/rochester-castle/history/","L31 card.architecture.031.c1","","","","","","","corroborated","Historic UK and other guides describe Rochester's keep as among the tallest Norman keeps in Europe, at about 113 ft. (https://www.historic-uk.com/HistoryMagazine/DestinationsUK/Rochester-Castle/)","one-page"
"fact.architecture.castles_corner_weakness","source.herefordshire_later_stone_castles","unverified","Rectangular keeps could be undermined quite easily: a tunnel dug under a corner, filled with wood and set alight, made the tower partly collapse.","https://htt.herefordshire.gov.uk/herefordshires-past/the-medieval-period/castles/castles-in-herefordshire/the-later-stone-castles","L31 card.architecture.031.c3","L31 question.architecture.031.q2; L40 question.architecture.040.q4","","","","","","corroborated","Wikipedia's fortified tower article says the disadvantage of square or rectangular towers is that their corners are vulnerable to mining. (https://en.wikipedia.org/wiki/Fortified_tower)","one-page weak-pages"
"fact.architecture.castles_towers_turned_round","source.eh_castles_through_time","unverified","Castle towers projecting from the walls were square at first but later round, and many rectangular keeps were replaced with circular ones, less vulnerable to undermining.","https://www.english-heritage.org.uk/castles/castles-through-time/","L31 card.architecture.031.c3","L31 question.architecture.031.q2; L40 question.architecture.040.q4","","","","","","corroborated","Wikipedia notes that round towers are more resistant to sappers and projectiles than square towers. (https://en.wikipedia.org/wiki/Fortified_tower)","one-page weak-pages"
"fact.architecture.castles_towers_turned_round","source.herefordshire_later_stone_castles","unverified","Castle towers projecting from the walls were square at first but later round, and many rectangular keeps were replaced with circular ones, less vulnerable to undermining.","https://htt.herefordshire.gov.uk/herefordshires-past/the-medieval-period/castles/castles-in-herefordshire/the-later-stone-castles","L31 card.architecture.031.c3","L31 question.architecture.031.q2; L40 question.architecture.040.q4","","","","","","corroborated","Wikipedia notes that round towers are more resistant to sappers and projectiles than square towers. (https://en.wikipedia.org/wiki/Fortified_tower)","one-page weak-pages"
"fact.architecture.castles_rochester_round_rebuild","source.eh_rochester_castle_history","unverified","Rochester's square south-east turret, destroyed in the 1215 siege, was rebuilt as a semicircular tower.","https://www.english-heritage.org.uk/visit/places/rochester-castle/history/","L31 card.architecture.031.c3; L40 card.architecture.040.c3","L31 question.architecture.031.q2; L40 question.architecture.040.q4","","","","","","corroborated","Wikipedia says the Round Tower was built by Henry III to repair the damage done by King John's mine and, unlike the other towers, is cylindrical. (https://en.wikipedia.org/wiki/Rochester_Castle)","one-page weak-pages"
"fact.architecture.greatwall_not_one_wall","source.smithsonian_great_wall_facts","unverified","The Great Wall was built by a series of governments over about 2,000 years; it is not one long, unbroken wall.","https://www.smithsonianmag.com/history/sticky-rice-mortar-view-space-and-more-fun-facts-about-chinas-great-wall-180962197/","L32 card.architecture.032.c1; L40 card.architecture.040.c3","","","","","","","corroborated","Wikipedia says the first walls date to the 7th century BC, were joined in the Qin dynasty, and successive dynasties expanded the wall system. (https://en.wikipedia.org/wiki/Great_Wall_of_China)","one-page weak-pages"
"fact.architecture.greatwall_qin_joins","source.natgeo_edu_great_wall","unverified","Around 220 BCE, Qin Shi Huang, the first emperor of a unified China, had existing border walls joined into one; at that time rammed earth and wood made up most of the wall.","https://education.nationalgeographic.org/resource/great-wall-china/","L32 card.architecture.032.c2","L32 question.architecture.032.q1","","","","","","corroborated","Wikipedia says earlier walls were joined together in the Qin dynasty; Smithsonian says Qin sections were mostly rammed earth. (https://en.wikipedia.org/wiki/Great_Wall_of_China https://www.smithsonianmag.com/history/sticky-rice-mortar-view-space-and-more-fun-facts-about-chinas-great-wall-180962197/)",""
"fact.architecture.greatwall_qin_joins","source.brit_great_wall","unverified","Around 220 BCE, Qin Shi Huang, the first emperor of a unified China, had existing border walls joined into one; at that time rammed earth and wood made up most of the wall.","https://www.britannica.com/topic/Great-Wall-of-China","L32 card.architecture.032.c2","L32 question.architecture.032.q1","","","","","","corroborated","Wikipedia says earlier walls were joined together in the Qin dynasty; Smithsonian says Qin sections were mostly rammed earth. (https://en.wikipedia.org/wiki/Great_Wall_of_China https://www.smithsonianmag.com/history/sticky-rice-mortar-view-space-and-more-fun-facts-about-chinas-great-wall-180962197/)",""
"fact.architecture.greatwall_ming","source.brit_great_wall","unverified","The most extensive and best-preserved version of the Great Wall dates from the Ming dynasty (1368-1644), whose emperors added watchtowers and platforms; most familiar photos show Ming work.","https://www.britannica.com/topic/Great-Wall-of-China","L32 card.architecture.032.c2","L32 question.architecture.032.q1","","","","","","corroborated","Wikipedia says the best-known sections were built by the Ming dynasty (1368-1644); Smithsonian says the most enduring sections are Ming. (https://en.wikipedia.org/wiki/Great_Wall_of_China https://www.smithsonianmag.com/history/sticky-rice-mortar-view-space-and-more-fun-facts-about-chinas-great-wall-180962197/)",""
"fact.architecture.greatwall_ming","source.natgeo_edu_great_wall","unverified","The most extensive and best-preserved version of the Great Wall dates from the Ming dynasty (1368-1644), whose emperors added watchtowers and platforms; most familiar photos show Ming work.","https://education.nationalgeographic.org/resource/great-wall-china/","L32 card.architecture.032.c2","L32 question.architecture.032.q1","","","","","","corroborated","Wikipedia says the best-known sections were built by the Ming dynasty (1368-1644); Smithsonian says the most enduring sections are Ming. (https://en.wikipedia.org/wiki/Great_Wall_of_China https://www.smithsonianmag.com/history/sticky-rice-mortar-view-space-and-more-fun-facts-about-chinas-great-wall-180962197/)",""
"fact.architecture.greatwall_total_length","source.brit_great_wall","unverified","All sections of the Great Wall ever built add up to about 21,196 km.","https://www.britannica.com/topic/Great-Wall-of-China","L32 card.architecture.032.c2","L32 question.architecture.032.q1","","","","","","corroborated","Wikipedia's infobox gives 21,196.18 km; Smithsonian reports the 2012 official length of 13,170 miles. (https://en.wikipedia.org/wiki/Great_Wall_of_China https://www.smithsonianmag.com/history/sticky-rice-mortar-view-space-and-more-fun-facts-about-chinas-great-wall-180962197/)",""
"fact.architecture.greatwall_materials_vary","source.natgeo_edu_great_wall","unverified","The Great Wall is made of different materials in different places: rammed earth (hard-packed soil) in some, brick in others, and quarried granite or even marble blocks elsewhere.","https://education.nationalgeographic.org/resource/great-wall-china/","L32 card.architecture.032.c3","L32 question.architecture.032.q3; L35 question.architecture.035.q3","","","","","","corroborated","Wikipedia says builders used local resources: stone in mountain areas and rammed earth in the plains. (https://en.wikipedia.org/wiki/Great_Wall_of_China)","one-page weak-pages"
"fact.architecture.greatwall_sticky_rice","source.smithsonian_great_wall_facts","unverified","Researchers at Zhejiang University found that Ming builders of the Great Wall added sticky rice to their lime mortar.","https://www.smithsonianmag.com/history/sticky-rice-mortar-view-space-and-more-fun-facts-about-chinas-great-wall-180962197/","L32 card.architecture.032.c3","L32 question.architecture.032.q3; L35 question.architecture.035.q3","","","","","","corroborated","Wikipedia says sticky rice mortar, sticky rice soup mixed with slaked lime, was extensively used to hold the bricks together. (https://en.wikipedia.org/wiki/Great_Wall_of_China)","one-page weak-pages"
"fact.architecture.greatwall_nasa_orbit","source.nasa_great_wall","unverified","NASA says the Great Wall isn't visible from the Moon and is difficult or impossible to see from Earth orbit without high-powered lenses.","https://www.nasa.gov/image-article/great-wall/","L32 card.architecture.032.c1; L32 card.architecture.032.c4","L32 question.architecture.032.q2; L40 question.architecture.040.q5","","","","","","corroborated","Britannica says astronauts stated the wall was not visible with the naked eye from the Moon; National Geographic says it is hard to discern even from low Earth orbit. (https://www.britannica.com/topic/Great-Wall-of-China https://education.nationalgeographic.org/resource/great-wall-china/)",""
"fact.architecture.greatwall_blends_in","source.natgeo_edu_great_wall","unverified","Because the Great Wall looks a lot like the stone and soil around it, it is difficult to make out with the human eye even from low Earth orbit.","https://education.nationalgeographic.org/resource/great-wall-china/","L32 card.architecture.032.c4","L32 question.architecture.032.q2; L40 question.architecture.040.q5","","","","","","corroborated","Smithsonian says the wall has only been visible from low orbit when the sun lights it and casts shadows just right. (https://www.smithsonianmag.com/history/sticky-rice-mortar-view-space-and-more-fun-facts-about-chinas-great-wall-180962197/)","one-page"
"fact.architecture.palace_palatine","source.brit_palace_summary","unverified","The word palace derives from Rome's Palatine Hill, where the emperors built their residences.","https://www.britannica.com/summary/palace","L33 card.architecture.033.c1; L33 card.architecture.033.c2","L33 question.architecture.033.q1","","","","","","corroborated","Wikipedia says the word derives from Latin palatium, for the Palatine Hill in Rome, which housed the imperial residences. (https://en.wikipedia.org/wiki/Palace)","one-page weak-pages"
"fact.architecture.palace_palatine","source.etymonline_palace","unverified","The word palace derives from Rome's Palatine Hill, where the emperors built their residences.","https://www.etymonline.com/word/palace","L33 card.architecture.033.c1; L33 card.architecture.033.c2","L33 question.architecture.033.q1","","","","","","corroborated","Wikipedia says the word derives from Latin palatium, for the Palatine Hill in Rome, which housed the imperial residences. (https://en.wikipedia.org/wiki/Palace)","one-page weak-pages"
"fact.architecture.palace_augustus_nero","source.etymonline_palace","unverified","Augustus's house stood on the Palatine Hill, which later became the site of the splendid residence built by Nero.","https://www.etymonline.com/word/palace","L33 card.architecture.033.c2","L33 question.architecture.033.q1","","","","","","corroborated","Wikipedia's Palatine Hill article lists the palace ruins of Augustus there and Nero's Domus Transitoria and Domus Aurea. (https://en.wikipedia.org/wiki/Palatine_Hill)","one-page weak-pages"
"fact.architecture.palace_definition","source.brit_palace_summary","unverified","A palace is a royal residence, and sometimes also a seat of government or a religious centre.","https://www.britannica.com/summary/palace","L33 card.architecture.033.c2; L33 card.architecture.033.c3","L33 question.architecture.033.q3","","","","","","corroborated","Wikipedia defines a palace as a large residence, often a royal residence or the home of a head of state or other dignitary. (https://en.wikipedia.org/wiki/Palace)","one-page weak-pages"
"fact.architecture.palace_power_centres","source.brit_palace_summary","unverified","In Rome and Constantinople, palaces reached their peak as centres of power.","https://www.britannica.com/summary/palace","L33 card.architecture.033.c3","","","","","","","corroborated","Wikipedia's Palatine Hill article says the hill became the exclusive domain of emperors, and the Palace article describes the Great Palace of Constantinople as the imperial seat. (https://en.wikipedia.org/wiki/Palatine_Hill https://en.wikipedia.org/wiki/Palace)","weak-pages"
"fact.architecture.palace_west_single","source.brit_palace_summary","unverified","In Western Europe after the Middle Ages, palaces tended to be single buildings.","https://www.britannica.com/summary/palace","L33 card.architecture.033.c4","L33 question.architecture.033.q2","","","","","","corroborated","Wikipedia contrasts East Asian palaces of many low pavilions with the single building of the European style. (https://en.wikipedia.org/wiki/Palace)","one-page weak-pages"
"fact.architecture.palace_east_asia_pavilions","source.brit_palace_summary","unverified","East Asian palaces, such as Beijing's Forbidden City, consist of many buildings, mostly low, highly decorated wooden pavilions, within vast walled gardens.","https://www.britannica.com/summary/palace","L33 card.architecture.033.c4; L34 card.architecture.034.c2","L33 question.architecture.033.q2","","","","","","corroborated","Wikipedia says palaces in East Asia, including the large wooden structures of China's Forbidden City, consist of many low pavilions surrounded by vast, walled gardens. (https://en.wikipedia.org/wiki/Palace)","one-page weak-pages"
"fact.architecture.forbidden_commissioned","source.brit_forbidden_city","unverified","The Forbidden City was commissioned in 1406 by the Yongle emperor of the Ming dynasty and first officially occupied by the court in 1420.","https://www.britannica.com/topic/Forbidden-City","L34 card.architecture.034.c1","L34 question.architecture.034.q1; L37 question.architecture.037.q3","","","","","","corroborated","Wikipedia says the Forbidden City was constructed from 1406 to 1420 and served emperors from the Yongle Emperor onward. (https://en.wikipedia.org/wiki/Forbidden_City)","one-page weak-pages"
"fact.architecture.forbidden_name","source.brit_forbidden_city","unverified","It was called the Forbidden City because access was barred to most of the subjects of the realm.","https://www.britannica.com/topic/Forbidden-City","L34 card.architecture.034.c1","L34 question.architecture.034.q1; L37 question.architecture.037.q3","","","","","","corroborated","Wikipedia explains the name: no one could enter or leave without the emperor's permission. (https://en.wikipedia.org/wiki/Forbidden_City)","one-page weak-pages"
"fact.architecture.forbidden_five_centuries_museum","source.brit_forbidden_city","unverified","The Forbidden City was the centre of Chinese power for five centuries; Puyi, the last Qing emperor, left in 1924, and the Palace Museum was established there in 1925.","https://www.britannica.com/topic/Forbidden-City","L34 card.architecture.034.c4","","","","","","","corroborated","Wikipedia calls it the centre of political power in China for over 500 years, from 1420 to 1924, and gives 1925 as its opening as a public museum. (https://en.wikipedia.org/wiki/Forbidden_City)","one-page weak-pages"
"fact.architecture.forbidden_five_centuries_museum","source.dpm_about","unverified","The Forbidden City was the centre of Chinese power for five centuries; Puyi, the last Qing emperor, left in 1924, and the Palace Museum was established there in 1925.","https://intl.dpm.org.cn/about_us.html","L34 card.architecture.034.c4","","","","","","","corroborated","Wikipedia calls it the centre of political power in China for over 500 years, from 1420 to 1924, and gives 1925 as its opening as a public museum. (https://en.wikipedia.org/wiki/Forbidden_City)","one-page weak-pages"
"fact.architecture.forbidden_moat","source.brit_forbidden_city","unverified","The Forbidden City is surrounded by a high wall and a moat about 52 m (170 feet) wide.","https://www.britannica.com/topic/Forbidden-City","L34 card.architecture.034.c2; L40 card.architecture.040.c3","L34 question.architecture.034.q2","","","","","","corroborated","Wikipedia gives a 52 m (171 ft) wide moat around the city wall. (https://en.wikipedia.org/wiki/Forbidden_City)","one-page weak-pages"
"fact.architecture.forbidden_face_south","source.brit_forbidden_city","unverified","The Forbidden City's most important buildings, especially those on its main north-south axis, face south to honour the Sun.","https://www.britannica.com/topic/Forbidden-City","L34 card.architecture.034.c2","L34 question.architecture.034.q2","","","","","","corroborated","Khan Academy and China travel guides describe the main halls laid out on a south-north axis, facing south. (https://www.khanacademy.org/humanities/ap-art-history/south-east-se-asia/china-art/a/forbidden-city https://www.travelchinaguide.com/forbidden-city-layout.htm)",""
"fact.architecture.forbidden_hierarchy","source.dpm_explore","unverified","The Palace Museum says each Forbidden City structure followed the traditional Chinese architectural hierarchy and was designed to reflect imperial power.","https://intl.dpm.org.cn/explore.html","L34 card.architecture.034.c2","L34 question.architecture.034.q2","","","","","","corroborated","Wikipedia describes the Forbidden City as designed to reflect traditional Chinese hierarchy, with the principal halls on the central axis. (https://en.wikipedia.org/wiki/Forbidden_City)","one-page weak-pages"
"fact.architecture.forbidden_outer_inner","source.brit_forbidden_city","unverified","In the Outer Court, three main halls of government stand on a three-tiered marble terrace above an immense plaza; the Inner Court held the imperial living quarters.","https://www.britannica.com/topic/Forbidden-City","L34 card.architecture.034.c3","","","","","","","corroborated","Wikipedia describes a three-tiered white marble terrace with three halls on top, and an Inner Court to the north as the residence. (https://en.wikipedia.org/wiki/Forbidden_City)","one-page weak-pages"
"fact.architecture.forbidden_supreme_harmony","source.brit_forbidden_city","unverified","The Hall of Supreme Harmony, which holds the emperor's throne, is the largest single building in the Forbidden City.","https://www.britannica.com/topic/Forbidden-City","L34 card.architecture.034.c3","","","","","","","corroborated","Wikipedia calls the Hall of Supreme Harmony the largest hall within the Forbidden City, where enthronement ceremonies were held. (https://en.wikipedia.org/wiki/Hall_of_Supreme_Harmony)","one-page weak-pages"
"fact.architecture.forbidden_timber","source.brit_forbidden_city","unverified","Buildings in the Forbidden City feature timber construction, post-and-lintel frames and tiled roofs.","https://www.britannica.com/topic/Forbidden-City","L34 card.architecture.034.c4","L34 question.architecture.034.q3","","","","","","corroborated","Wikipedia notes UNESCO recognizes the Forbidden City as the largest collection of preserved ancient wooden structures in the world. (https://en.wikipedia.org/wiki/Forbidden_City)","one-page weak-pages"
"fact.architecture.alhambra_built","source.brit_alhambra","unverified","The Alhambra, on a plateau overlooking Granada, was built chiefly between 1238 and 1358 by Ibn al-Ahmar, founder of the Nasrid dynasty, and his successors.","https://www.britannica.com/topic/Alhambra-fortress-Granada-Spain","L35 card.architecture.035.c1","L35 question.architecture.035.q2; L35 question.architecture.035.q3","","","","","","corroborated","Wikipedia says building began in 1238 under Muhammad I Ibn al-Ahmar, with the biggest campaigns in the 14th century under Yusuf I and Muhammad V. (https://en.wikipedia.org/wiki/Alhambra)","one-page weak-pages"
"fact.architecture.alhambra_plain_outside","source.smarthistory_alhambra","unverified","The Alhambra's highly ornate interiors and patios contrast with the plain walls of its fortress exterior.","https://courses.lumenlearning.com/suny-arthistory1/chapter/the-alhambra/","L35 card.architecture.035.c1; L40 card.architecture.040.c3","L35 question.architecture.035.q2; L35 question.architecture.035.q3","","","","","","corroborated","Wikipedia notes that Nasrid decoration was focused on the inside of buildings, around courtyards. (https://en.wikipedia.org/wiki/Alhambra)","one-page weak-pages"
"fact.architecture.alhambra_red_rammed_earth","source.brit_alhambra","unverified","The name Alhambra means 'the red' in Arabic, probably after the reddish rammed earth of its outer walls.","https://www.britannica.com/topic/Alhambra-fortress-Granada-Spain","L35 card.architecture.035.c1","L35 question.architecture.035.q2; L35 question.architecture.035.q3","","","","","","corroborated","Wikipedia says the 'red' in the name comes from the reddish colour of its walls, which were built of rammed earth. (https://en.wikipedia.org/wiki/Alhambra)","one-page weak-pages"
"fact.architecture.alhambra_myrtles_pool","source.brit_alhambra","unverified","A dark, winding passage leads into the Court of the Myrtles, centred on a large reflecting pool set in marble paving, in which the palace is reflected.","https://www.britannica.com/topic/Alhambra-fortress-Granada-Spain","L35 card.architecture.035.c2","L35 question.architecture.035.q1","","","","","","corroborated","Wikipedia notes Nasrid courtyards typically had water features such as a reflective pool at their centre, and pictures the pool of the Court of the Myrtles. (https://en.wikipedia.org/wiki/Alhambra https://en.wikipedia.org/wiki/Court_of_the_Myrtles)","weak-pages"
"fact.architecture.alhambra_myrtles_pool","source.smarthistory_alhambra","unverified","A dark, winding passage leads into the Court of the Myrtles, centred on a large reflecting pool set in marble paving, in which the palace is reflected.","https://courses.lumenlearning.com/suny-arthistory1/chapter/the-alhambra/","L35 card.architecture.035.c2","L35 question.architecture.035.q1","","","","","","corroborated","Wikipedia notes Nasrid courtyards typically had water features such as a reflective pool at their centre, and pictures the pool of the Court of the Myrtles. (https://en.wikipedia.org/wiki/Alhambra https://en.wikipedia.org/wiki/Court_of_the_Myrtles)","weak-pages"
"fact.architecture.alhambra_royal_canal","source.alhambra_patronato_royal_canal","unverified","The Alhambra's Royal Canal (Acequia Real) took water from the Darro river 11 km upstream, and it made the hill habitable.","https://www.alhambra-patronato.es/en/elemento-del-mes/the-royal-canal","L35 card.architecture.035.c3","","","","","","","corroborated","The IAHR and Visit Granada describe the Acequia Real drawing water from the Darro upstream and carrying it to the palace-city, ordered by Muhammad I. (https://www.iahr.org/library/infor?pid=20724 https://visitgranada.com/acequia-real-the-water-engineering-treasure-of-the-alhambra/)",""
"fact.architecture.alhambra_water_everywhere","source.smarthistory_alhambra","unverified","The Nasrids brought the sound, sight and cooling of water into gardens, courtyards, marble canals and even indoors.","https://courses.lumenlearning.com/suny-arthistory1/chapter/the-alhambra/","L35 card.architecture.035.c3","","","","","","","corroborated","Wikipedia notes water features at the centre of Nasrid courtyards; the Patronato lists palaces, baths, fountains and gardens among the canal water's uses. (https://en.wikipedia.org/wiki/Alhambra https://www.alhambra-patronato.es/en/elemento-del-mes/the-royal-canal)",""
"fact.architecture.alhambra_tile_stucco","source.smarthistory_alhambra","unverified","In the Alhambra's rooms, geometric tiles cover the lower walls, and the surfaces above are carved stucco (plaster) in bands and panels of curving patterns and calligraphy.","https://courses.lumenlearning.com/suny-arthistory1/chapter/the-alhambra/","L35 card.architecture.035.c4","L35 question.architecture.035.q2; L36 question.architecture.036.q3","","","","","","corroborated","Wikipedia says Nasrid decoration used tile mosaics on lower walls and carved stucco on the upper walls, with geometric, vegetal and Arabic calligraphic motifs. (https://en.wikipedia.org/wiki/Alhambra)","one-page weak-pages"
"fact.architecture.alhambra_painted_stucco","source.smarthistory_alhambra","unverified","The carved stucco of the Comares facade was once painted in brilliant colours; only traces remain.","https://courses.lumenlearning.com/suny-arthistory1/chapter/the-alhambra/","L35 card.architecture.035.c4","L35 question.architecture.035.q2; L36 question.architecture.036.q3","","","","","","corroborated","Wikipedia notes the Alhambra's carved stucco and wooden ceilings could be carved and painted. (https://en.wikipedia.org/wiki/Alhambra)","one-page weak-pages"
"fact.architecture.taj_tomb_for_mumtaz","source.brit_taj_mahal","unverified","The Mughal emperor Shah Jahan built the Taj Mahal as a tomb for his wife Mumtaz Mahal, who died in childbirth in 1631; both their cenotaphs are in its central chamber.","https://www.britannica.com/topic/Taj-Mahal","L36 card.architecture.036.c1","L36 question.architecture.036.q1","","","","","","corroborated","Wikipedia says Shah Jahan commissioned it in 1631 in memory of Mumtaz Mahal, who died giving birth that year, and describes both cenotaphs. (https://en.wikipedia.org/wiki/Taj_Mahal)","one-page weak-pages"
"fact.architecture.taj_construction","source.brit_taj_mahal","unverified","Building began about 1632, the mausoleum was finished by about 1638-39, and work on the whole complex spanned 22 years.","https://www.britannica.com/topic/Taj-Mahal","L36 card.architecture.036.c2","","","","","","","corroborated","Wikipedia's infobox gives construction from 1631 to 1653, roughly the same span. (https://en.wikipedia.org/wiki/Taj_Mahal)","one-page weak-pages"
"fact.architecture.taj_workers_architect","source.brit_taj_mahal","unverified","More than 20,000 workers from India, Persia, the Ottoman Empire and Europe built the Taj Mahal; its chief architect was probably Ustad Ahmad Lahawri.","https://www.britannica.com/topic/Taj-Mahal","L36 card.architecture.036.c2; L36 card.architecture.036.c5","","","","","","","corroborated","Wikipedia says the project employed more than 20,000 workers and artisans under a board of architects led by Ustad Ahmad Lahauri. (https://en.wikipedia.org/wiki/Taj_Mahal)","one-page weak-pages"
"fact.architecture.taj_legends","source.smithsonian_taj_secrets","unverified","Historians have found no evidence for the story that Shah Jahan had the builders' hands cut off, and some dismiss the idea of a black marble twin across the river.","https://www.smithsonianmag.com/travel/eight-secrets-taj-mahal-180962168/","L36 card.architecture.036.c5","","","","","","","corroborated","Wikipedia says no concrete evidence exists for stories of mutilation of the builders, and calls the Black Taj a longstanding myth. (https://en.wikipedia.org/wiki/Taj_Mahal)","one-page weak-pages"
"fact.architecture.taj_legends","source.brit_taj_mahal","unverified","Historians have found no evidence for the story that Shah Jahan had the builders' hands cut off, and some dismiss the idea of a black marble twin across the river.","https://www.britannica.com/topic/Taj-Mahal","L36 card.architecture.036.c5","","","","","","","corroborated","Wikipedia says no concrete evidence exists for stories of mutilation of the builders, and calls the Black Taj a longstanding myth. (https://en.wikipedia.org/wiki/Taj_Mahal)","one-page weak-pages"
"fact.architecture.taj_symmetry","source.brit_taj_mahal","unverified","The mausoleum has four nearly identical facades, a central dome about 73 m high ringed by four smaller domes, and a minaret at each corner.","https://www.britannica.com/topic/Taj-Mahal","L36 card.architecture.036.c3; L40 card.architecture.040.c3","L36 question.architecture.036.q2","","","","","","corroborated","Wikipedia gives a height of 73 m and describes the symmetrical eight-sided tomb with minarets on its square plinth. (https://en.wikipedia.org/wiki/Taj_Mahal)","one-page weak-pages"
"fact.architecture.taj_jawab","source.brit_taj_mahal","unverified","Two identical red sandstone buildings flank the tomb: a mosque, and its twin, the jawab, which balances it.","https://www.britannica.com/topic/Taj-Mahal","L36 card.architecture.036.c3","L36 question.architecture.036.q2","","","","","","corroborated","Wikipedia says one red sandstone building is a mosque and the other a jawab, a structure to provide architectural symmetry. (https://en.wikipedia.org/wiki/Taj_Mahal)","one-page weak-pages"
"fact.architecture.taj_minarets_lean","source.smithsonian_taj_secrets","unverified","The Taj Mahal's minarets lean slightly outward, so in a disaster such as an earthquake they would fall away from the tomb.","https://www.smithsonianmag.com/travel/eight-secrets-taj-mahal-180962168/","L36 card.architecture.036.c3","L36 question.architecture.036.q2","","","","","","corroborated","Inshorts and architecture guides report the minarets are tilted outward so that in an earthquake they would fall away from the tomb. (https://inshorts.com/en/news/why-are-the-minarets-of-the-taj-mahal-tilted-outwards-1492507837775 https://www.studiomatrx.org/architecture-canon/taj-mahal)",""
"fact.architecture.taj_pietra_dura","source.brit_taj_mahal","unverified","The Taj Mahal's white marble is decorated with pietra dura (Italian for 'hard stone'): semiprecious stones such as lapis lazuli, jade and turquoise inlaid in geometric and floral designs.","https://www.britannica.com/topic/Taj-Mahal","L36 card.architecture.036.c4","L36 question.architecture.036.q3","","","","","","corroborated","Wikipedia describes the white marble inlaid with semi-precious stones and pietra dura inlays of vines, flowers and fruit. (https://en.wikipedia.org/wiki/Taj_Mahal)","one-page weak-pages"
"fact.architecture.versailles_hunting_lodge","source.brit_versailles","unverified","Versailles began as a hunting lodge for Louis XIII in the 1620s; Louis XIV transformed it between 1661 and 1710 into an immense complex.","https://www.britannica.com/topic/Palace-of-Versailles","L37 card.architecture.037.c1","L37 question.architecture.037.q1","","","","","","corroborated","Wikipedia says Louis XIII built a modest brick-and-stone hunting lodge there in 1623 and that construction of the palace started in 1661. (https://en.wikipedia.org/wiki/Palace_of_Versailles)","one-page weak-pages"
"fact.architecture.versailles_royal_residence","source.brit_versailles","unverified","From 1682 Versailles was the official royal residence, with enough room to house the whole court.","https://www.britannica.com/topic/Palace-of-Versailles","L37 card.architecture.037.c2","L37 question.architecture.037.q3; L40 question.architecture.040.q3","","","","","","corroborated","Wikipedia says the king, court and government lived there permanently from 6 May 1682, and Louis XIV expanded the palace to fit the court. (https://en.wikipedia.org/wiki/Palace_of_Versailles)","one-page weak-pages"
"fact.architecture.versailles_royal_residence","source.versailles_louis_xiv","unverified","From 1682 Versailles was the official royal residence, with enough room to house the whole court.","https://en.chateauversailles.fr/discover/history/great-characters/louis-xiv","L37 card.architecture.037.c2","L37 question.architecture.037.q3; L40 question.architecture.040.q3","","","","","","corroborated","Wikipedia says the king, court and government lived there permanently from 6 May 1682, and Louis XIV expanded the palace to fit the court. (https://en.wikipedia.org/wiki/Palace_of_Versailles)","one-page weak-pages"
"fact.architecture.versailles_nobles_watched","source.versailles_louis_xiv","unverified","Under the king's watchful eye at Versailles, the nobility could no longer plot against the throne; the great lords were kept eager to serve and please him.","https://en.chateauversailles.fr/discover/history/great-characters/louis-xiv","L37 card.architecture.037.c2; L40 card.architecture.040.c3","L37 question.architecture.037.q3; L40 question.architecture.040.q3","","","","","","corroborated","TheCollector and EBSCO describe Louis XIV drawing nobles to live at Versailles to keep a close eye on them and prevent rebellion. (https://www.thecollector.com/how-louis-xiv-used-versailles-to-control-nobles/ https://www.ebsco.com/research-starters/politics-and-government/french-court-moves-versailles)",""
"fact.architecture.versailles_hall_built","source.versailles_hall_of_mirrors","unverified","Jules Hardouin-Mansart built the Hall of Mirrors from 1678 to 1684, replacing a terrace by Louis Le Vau that opened onto the garden.","https://en.chateauversailles.fr/discover/estate/palace/hall-mirrors","L37 card.architecture.037.c3","L37 question.architecture.037.q2","","","","","","corroborated","Wikipedia says the Hall of Mirrors was built between 1678 and 1684, replacing a large terrace, with Hardouin-Mansart as architect. (https://en.wikipedia.org/wiki/Hall_of_Mirrors)","one-page weak-pages"
"fact.architecture.versailles_hall_mirrors_count","source.versailles_hall_of_mirrors","unverified","The Hall of Mirrors, more than 70 m long, has 357 mirrors on 17 arches facing 17 windows.","https://en.chateauversailles.fr/discover/estate/palace/hall-mirrors","L37 card.architecture.037.c3","L37 question.architecture.037.q2","","","","","","corroborated","Wikipedia gives a length of 73 m and 17 windows opposite 17 mirrors; guides give 21 mirrors per arch, 357 in all. (https://en.wikipedia.org/wiki/Hall_of_Mirrors https://study.com/academy/lesson/the-hall-of-mirrors-at-the-palace-of-versailles.html)",""
"fact.architecture.versailles_hall_mirrors_count","source.brit_versailles","unverified","The Hall of Mirrors, more than 70 m long, has 357 mirrors on 17 arches facing 17 windows.","https://www.britannica.com/topic/Palace-of-Versailles","L37 card.architecture.037.c3","L37 question.architecture.037.q2","","","","","","corroborated","Wikipedia gives a length of 73 m and 17 windows opposite 17 mirrors; guides give 21 mirrors per arch, 357 in all. (https://en.wikipedia.org/wiki/Hall_of_Mirrors https://study.com/academy/lesson/the-hall-of-mirrors-at-the-palace-of-versailles.html)",""
"fact.architecture.versailles_le_brun","source.versailles_hall_of_mirrors","unverified","Charles Le Brun painted 30 compositions on the Hall of Mirrors' vaulted ceiling, telling the story of Louis XIV's reign.","https://en.chateauversailles.fr/discover/estate/palace/hall-mirrors","L37 card.architecture.037.c3","L37 question.architecture.037.q2","","","","","","corroborated","Wikipedia says Charles Le Brun created the interior decoration of the Hall of Mirrors. (https://en.wikipedia.org/wiki/Hall_of_Mirrors)","one-page weak-pages"
"fact.architecture.versailles_mirrors_luxury","source.versailles_hall_of_mirrors","unverified","Mirrors were then a great luxury, and the hall showed that France's new mirror manufacture could rival Venice's monopoly; courtiers crossed it daily.","https://en.chateauversailles.fr/discover/estate/palace/hall-mirrors","L37 card.architecture.037.c4","L37 question.architecture.037.q2","","","","","","corroborated","Wikipedia says mirrors were a luxury product in the 17th century and the hall's mirrors broke the Venetian monopoly on mirror making in Europe. (https://en.wikipedia.org/wiki/Hall_of_Mirrors)","one-page weak-pages"
"fact.architecture.machupicchu_pachacuti","source.brit_machu_picchu","unverified","Machu Picchu was probably built in the mid-15th century as a palace estate for the Inca ruler Pachacuti.","https://www.britannica.com/place/Machu-Picchu","L38 card.architecture.038.c1","L38 question.architecture.038.q1","","","","","","corroborated","Wikipedia says it is estimated to have been built around 1450 and is believed to have been an estate for the Inca emperor Pachacuti. (https://en.wikipedia.org/wiki/Machu_Picchu)","one-page weak-pages"
"fact.architecture.machupicchu_pachacuti","source.history_machu_picchu_construction","unverified","Machu Picchu was probably built in the mid-15th century as a palace estate for the Inca ruler Pachacuti.","https://www.history.com/articles/machu-picchu-construction","L38 card.architecture.038.c1","L38 question.architecture.038.q1","","","","","","corroborated","Wikipedia says it is estimated to have been built around 1450 and is believed to have been an estate for the Inca emperor Pachacuti. (https://en.wikipedia.org/wiki/Machu_Picchu)","one-page weak-pages"
"fact.architecture.machupicchu_gravity","source.history_machu_picchu_construction","unverified","Machu Picchu's main walls are held together by gravity, not mortar: their blocks are joined almost perfectly beside and on top of each other.","https://www.history.com/articles/machu-picchu-construction","L38 card.architecture.038.c1; L38 card.architecture.038.c2","L38 question.architecture.038.q1","","","","","","corroborated","Wikipedia says Inca fine masonry features precisely cut and shaped stones closely fitted without mortar. (https://en.wikipedia.org/wiki/Inca_architecture)","one-page weak-pages"
"fact.architecture.machupicchu_polygonal","source.history_machu_picchu_construction","unverified","Inca builders shaped some large polygonal blocks exactly for their places in a wall; a famous stone in Cusco has 12 sides.","https://www.history.com/articles/machu-picchu-construction","L38 card.architecture.038.c2","L38 question.architecture.038.q1","","","","","","corroborated","Wikipedia pictures the Twelve-angled stone in Cusco's Hatun Rumiyoc street as an example of Inca masonry. (https://en.wikipedia.org/wiki/Inca_architecture)","one-page weak-pages"
"fact.architecture.machupicchu_mortar_known","source.history_machu_picchu_construction","unverified","The Inca knew mortar: a few small structures at Machu Picchu use it, but the largest walls are built completely without it.","https://www.history.com/articles/machu-picchu-construction","L38 card.architecture.038.c2","L38 question.architecture.038.q1","","","","","","corroborated","Wikipedia notes most Inca buildings were actually made of fieldstone set in mortar, with fine dry masonry reserved for important structures. (https://en.wikipedia.org/wiki/Inca_architecture)","one-page weak-pages"
"fact.architecture.machupicchu_restorations_fall","source.history_machu_picchu_construction","unverified","Yale archaeologist Richard Burger says that when an earthquake hits Machu Picchu, only the modern restorations fall.","https://www.history.com/articles/machu-picchu-construction","L38 card.architecture.038.c1","","","","","","","corroborated","Wikipedia confirms Richard L. Burger is a Yale professor who has led dating studies of Machu Picchu. (https://en.wikipedia.org/wiki/Machu_Picchu)","one-page weak-pages"
"fact.architecture.machupicchu_blocks_move","source.history_machu_picchu_construction","unverified","Machu Picchu's walls are thousands of interlocking, irregular blocks; it is suggested this makes them more earthquake-resistant because the stones can move in place.","https://www.history.com/articles/machu-picchu-construction","L38 card.architecture.038.c3","L38 question.architecture.038.q2","","","","","","corroborated","The USRA Earth Science Picture of the Day describes seismic-resistant features of the mortarless walls at Machu Picchu. (https://epod.usra.edu/blog/2013/05/seismic-resistant-features-of-machu-picchu.html)","one-page weak-pages"
"fact.architecture.machupicchu_1650_quake","source.history_machu_picchu_construction","unverified","In a massive earthquake in 1650, many Spanish colonial buildings in Cusco collapsed, while the Inca walls there and at Machu Picchu were unharmed.","https://www.history.com/articles/machu-picchu-construction","L38 card.architecture.038.c3","L38 question.architecture.038.q2","","","","","","corroborated","The USRA Earth Science Picture of the Day notes Inca walls in Cusco survived earthquakes that damaged later colonial buildings. (https://epod.usra.edu/blog/2013/05/seismic-resistant-features-of-machu-picchu.html)","one-page weak-pages"
"fact.architecture.machupicchu_anecdotal","source.history_machu_picchu_construction","unverified","Architectural historian Stella Nair notes that the evidence that Inca buildings endure earthquakes is anecdotal, without actual seismic research.","https://www.history.com/articles/machu-picchu-construction","L38 card.architecture.038.c3","L38 question.architecture.038.q2","","","","","","corroborated","The HISTORY article quotes Nair directly; Wikipedia likewise frames earthquake resistance as a common claim about Inca masonry rather than a measured result. (https://en.wikipedia.org/wiki/Inca_architecture)","one-page weak-pages"
"fact.architecture.machupicchu_underground","source.pbs_nova_wright_inca","unverified","Engineer Kenneth Wright estimates the Inca spent about 50 to 60 percent of their building effort at Machu Picchu underground, on foundations and site preparation.","https://www.pbs.org/wgbh/nova/article/wright-inca-engineering/","L38 card.architecture.038.c4","L38 question.architecture.038.q3","","","","","","corroborated","National Geographic reports Wright estimated 60 percent of the construction at Machu Picchu was underground, mainly foundations and crushed-rock drainage. (https://www.nationalgeographic.com/travel/article/machu-picchu-secrets)","one-page"
"fact.architecture.machupicchu_drainage","source.pbs_nova_wright_inca","unverified","Under the main plaza, Wright found topsoil over sandy gravel over a drainage layer of granite waste rock from stone cutting; about 76 inches of rain fall a year, and without good drainage there would be no Machu Picchu.","https://www.pbs.org/wgbh/nova/article/wright-inca-engineering/","L38 card.architecture.038.c4","L38 question.architecture.038.q3","","","","","","corroborated","Wright and Wright's engineering paper gives rainfall of about 1,940 mm a year (about 76 inches) and describes the site's drainage system. (https://api.mountainscholar.org/server/api/core/bitstreams/7d188961-f2f9-4241-9df1-b8c1845dcd4a/content)","one-page"
"fact.architecture.neuschwanstein_1869","source.neuschwanstein_building_history","unverified","Neuschwanstein was built for King Ludwig II of Bavaria; its foundation stone was laid on 5 September 1869.","https://www.neuschwanstein.de/englisch/palace/history.htm","L39 card.architecture.039.c1","","","","","","","corroborated","Wikipedia gives 5 September 1869 as the start of construction, for Ludwig II. (https://en.wikipedia.org/wiki/Neuschwanstein_Castle)","one-page weak-pages"
"fact.architecture.neuschwanstein_knights_letter","source.neuschwanstein_origins","unverified","Ludwig II wrote to Richard Wagner, whom he greatly admired, that he meant to build 'in the authentic style of the old German knights' castles'.","https://www.neuschwanstein.de/englisch/idea/index.htm","L39 card.architecture.039.c2","L39 question.architecture.039.q2","","","","","","corroborated","Wikipedia quotes Ludwig's 1868 letter to Wagner about rebuilding the castle ruin in the authentic style of the old German knights' castles. (https://en.wikipedia.org/wiki/Neuschwanstein_Castle)","one-page weak-pages"
"fact.architecture.neuschwanstein_jank_riedel","source.neuschwanstein_origins","unverified","Neuschwanstein's designs came from stage sets by the Munich scene painter Christian Jank, turned into plans by the architect Eduard Riedel.","https://www.neuschwanstein.de/englisch/idea/index.htm","L39 card.architecture.039.c2","L39 question.architecture.039.q2","","","","","","corroborated","Wikipedia lists Eduard Riedel as architect and Christian Jank, a theatrical set designer, among the designers. (https://en.wikipedia.org/wiki/Neuschwanstein_Castle)","one-page weak-pages"
"fact.architecture.neuschwanstein_jank_riedel","source.neuschwanstein_historicism","unverified","Neuschwanstein's designs came from stage sets by the Munich scene painter Christian Jank, turned into plans by the architect Eduard Riedel.","https://www.neuschwanstein.de/englisch/idea/histor.htm","L39 card.architecture.039.c2","L39 question.architecture.039.q2","","","","","","corroborated","Wikipedia lists Eduard Riedel as architect and Christian Jank, a theatrical set designer, among the designers. (https://en.wikipedia.org/wiki/Neuschwanstein_Castle)","one-page weak-pages"
"fact.architecture.neuschwanstein_copies_nothing","source.neuschwanstein_historicism","unverified","Neuschwanstein copies no existing building: it is an example of historicism, combining motifs from the Wartburg with castles from medieval book illustrations.","https://www.neuschwanstein.de/englisch/idea/histor.htm","L39 card.architecture.039.c2","L39 question.architecture.039.q2","","","","","","corroborated","Wikipedia says the inspiration came partly from Ludwig's 1867 visit to the reconstructed Wartburg and describes the castle as a work of historicism. (https://en.wikipedia.org/wiki/Neuschwanstein_Castle)","one-page weak-pages"
"fact.architecture.neuschwanstein_real_king","source.neuschwanstein_origins","unverified","After Bavaria lost a war to Prussia in 1866, Ludwig II was no longer a sovereign ruler; from 1867 he planned castles and palaces where he could be a real king.","https://www.neuschwanstein.de/englisch/idea/index.htm","L39 card.architecture.039.c3","","","","","","","corroborated","Wikipedia's article on Ludwig II describes Bavaria's defeat alongside Austria in 1866 and its forced alliance with Prussia. (https://en.wikipedia.org/wiki/Ludwig_II_of_Bavaria)","one-page weak-pages"
"fact.architecture.neuschwanstein_hohenschwangau","source.neuschwanstein_origins","unverified","Ludwig's father, Maximilian II, had the ruined castle of Hohenschwangau nearby rebuilt in the 'Gothic style' from 1832.","https://www.neuschwanstein.de/englisch/idea/index.htm","L39 card.architecture.039.c3","","","","","","","corroborated","Wikipedia says crown prince Maximilian bought Hohenschwangau back in 1832 and had it rebuilt. (https://en.wikipedia.org/wiki/Hohenschwangau_Castle)","one-page weak-pages"
"fact.architecture.neuschwanstein_brick_steel","source.neuschwanstein_building_history","unverified","Neuschwanstein's walls are brick with light limestone used only as cladding, and its Throne Hall was built as an encased steel construction.","https://www.neuschwanstein.de/englisch/palace/history.htm","L39 card.architecture.039.c4","L39 question.architecture.039.q1; L39 question.architecture.039.q3","","","","","","corroborated","Wikipedia says the palace was erected as a conventional brick construction later encased in stone, and the Throne Hall required a steel framework. (https://en.wikipedia.org/wiki/Neuschwanstein_Castle)","one-page weak-pages"
"fact.architecture.neuschwanstein_comforts","source.neuschwanstein_interior","unverified","Neuschwanstein had hot-air central heating, running water on every floor, automatically flushing toilets, electric bells to call servants, and telephones on two floors.","https://www.neuschwanstein.de/englisch/palace/interior.htm","L39 card.architecture.039.c1; L39 card.architecture.039.c4","L39 question.architecture.039.q1; L39 question.architecture.039.q3","","","","","","corroborated","Wikipedia lists a battery-powered bell system, telephone lines, hot-air central heating, running warm water and toilets with automatic flushing. (https://en.wikipedia.org/wiki/Neuschwanstein_Castle)","one-page weak-pages"
"fact.architecture.neuschwanstein_retreat_opened","source.neuschwanstein_today","unverified","Ludwig II built Neuschwanstein to withdraw from public life; it was unfinished when he died in 1886 and opened to the public within weeks.","https://www.neuschwanstein.de/englisch/palace/index.htm","L39 card.architecture.039.c1; L39 card.architecture.039.c4","L39 question.architecture.039.q1; L39 question.architecture.039.q3","","","","","","corroborated","Wikipedia says the king never intended the palace to be public and that it was opened to paying visitors about six weeks after his death. (https://en.wikipedia.org/wiki/Neuschwanstein_Castle)","one-page weak-pages"
"fact.architecture.neuschwanstein_retreat_opened","source.neuschwanstein_building_history","unverified","Ludwig II built Neuschwanstein to withdraw from public life; it was unfinished when he died in 1886 and opened to the public within weeks.","https://www.neuschwanstein.de/englisch/palace/history.htm","L39 card.architecture.039.c1; L39 card.architecture.039.c4","L39 question.architecture.039.q1; L39 question.architecture.039.q3","","","","","","corroborated","Wikipedia says the king never intended the palace to be public and that it was opened to paying visitors about six weeks after his death. (https://en.wikipedia.org/wiki/Neuschwanstein_Castle)","one-page weak-pages"
"fact.architecture.castles_1494_guns","source.brit_castle","unverified","When French troops marched through Italy in 1494, their guns reduced castle after castle with astonishing speed.","https://www.britannica.com/technology/castle-architecture","L40 card.architecture.040.c1","L40 question.architecture.040.q1","","","","","","corroborated","Wikipedia says Charles VIII entered Italy in September 1494 with about 30,000 troops equipped with modern artillery. (https://en.wikipedia.org/wiki/Italian_War_of_1494%E2%80%931498)","one-page weak-pages"
"fact.architecture.castles_age_ends","source.brit_castle","unverified","With firearms, the age of the medieval castle came to an end and the era of modern military fortification began.","https://www.britannica.com/technology/castle-architecture","L40 card.architecture.040.c1","L40 question.architecture.040.q1","","","","","","corroborated","Wikipedia's article on the transition from the medieval castle to the early modern fortress describes castles giving way to artillery fortresses. (https://en.wikipedia.org/wiki/Transition_from_the_Medieval_Castle_to_the_Early_Modern_Fortress)","one-page weak-pages"
"fact.architecture.castles_privacy_rooms","source.eh_castles_through_time","unverified","As medieval households grew and lords wanted more privacy, they built larger ranges of rooms inside their castles.","https://www.english-heritage.org.uk/castles/castles-through-time/","L40 card.architecture.040.c2","L40 question.architecture.040.q2; L40 question.architecture.040.q3","","","","","","corroborated","Wikipedia's castle article describes later castles increasingly emphasising comfort and residential accommodation. (https://en.wikipedia.org/wiki/Castle)","one-page weak-pages"
"fact.architecture.castles_bodiam_windows","source.eh_castles_through_time","unverified","At castles like Bodiam, buildings were set around a central courtyard with a tower at each corner, so their inner faces could risk large windows.","https://www.english-heritage.org.uk/castles/castles-through-time/","L40 card.architecture.040.c2","L40 question.architecture.040.q2; L40 question.architecture.040.q3","","","","","","corroborated","Wikipedia describes Bodiam (1385) as a quadrangular castle with corner towers and comments on its large windows and elements of display. (https://en.wikipedia.org/wiki/Bodiam_Castle)","one-page weak-pages"
"fact.architecture.castles_tudor_country_houses","source.eh_castles_through_time","unverified","Under the strong central rule of the Tudors, barons in England stopped building castles and moved into country houses.","https://www.english-heritage.org.uk/castles/castles-through-time/","L40 card.architecture.040.c2","L40 question.architecture.040.q2; L40 question.architecture.040.q3","","","","","","corroborated","Wikipedia's castle article says castles declined in the 16th century as fortified residences gave way to country houses. (https://en.wikipedia.org/wiki/Castle)","one-page weak-pages"
"fact.architecture.home_vitruvius_climate_style","source.gutenberg_vitruvius_morgan","unverified","Vitruvius opened Book VI of De architectura with climate as what determines the style of a house: one style suits Egypt, another Spain, another Pontus, another Rome.","https://www.gutenberg.org/files/20239/20239-h/20239-h.htm","L41 card.architecture.041.c1","","","","","","","corroborated","Joseph Gwilt's translation of Book VI ch. 1 (LacusCurtius) says the method suited to Egypt would be improper in Spain, and that of Pontus absurd at Rome. (https://penelope.uchicago.edu/Thayer/E/Roman/Texts/Vitruvius/6*.html)","one-page"
"fact.architecture.home_vitruvius_north_south","source.gutenberg_vitruvius_morgan","unverified","Vitruvius advised that in the north houses be roofed over and sheltered as much as possible, facing a warm exposure, and in hot southern countries be built more in the open, facing north or north-east.","https://www.gutenberg.org/files/20239/20239-h/20239-h.htm","L41 card.architecture.041.c2","L41 question.architecture.041.q2","","","","","","corroborated","Gwilt's translation: in the north buildings should be arched and enclosed, facing the warmer aspects; in the hot south they should be exposed and turned toward the north and east. (https://penelope.uchicago.edu/Thayer/E/Roman/Texts/Vitruvius/6*.html)","one-page"
"fact.architecture.home_vitruvius_amend_by_art","source.gutenberg_vitruvius_morgan","unverified","In Morgan's translation, Vitruvius says designing for climate lets us 'amend by art what nature, if left to herself, would mar.'","https://www.gutenberg.org/files/20239/20239-h/20239-h.htm","L41 card.architecture.041.c2","L41 question.architecture.041.q2","","","","","","corroborated","Wikisource's separate copy of Morgan's translation (Book VI) contains the same sentence. (https://en.wikisource.org/wiki/Ten_Books_on_Architecture/Book_VI)","one-page"
"fact.architecture.home_roof_pitch_rain","source.brit_roof","unverified","The earliest roofs were probably thatched with straw, leaves, branches or reeds, and were usually set at a slope, or pitch, so rainfall could drain off them.","https://www.britannica.com/technology/roof","L41 card.architecture.041.c3","L41 question.architecture.041.q1","","","","","","corroborated","Wikipedia's Thatching article: thatch of straw, reed or other dry vegetation is layered so as to shed water away from the inner roof. (https://en.wikipedia.org/wiki/Thatching)","one-page weak-pages"
"fact.architecture.home_flat_roof_arid","source.brit_roof","unverified","Flat roofs have historically been widely used in the Middle East, the American Southwest and anywhere the climate is arid, where draining water off the roof matters less.","https://www.britannica.com/technology/roof","L41 card.architecture.041.c3","L41 question.architecture.041.q1","","","","","","corroborated","Wikipedia's Flat roof article: flat roofs are an ancient form mostly used in arid climates. (https://en.wikipedia.org/wiki/Flat_roof)","one-page weak-pages"
"fact.architecture.home_vernacular_definition","source.icomos_vernacular_charter","unverified","ICOMOS's 1999 Charter on the Built Vernacular Heritage calls vernacular building the traditional and natural way by which communities house themselves.","https://www.icomos.org/images/DOCUMENTS/Charters/vernacular_e.pdf","L41 card.architecture.041.c4; L50 card.architecture.050.c1","L41 question.architecture.041.q3","","","","","","corroborated","ICOMOS Turkey's copy of the charter and a copy held by Concerned Historians carry the same definition and the October 1999 ratification in Mexico. (https://www.icomos.org.tr/Dosyalar/ICOMOSTR_en0464200001536913566.pdf https://www.concernedhistorians.org/content_files/file/et/86.pdf)",""
"fact.architecture.home_vernacular_traits","source.icomos_vernacular_charter","unverified","The charter says vernacular building can be recognized by a manner of building shared by the community, a local character that responds to the environment, and expertise passed on informally.","https://www.icomos.org/images/DOCUMENTS/Charters/vernacular_e.pdf","L41 card.architecture.041.c4","L41 question.architecture.041.q3","","","","","","corroborated","Wikipedia's Vernacular architecture article: traditional architecture is passed down from person to person, generation to generation, and responds to the local climate. (https://en.wikipedia.org/wiki/Vernacular_architecture)","one-page weak-pages"
"fact.architecture.home_iglu_meaning","source.tce_igloo","unverified","Iglu means 'house' in Inuktitut; the snow iglu, or igloo, was a winter home and hunting-ground dwelling of Inuit in Canada and Greenland.","https://thecanadianencyclopedia.ca/en/article/igloo","L42 card.architecture.042.c1","L42 question.architecture.042.q1","","","","","","corroborated","Wikipedia's Igloo article: iglu is Inuktitut for house; snow igloos were traditionally used by people of Canada's Central Arctic and Greenland's Qaanaaq area. (https://en.wikipedia.org/wiki/Igloo)","one-page weak-pages"
"fact.architecture.home_iglu_meaning","source.brit_igloo","unverified","Iglu means 'house' in Inuktitut; the snow iglu, or igloo, was a winter home and hunting-ground dwelling of Inuit in Canada and Greenland.","https://www.britannica.com/technology/igloo","L42 card.architecture.042.c1","L42 question.architecture.042.q1","","","","","","corroborated","Wikipedia's Igloo article: iglu is Inuktitut for house; snow igloos were traditionally used by people of Canada's Central Arctic and Greenland's Qaanaaq area. (https://en.wikipedia.org/wiki/Igloo)","one-page weak-pages"
"fact.architecture.home_igloo_build_time","source.brit_igloo","unverified","An experienced Inuit builder can build a snow igloo in one to two hours.","https://www.britannica.com/technology/igloo","L42 card.architecture.042.c1","L42 question.architecture.042.q1","","","","","","corroborated","HowStuffWorks and Tahoe Quarterly report that an experienced builder can finish an igloo in about an hour, while novices take hours longer. (https://people.howstuffworks.com/igloo.htm https://tahoequarterly.com/features/igloos-ice-palaces-and-quinzhees-the-improbable-world-of-snow-structures)",""
"fact.architecture.home_igloo_blocks","source.tce_igloo","unverified","Igloo builders use knives of whalebone or metal to cut large blocks of hard snow, which form inward-leaning walls built in a spiral from inside.","https://thecanadianencyclopedia.ca/en/article/igloo","L42 card.architecture.042.c2","L42 question.architecture.042.q3","","","","","","corroborated","Britannica: blocks are cut from compact snow with a snow knife and laid in a spiral drawn inward to a dome. (https://www.britannica.com/technology/igloo)","one-page"
"fact.architecture.home_igloo_spiral","source.brit_igloo","unverified","The top surfaces of the first ring of blocks are shaved at a slope to form the first rung of a spiral; more blocks follow the spiral inward until the dome is complete.","https://www.britannica.com/technology/igloo","L42 card.architecture.042.c2","L42 question.architecture.042.q3","","","","","","corroborated","The Canadian Encyclopedia: blocks form inward-leaning walls built in a spiral fashion from within; Wikipedia's Igloo article illustrates the spiral snow-brick laying method. (https://thecanadianencyclopedia.ca/en/article/igloo https://en.wikipedia.org/wiki/Igloo)",""
"fact.architecture.home_igloo_snow_insulates","source.tce_igloo","unverified","The hard snow walls of an igloo are good insulators that keep in body heat and the heat of oil lamps (qulliq); solid ice holds heat less well than compressed snow.","https://thecanadianencyclopedia.ca/en/article/igloo","L42 card.architecture.042.c3; L50 card.architecture.050.c3","L42 question.architecture.042.q2; L50 question.architecture.050.q3","","","","","","corroborated","Wikipedia's Igloo article: snow is used because the air pockets trapped in it make it an insulator. (https://en.wikipedia.org/wiki/Igloo)","one-page weak-pages"
"fact.architecture.home_igloo_tiers","source.tce_igloo","unverified","Some igloos have tiered floors so that people can sleep above the lowest level, where it is warmer.","https://thecanadianencyclopedia.ca/en/article/igloo","L42 card.architecture.042.c3; L50 card.architecture.050.c3","L42 question.architecture.042.q2; L50 question.architecture.050.q3","","","","","","corroborated","Wikipedia's Igloo article: the sleeping platform is raised; warm air rises and the low entrance acts as a cold trap. (https://en.wikipedia.org/wiki/Igloo https://www.mentalfloss.com/science/physics/how-igloos-stay-warm)",""
"fact.architecture.home_igloo_refreeze","source.tce_igloo","unverified","Warmth inside and cold Arctic air outside strengthen an igloo, because any thawing sections freeze again.","https://thecanadianencyclopedia.ca/en/article/igloo","L42 card.architecture.042.c3","L42 question.architecture.042.q2; L50 question.architecture.050.q3","","","","","","corroborated","Wikipedia's Igloo article: melting and refreezing builds up a layer of ice that contributes to the strength of the igloo. (https://en.wikipedia.org/wiki/Igloo)","one-page weak-pages"
"fact.architecture.home_igloo_inside_temp","source.tce_igloo","unverified","Temperatures inside an igloo are often just above freezing, but can reach about 15 degrees C, depending on how many people are inside and whether an oil lamp burns.","https://thecanadianencyclopedia.ca/en/article/igloo","L42 card.architecture.042.c4","","","","","","","corroborated","Wikipedia's Igloo article gives inside temperatures from about -7 to 16 degrees C when warmed by body heat alone. (https://en.wikipedia.org/wiki/Igloo)","one-page weak-pages"
"fact.architecture.home_igloo_lamp_life","source.tce_igloo","unverified","Inuit traditionally kept their fur-lined clothes on inside the igloo by day, and the oil lamp was the centre of social life, where people cooked, ate, warmed up and talked.","https://thecanadianencyclopedia.ca/en/article/igloo","L42 card.architecture.042.c4","","","","","","","corroborated","Britannica: the major furnishing is a shallow saucer burning seal blubber for heat and light. (https://www.britannica.com/technology/igloo)","one-page"
"fact.architecture.home_ger_portable","source.unesco_ich_mongol_ger","unverified","The Mongol ger is light enough for nomads to carry, flexible enough to fold and pack, and sturdy enough to be dismantled and reassembled.","https://ich.unesco.org/en/RL/traditional-craftsmanship-of-the-mongol-ger-and-its-associated-customs-00872","L43 card.architecture.043.c1","","","","","","","corroborated","Wikipedia's Yurt article: a portable round tent used by nomadic groups of Inner Asia; Discover Mongolia: a ger can be packed up, moved and rebuilt within a few hours. (https://en.wikipedia.org/wiki/Yurt https://www.discovermongolia.mn/about-mongolia/culture-art-history/ger-mongolian-traditional-dwelling)",""
"fact.architecture.home_yurt_pasture","source.brit_yurt","unverified","A yurt is pitched wherever the nomad finds good pasture for the herds and is carried from place to place on horseback or on a small wagon.","https://www.britannica.com/technology/yurt","L43 card.architecture.043.c1","","","","","","","corroborated","Discover Mongolia: herders move their gers with the seasons; Wikipedia's Yurt article describes nomadic herding with yurts in Central Asia. (https://www.discovermongolia.mn/about-mongolia/culture-art-history/ger-mongolian-traditional-dwelling https://en.wikipedia.org/wiki/Yurt)",""
"fact.architecture.home_ger_structure","source.unesco_ich_mongol_ger","unverified","A ger is a round structure of walls, poles and a peaked roof on a painted wooden frame, covered with white felt and canvas and tightened with ropes of animal hair.","https://ich.unesco.org/en/RL/traditional-craftsmanship-of-the-mongol-ger-and-its-associated-customs-00872","L43 card.architecture.043.c2","L43 question.architecture.043.q1","","","","","","corroborated","Wikipedia's Yurt article: lattice walls, rafters and a crown wheel covered and insulated with felt; Discover Mongolia describes the wooden frame, felt and canvas. (https://en.wikipedia.org/wiki/Yurt https://www.discovermongolia.mn/about-mongolia/culture-art-history/ger-mongolian-traditional-dwelling)",""
"fact.architecture.home_ger_felt_layers","source.yurtinfo_yurt_faq","unverified","The felt cover suits the cold, dry steppes, and nomads add extra layers of felt when the temperature drops.","https://www.yurtinfo.org/yurt-faq","L43 card.architecture.043.c2","L43 question.architecture.043.q1","","","","","","corroborated","Discover Mongolia: thick layers of felt keep the ger warm in winter; Wikipedia: yurts are insulated with felt. (https://www.discovermongolia.mn/about-mongolia/culture-art-history/ger-mongolian-traditional-dwelling https://en.wikipedia.org/wiki/Yurt)",""
"fact.architecture.home_ger_wind","source.unesco_ich_mongol_ger","unverified","The ger can withstand Mongolia's fierce spring winds.","https://ich.unesco.org/en/RL/traditional-craftsmanship-of-the-mongol-ger-and-its-associated-customs-00872","L43 card.architecture.043.c2","L43 question.architecture.043.q1","","","","","","corroborated","Discover Mongolia: the ger's round shape resists strong wind. (https://www.discovermongolia.mn/about-mongolia/culture-art-history/ger-mongolian-traditional-dwelling)","one-page"
"fact.architecture.home_ger_word","source.yurtinfo_yurt_faq","unverified","The Mongolian word ger simply means 'dwelling'; in the West, yurt has become the common word for the round nomad homes of Central Asia, including the Mongolian ger.","https://www.yurtinfo.org/yurt-faq","L43 card.architecture.043.c1; L43 card.architecture.043.c2","L43 question.architecture.043.q1","","","","","","corroborated","Discover Mongolia: 'ger' is the Mongolian name for the dwelling, while 'yurt' is a Russian-derived term Mongolians don't generally use. (https://www.discovermongolia.mn/about-mongolia/culture-art-history/ger-mongolian-traditional-dwelling)","one-page"
"fact.architecture.home_ger_family","source.unesco_ich_mongol_ger","unverified","Taking down and putting up a ger is always a family operation, and children learn by watching their elders.","https://ich.unesco.org/en/RL/traditional-craftsmanship-of-the-mongol-ger-and-its-associated-customs-00872","L43 card.architecture.043.c4","","","","","","","corroborated","ichLinks (the ICH archive for Asia and the Pacific) records that dismantling and reassembling the ger are family operations, with children learning by watching elders. (https://www.ichlinks.com/archive/elements/elementsV.do?nation=MN&elementsUid=13829896140267001030)","one-page"
"fact.architecture.home_ger_crafts","source.unesco_ich_mongol_ger","unverified","Men carve the ger's wood while women and men paint, sew, stitch and make felt; cutting wool and making felt are usually communal work.","https://ich.unesco.org/en/RL/traditional-craftsmanship-of-the-mongol-ger-and-its-associated-customs-00872","L43 card.architecture.043.c4","","","","","","","corroborated","The Committee decision 8.COM 8.20 and ichLinks describe men carving the wood, women and men painting, sewing and felt-making, and communal wool and felt work. (https://ich.unesco.org/en/decisions/8.COM/8.20 https://www.ichlinks.com/archive/elements/elementsV.do?nation=MN&elementsUid=13829896140267001030)",""
"fact.architecture.home_ger_unesco_2013","source.unesco_ich_mongol_ger","unverified","In 2013, UNESCO inscribed the traditional craftsmanship of the Mongol ger on its Representative List of the Intangible Cultural Heritage of Humanity.","https://ich.unesco.org/en/RL/traditional-craftsmanship-of-the-mongol-ger-and-its-associated-customs-00872","L43 card.architecture.043.c4","","","","","","","corroborated","Committee decision 8.COM 8.20 (December 2013) inscribed the element; ichLinks gives 2013 as the inscription year. (https://ich.unesco.org/en/decisions/8.COM/8.20 https://www.ichlinks.com/archive/elements/elementsV.do?nation=MN&elementsUid=13829896140267001030)",""
"fact.architecture.home_yurt_compression_ring","source.yurtinfo_yurt_faq","unverified","In a yurt, the roof poles meet in a center ring, which holds them in a state of compression.","https://www.yurtinfo.org/yurt-faq","L43 card.architecture.043.c3; L50 card.architecture.050.c3","L43 question.architecture.043.q2; L43 question.architecture.043.q3; L50 question.architecture.050.q4","","","","","","corroborated","Wikipedia's Yurt article: the roof has a wheel, also called crown or compression ring. (https://en.wikipedia.org/wiki/Yurt)","one-page weak-pages"
"fact.architecture.home_yurt_tension_band","source.yurtinfo_yurt_faq","unverified","Where a yurt's roof poles meet the wall they push outward; a band of rope, woven cloth or wire cable at the top of the wall holds them in tension against this push.","https://www.yurtinfo.org/yurt-faq","L43 card.architecture.043.c3; L50 card.architecture.050.c3","L43 question.architecture.043.q2; L43 question.architecture.043.q3; L50 question.architecture.050.q4","","","","","","corroborated","Wikipedia's Yurt article: the top of the wall is prevented from spreading by a tension band that opposes the force of the roof ribs. (https://en.wikipedia.org/wiki/Yurt)","one-page weak-pages"
"fact.architecture.home_yurt_no_inner_supports","source.yurtinfo_yurt_faq","unverified","The central compression ring plus the tension band lets a yurt roof span its room without internal posts, trusses or beams.","https://www.yurtinfo.org/yurt-faq","L43 card.architecture.043.c3","L43 question.architecture.043.q2; L43 question.architecture.043.q3; L50 question.architecture.050.q4","","","","","","corroborated","Wikipedia's Yurt article describes self-supporting yurts whose walls are kept from spreading by the tension band. (https://en.wikipedia.org/wiki/Yurt)","one-page weak-pages"
"fact.architecture.home_taos_built","source.taospueblo_about","unverified","The multi-storied adobe homes of the people of Taos Pueblo, in northern New Mexico, are estimated to have been built between 1000 and 1450 CE.","https://taospueblo.com/about/","L44 card.architecture.044.c1","","","","","","","corroborated","Wikipedia's Taos Pueblo article: the oldest building still standing was built around 1000, with more built in the late 1200s and early 1300s. (https://en.wikipedia.org/wiki/Taos_Pueblo)","one-page weak-pages"
"fact.architecture.home_taos_tiwa_unesco","source.taospueblo_about","unverified","Tiwa is the native language of the people of Taos Pueblo, which became a UNESCO World Heritage Site in 1992.","https://taospueblo.com/about/","L44 card.architecture.044.c1","","","","","","","corroborated","Wikipedia's Taos Pueblo article: an ancient Tiwa pueblo, designated a World Heritage Site in 1992 (16th session). (https://en.wikipedia.org/wiki/Taos_Pueblo)","one-page weak-pages"
"fact.architecture.home_taos_family_homes","source.taospueblo_about","unverified","At Taos Pueblo each home is owned by an individual family, which is responsible for maintaining it in the traditional way.","https://taospueblo.com/about/","L44 card.architecture.044.c1","","","","","","","corroborated","Wikipedia's Taos Pueblo article: about 150 people live in the historic pueblo full-time, and conservation work covers the restoration of its houses. (https://en.wikipedia.org/wiki/Taos_Pueblo)","one-page weak-pages"
"fact.architecture.home_adobe_mix","source.taospueblo_about","unverified","Taos Pueblo is made entirely of adobe: earth mixed with water and straw, then either poured into forms or made into sun-dried bricks.","https://taospueblo.com/about/","L44 card.architecture.044.c2","L44 question.architecture.044.q1","","","","","","corroborated","The NPS adobe preservation brief: adobe bricks of sand, clay, water and often straw, formed in molds and dried by the sun. (https://home.nps.gov/orgs/1739/upload/preservation-brief-05-adobe.pdf)","one-page"
"fact.architecture.home_adobe_straw","source.nps_preservation_brief_adobe","unverified","Straw or grass in adobe bricks doesn't make them stronger, but it helps them shrink more evenly as they dry.","https://home.nps.gov/orgs/1739/upload/preservation-brief-05-adobe.pdf","L44 card.architecture.044.c2","L44 question.architecture.044.q1","","","","","","corroborated","Wikipedia's Adobe article and InterNACHI's adobe guide: straw helps the bricks shrink more uniformly as they dry. (https://en.wikipedia.org/wiki/Adobe https://www.nachi.org/adobe-inspection.htm)",""
"fact.architecture.home_taos_vigas","source.taospueblo_about","unverified","At Taos Pueblo, the roofs of each story are supported by large timbers called vigas, hauled down from the mountain forests.","https://taospueblo.com/about/","L44 card.architecture.044.c2","L44 question.architecture.044.q1","","","","","","corroborated","Wikipedia's Taos Pueblo article: spruce logs, or vigas, supported roofs covered with layers of branches, grass, mud and plaster. (https://en.wikipedia.org/wiki/Taos_Pueblo)","one-page weak-pages"
"fact.architecture.home_adobe_unfired","source.nps_preservation_brief_adobe","unverified","Adobe bricks are not fired in a kiln, so they never permanently harden; they swell and shrink with their water content and grow weaker the wetter they get.","https://home.nps.gov/orgs/1739/upload/preservation-brief-05-adobe.pdf","L44 card.architecture.044.c4","L44 question.architecture.044.q3","","","","","","corroborated","Wikipedia's Adobe article: traditional adobe bricks are unfired masonry units, and adobe walls require protection from moisture. (https://en.wikipedia.org/wiki/Adobe)","one-page weak-pages"
"fact.architecture.home_adobe_water_enemy","source.nps_preservation_brief_adobe","unverified","Adobe buildings deteriorate mainly because of moisture, so their survival depends on how well they shed water.","https://home.nps.gov/orgs/1739/upload/preservation-brief-05-adobe.pdf","L44 card.architecture.044.c4","L44 question.architecture.044.q3","","","","","","corroborated","Wikipedia's Adobe article: adobe walls require protection from moisture, and some cultures used lime plaster against rain damage. (https://en.wikipedia.org/wiki/Adobe)","one-page weak-pages"
"fact.architecture.home_taos_replaster","source.taospueblo_about","unverified","The outside surfaces of Taos Pueblo are continuously maintained by replastering them with thick layers of a mud and straw mixture.","https://taospueblo.com/about/","L44 card.architecture.044.c4","L44 question.architecture.044.q3","","","","","","corroborated","Wikipedia's Adobe article pictures the renewal of an adobe wall's surface coating in Chamisal, New Mexico; the NPS brief shows recoating with mud plaster mixed with straw. (https://en.wikipedia.org/wiki/Adobe https://home.nps.gov/orgs/1739/upload/preservation-brief-05-adobe.pdf)",""
"fact.architecture.home_mud_plaster_bonds","source.nps_preservation_brief_adobe","unverified","Mud plaster bonds to adobe because the two are made of the same materials: clay, sand, water and straw or grass.","https://home.nps.gov/orgs/1739/upload/preservation-brief-05-adobe.pdf","L44 card.architecture.044.c4","L44 question.architecture.044.q3","","","","","","corroborated","Wikipedia's Adobe article: because mud mortar and adobe bricks respond alike to moisture and temperature, mud has historically given a more compatible bond than cement. (https://en.wikipedia.org/wiki/Adobe)","one-page weak-pages"
"fact.architecture.home_thermal_mass_store","source.pnnl_basc_thermal_mass","unverified","Thermal mass is a material's ability to store heat; masonry materials tend to have high thermal mass.","https://basc.pnnl.gov/resource-guides/high-thermal-mass-construction","L44 card.architecture.044.c3; L50 card.architecture.050.c3","L44 question.architecture.044.q2; L50 question.architecture.050.q5","","","","","","corroborated","Wikipedia's Thermal mass article: most writers use it as a synonym for heat capacity, the ability to store thermal energy; its Adobe article credits adobe's great thermal mass. (https://en.wikipedia.org/wiki/Thermal_mass https://en.wikipedia.org/wiki/Adobe)","weak-pages"
"fact.architecture.home_thermal_time_lag","source.pnnl_basc_thermal_mass","unverified","In a house with high-thermal-mass walls, the inside temperature peaks a few hours after the outdoor peak, and the damping is greater where day-night temperature swings are larger.","https://basc.pnnl.gov/resource-guides/high-thermal-mass-construction","L44 card.architecture.044.c3; L50 card.architecture.050.c3","L44 question.architecture.044.q2; L50 question.architecture.050.q5","","","","","","corroborated","BuildingGreen and the Decarb Healthcare guidebook: heat through a high-mass wall peaks hours later, into the night; thermal mass evens out temperature fluctuations. (https://www.buildinggreen.com/feature/thermal-mass-and-r-value-making-sense-confusing-issue https://decarbhealthcare.com/guidebook/542)",""
"fact.architecture.home_rumah_panggung_floods","source.jamba_stilt_houses_south_sumatra","unverified","Along the Musi River in South Sumatra, Indonesia, traditional stilt houses called rumah panggung stand about 1 to 2 m up, staying safe when floods reach an adult's knees or waist, as water flows beneath.","https://pmc.ncbi.nlm.nih.gov/articles/PMC12869454/","L45 card.architecture.045.c2; L50 card.architecture.050.c3","L45 question.architecture.045.q2; L50 question.architecture.050.q6","","","","","","corroborated","Wikipedia's Stilt house article: stilt houses are primarily built to protect against flooding, and they mitigate flood damage. (https://en.wikipedia.org/wiki/Stilt_house)","one-page weak-pages"
"fact.architecture.home_rumah_panggung_air","source.jamba_stilt_houses_south_sumatra","unverified","The open space beneath a rumah panggung lets in air and light, reducing the humidity that damages the wooden structure.","https://pmc.ncbi.nlm.nih.gov/articles/PMC12869454/","L45 card.architecture.045.c2","L45 question.architecture.045.q2; L50 question.architecture.050.q6","","","","","","corroborated","Wikipedia's Stilt house article: houses are raised on piles, with the space underneath used for storage or domestic animals, keeping living floors off damp ground and water. (https://en.wikipedia.org/wiki/Stilt_house)","one-page weak-pages"
"fact.architecture.home_alps_pile_dwellings","source.palafittes_pile_dwellings","unverified","Around the Alps, from about 5000 to 500 BC, people built wooden houses on piles in or near water: on and in lakes, on river banks and in bogs.","https://www.palafittes.org/","L45 card.architecture.045.c1","L45 question.architecture.045.q1","","","","","","corroborated","Wikipedia's Prehistoric pile dwellings around the Alps article lists sites occupied between about 5000 and 500 BC. (https://en.wikipedia.org/wiki/Prehistoric_pile_dwellings_around_the_Alps)","one-page weak-pages"
"fact.architecture.home_alps_pile_construction","source.brit_lake_dwellings","unverified","Alpine lake dwellers burned their wooden piles to a point, drove them deep into the mud, packed heavy stones around them, and laid a platform of tree trunks and branches on top.","https://www.britannica.com/topic/Lake-Dwellings","L45 card.architecture.045.c3","L45 question.architecture.045.q3","","","","","","corroborated","Palafittes.org: pile dwellings are the remains of wooden houses built on piles in or near water around the Alps. (https://www.palafittes.org/)","one-page"
"fact.architecture.home_alps_keller_debate","source.brit_lake_dwellings","unverified","In the mid-19th century the Swiss archaeologist Ferdinand Keller argued the houses stood on platforms over the water; researchers now think they may have stood over swampy lake shore.","https://www.britannica.com/topic/Lake-Dwellings","L45 card.architecture.045.c4","","","","","","","corroborated","Wikipedia's Stilt house article: early archaeologists like Ferdinand Keller thought they formed artificial islands, but most settlements stood on lake shores and were inundated later. (https://en.wikipedia.org/wiki/Stilt_house)","one-page weak-pages"
"fact.architecture.home_alps_unesco_2011","source.palafittes_pile_dwellings","unverified","The wet ground preserved the pile dwellings' wood so well that 111 sites in six countries were inscribed as a UNESCO World Heritage Site in 2011.","https://www.palafittes.org/","L45 card.architecture.045.c4","","","","","","","corroborated","Wikipedia: in 2011, 111 sites in Switzerland, Italy, Germany, France, Austria and Slovenia were added to the World Heritage List. (https://en.wikipedia.org/wiki/Prehistoric_pile_dwellings_around_the_Alps)","one-page weak-pages"
"fact.architecture.home_domus_atrium","source.brit_atrium","unverified","A Roman house's atrium was an open central court; rainwater came in through an opening in the roof, the compluvium, into a marble basin below, the impluvium.","https://www.britannica.com/technology/atrium-architecture","L46 card.architecture.046.c2","L46 question.architecture.046.q1","","","","","","corroborated","Wikipedia's Impluvium article: the impluvium, the sunken part of the atrium, caught rainwater falling from the compluvium in the roof. (https://en.wikipedia.org/wiki/Impluvium)","one-page weak-pages"
"fact.architecture.home_domus_peristyle","source.brit_domus","unverified","In larger Roman houses, the family's private rooms clustered around a colonnaded court, the peristyle, beyond the atrium.","https://www.britannica.com/technology/domus-dwelling","L46 card.architecture.046.c2","L46 question.architecture.046.q1","","","","","","corroborated","Wikipedia's Domus article: wealthy homes combined the Etruscan atrium house with the Hellenistic peristyle house. (https://en.wikipedia.org/wiki/Domus)","one-page weak-pages"
"fact.architecture.home_domus_peristyle","source.brit_atrium","unverified","In larger Roman houses, the family's private rooms clustered around a colonnaded court, the peristyle, beyond the atrium.","https://www.britannica.com/technology/atrium-architecture","L46 card.architecture.046.c2","L46 question.architecture.046.q1","","","","","","corroborated","Wikipedia's Domus article: wealthy homes combined the Etruscan atrium house with the Hellenistic peristyle house. (https://en.wikipedia.org/wiki/Domus)","one-page weak-pages"
"fact.architecture.home_insula_replaced_domus","source.brit_apartment_house","unverified","In the great cities of the Roman Empire, crowding meant that by early imperial times the private house had given way to the insula, except for the very wealthy.","https://www.britannica.com/technology/apartment-house","L46 card.architecture.046.c1; L48 card.architecture.048.c3","","","","","","","corroborated","UNRV and Common Edge: insulae housed the majority of Rome's urban population. (https://www.unrv.com/articles/insulae-in-ancient-rome.php https://commonedge.org/high-density-living-2000-years-ago-inside-the-roman-apartment-building/)",""
"fact.architecture.home_insula_island_height","source.brit_insula_apartment_block","unverified","Insula is Latin for 'island'. Built of brick covered with concrete, insulae were often five or more stories high despite a limit of about 21 m (68 feet) under Augustus.","https://www.britannica.com/technology/insula","L46 card.architecture.046.c3","L46 question.architecture.046.q3","","","","","","corroborated","Wikipedia's Insula article: built in brick and later Roman concrete; Augustus limited height to about 70 Roman feet (20.7 m). (https://en.wikipedia.org/wiki/Insula_(building))","one-page weak-pages"
"fact.architecture.home_insula_layout","source.brit_insula_apartment_block","unverified","An insula's street level usually held workshops and shops; the homes above were reached by a shared staircase and got light and air from the street and an inner court.","https://www.britannica.com/technology/insula","L46 card.architecture.046.c3","L46 question.architecture.046.q3","","","","","","corroborated","Wikipedia's Insula article: the ground floor held tabernae, shops and businesses, with living spaces above. (https://en.wikipedia.org/wiki/Insula_(building))","one-page weak-pages"
"fact.architecture.home_insula_water_danger","source.brit_insula_apartment_block","unverified","Piped water reached only an insula's lower apartments, so people higher up used public facilities; cheap building made collapse and fire constant dangers.","https://www.britannica.com/technology/insula","L46 card.architecture.046.c4; L48 card.architecture.048.c4","L46 question.architecture.046.q2; L48 question.architecture.048.q3","","","","","","corroborated","UNRV: lower-floor apartments had better access to water; Wikipedia's Insula article: insulae were prone to fire and collapse. (https://www.unrv.com/articles/insulae-in-ancient-rome.php https://en.wikipedia.org/wiki/Insula_(building))",""
"fact.architecture.home_vitruvius_colchian_logs","source.gutenberg_vitruvius_morgan","unverified","Vitruvius described how the Colchians, with forests in plenty, laid whole trees flat and crossed them at the corners, building up walls to enclose a dwelling and filling gaps with chips and mud.","https://www.gutenberg.org/files/20239/20239-h/20239-h.htm","L47 card.architecture.047.c1","","","","","","","corroborated","Wikipedia's Log cabin article: construction with logs was described by Vitruvius in De architectura. (https://en.wikipedia.org/wiki/Log_cabin)","one-page weak-pages"
"fact.architecture.home_colchis_location","source.brit_colchis","unverified","Colchis was an ancient region at the eastern end of the Black Sea, in the western part of modern Georgia.","https://www.britannica.com/place/Colchis","L47 card.architecture.047.c1","","","","","","","corroborated","Wikipedia's Colchis article: the Colchians populated the eastern coast of the Black Sea, and Colchian finds come from Vani in western Georgia. (https://en.wikipedia.org/wiki/Colchis)","one-page weak-pages"
"fact.architecture.home_new_sweden_1638","source.egp_log_cabins","unverified","Scandinavians introduced the log cabin to America when they settled New Sweden, around Delaware Bay, in 1638.","https://philadelphiaencyclopedia.org/essays/log-cabins/","L47 card.architecture.047.c2; L47 card.architecture.047.c4","L47 question.architecture.047.q1","","","","","","corroborated","Wikipedia's Log cabin article: the first log cabins in North America were likely built by Finnish or Swedish settlers of New Sweden. (https://en.wikipedia.org/wiki/Log_cabin https://en.wikipedia.org/wiki/New_Sweden)","weak-pages"
"fact.architecture.home_log_cabin_pen","source.egp_log_cabins","unverified","In its basic form a log cabin is four log walls joined at the corners into one room, or pen; Swedish builders filled the gaps with chinking of materials such as moss and clay.","https://philadelphiaencyclopedia.org/essays/log-cabins/","L47 card.architecture.047.c2","L47 question.architecture.047.q1","","","","","","corroborated","Wikipedia's Log cabin article: logs laid horizontally and interlocked with notches at the corners, made weather-tight by inserting moss or other soft material into the joints. (https://en.wikipedia.org/wiki/Log_cabin)","one-page weak-pages"
"fact.architecture.home_nothnagle","source.egp_log_cabins","unverified","The Nothnagle Log House in New Jersey, a one-room cabin built between 1638 and 1643 by Finnish settlers, is one of the oldest surviving wooden buildings in the United States.","https://philadelphiaencyclopedia.org/essays/log-cabins/","L47 card.architecture.047.c2","L47 question.architecture.047.q1","","","","","","corroborated","Wikipedia's Log cabin article: the Nothnagle Log House is likely the oldest log cabin in the United States. (https://en.wikipedia.org/wiki/Log_cabin https://en.wikipedia.org/wiki/Nothnagle_Log_House)","weak-pages"
"fact.architecture.home_english_frame_preference","source.egp_log_cabins","unverified","English settlers in America preferred frame construction and did not adopt log building until the 18th century; Welsh and Scots-Irish settlers later carried log cabins to the western frontier.","https://philadelphiaencyclopedia.org/essays/log-cabins/","L47 card.architecture.047.c4","","","","","","","corroborated","Wikipedia's Log cabin article: the log technique was later adopted by British settlers. (https://en.wikipedia.org/wiki/Log_cabin)","one-page weak-pages"
"fact.architecture.home_timber_frame_load","source.wealddown_wattle_daub","unverified","In medieval timber-framed buildings, the timber frame is the load-bearing structure, and the open areas between the timbers are filled to keep the weather out.","https://www.wealddown.co.uk/museum-news/wattle-and-daub/","L47 card.architecture.047.c3; L50 card.architecture.050.c3","L47 question.architecture.047.q2; L47 question.architecture.047.q3; L50 question.architecture.050.q7","","","","","","corroborated","Wikipedia's Timber framing and Wattle and daub articles describe infill panels slotted between the load-bearing timber frame. (https://en.wikipedia.org/wiki/Timber_framing https://en.wikipedia.org/wiki/Wattle_and_daub)","weak-pages"
"fact.architecture.home_wattle_daub_mix","source.wealddown_wattle_daub","unverified","Wattle and daub is a lattice of small woven timbers daubed with a mixture of mud, dung, water and straw.","https://www.wealddown.co.uk/museum-news/wattle-and-daub/","L47 card.architecture.047.c3","L47 question.architecture.047.q2; L47 question.architecture.047.q3; L50 question.architecture.050.q7","","","","","","corroborated","Wikipedia's Wattle and daub article: woven wattle daubed with mud, straw, hair and dung. (https://en.wikipedia.org/wiki/Wattle_and_daub)","one-page weak-pages"
"fact.architecture.home_row_house_def","source.brit_row_house","unverified","A row house is one of a series of houses connected by shared side walls, forming a continuous group.","https://www.britannica.com/technology/row-house","L48 card.architecture.048.c2","L48 question.architecture.048.q1; L48 question.architecture.048.q2","","","","","","corroborated","Wikipedia's Terraced house article: a row of joined houses sharing side walls. (https://en.wikipedia.org/wiki/Terraced_house)","one-page weak-pages"
"fact.architecture.home_royal_crescent","source.brit_royal_crescent","unverified","Bath's Royal Crescent, designed by John Wood the Younger and begun in 1767, is a great curve of 30 attached townhouses behind one unified, palace-like front.","https://www.britannica.com/place/Royal-Crescent","L48 card.architecture.048.c1","","","","","","","corroborated","Wikipedia's Royal Crescent article: a row of 30 terraced houses designed by John Wood the Younger and built from 1767. (https://en.wikipedia.org/wiki/Royal_Crescent)","one-page weak-pages"
"fact.architecture.home_royal_crescent","source.no1royalcrescent_history","unverified","Bath's Royal Crescent, designed by John Wood the Younger and begun in 1767, is a great curve of 30 attached townhouses behind one unified, palace-like front.","https://no1royalcrescent.org.uk/history/","L48 card.architecture.048.c1","","","","","","","corroborated","Wikipedia's Royal Crescent article: a row of 30 terraced houses designed by John Wood the Younger and built from 1767. (https://en.wikipedia.org/wiki/Royal_Crescent)","one-page weak-pages"
"fact.architecture.home_crescent_first_facade","source.brit_royal_crescent","unverified","The Royal Crescent's unified, palace-like front was the first such design in English town architecture.","https://www.britannica.com/place/Royal-Crescent","L48 card.architecture.048.c2","L48 question.architecture.048.q1; L48 question.architecture.048.q2","","","","","","corroborated","Wikipedia's Royal Crescent article: it was the first crescent of terraced houses to be built. (https://en.wikipedia.org/wiki/Royal_Crescent)","one-page weak-pages"
"fact.architecture.home_crescent_buyers","source.countrylife_royal_crescent","unverified","Each original Royal Crescent buyer bought a length of the front and had their own architect build the house behind it, so the backs don't match.","https://www.countrylife.co.uk/property/a-georgian-jewel-one-of-the-few-complete-townhouses-remaining-on-baths-royal-crescent-213586","L48 card.architecture.048.c2","L48 question.architecture.048.q1; L48 question.architecture.048.q2","","","","","","corroborated","Wikipedia's Royal Crescent article: each original purchaser bought a length of the facade and employed their own architect behind it; the rear mixes differing roof heights. (https://en.wikipedia.org/wiki/Royal_Crescent)","one-page weak-pages"
"fact.architecture.home_apartment_land_values","source.brit_apartment_house","unverified","Crowding and rising land values in cities made one-family homes less and less practical, so the multistory apartment house grew in importance.","https://www.britannica.com/technology/apartment-house","L48 card.architecture.048.c3","","","","","","","corroborated","Common Edge quotes Vitruvius: Rome's huge population made it necessary to find relief by making buildings high, with many floors. (https://commonedge.org/high-density-living-2000-years-ago-inside-the-roman-apartment-building/)","one-page"
"fact.architecture.home_paris_floors","source.brit_apartment_house","unverified","In a typical 19th-century Parisian apartment building of four or five stories, the apartments, and the tenants' means, got smaller with each story up.","https://www.britannica.com/technology/apartment-house","L48 card.architecture.048.c4","L48 question.architecture.048.q3","","","","","","corroborated","Wikipedia's Haussmann's renovation of Paris article: shops on the ground floor, families above, and the top floor under the roof turned into low-cost housing. (https://en.wikipedia.org/wiki/Haussmann%27s_renovation_of_Paris)","one-page weak-pages"
"fact.architecture.home_schroder_commission","source.rietveldschroderhuis_home","unverified","In 1924 Truus Schroder asked the Utrecht furniture designer Gerrit Rietveld to design her new home, and she played an important role in its design.","https://www.rietveldschroderhuis.nl/en","L49 card.architecture.049.c1","","","","","","","corroborated","Wikipedia's Rietveld Schroder House article: built in 1924 by Gerrit Rietveld for Truus Schroder, who shaped its design. (https://en.wikipedia.org/wiki/Rietveld_Schr%C3%B6der_House)","one-page weak-pages"
"fact.architecture.home_schroder_corner_window","source.rietveldschroderhuis_home","unverified","Both panes of the Rietveld Schroder House's upper-floor corner window swing open, dissolving the corner.","https://www.rietveldschroderhuis.nl/en","L49 card.architecture.049.c1","","","","","","","corroborated","Wikipedia's Rietveld Schroder House article describes its 'invisible corner', with windows hinged to open 90 degrees to the wall, blurring inside and out. (https://en.wikipedia.org/wiki/Rietveld_Schr%C3%B6der_House)","one-page weak-pages"
"fact.architecture.home_schroder_sliding_walls","source.rietveldschroderhuis_home","unverified","The Schroder house's upper floor was open space by day; in the evening the family used sliding walls to split it into three separate rooms.","https://www.rietveldschroderhuis.nl/en","L49 card.architecture.049.c2","L49 question.architecture.049.q1","","","","","","corroborated","Wikipedia: the upstairs forms a large open zone that Truus Schroder wanted usable either open or subdivided. (https://en.wikipedia.org/wiki/Rietveld_Schr%C3%B6der_House)","one-page weak-pages"
"fact.architecture.home_schroder_unesco","source.rietveldschroderhuis_home","unverified","The Rietveld Schroder House, designed in 1924 and lived in until 1985, became a UNESCO World Heritage Site in 2000.","https://www.rietveldschroderhuis.nl/en","L49 card.architecture.049.c2","L49 question.architecture.049.q1","","","","","","corroborated","Wikipedia: listed monument since 1976 and UNESCO World Heritage Site since 2000; Truus Schroder lived there until her death in 1985. (https://en.wikipedia.org/wiki/Rietveld_Schr%C3%B6der_House)","one-page weak-pages"
"fact.architecture.home_eames_catalog","source.eamesfoundation_csh8","unverified","Charles and Ray Eames's house, Case Study House #8 (1949), used prefabricated materials ordered from industrial and commercial catalogs.","https://eamesfoundation.org/work/case-study-house-8/","L49 card.architecture.049.c3","L49 question.architecture.049.q2; L49 question.architecture.049.q3","","","","","","corroborated","Wikipedia's Eames House article: built entirely from off-the-shelf parts available from steel fabricator catalogs. (https://en.wikipedia.org/wiki/Eames_House)","one-page weak-pages"
"fact.architecture.home_eames_16_hours","source.eamesfoundation_csh8","unverified","Construction of the Eames House began in February 1949, and after 16 hours the foundation and steel frame were complete.","https://eamesfoundation.org/work/case-study-house-8/","L49 card.architecture.049.c3; L49 card.architecture.049.c4","L49 question.architecture.049.q2; L49 question.architecture.049.q3","","","","","","corroborated","Arch Journey and Art in Context: construction began in February 1949 and the foundation and steel frame were completed in 16 hours (by five workers). (https://archjourney.org/projects/eames-house/ https://artincontext.org/eames-house/)",""
"fact.architecture.home_eames_christmas","source.eamesfoundation_csh8","unverified","Charles and Ray Eames moved into the house on Christmas Eve 1949 and lived there for the rest of their lives.","https://eamesfoundation.org/work/case-study-house-8/","L49 card.architecture.049.c3","L49 question.architecture.049.q2; L49 question.architecture.049.q3","","","","","","corroborated","Wikipedia's Eames House article: they moved in on Christmas Eve 1949 and never moved out. (https://en.wikipedia.org/wiki/Eames_House)","one-page weak-pages"
"fact.architecture.home_rudofsky_exhibition","source.moma_1964_rudofsky_notes","unverified","The architect and engineer Bernard Rudofsky directed 'Architecture Without Architects' at New York's Museum of Modern Art, opening in November 1964.","https://www.moma.org/momaorg/shared/pdfs/docs/press_archives/3336/releases/MOMA_1964_0123_1964-11.pdf","L50 card.architecture.050.c1; L50 card.architecture.050.c2","L50 question.architecture.050.q1; L50 question.architecture.050.q2","","","","","","corroborated","Wikipedia's Architecture Without Architects article: the exhibition ran at MoMA from 11 November 1964 to 7 February 1965. (https://en.wikipedia.org/wiki/Architecture_Without_Architects)","one-page weak-pages"
"fact.architecture.home_rudofsky_non_pedigreed","source.moma_1964_rudofsky_notes","unverified","Rudofsky called his subject non-pedigreed architecture: old, sometimes ancient building traditions evolved and upheld by ordinary people.","https://www.moma.org/momaorg/shared/pdfs/docs/press_archives/3336/releases/MOMA_1964_0123_1964-11.pdf","L50 card.architecture.050.c2","L50 question.architecture.050.q1; L50 question.architecture.050.q2","","","","","","corroborated","Wikipedia: Rudofsky had long been interested in vernacular architecture; the Internet Archive and Goodreads list the book as A Short Introduction to Non-Pedigreed Architecture. (https://en.wikipedia.org/wiki/Architecture_Without_Architects https://archive.org/details/architecturewith0000rudo_u5h8)",""
"fact.architecture.home_rudofsky_non_pedigreed","source.moma_1964_aw_book","unverified","Rudofsky called his subject non-pedigreed architecture: old, sometimes ancient building traditions evolved and upheld by ordinary people.","https://www.moma.org/momaorg/shared/pdfs/docs/press_archives/3348/releases/MOMA_1964_0135_1964-12-10_87.pdf","L50 card.architecture.050.c2","L50 question.architecture.050.q1; L50 question.architecture.050.q2","","","","","","corroborated","Wikipedia: Rudofsky had long been interested in vernacular architecture; the Internet Archive and Goodreads list the book as A Short Introduction to Non-Pedigreed Architecture. (https://en.wikipedia.org/wiki/Architecture_Without_Architects https://archive.org/details/architecturewith0000rudo_u5h8)",""
"fact.architecture.marvel_bridge_beam_arch","source.brit_bridge_engineering","unverified","A beam bridge carries loads by bending, with compression on top and tension below; an arch bridge carries loads mainly in compression and needs strong foundations.","https://www.britannica.com/technology/bridge-engineering","L51 card.architecture.051.c2; L60 card.architecture.060.c3","L51 question.architecture.051.q3","","","","","","corroborated","Standard descriptions: beams bend (top compressed, bottom in tension); arches act in compression and push on abutments. (https://en.wikipedia.org/wiki/Beam_bridge https://en.wikipedia.org/wiki/Arch_bridge)","weak-pages"
"fact.architecture.marvel_bridge_suspension","source.brit_suspension_bridge","unverified","In a suspension bridge the deck hangs from curved cables in tension, which carry the load to towers and to anchorages at each end.","https://www.britannica.com/technology/suspension-bridge","L51 card.architecture.051.c3; L52 card.architecture.052.c4; L60 card.architecture.060.c3","L52 question.architecture.052.q3","","","","","","corroborated","Suspension bridges hang the deck from main cables slung between towers and anchored at each end. (https://en.wikipedia.org/wiki/Suspension_bridge)","one-page weak-pages"
"fact.architecture.marvel_bridge_suspension","source.brit_bridge_engineering","unverified","In a suspension bridge the deck hangs from curved cables in tension, which carry the load to towers and to anchorages at each end.","https://www.britannica.com/technology/bridge-engineering","L51 card.architecture.051.c3; L52 card.architecture.052.c4; L60 card.architecture.060.c3","L52 question.architecture.052.q3","","","","","","corroborated","Suspension bridges hang the deck from main cables slung between towers and anchored at each end. (https://en.wikipedia.org/wiki/Suspension_bridge)","one-page weak-pages"
"fact.architecture.marvel_cable_stayed_defined","source.brit_cable_stayed_bridge","unverified","In a cable-stayed bridge, nearly straight diagonal cables in tension carry the deck's weight directly to one or more towers.","https://www.britannica.com/technology/cable-stayed-bridge","L51 card.architecture.051.c3","L51 question.architecture.051.q2","","","","","","corroborated","Cable-stayed bridges connect the deck directly to towers by cables; unlike suspension bridges they need no main cable between anchorages. (https://en.wikipedia.org/wiki/Cable-stayed_bridge)","one-page weak-pages"
"fact.architecture.marvel_millau_viaduct","source.brit_millau_viaduct","unverified","France's Millau Viaduct, a cable-stayed bridge across the whole Tarn valley, opened in 2004; it was designed by architect Norman Foster with engineer Michel Virlogeux.","https://www.britannica.com/topic/Millau-Viaduct","L51 card.architecture.051.c3","L51 question.architecture.051.q2","","","","","","corroborated","Millau Viaduct: cable-stayed, crosses the Tarn gorge valley, opened 16 December 2004, designed by Michel Virlogeux and Norman Foster. (https://en.wikipedia.org/wiki/Millau_Viaduct https://www.cnn.com/travel/millau-viaduct-tallest-bridge-construction)",""
"fact.architecture.marvel_millau_viaduct","source.dezeen_millau_viaduct","unverified","France's Millau Viaduct, a cable-stayed bridge across the whole Tarn valley, opened in 2004; it was designed by architect Norman Foster with engineer Michel Virlogeux.","https://www.dezeen.com/2007/03/21/millau-viaduct-by-foster-partners/","L51 card.architecture.051.c3","L51 question.architecture.051.q2","","","","","","corroborated","Millau Viaduct: cable-stayed, crosses the Tarn gorge valley, opened 16 December 2004, designed by Michel Virlogeux and Norman Foster. (https://en.wikipedia.org/wiki/Millau_Viaduct https://www.cnn.com/travel/millau-viaduct-tallest-bridge-construction)",""
"fact.architecture.marvel_cantilever_defined","source.brit_cantilever","unverified","A cantilever is a beam supported at one end only, carrying load along its unsupported part.","https://www.britannica.com/technology/cantilever","L51 card.architecture.051.c4","L51 question.architecture.051.q1; L60 question.architecture.060.q5","","","","","","corroborated","A cantilever is a rigid structural element supported at only one end. (https://en.wikipedia.org/wiki/Cantilever)","one-page weak-pages"
"fact.architecture.marvel_forth_design","source.brit_cantilever","unverified","Scotland's Forth Bridge, designed by John Fowler and Benjamin Baker and completed in 1890, joins three cantilevers with two suspended spans.","https://www.britannica.com/technology/cantilever","L51 card.architecture.051.c1; L51 card.architecture.051.c4","L51 question.architecture.051.q1; L60 question.architecture.060.q5","","","","","","corroborated","Forth Bridge: three balanced cantilever towers joined by two suspended spans, designed by Fowler and Baker, opened 1890. (https://en.wikipedia.org/wiki/Forth_Bridge https://www.theforthbridges.org/about-the-forth-bridges/forth-bridge/)",""
"fact.architecture.marvel_forth_design","source.hes_forth_bridge","unverified","Scotland's Forth Bridge, designed by John Fowler and Benjamin Baker and completed in 1890, joins three cantilevers with two suspended spans.","https://www.historicenvironment.scot/advice-and-support/listing-scheduling-and-designations/world-heritage-sites/forth-bridge/","L51 card.architecture.051.c1; L51 card.architecture.051.c4","L51 question.architecture.051.q1; L60 question.architecture.060.q5","","","","","","corroborated","Forth Bridge: three balanced cantilever towers joined by two suspended spans, designed by Fowler and Baker, opened 1890. (https://en.wikipedia.org/wiki/Forth_Bridge https://www.theforthbridges.org/about-the-forth-bridges/forth-bridge/)",""
"fact.architecture.marvel_forth_steel_unesco","source.hes_forth_bridge","unverified","The Forth Bridge was the world's first major steel structure, and it became a UNESCO World Heritage Site in 2015.","https://www.historicenvironment.scot/advice-and-support/listing-scheduling-and-designations/world-heritage-sites/forth-bridge/","L51 card.architecture.051.c4","L51 question.architecture.051.q1; L60 question.architecture.060.q5","","","","","","corroborated","The Forth Bridge, inscribed in 2015, is described as the world's first major steel structure. (https://unesco.org.uk/our-network/world-heritage-sites/the-forth-bridge https://en.wikipedia.org/wiki/Forth_Bridge)",""
"fact.architecture.marvel_forth_human_model","source.glasgow_forth_watanabe","unverified","In an 1887 demonstration, engineer Kaichi Watanabe sat suspended between Fowler and Baker, whose arms were in tension and sticks in compression.","https://universityofglasgowlibrary.wordpress.com/2015/09/04/the-university-of-glasgow-japan-and-the-forth-rail-bridge/","L51 card.architecture.051.c1; L51 card.architecture.051.c4","L51 question.architecture.051.q1; L60 question.architecture.060.q5","","","","","","corroborated","The 1887 human cantilever photo shows Watanabe as the suspended load between Fowler and Baker; arms carry tension, struts compression. (https://en.wikipedia.org/wiki/Kaichi_Watanabe https://todayinsci.com/Events/BridgeForth/ForthCantileverDemonstration.htm)",""
"fact.architecture.marvel_forth_human_model","source.engineeringcom_forth_human_cantilever","unverified","In an 1887 demonstration, engineer Kaichi Watanabe sat suspended between Fowler and Baker, whose arms were in tension and sticks in compression.","https://www.engineering.com/engineering-icons-demonstrating-the-principle-of-the-forth-bridge/","L51 card.architecture.051.c1; L51 card.architecture.051.c4","L51 question.architecture.051.q1; L60 question.architecture.060.q5","","","","","","corroborated","The 1887 human cantilever photo shows Watanabe as the suspended load between Fowler and Baker; arms carry tension, struts compression. (https://en.wikipedia.org/wiki/Kaichi_Watanabe https://todayinsci.com/Events/BridgeForth/ForthCantileverDemonstration.htm)",""
"fact.architecture.marvel_brooklyn_caissons_how","source.uh_engines_caisson_disease","unverified","The Brooklyn Bridge's towers stand on caissons: huge bottomless boxes sunk to the riverbed, where compressed air kept the water out while workers dug and the box sank, before being filled with concrete.","https://engines.egr.uh.edu/episode/3019","L52 card.architecture.052.c2","L60 question.architecture.060.q4","","","","","","corroborated","Caissons were wooden boxes pressurized with compressed air to keep water out; workers excavated so they sank, then they were filled with concrete. (https://fendermarine.com/how-did-the-brooklyn-bridge-caissons-work/ https://www.bkwaterfronthistory.org/story/unsung-builders/)",""
"fact.architecture.marvel_brooklyn_caissons_how","source.mcny_brooklyn_bridge","unverified","The Brooklyn Bridge's towers stand on caissons: huge bottomless boxes sunk to the riverbed, where compressed air kept the water out while workers dug and the box sank, before being filled with concrete.","https://blog.mcny.org/2012/09/11/the-curse-of-the-roeblings-the-construction-of-the-brooklyn-bridge/","L52 card.architecture.052.c2","L60 question.architecture.060.q4","","","","","","corroborated","Caissons were wooden boxes pressurized with compressed air to keep water out; workers excavated so they sank, then they were filled with concrete. (https://fendermarine.com/how-did-the-brooklyn-bridge-caissons-work/ https://www.bkwaterfronthistory.org/story/unsung-builders/)",""
"fact.architecture.marvel_caisson_disease","source.uh_engines_caisson_disease","unverified","Caisson disease, the bends, struck workers when nitrogen bubbles formed in their blood as they came up from the caissons' pressurized air.","https://engines.egr.uh.edu/episode/3019","L52 card.architecture.052.c3","L52 question.architecture.052.q2","","","","","","corroborated","Decompression sickness results from dissolved nitrogen forming bubbles when pressure drops too quickly, as in caisson workers. (https://pubmed.ncbi.nlm.nih.gov/15686275/ https://en.wikipedia.org/wiki/Decompression_sickness)",""
"fact.architecture.marvel_john_roebling_death","source.mcny_brooklyn_bridge","unverified","John A. Roebling, the Brooklyn Bridge's designer, died of tetanus in 1869 after a ferry crushed his toes while he surveyed the tower sites.","https://blog.mcny.org/2012/09/11/the-curse-of-the-roeblings-the-construction-of-the-brooklyn-bridge/","L52 card.architecture.052.c3","L52 question.architecture.052.q1","","","","","","corroborated","John Roebling's foot was crushed by a ferry in June 1869 and he died of tetanus weeks later. (https://en.wikipedia.org/wiki/John_A._Roebling https://en.wikipedia.org/wiki/Brooklyn_Bridge)","weak-pages"
"fact.architecture.marvel_john_roebling_death","source.brit_brooklyn_bridge","unverified","John A. Roebling, the Brooklyn Bridge's designer, died of tetanus in 1869 after a ferry crushed his toes while he surveyed the tower sites.","https://www.britannica.com/topic/Brooklyn-Bridge","L52 card.architecture.052.c3","L52 question.architecture.052.q1","","","","","","corroborated","John Roebling's foot was crushed by a ferry in June 1869 and he died of tetanus weeks later. (https://en.wikipedia.org/wiki/John_A._Roebling https://en.wikipedia.org/wiki/Brooklyn_Bridge)","weak-pages"
"fact.architecture.marvel_washington_roebling_1872","source.mcny_brooklyn_bridge","unverified","His son Washington Roebling took over but was struck by caisson disease in 1872, and then directed the work through a telescope from his Brooklyn bedroom window.","https://blog.mcny.org/2012/09/11/the-curse-of-the-roeblings-the-construction-of-the-brooklyn-bridge/","L52 card.architecture.052.c1; L52 card.architecture.052.c3","L52 question.architecture.052.q1","","","","","","corroborated","Washington Roebling was disabled by the bends in 1872 and watched construction from his Brooklyn Heights home. (https://en.wikipedia.org/wiki/Washington_Roebling https://en.wikipedia.org/wiki/Brooklyn_Bridge)","weak-pages"
"fact.architecture.marvel_washington_roebling_1872","source.brit_brooklyn_bridge","unverified","His son Washington Roebling took over but was struck by caisson disease in 1872, and then directed the work through a telescope from his Brooklyn bedroom window.","https://www.britannica.com/topic/Brooklyn-Bridge","L52 card.architecture.052.c1; L52 card.architecture.052.c3","L52 question.architecture.052.q1","","","","","","corroborated","Washington Roebling was disabled by the bends in 1872 and watched construction from his Brooklyn Heights home. (https://en.wikipedia.org/wiki/Washington_Roebling https://en.wikipedia.org/wiki/Brooklyn_Bridge)","weak-pages"
"fact.architecture.marvel_emily_roebling","source.mcny_brooklyn_bridge","unverified","Emily Warren Roebling carried her husband's directions to the engineers on the bridge.","https://blog.mcny.org/2012/09/11/the-curse-of-the-roeblings-the-construction-of-the-brooklyn-bridge/","L52 card.architecture.052.c3","L52 question.architecture.052.q1","","","","","","corroborated","Emily Warren Roebling relayed Washington's instructions to the engineers and took over much of the chief engineer's work. (https://en.wikipedia.org/wiki/Emily_Warren_Roebling)","one-page weak-pages"
"fact.architecture.marvel_emily_roebling","source.brit_brooklyn_bridge","unverified","Emily Warren Roebling carried her husband's directions to the engineers on the bridge.","https://www.britannica.com/topic/Brooklyn-Bridge","L52 card.architecture.052.c3","L52 question.architecture.052.q1","","","","","","corroborated","Emily Warren Roebling relayed Washington's instructions to the engineers and took over much of the chief engineer's work. (https://en.wikipedia.org/wiki/Emily_Warren_Roebling)","one-page weak-pages"
"fact.architecture.marvel_brooklyn_opening_span","source.brit_brooklyn_bridge","unverified","The Brooklyn Bridge opened on May 24, 1883; its 486-meter (1,595-foot) main span was the longest in the world when it opened.","https://www.britannica.com/topic/Brooklyn-Bridge","L52 card.architecture.052.c4","L52 question.architecture.052.q3","","","","","","corroborated","Opened May 24, 1883, with a main span of 1,595.5 ft, the longest suspension bridge in the world at the time. (https://en.wikipedia.org/wiki/Brooklyn_Bridge)","one-page weak-pages"
"fact.architecture.marvel_brooklyn_steel_wire","source.brit_brooklyn_bridge","unverified","The Brooklyn Bridge was the first bridge to use steel for its cable wire.","https://www.britannica.com/topic/Brooklyn-Bridge","L52 card.architecture.052.c4","L52 question.architecture.052.q3","","","","","","corroborated","The Brooklyn Bridge was the first steel-wire suspension bridge. (https://en.wikipedia.org/wiki/Brooklyn_Bridge https://www.asce.org/about-civil-engineering/history-and-heritage/historic-landmarks/brooklyn-bridge)",""
"fact.architecture.marvel_emily_first_crossing","source.brit_brooklyn_bridge","unverified","Emily Roebling rode in the first carriage across the finished bridge, carrying a rooster as a symbol of victory.","https://www.britannica.com/topic/Brooklyn-Bridge","L52 card.architecture.052.c4","L52 question.architecture.052.q3","","","","","","corroborated","Emily Roebling was the first to cross the bridge, carrying a rooster as a symbol of victory. (https://en.wikipedia.org/wiki/Emily_Warren_Roebling)","one-page weak-pages"
"fact.architecture.marvel_eiffel_protest_1887","source.jstor_daily_eiffel_protest","unverified","On February 14, 1887, the newspaper Le Temps published an artists' protest against 'the useless and monstrous Eiffel Tower'; signers included architect Charles Garnier and composer Charles Gounod.","https://daily.jstor.org/the-artists-who-hated-the-eiffel-tower","L53 card.architecture.053.c1","L53 question.architecture.053.q1","","","","","","corroborated","The Protest against the Tower of Monsieur Eiffel appeared in Le Temps on 14 February 1887, signed by Garnier, Gounod, Maupassant and others. (https://bookanista.com/artists-protest-against-the-eiffel-tower/ https://en.wikipedia.org/wiki/Eiffel_Tower)",""
"fact.architecture.marvel_eiffel_protest_1887","source.history_eiffel_tower_saved","unverified","On February 14, 1887, the newspaper Le Temps published an artists' protest against 'the useless and monstrous Eiffel Tower'; signers included architect Charles Garnier and composer Charles Gounod.","https://www.history.com/articles/eiffel-tower-survival","L53 card.architecture.053.c1","L53 question.architecture.053.q1","","","","","","corroborated","The Protest against the Tower of Monsieur Eiffel appeared in Le Temps on 14 February 1887, signed by Garnier, Gounod, Maupassant and others. (https://bookanista.com/artists-protest-against-the-eiffel-tower/ https://en.wikipedia.org/wiki/Eiffel_Tower)",""
"fact.architecture.marvel_eiffel_idea_1884","source.history_eiffel_tower_saved","unverified","In 1884 Maurice Koechlin and Émile Nouguier, engineers in Gustave Eiffel's company, conceived a gigantic metal pylon 300 meters tall.","https://www.history.com/articles/eiffel-tower-survival","L53 card.architecture.053.c2; L53 card.architecture.053.c3","L53 question.architecture.053.q3","","","","","","corroborated","Koechlin and Nouguier, chief engineers of Eiffel's firm, sketched a 300 m pylon in 1884. (https://en.wikipedia.org/wiki/Eiffel_Tower https://en.wikipedia.org/wiki/%C3%89mile_Nouguier)","weak-pages"
"fact.architecture.marvel_eiffel_idea_1884","source.toureiffel_history","unverified","In 1884 Maurice Koechlin and Émile Nouguier, engineers in Gustave Eiffel's company, conceived a gigantic metal pylon 300 meters tall.","https://www.toureiffel.paris/en/the-monument/history","L53 card.architecture.053.c2; L53 card.architecture.053.c3","L53 question.architecture.053.q3","","","","","","corroborated","Koechlin and Nouguier, chief engineers of Eiffel's firm, sketched a 300 m pylon in 1884. (https://en.wikipedia.org/wiki/Eiffel_Tower https://en.wikipedia.org/wiki/%C3%89mile_Nouguier)","weak-pages unopened-source"
"fact.architecture.marvel_eiffel_sauvestre","source.toureiffel_history","unverified","To make the tower more acceptable to the public, architect Stephen Sauvestre added large decorative arches between its feet, glass-walled rooms and stone pedestals.","https://www.toureiffel.paris/en/the-monument/history","L53 card.architecture.053.c2","","","","","","","corroborated","Sauvestre added decorative arches at the base, glass pavilions and stonework pedestals to the design. (https://en.wikipedia.org/wiki/Stephen_Sauvestre https://en.wikipedia.org/wiki/Eiffel_Tower)","weak-pages unopened-source"
"fact.architecture.marvel_eiffel_1889_expo","source.brit_eiffel_tower","unverified","The Eiffel Tower was built for Paris's 1889 International Exposition, which marked 100 years since the French Revolution.","https://www.britannica.com/topic/Eiffel-Tower-Paris-France","L53 card.architecture.053.c2","","","","","","","corroborated","The tower was the entrance to the 1889 Exposition Universelle celebrating the centenary of the French Revolution. (https://en.wikipedia.org/wiki/Exposition_Universelle_(1889))","one-page weak-pages"
"fact.architecture.marvel_eiffel_pieces","source.toureiffel_history","unverified","Each of the Eiffel Tower's roughly 18,000 pieces was designed in advance, traced to a tenth of a millimeter, and pre-assembled into sections about 5 meters long.","https://www.toureiffel.paris/en/the-monument/history","L53 card.architecture.053.c3","L53 question.architecture.053.q3","","","","","","corroborated","The wrought-iron structure has 18,038 pieces, prefabricated and assembled into larger sections before erection. (https://en.wikipedia.org/wiki/Eiffel_Tower)","one-page weak-pages unopened-source"
"fact.architecture.marvel_eiffel_rivets_iron","source.brit_eiffel_tower","unverified","The Eiffel Tower is built of wrought iron held together by some 2.5 million rivets, and it went up in about two years, from 1887 to 1889.","https://www.britannica.com/topic/Eiffel-Tower-Paris-France","L53 card.architecture.053.c3","L53 question.architecture.053.q3","","","","","","corroborated","About 2.5 million rivets join the wrought-iron pieces; construction took two years, two months and five days (1887-89). (https://en.wikipedia.org/wiki/Eiffel_Tower)","one-page weak-pages"
"fact.architecture.marvel_eiffel_20_years","source.history_eiffel_tower_saved","unverified","Eiffel's permit for the tower ran for only 20 years, so its future after 1909 was uncertain.","https://www.history.com/articles/eiffel-tower-survival","L53 card.architecture.053.c4","L53 question.architecture.053.q2","","","","","","corroborated","Eiffel obtained a 20-year concession; after 1909 the tower's future depended on the city. (https://www.toureiffel.paris/en/news/130-years/how-did-radio-save-tower https://frenchmoments.eu/eiffel-tower-was-saved/)",""
"fact.architecture.marvel_eiffel_wireless_1898","source.history_eiffel_tower_saved","unverified","In 1898 the first wireless telegraph trials linked the Eiffel Tower with the Panthéon.","https://www.history.com/articles/eiffel-tower-survival","L53 card.architecture.053.c4","L53 question.architecture.053.q2","","","","","","corroborated","Eugène Ducretet made the first wireless telegraphy trials between the tower and the Panthéon on November 5, 1898. (https://www.toureiffel.paris/en/news/130-years/how-did-radio-save-tower)","one-page"
"fact.architecture.marvel_eiffel_extension_70","source.history_eiffel_tower_saved","unverified","The tower's value for radio won Eiffel a 70-year extension of his concession, starting in 1910.","https://www.history.com/articles/eiffel-tower-survival","L53 card.architecture.053.c4","L53 question.architecture.053.q2","","","","","","corroborated","Its strategic value for radiotelegraphy led to a 70-year extension of the concession from 1 January 1910. (https://www.toureiffel.paris/en/news/130-years/how-did-radio-save-tower https://www.snexplores.org/article/how-science-saved-eiffel-tower)",""
"fact.architecture.marvel_tunnel_drill_blast_cycle","source.brit_tunnel","unverified","In hard rock, tunnellers work in a cycle: drilling, loading explosives, blasting, clearing the fumes, and removing the broken rock, called muck.","https://www.britannica.com/technology/tunnel","L54 card.architecture.054.c2","L54 question.architecture.054.q2","","","","","","corroborated","Drill-and-blast is a repeated cycle of drilling, charging, blasting, ventilating and mucking. (https://en.wikipedia.org/wiki/Drilling_and_blasting)","one-page weak-pages"
"fact.architecture.marvel_mont_cenis","source.brit_tunnel","unverified","The Mont Cenis Tunnel through the Alps (1857-71) pioneered rail-mounted drill carriages and compressed-air drills.","https://www.britannica.com/technology/tunnel","L54 card.architecture.054.c2","L54 question.architecture.054.q2","","","","","","corroborated","The Fréjus (Mont Cenis) rail tunnel, 1857-1871, was the first major tunnel dug with pneumatic drills. (https://en.wikipedia.org/wiki/Fr%C3%A9jus_Rail_Tunnel)","one-page weak-pages"
"fact.architecture.marvel_immersed_tube_method","source.brit_tunnel","unverified","In an immersed-tube tunnel, long prefabricated sections are floated to the site, sunk into a trench dredged in the bottom, and covered over.","https://www.britannica.com/technology/tunnel","L54 card.architecture.054.c3","L54 question.architecture.054.q1","","","","","","corroborated","Immersed tunnels are built from prefabricated elements floated into place, sunk into a dredged trench and backfilled. (https://en.wikipedia.org/wiki/Immersed_tube)","one-page weak-pages"
"fact.architecture.marvel_immersed_tube_history","source.brit_tunnel","unverified","The Detroit River Railroad Tunnel (1906-10) was the first immersed-tube tunnel, and since 1950 it has been the preferred way to tunnel under water.","https://www.britannica.com/technology/tunnel","L54 card.architecture.054.c3","L54 question.architecture.054.q1","","","","","","corroborated","The Detroit River rail tunnel, completed 1910, was the first immersed tube used for a railway; the method spread after mid-century. (https://en.wikipedia.org/wiki/Immersed_tube https://en.wikipedia.org/wiki/Michigan_Central_Railway_Tunnel)","weak-pages"
"fact.architecture.marvel_oresund_elements","source.oresundsbron_tunnel","unverified","The Øresund Tunnel between Denmark and Sweden is made of 20 elements, manufactured at a tunnel factory in Denmark; each weighs 55,000 tons.","https://www.oresundsbron.com/en/about-oresundsbron/about-us/facts-about-oresundsbron/the-oresund-tunnel","L54 card.architecture.054.c1; L54 card.architecture.054.c3","L54 question.architecture.054.q1","","","","","","corroborated","The Øresund immersed tunnel consists of 20 elements, each 176 m long and 55,000 t, cast in a dry dock factory. (https://boskalis.com/about-us/projects/tunnel-construction-oresund-denmark-sweden https://en.wikipedia.org/wiki/%C3%98resund_Bridge)",""
"fact.architecture.marvel_oresund_why_tunnel","source.oresundsbron_tunnel","unverified","A tunnel was chosen for that stretch of the Øresund link so it would not disrupt air traffic at Copenhagen Airport and large ships could pass.","https://www.oresundsbron.com/en/about-oresundsbron/about-us/facts-about-oresundsbron/the-oresund-tunnel","L54 card.architecture.054.c3","L54 question.architecture.054.q1","","","","","","corroborated","A tunnel section was needed near Copenhagen Airport to avoid obstructing air traffic and to keep the Drogden shipping channel clear. (https://www.ingenia.org.uk/articles/the-oeresund-bridge-linking-scandinavia-to-the-continent/ https://en.wikipedia.org/wiki/%C3%98resund_Bridge)",""
"fact.architecture.marvel_tunnel_continuous_arch","source.hsw_tunnels","unverified","A tunnel's basic shape is a continuous arch: because it must withstand pressure from all sides, the arch goes all the way around.","https://science.howstuffworks.com/engineering/structural/tunnel.htm","L54 card.architecture.054.c4; L60 card.architecture.060.c3","L54 question.architecture.054.q3; L60 question.architecture.060.q3","","","","","","corroborated","Tunnel linings are designed as arches or rings so ground pressure is carried mainly in compression around the section. (https://www.pcepurnia.org/wp-content/uploads/2020/03/TUNNELS-TYPESANDIMPORTANCE.pdf)","one-page"
"fact.architecture.marvel_dam_pressure_depth","source.schoolphysics_liquid_pressure","unverified","Water pressure increases with depth (water squirts faster from a lower hole in a container), so a dam is built thickest at the bottom.","https://www.schoolphysics.co.uk/age11-14/Matter/text/Pressure_in_liquids/index.html","L55 card.architecture.055.c2; L60 card.architecture.060.c3","L55 question.architecture.055.q2; L56 question.architecture.056.q3; L60 question.architecture.060.q3","","","","","","corroborated","Hydrostatic pressure rises with depth (P = rho g h), which is why dams are wider at the base. (https://phys.libretexts.org/Courses/Skyline/Survey_of_Physics/06:_Fluid_Statics/6.05:_Variation_of_Pressure_with_Depth_in_a_Fluid)","one-page"
"fact.architecture.marvel_dam_types","source.brit_dam","unverified","A gravity dam holds back water entirely by its own weight; an arch dam, built in a narrow gorge, passes the water's push into the valley sides; an embankment dam is a huge mound of earth or rock fill.","https://www.britannica.com/technology/dam-engineering","L55 card.architecture.055.c3; L60 card.architecture.060.c3","L55 question.architecture.055.q3; L60 question.architecture.060.q3","","","","","","corroborated","Gravity dams resist by weight, arch dams transfer thrust to the abutments, and embankment dams are built of compacted earth or rock. (https://en.wikipedia.org/wiki/Dam https://en.wikipedia.org/wiki/Arch_dam)","weak-pages"
"fact.architecture.marvel_embankment_common","source.brit_dam","unverified","Embankment dams suit wide valleys and have become increasingly common.","https://www.britannica.com/technology/dam-engineering","L55 card.architecture.055.c3","L55 question.architecture.055.q3; L60 question.architecture.060.q3","","","","","","corroborated","Embankment dams are the most common type of large dam worldwide. (https://en.wikipedia.org/wiki/Embankment_dam)","one-page weak-pages"
"fact.architecture.marvel_hoover_125_years","source.usbr_hoover_concrete","unverified","Engineers calculated that if Hoover Dam were poured in one go, its concrete would have taken 125 years to cool, and the stresses would have cracked it.","https://www.usbr.gov/lc/hooverdam/history/essays/concrete.html","L55 card.architecture.055.c1","L55 question.architecture.055.q1","","","","","","corroborated","A single continuous pour would have needed about 125 years to cool, and the stresses would have cracked the dam. (https://www.nrmca.org/america250/hoover-dam/ https://en.wikipedia.org/wiki/Hoover_Dam)",""
"fact.architecture.marvel_hoover_thickness","source.asce_hoover_dam","unverified","Hoover Dam is 660 feet thick at its base and 45 feet thick at its crest.","https://www.asce.org/about-civil-engineering/history-and-heritage/historic-landmarks/hoover-dam","L55 card.architecture.055.c2","","","","","","","corroborated","The dam is 660 ft thick at the base and 45 ft at the crest. (https://www.usbr.gov/lc/hooverdam/educate/kidfacts.html https://en.wikipedia.org/wiki/Hoover_Dam)",""
"fact.architecture.marvel_hoover_arch_gravity","source.usbr_hoover_faqs","unverified","Hoover Dam, finished in 1936, is an arch-gravity dam: both its weight and its horizontal arch action carry the water load.","https://www.usbr.gov/lc/hooverdam/faqs/damfaqs.html","L55 card.architecture.055.c4","L55 question.architecture.055.q1","","","","","","corroborated","Hoover Dam is a concrete arch-gravity dam, completed 1936. (https://en.wikipedia.org/wiki/Hoover_Dam https://www.britannica.com/topic/Hoover-Dam)",""
"fact.architecture.marvel_hoover_arch_gravity","source.asce_hoover_dam","unverified","Hoover Dam, finished in 1936, is an arch-gravity dam: both its weight and its horizontal arch action carry the water load.","https://www.asce.org/about-civil-engineering/history-and-heritage/historic-landmarks/hoover-dam","L55 card.architecture.055.c4","L55 question.architecture.055.q1","","","","","","corroborated","Hoover Dam is a concrete arch-gravity dam, completed 1936. (https://en.wikipedia.org/wiki/Hoover_Dam https://www.britannica.com/topic/Hoover-Dam)",""
"fact.architecture.marvel_hoover_cooling","source.usbr_hoover_concrete","unverified","Hoover Dam was built as separate columns rising in five-foot lifts, cooled by 582 miles of embedded steel pipe carrying river water and then chilled water; cooling was done by March 1935.","https://www.usbr.gov/lc/hooverdam/history/essays/concrete.html","L55 card.architecture.055.c4","L55 question.architecture.055.q1","","","","","","corroborated","Columns rose in five-foot lifts with 1-inch cooling pipes (582 miles total) circulating river then refrigerated water; cooling completed March 1935. (https://www.nrmca.org/america250/hoover-dam/ https://en.wikipedia.org/wiki/Hoover_Dam)",""
"fact.architecture.marvel_hoover_cooling","source.usbr_hoover_faqs","unverified","Hoover Dam was built as separate columns rising in five-foot lifts, cooled by 582 miles of embedded steel pipe carrying river water and then chilled water; cooling was done by March 1935.","https://www.usbr.gov/lc/hooverdam/faqs/damfaqs.html","L55 card.architecture.055.c4","L55 question.architecture.055.q1","","","","","","corroborated","Columns rose in five-foot lifts with 1-inch cooling pipes (582 miles total) circulating river then refrigerated water; cooling completed March 1935. (https://www.nrmca.org/america250/hoover-dam/ https://en.wikipedia.org/wiki/Hoover_Dam)",""
"fact.architecture.marvel_lesseps_suez_panama","source.pbs_panama_canal","unverified","Ferdinand de Lesseps, who had led the building of the Suez Canal (opened 1869), began a canal across Panama in 1881; his company failed in 1889.","https://www.pbs.org/wgbh/americanexperience/features/panama-canal-creating-canal/","L56 card.architecture.056.c1","","","","","","","corroborated","De Lesseps developed the Suez Canal (1859-69) and led the French Panama effort from 1881 until its collapse in 1889. (https://en.wikipedia.org/wiki/Ferdinand_de_Lesseps https://en.wikipedia.org/wiki/French_construction_attempt_of_the_Panama_Canal)","weak-pages"
"fact.architecture.marvel_lesseps_suez_panama","source.brit_panama_canal","unverified","Ferdinand de Lesseps, who had led the building of the Suez Canal (opened 1869), began a canal across Panama in 1881; his company failed in 1889.","https://www.britannica.com/topic/Panama-Canal","L56 card.architecture.056.c1","","","","","","","corroborated","De Lesseps developed the Suez Canal (1859-69) and led the French Panama effort from 1881 until its collapse in 1889. (https://en.wikipedia.org/wiki/Ferdinand_de_Lesseps https://en.wikipedia.org/wiki/French_construction_attempt_of_the_Panama_Canal)","weak-pages"
"fact.architecture.marvel_suez_open_cut","source.brit_suez_canal","unverified","The Suez Canal is an open cut without locks, linking the Mediterranean to the Red Sea and running through lakes such as Lake Timsah and the Bitter Lakes.","https://www.britannica.com/topic/Suez-Canal","L56 card.architecture.056.c2","L56 question.architecture.056.q1","","","","","","corroborated","The Suez Canal is a sea-level canal with no locks passing through Lake Timsah and the Great Bitter Lake. (https://en.wikipedia.org/wiki/Suez_Canal)","one-page weak-pages"
"fact.architecture.marvel_lesseps_sea_level","source.pbs_panama_canal","unverified","De Lesseps planned a sea-level canal at Panama, like Suez, and refused to adopt a plan with locks.","https://www.pbs.org/wgbh/americanexperience/features/panama-canal-creating-canal/","L56 card.architecture.056.c2","L56 question.architecture.056.q1","","","","","","corroborated","De Lesseps insisted on a sea-level canal at Panama despite engineers' advice favoring locks. (https://en.wikipedia.org/wiki/French_construction_attempt_of_the_Panama_Canal)","one-page weak-pages"
"fact.architecture.marvel_us_chose_locks","source.pbs_panama_canal","unverified","When the United States took over the Panama project in 1904, its engineers judged that digging all the way down to sea level would take too long and cost too much, so they built locks.","https://www.pbs.org/wgbh/americanexperience/features/panama-canal-creating-canal/","L56 card.architecture.056.c3","L56 question.architecture.056.q1; L56 question.architecture.056.q3","","","","","","corroborated","US planners abandoned the sea-level idea for a lock canal, requiring far less excavation. (https://en.wikipedia.org/wiki/Panama_Canal https://www.history.com/articles/panama-canal-construction-dangers)",""
"fact.architecture.marvel_us_chose_locks","source.brit_panama_canal","unverified","When the United States took over the Panama project in 1904, its engineers judged that digging all the way down to sea level would take too long and cost too much, so they built locks.","https://www.britannica.com/topic/Panama-Canal","L56 card.architecture.056.c3","L56 question.architecture.056.q1; L56 question.architecture.056.q3","","","","","","corroborated","US planners abandoned the sea-level idea for a lock canal, requiring far less excavation. (https://en.wikipedia.org/wiki/Panama_Canal https://www.history.com/articles/panama-canal-construction-dangers)",""
"fact.architecture.marvel_panama_locks_lift","source.brit_panama_canal","unverified","On the Panama Canal, a series of three locks lifts ships 85 feet (26 meters) to Gatun Lake, which was made by damming the Chagres River; the locks are filled by gravity, without pumps.","https://www.britannica.com/topic/Panama-Canal","L56 card.architecture.056.c3","L56 question.architecture.056.q1; L56 question.architecture.056.q3","","","","","","corroborated","Locks lift ships 26 m to Gatun Lake, an artificial lake formed by the Gatun Dam on the Chagres; locks are gravity-fed. (https://en.wikipedia.org/wiki/Panama_Canal https://pancanal.com/en/)",""
"fact.architecture.marvel_french_disease","source.lindahall_gorgas","unverified","Yellow fever and malaria played a major role in depleting the French workforce at Panama.","https://www.lindahall.org/about/news/scientist-of-the-day/william-gorgas/","L56 card.architecture.056.c4","L56 question.architecture.056.q2","","","","","","corroborated","Disease, chiefly yellow fever and malaria, killed tens of thousands and doomed the French attempt. (https://www.pbs.org/wgbh/americanexperience/features/panama-canal-creating-canal/ https://en.wikipedia.org/wiki/Health_measures_during_the_construction_of_the_Panama_Canal)",""
"fact.architecture.marvel_gorgas_methods","source.lindahall_gorgas","unverified","William Gorgas, knowing that mosquitoes carried yellow fever and malaria, drained swamps and standing water, oiled water to kill larvae, and screened hospital wards.","https://www.lindahall.org/about/news/scientist-of-the-day/william-gorgas/","L56 card.architecture.056.c4","L56 question.architecture.056.q2","","","","","","corroborated","Gorgas's mosquito brigades drained standing water, sprayed oil on water and used screens and fumigation. (https://en.wikipedia.org/wiki/William_C._Gorgas https://www.ebsco.com/research-starters/history/gorgas-develops-effective-methods-mosquito-control)",""
"fact.architecture.marvel_yellow_fever_1906","source.lindahall_gorgas","unverified","The last Panama Canal worker to die of yellow fever caught it late in 1906.","https://www.lindahall.org/about/news/scientist-of-the-day/william-gorgas/","L56 card.architecture.056.c4","L56 question.architecture.056.q2","","","","","","corroborated","Yellow fever was eliminated from the Canal Zone by late 1906; after November 1906 no workers died of it. (https://en.wikipedia.org/wiki/Health_measures_during_the_construction_of_the_Panama_Canal)","one-page weak-pages"
"fact.architecture.marvel_panama_opened_1914","source.brit_panama_canal","unverified","The Panama Canal opened in August 1914.","https://www.britannica.com/topic/Panama-Canal","L56 card.architecture.056.c4","L56 question.architecture.056.q2","","","","","","corroborated","The canal opened on August 15, 1914. (https://en.wikipedia.org/wiki/Panama_Canal)","one-page weak-pages"
"fact.architecture.marvel_eddystone_winstanley","source.asce_eddystone","unverified","Henry Winstanley's Eddystone lighthouse of 1698, the first lighthouse built on a small rock in the open sea, was destroyed by a storm in 1703 that killed him.","https://www.asce.org/about-civil-engineering/history-and-heritage/historic-landmarks/eddystone-lighthouse","L57 card.architecture.057.c1","","","","","","","corroborated","Winstanley's tower (1698) was swept away in the Great Storm of 1703 with Winstanley inside. (https://en.wikipedia.org/wiki/Eddystone_Lighthouse)","one-page weak-pages"
"fact.architecture.marvel_eddystone_winstanley","source.trinityhouse_eddystone","unverified","Henry Winstanley's Eddystone lighthouse of 1698, the first lighthouse built on a small rock in the open sea, was destroyed by a storm in 1703 that killed him.","https://www.trinityhouse.co.uk/lighthouses-and-lightvessels/eddystone-lighthouse","L57 card.architecture.057.c1","","","","","","","corroborated","Winstanley's tower (1698) was swept away in the Great Storm of 1703 with Winstanley inside. (https://en.wikipedia.org/wiki/Eddystone_Lighthouse)","one-page weak-pages"
"fact.architecture.marvel_eddystone_rudyerd","source.trinityhouse_eddystone","unverified","The next Eddystone tower, John Rudyerd's, stood for 47 years until it burned in 1755.","https://www.trinityhouse.co.uk/lighthouses-and-lightvessels/eddystone-lighthouse","L57 card.architecture.057.c1","","","","","","","corroborated","Rudyerd's timber lighthouse (1709) was destroyed by fire in December 1755. (https://en.wikipedia.org/wiki/Eddystone_Lighthouse)","one-page weak-pages"
"fact.architecture.marvel_eddystone_rudyerd","source.asce_eddystone","unverified","The next Eddystone tower, John Rudyerd's, stood for 47 years until it burned in 1755.","https://www.asce.org/about-civil-engineering/history-and-heritage/historic-landmarks/eddystone-lighthouse","L57 card.architecture.057.c1","","","","","","","corroborated","Rudyerd's timber lighthouse (1709) was destroyed by fire in December 1755. (https://en.wikipedia.org/wiki/Eddystone_Lighthouse)","one-page weak-pages"
"fact.architecture.marvel_smeaton_oak_granite","source.asce_eddystone","unverified","John Smeaton's Eddystone lighthouse, finished in 1759, was built of Cornish granite and modeled on the shape of an oak tree for strength.","https://www.asce.org/about-civil-engineering/history-and-heritage/historic-landmarks/eddystone-lighthouse","L57 card.architecture.057.c2","L57 question.architecture.057.q1","","","","","","corroborated","Smeaton built the fourth Eddystone light of granite in 1759, basing its shape on an oak tree. (https://en.wikipedia.org/wiki/Smeaton%27s_Tower https://www.theboxplymouth.com/outside-the-box/smeatons-tower/about-smeatons-tower)",""
"fact.architecture.marvel_smeaton_oak_granite","source.trinityhouse_eddystone","unverified","John Smeaton's Eddystone lighthouse, finished in 1759, was built of Cornish granite and modeled on the shape of an oak tree for strength.","https://www.trinityhouse.co.uk/lighthouses-and-lightvessels/eddystone-lighthouse","L57 card.architecture.057.c2","L57 question.architecture.057.q1","","","","","","corroborated","Smeaton built the fourth Eddystone light of granite in 1759, basing its shape on an oak tree. (https://en.wikipedia.org/wiki/Smeaton%27s_Tower https://www.theboxplymouth.com/outside-the-box/smeatons-tower/about-smeatons-tower)",""
"fact.architecture.marvel_smeaton_dovetail","source.asce_eddystone","unverified","Smeaton locked the stones together with dovetailed joints and used a quick-setting cement that could withstand salty seawater.","https://www.asce.org/about-civil-engineering/history-and-heritage/historic-landmarks/eddystone-lighthouse","L57 card.architecture.057.c2","L57 question.architecture.057.q1","","","","","","corroborated","Smeaton used dovetailed granite blocks and hydraulic lime that set under water. (https://en.wikipedia.org/wiki/Smeaton%27s_Tower)","one-page weak-pages"
"fact.architecture.marvel_smeaton_replaced","source.trinityhouse_eddystone","unverified","Smeaton's tower was replaced in 1882 only because the rock beneath it cracked; its upper part was rebuilt on Plymouth Hoe.","https://www.trinityhouse.co.uk/lighthouses-and-lightvessels/eddystone-lighthouse","L57 card.architecture.057.c2","L57 question.architecture.057.q1","","","","","","corroborated","Erosion of the rock ledge forced replacement; the upper part of Smeaton's tower was re-erected on Plymouth Hoe. (https://en.wikipedia.org/wiki/Smeaton%27s_Tower)","one-page weak-pages"
"fact.architecture.marvel_smeaton_replaced","source.asce_eddystone","unverified","Smeaton's tower was replaced in 1882 only because the rock beneath it cracked; its upper part was rebuilt on Plymouth Hoe.","https://www.asce.org/about-civil-engineering/history-and-heritage/historic-landmarks/eddystone-lighthouse","L57 card.architecture.057.c2","L57 question.architecture.057.q1","","","","","","corroborated","Erosion of the rock ledge forced replacement; the upper part of Smeaton's tower was re-erected on Plymouth Hoe. (https://en.wikipedia.org/wiki/Smeaton%27s_Tower)","one-page weak-pages"
"fact.architecture.marvel_fresnel_1822","source.nps_fresnel_lens","unverified","In 1822 Augustin Fresnel completed a lighthouse lens design that focuses rays of light that would normally scatter into a single, intense beam.","https://www.nps.gov/articles/fresnel-lens.htm","L57 card.architecture.057.c3","L57 question.architecture.057.q2","","","","","","corroborated","Fresnel's 1822 lens used concentric prisms to gather light into a beam. (https://www.mackinacparks.com/blog/the-fresnel-lens/ https://uslhs.org/node/1429)",""
"fact.architecture.marvel_fresnel_21_miles","source.nps_fresnel_lens","unverified","Large first-order Fresnel lenses shine up to 21 miles out to sea.","https://www.nps.gov/articles/fresnel-lens.htm","L57 card.architecture.057.c3","L57 question.architecture.057.q2","","","","","","corroborated","First-order Fresnel lenses could be seen about 20 miles or more at sea. (https://www.mackinacparks.com/blog/the-fresnel-lens/)","one-page weak-pages"
"fact.architecture.marvel_light_characteristic","source.nps_fresnel_lens","unverified","Each lighthouse flashes its own pattern, called its characteristic, which mariners look up in light lists and charts to know which light they are seeing.","https://www.nps.gov/articles/fresnel-lens.htm","L57 card.architecture.057.c4","L57 question.architecture.057.q3","","","","","","corroborated","Lights are identified by their characteristic (flash pattern and color), published in light lists. (https://en.wikipedia.org/wiki/Light_characteristic)","one-page weak-pages"
"fact.architecture.marvel_light_characteristic","source.nps_caha_aids_navigation","unverified","Each lighthouse flashes its own pattern, called its characteristic, which mariners look up in light lists and charts to know which light they are seeing.","https://www.nps.gov/caha/learn/historyculture/aidtonavigationfaqs.htm","L57 card.architecture.057.c4","L57 question.architecture.057.q3","","","","","","corroborated","Lights are identified by their characteristic (flash pattern and color), published in light lists. (https://en.wikipedia.org/wiki/Light_characteristic)","one-page weak-pages"
"fact.architecture.marvel_eddystone_character","source.trinityhouse_eddystone","unverified","Today's Eddystone lighthouse shows two flashes every 10 seconds.","https://www.trinityhouse.co.uk/lighthouses-and-lightvessels/eddystone-lighthouse","L57 card.architecture.057.c4","L57 question.architecture.057.q3","","","","","","corroborated","Eddystone light character: Fl(2) 10s. (https://en.wikipedia.org/wiki/Eddystone_Lighthouse)","one-page weak-pages"
"fact.architecture.marvel_daymarks","source.nps_caha_aids_navigation","unverified","By day, lighthouses are identified by painted daymarks: Cape Hatteras has black and white spiral stripes, Bodie Island black and white bands, and Cape Lookout a checkerboard.","https://www.nps.gov/caha/learn/historyculture/aidtonavigationfaqs.htm","L57 card.architecture.057.c4","L57 question.architecture.057.q3","","","","","","corroborated","Outer Banks lighthouses carry distinct daymarks: Hatteras spiral, Bodie Island horizontal bands, Cape Lookout diamonds (checkers). (https://www.nps.gov/places/000/bodie-island-lighthouse.htm https://en.wikipedia.org/wiki/Cape_Lookout_Lighthouse)",""
"fact.architecture.marvel_foundation_shallow_piles","source.uwe_foundation_types","unverified","Shallow foundations sit near the surface and spread a building's load over the soil; where soil is weak, piles (long, slender columns) carry the load down through it to firmer soil or rock.","https://environment.uwe.ac.uk/geocal/foundations/Fountype.htm","L58 card.architecture.058.c2; L60 card.architecture.060.c3","L58 question.architecture.058.q3","","","","","","corroborated","Shallow footings spread load near the surface; piles transfer loads through weak strata to rock or dense soil. (https://pilebuck.com/shallow-versus-deep-foundations-factors-consider-common-mistakes-pitfalls/ https://en.wikipedia.org/wiki/Deep_foundation)",""
"fact.architecture.marvel_pisa_start_lean","source.brit_leaning_tower_pisa","unverified","Work on Pisa's bell tower began in 1173, and it began to lean when construction reached the second floor in 1178.","https://www.britannica.com/topic/Leaning-Tower-of-Pisa","L58 card.architecture.058.c1","","","","","","","corroborated","Construction began in 1173; the tower started to sink after the second floor was built in 1178. (https://en.wikipedia.org/wiki/Leaning_Tower_of_Pisa)","one-page weak-pages"
"fact.architecture.marvel_pisa_start_lean","source.imperial_pisa_burland","unverified","Work on Pisa's bell tower began in 1173, and it began to lean when construction reached the second floor in 1178.","https://www.imperial.ac.uk/news/98928/prof-helped-save-leaning-tower-pisa/","L58 card.architecture.058.c1","","","","","","","corroborated","Construction began in 1173; the tower started to sink after the second floor was built in 1178. (https://en.wikipedia.org/wiki/Leaning_Tower_of_Pisa)","one-page weak-pages"
"fact.architecture.marvel_pisa_soft_ground","source.geoengineer_pisa_tilt","unverified","The tower stands on a footing only three meters deep, in soft ground that settled unevenly beneath it.","https://www.geoengineer.org/education/web-class-projects/ce-179-geosystems-engineering-design/assignments/the-tilt-of-the-tower-of-pisa-why-and-how","L58 card.architecture.058.c2","","","","","","","corroborated","A three-metre-deep foundation set in weak, unstable subsoil led to uneven settlement. (https://en.wikipedia.org/wiki/Leaning_Tower_of_Pisa https://www.geological-digressions.com/the-leaning-tower-of-pisa/)",""
"fact.architecture.marvel_pisa_soft_ground","source.brit_leaning_tower_pisa","unverified","The tower stands on a footing only three meters deep, in soft ground that settled unevenly beneath it.","https://www.britannica.com/topic/Leaning-Tower-of-Pisa","L58 card.architecture.058.c2","","","","","","","corroborated","A three-metre-deep foundation set in weak, unstable subsoil led to uneven settlement. (https://en.wikipedia.org/wiki/Leaning_Tower_of_Pisa https://www.geological-digressions.com/the-leaning-tower-of-pisa/)",""
"fact.architecture.marvel_pisa_pause","source.brit_leaning_tower_pisa","unverified","War between Italian city-states halted work for nearly a century, and the pause helped prevent an early collapse by letting the foundation stabilize.","https://www.britannica.com/topic/Leaning-Tower-of-Pisa","L58 card.architecture.058.c3","L58 question.architecture.058.q2","","","","","","corroborated","Construction halted for almost a century; this allowed the underlying soil to settle, otherwise the tower would almost certainly have toppled. (https://en.wikipedia.org/wiki/Leaning_Tower_of_Pisa)","one-page weak-pages"
"fact.architecture.marvel_pisa_di_simone","source.brit_leaning_tower_pisa","unverified","When work resumed, engineer Giovanni di Simone made the new stories slightly taller on the short side to correct the tilt, but this backfired and the tower sank further; it was finished in the 14th century.","https://www.britannica.com/topic/Leaning-Tower-of-Pisa","L58 card.architecture.058.c3","L58 question.architecture.058.q2","","","","","","corroborated","Upper floors were built with one side taller to compensate, causing the tower to curve; the bell chamber was completed in the 1370s. (https://en.wikipedia.org/wiki/Leaning_Tower_of_Pisa)","one-page weak-pages"
"fact.architecture.marvel_pisa_closed_1990","source.brit_leaning_tower_pisa","unverified","In 1990 the Leaning Tower of Pisa was closed to the public because its foundations were close to failing; it reopened in 2001.","https://www.britannica.com/topic/Leaning-Tower-of-Pisa","L58 card.architecture.058.c4","L58 question.architecture.058.q1","","","","","","corroborated","The tower was closed in January 1990 and reopened in 2001 after stabilization. (https://en.wikipedia.org/wiki/Leaning_Tower_of_Pisa https://www.imperial.ac.uk/news/98928/prof-helped-save-leaning-tower-pisa/)",""
"fact.architecture.marvel_pisa_soil_removed","source.imperial_pisa_burland","unverified","Engineers including Imperial College's John Burland removed 38 cubic meters of soil from under the tower's raised side, straightening it by about 45 cm, to where it stood in 1838.","https://www.imperial.ac.uk/news/98928/prof-helped-save-leaning-tower-pisa/","L58 card.architecture.058.c4","L58 question.architecture.058.q1","","","","","","corroborated","Soil extraction from beneath the north side reduced the lean by about 44-45 cm, back to its 1838 position. (https://en.wikipedia.org/wiki/Leaning_Tower_of_Pisa https://en.wikipedia.org/wiki/John_Burland)","weak-pages"
"fact.architecture.marvel_pisa_soil_removed","source.brit_leaning_tower_pisa","unverified","Engineers including Imperial College's John Burland removed 38 cubic meters of soil from under the tower's raised side, straightening it by about 45 cm, to where it stood in 1838.","https://www.britannica.com/topic/Leaning-Tower-of-Pisa","L58 card.architecture.058.c4","L58 question.architecture.058.q1","","","","","","corroborated","Soil extraction from beneath the north side reduced the lean by about 44-45 cm, back to its 1838 position. (https://en.wikipedia.org/wiki/Leaning_Tower_of_Pisa https://en.wikipedia.org/wiki/John_Burland)","weak-pages"
"fact.architecture.marvel_pisa_2008","source.imperial_pisa_burland","unverified","In 2008 engineers announced that the tower had stopped moving.","https://www.imperial.ac.uk/news/98928/prof-helped-save-leaning-tower-pisa/","L58 card.architecture.058.c4","L58 question.architecture.058.q1","","","","","","corroborated","In May 2008 engineers announced the tower had been stabilised and had stopped moving. (https://en.wikipedia.org/wiki/Leaning_Tower_of_Pisa)","one-page weak-pages"
"fact.architecture.marvel_pisa_2008","source.brit_leaning_tower_pisa","unverified","In 2008 engineers announced that the tower had stopped moving.","https://www.britannica.com/topic/Leaning-Tower-of-Pisa","L58 card.architecture.058.c4","L58 question.architecture.058.q1","","","","","","corroborated","In May 2008 engineers announced the tower had been stabilised and had stopped moving. (https://en.wikipedia.org/wiki/Leaning_Tower_of_Pisa)","one-page weak-pages"
"fact.architecture.marvel_quake_buildings_kill","source.fema_seismic_codes","unverified","FEMA's page on seismic building codes opens with the saying: 'earthquakes don't kill people, buildings do.'","https://www.fema.gov/emergency-managers/risk-management/earthquake/seismic-building-codes","L59 card.architecture.059.c1","","","","","","","corroborated","The saying 'Earthquakes don't kill people, buildings do' is widely quoted in earthquake engineering. (https://www.congress.gov/crs-product/R47612)","one-page"
"fact.architecture.marvel_urm_no_steel","source.fema_urm_brick","unverified","Unreinforced masonry buildings have brick walls with little or no steel reinforcement; in earthquakes they often collapse both inward and outward, and even relatively small quakes can badly damage them.","https://www.fema.gov/press-release/20250121/why-are-unreinforced-brick-structures-dangerous","L59 card.architecture.059.c2","L59 question.architecture.059.q3","","","","","","corroborated","Unreinforced brick buildings lack steel reinforcing and are singled out as the most seismically vulnerable building type. (https://earthquakes.utah.gov/2020/08/19/news-release-why-are-unreinforced-brick-structures-dangerous/ https://mitigation.eeri.org/wp-content/uploads/femap774.pdf)",""
"fact.architecture.marvel_urm_retrofit","source.fema_urm_brick","unverified","Retrofits for brick buildings strengthen the roof-wall connection so walls and roof support each other, and brace chimneys; they help keep buildings intact so people can exit safely.","https://www.fema.gov/press-release/20250121/why-are-unreinforced-brick-structures-dangerous","L59 card.architecture.059.c1; L59 card.architecture.059.c3","L59 question.architecture.059.q2","","","","","","corroborated","Fix the Bricks retrofits tie roofs to walls and brace parapets and chimneys to reduce collapse. (https://earthquakes.utah.gov/2020/08/19/news-release-why-are-unreinforced-brick-structures-dangerous/)","one-page"
"fact.architecture.marvel_utah_isolators","source.utah_capitol_tour_cards","unverified","Between 2004 and 2008, the Utah State Capitol was fitted with 265 base isolators, made of alternating layers of rubber and steel around a lead core, between the building and the ground.","https://utahstatecapitol.utah.gov/wp-content/uploads/Tour-Flash-Cards-for-Web.pdf","L59 card.architecture.059.c4","L59 question.architecture.059.q1","","","","","","corroborated","The Utah Capitol's 2004-2008 retrofit installed 265 lead-rubber base isolators. (https://forell.com/projects/utah-state-capitol-seismic-retrofit https://www.reaveley.com/projects/utah-state-capitol-seismic-base-isolation-historic-renovation)",""
"fact.architecture.marvel_utah_isolators_effect","source.utah_capitol_tour_cards","unverified","In an earthquake the isolators let the ground shift the Capitol up to two feet sideways while the building stays relatively still; the ground's movement heats the lead, which turns putty-like and soaks up energy.","https://utahstatecapitol.utah.gov/wp-content/uploads/Tour-Flash-Cards-for-Web.pdf","L59 card.architecture.059.c4; L60 card.architecture.060.c3","L59 question.architecture.059.q1","","","","","","corroborated","Each isolator allows about 24 inches of horizontal displacement; lead cores dissipate energy. (https://www.ucalgary.ca/EN/Civil/csce_calgary/2012/CSCE-PresentationCondensed.pdf https://science.howstuffworks.com/innovation/science-questions/10-technologies-that-help-buildings-resist-earthquakes.htm)",""
"fact.architecture.marvel_utah_isolators_75","source.utah_capitol_tour_cards","unverified","The isolators cut the seismic impact on the Utah Capitol by roughly 75 to 80 percent.","https://utahstatecapitol.utah.gov/wp-content/uploads/Tour-Flash-Cards-for-Web.pdf","L59 card.architecture.059.c4","L59 question.architecture.059.q1","","","","","","corroborated","Official Capitol material states the isolators reduce seismic impact by about 75-80 percent; engineering descriptions agree isolation greatly reduces forces. (https://forell.com/projects/utah-state-capitol-seismic-retrofit)","one-page"
"fact.architecture.marvel_tacoma_collapse","source.historylink_tacoma","unverified","The Tacoma Narrows Bridge in Washington State, nicknamed Galloping Gertie, opened on July 1, 1940, and collapsed on November 7, 1940, in a wind of about 42 mph.","https://www.historylink.org/File/5048","L60 card.architecture.060.c1","L60 question.architecture.060.q1","","","","","","corroborated","The bridge opened July 1, 1940 and collapsed November 7, 1940 in 42 mph winds. (https://en.wikipedia.org/wiki/Tacoma_Narrows_Bridge_(1940) https://www.livescience.com/technology/engineering/science-history-the-tacoma-narrows-bridge-collapses-forcing-a-complete-rethink-in-structural-engineering-nov-7-1940)",""
"fact.architecture.marvel_tacoma_collapse","source.wsdot_tacoma_collapse","unverified","The Tacoma Narrows Bridge in Washington State, nicknamed Galloping Gertie, opened on July 1, 1940, and collapsed on November 7, 1940, in a wind of about 42 mph.","https://www.wsdot.wa.gov/tnbhistory/collapse.htm","L60 card.architecture.060.c1","L60 question.architecture.060.q1","","","","","","corroborated","The bridge opened July 1, 1940 and collapsed November 7, 1940 in 42 mph winds. (https://en.wikipedia.org/wiki/Tacoma_Narrows_Bridge_(1940) https://www.livescience.com/technology/engineering/science-history-the-tacoma-narrows-bridge-collapses-forcing-a-complete-rethink-in-structural-engineering-nov-7-1940)",""
"fact.architecture.marvel_tacoma_collapse","source.brit_tacoma_narrows","unverified","The Tacoma Narrows Bridge in Washington State, nicknamed Galloping Gertie, opened on July 1, 1940, and collapsed on November 7, 1940, in a wind of about 42 mph.","https://www.britannica.com/topic/Tacoma-Narrows-Bridge","L60 card.architecture.060.c1","L60 question.architecture.060.q1","","","","","","corroborated","The bridge opened July 1, 1940 and collapsed November 7, 1940 in 42 mph winds. (https://en.wikipedia.org/wiki/Tacoma_Narrows_Bridge_(1940) https://www.livescience.com/technology/engineering/science-history-the-tacoma-narrows-bridge-collapses-forcing-a-complete-rethink-in-structural-engineering-nov-7-1940)",""
"fact.architecture.marvel_tacoma_no_lives","source.brit_tacoma_narrows","unverified","No people died in the collapse, because the bridge had been closed to traffic in time.","https://www.britannica.com/topic/Tacoma-Narrows-Bridge","L60 card.architecture.060.c1","L60 question.architecture.060.q1","","","","","","corroborated","No human lives were lost; a dog left in a car was the only fatality. (https://en.wikipedia.org/wiki/Tacoma_Narrows_Bridge_(1940))","one-page weak-pages"
"fact.architecture.marvel_tacoma_no_lives","source.wsdot_tacoma_collapse","unverified","No people died in the collapse, because the bridge had been closed to traffic in time.","https://www.wsdot.wa.gov/tnbhistory/collapse.htm","L60 card.architecture.060.c1","L60 question.architecture.060.q1","","","","","","corroborated","No human lives were lost; a dog left in a car was the only fatality. (https://en.wikipedia.org/wiki/Tacoma_Narrows_Bridge_(1940))","one-page weak-pages"
"fact.architecture.marvel_tacoma_cause","source.brit_tacoma_narrows","unverified","Its narrow two-lane deck was stiffened by solid plate girders instead of open trusses, which did not absorb wind gusts, and it twisted in swings that grew steadily larger.","https://www.britannica.com/topic/Tacoma-Narrows-Bridge","L60 card.architecture.060.c2","L60 question.architecture.060.q2","","","","","","corroborated","The solid plate-girder deck was aerodynamically unstable; torsional oscillations built up until failure. (https://en.wikipedia.org/wiki/Tacoma_Narrows_Bridge_(1940))","one-page weak-pages"
"fact.architecture.marvel_tacoma_cause","source.wsdot_tacoma_collapse","unverified","Its narrow two-lane deck was stiffened by solid plate girders instead of open trusses, which did not absorb wind gusts, and it twisted in swings that grew steadily larger.","https://www.wsdot.wa.gov/tnbhistory/collapse.htm","L60 card.architecture.060.c2","L60 question.architecture.060.q2","","","","","","corroborated","The solid plate-girder deck was aerodynamically unstable; torsional oscillations built up until failure. (https://en.wikipedia.org/wiki/Tacoma_Narrows_Bridge_(1940))","one-page weak-pages"
"fact.architecture.marvel_tacoma_lessons","source.brit_tacoma_narrows","unverified","The collapse spurred research into how wind acts on bridges; the replacement, opened in 1950, used a web truss, and later suspension bridges were designed with its lessons.","https://www.britannica.com/topic/Tacoma-Narrows-Bridge","L60 card.architecture.060.c2","L60 question.architecture.060.q2","","","","","","corroborated","The 1950 replacement used open stiffening trusses; the failure made aerodynamics central to long-span bridge design. (https://en.wikipedia.org/wiki/Tacoma_Narrows_Bridge https://www.asce.org/about-civil-engineering/history-and-heritage/historic-landmarks/tacoma-narrows-bridges)",""
"fact.architecture.marvel_tacoma_lessons","source.historylink_tacoma","unverified","The collapse spurred research into how wind acts on bridges; the replacement, opened in 1950, used a web truss, and later suspension bridges were designed with its lessons.","https://www.historylink.org/File/5048","L60 card.architecture.060.c2","L60 question.architecture.060.q2","","","","","","corroborated","The 1950 replacement used open stiffening trusses; the failure made aerodynamics central to long-span bridge design. (https://en.wikipedia.org/wiki/Tacoma_Narrows_Bridge https://www.asce.org/about-civil-engineering/history-and-heritage/historic-landmarks/tacoma-narrows-bridges)",""
"fact.architecture.sky_chicago_fire_1871","source.natgeo_chicago_fire_1871","unverified","The Great Chicago Fire began on October 8, 1871; about 300 people died and roughly one in three Chicagoans was left homeless.","https://education.nationalgeographic.org/resource/chicago-fire-1871-and-great-rebuilding/","L61 card.architecture.061.c1","","","","","","","corroborated","The Chicago Architecture Center also gives an estimated 300 dead and about 100,000 homeless from the fire that began October 8, 1871. (https://www.architecture.org/online-resources/architecture-encyclopedia/the-great-chicago-fire-of-1871 https://www.britannica.com/event/Chicago-fire-of-1871)",""
"fact.architecture.sky_chicago_rebuild_timing","source.cac_great_chicago_fire","unverified","Right after the 1871 fire, Chicago's new buildings looked much like the old ones and a land rush began within months; the earliest skyscrapers, 8 to 10 stories with steel frames, elevators and innovative foundations, came 10 to 15 years later.","https://www.architecture.org/online-resources/architecture-encyclopedia/the-great-chicago-fire-of-1871","L61 card.architecture.061.c2; L62 card.architecture.062.c4","L61 question.architecture.061.q2; L62 question.architecture.062.q3; L63 question.architecture.063.q3","","","","","","corroborated","National Geographic Education places the first skyscraper, the Home Insurance Building (1884-85), in the rebuilding years after 1871; WBEZ notes the land rush and soaring downtown land values after the fire. (https://education.nationalgeographic.org/resource/chicago-fire-1871-and-great-rebuilding/ https://interactive.wbez.org/curiouscity/chicagofire/)",""
"fact.architecture.sky_chicago_school","source.brit_chicago_school","unverified","The Chicago school (Jenney, Burnham, Root, Adler, Sullivan and others) developed the skyscraper in the late 19th century; Jenney designed the Home Insurance Building, and Chicago has been called the birthplace of modern architecture.","https://www.britannica.com/art/Chicago-school-architecture","L61 card.architecture.061.c1; L61 card.architecture.061.c3","L61 question.architecture.061.q3","","","","","","corroborated","National Geographic Education and Wikipedia describe the Chicago School architects rebuilding the city with skyscrapers; Britannica's skyscraper article credits Jenney with the Home Insurance Building. (https://education.nationalgeographic.org/resource/chicago-fire-1871-and-great-rebuilding/ https://en.wikipedia.org/wiki/Chicago_school_(architecture) https://www.britannica.com/technology/skyscraper)",""
"fact.architecture.sky_chicago_school","source.brit_home_insurance_building","unverified","The Chicago school (Jenney, Burnham, Root, Adler, Sullivan and others) developed the skyscraper in the late 19th century; Jenney designed the Home Insurance Building, and Chicago has been called the birthplace of modern architecture.","https://www.britannica.com/place/Home-Insurance-Company-Building","L61 card.architecture.061.c1; L61 card.architecture.061.c3","L61 question.architecture.061.q3","","","","","","corroborated","National Geographic Education and Wikipedia describe the Chicago School architects rebuilding the city with skyscrapers; Britannica's skyscraper article credits Jenney with the Home Insurance Building. (https://education.nationalgeographic.org/resource/chicago-fire-1871-and-great-rebuilding/ https://en.wikipedia.org/wiki/Chicago_school_(architecture) https://www.britannica.com/technology/skyscraper)",""
"fact.architecture.sky_sullivan_essay","source.archive_sullivan_tall_office","unverified","In his 1896 essay 'The Tall Office Building Artistically Considered', Louis Sullivan wrote that 'form ever follows function': a grand, open street floor, identical office tiers made to look alike 'because they are all alike', and an attic that shows the offices have ended.","https://archive.org/details/tallofficebuildi00sull","L61 card.architecture.061.c4","L61 question.architecture.061.q1","","","","","","corroborated","Wikipedia's 'Form follows function' article dates the phrase to Sullivan's 1896 Lippincott's essay; ArchDaily republishes the essay with the same three-part argument. (https://en.wikipedia.org/wiki/Form_follows_function https://www.archdaily.com/773283/the-long-ish-read-louis-sullivan-discusses-the-tall-office-artistically-considered)",""
"fact.architecture.sky_sullivan_essay","source.brit_louis_sullivan","unverified","In his 1896 essay 'The Tall Office Building Artistically Considered', Louis Sullivan wrote that 'form ever follows function': a grand, open street floor, identical office tiers made to look alike 'because they are all alike', and an attic that shows the offices have ended.","https://www.britannica.com/biography/Louis-Sullivan","L61 card.architecture.061.c4","L61 question.architecture.061.q1","","","","","","corroborated","Wikipedia's 'Form follows function' article dates the phrase to Sullivan's 1896 Lippincott's essay; ArchDaily republishes the essay with the same three-part argument. (https://en.wikipedia.org/wiki/Form_follows_function https://www.archdaily.com/773283/the-long-ish-read-louis-sullivan-discusses-the-tall-office-artistically-considered)",""
"fact.architecture.sky_wainwright_column","source.stlouis_wainwright_building","unverified","Critics compared a tall building to a classical column (base, shaft, capital); Adler and Sullivan's 10-story Wainwright Building in St. Louis (1890-91) has a two-story stone base, seven stories of continuous brick piers, and a leafy frieze under an overhanging roof.","https://www.stlouis-mo.gov/government/departments/planning/cultural-resources/city-landmarks/wainwright-builiding.cfm","L61 card.architecture.061.c5","","","","","","","corroborated","Wikipedia describes the Wainwright Building (1890-91, 10 stories) as a tripartite base-shaft-attic composition based on the classical column; Clio describes the same column reading. (https://en.wikipedia.org/wiki/Wainwright_Building https://theclio.com/entry/13054)",""
"fact.architecture.sky_wainwright_column","source.brit_louis_sullivan","unverified","Critics compared a tall building to a classical column (base, shaft, capital); Adler and Sullivan's 10-story Wainwright Building in St. Louis (1890-91) has a two-story stone base, seven stories of continuous brick piers, and a leafy frieze under an overhanging roof.","https://www.britannica.com/biography/Louis-Sullivan","L61 card.architecture.061.c5","","","","","","","corroborated","Wikipedia describes the Wainwright Building (1890-91, 10 stories) as a tripartite base-shaft-attic composition based on the classical column; Clio describes the same column reading. (https://en.wikipedia.org/wiki/Wainwright_Building https://theclio.com/entry/13054)",""
"fact.architecture.sky_wainwright_column","source.archive_sullivan_tall_office","unverified","Critics compared a tall building to a classical column (base, shaft, capital); Adler and Sullivan's 10-story Wainwright Building in St. Louis (1890-91) has a two-story stone base, seven stories of continuous brick piers, and a leafy frieze under an overhanging roof.","https://archive.org/details/tallofficebuildi00sull","L61 card.architecture.061.c5","","","","","","","corroborated","Wikipedia describes the Wainwright Building (1890-91, 10 stories) as a tripartite base-shaft-attic composition based on the classical column; Clio describes the same column reading. (https://en.wikipedia.org/wiki/Wainwright_Building https://theclio.com/entry/13054)",""
"fact.architecture.sky_sullivan_vertical","source.brit_louis_sullivan","unverified","Sullivan stressed a tall building's vertical elements and minimized its horizontals, to make it a 'proud and soaring' unity.","https://www.britannica.com/biography/Louis-Sullivan","L61 card.architecture.061.c5","","","","","","","corroborated","The essay text says the tall building 'must be every inch a proud and soaring thing'; Wikipedia notes the Wainwright's emphasis on continuous vertical piers. (https://www.onverticality.com/blog/louis-sullivan-quote https://en.wikipedia.org/wiki/Wainwright_Building)","weak-pages"
"fact.architecture.sky_sullivan_vertical","source.archive_sullivan_tall_office","unverified","Sullivan stressed a tall building's vertical elements and minimized its horizontals, to make it a 'proud and soaring' unity.","https://archive.org/details/tallofficebuildi00sull","L61 card.architecture.061.c5","","","","","","","corroborated","The essay text says the tall building 'must be every inch a proud and soaring thing'; Wikipedia notes the Wainwright's emphasis on continuous vertical piers. (https://www.onverticality.com/blog/louis-sullivan-quote https://en.wikipedia.org/wiki/Wainwright_Building)","weak-pages"
"fact.architecture.sky_otis_demo","source.brit_elisha_otis","unverified","In 1854, at New York's Crystal Palace, Elisha Otis rode his raised elevator platform and had its rope cut; his safety device held it.","https://www.britannica.com/biography/Elisha-Graves-Otis","L62 card.architecture.062.c1","","","","","","","corroborated","The National Inventors Hall of Fame says Otis ascended, had the hoisting cable cut with an axe, and the platform held fast. (https://www.invent.org/inductees/elisha-graves-otis https://en.wikipedia.org/wiki/Elisha_Otis)",""
"fact.architecture.sky_otis_brake","source.brit_elevator","unverified","Otis's safety device gripped the guide rails when the hoist rope lost its tension, so a broken rope set the brake itself.","https://www.britannica.com/technology/elevator-vertical-transport","L62 card.architecture.062.c2; L70 card.architecture.070.c4","L62 question.architecture.062.q1","","","","","","corroborated","NIHF describes a steel wagon spring meshing with a ratchet on the guide rails that engaged when the rope's tension was released. (https://www.invent.org/inductees/elisha-graves-otis https://en.wikipedia.org/wiki/Elevator)",""
"fact.architecture.sky_haughwout_1857","source.brit_skyscraper","unverified","The first safe passenger elevator, installed in 1857 in the E.V. Haughwout store in New York City, made buildings of more than four or five stories practical.","https://www.britannica.com/technology/skyscraper","L62 card.architecture.062.c2; L70 card.architecture.070.c4","L62 question.architecture.062.q1","","","","","","corroborated","Wikipedia and Village Preservation record Otis's passenger elevator in the Haughwout Building on Broadway in March 1857 and its role in letting buildings grow taller. (https://en.wikipedia.org/wiki/E._V._Haughwout_Building https://villagepreservation.org/2021/03/23/the-technological-breakthrough-in-our-midst-that-allowed-buildings-to-grow-tall/)",""
"fact.architecture.sky_haughwout_1857","source.brit_elisha_otis","unverified","The first safe passenger elevator, installed in 1857 in the E.V. Haughwout store in New York City, made buildings of more than four or five stories practical.","https://www.britannica.com/biography/Elisha-Graves-Otis","L62 card.architecture.062.c2; L70 card.architecture.070.c4","L62 question.architecture.062.q1","","","","","","corroborated","Wikipedia and Village Preservation record Otis's passenger elevator in the Haughwout Building on Broadway in March 1857 and its role in letting buildings grow taller. (https://en.wikipedia.org/wiki/E._V._Haughwout_Building https://villagepreservation.org/2021/03/23/the-technological-breakthrough-in-our-midst-that-allowed-buildings-to-grow-tall/)",""
"fact.architecture.sky_equitable_1870","source.skyscrapermuseum_equitable_1870","unverified","New York's Equitable Life Assurance Building (1870), said to be the city's first office building with a passenger elevator, made its upper floors as convenient as the lower ones, and even more desirable.","https://urbanarchive.org/o/skyscrapermuseum/post/946c4c2a-c52f-4139-93cf-01c773b7277d","L62 card.architecture.062.c3; L62 card.architecture.062.c4","L62 question.architecture.062.q2; L62 question.architecture.062.q3","","","","","","corroborated","Wikipedia and Archiseek describe the 1868-70 Equitable Life Building at 120 Broadway as the first office building with passenger elevators. (https://en.wikipedia.org/wiki/Equitable_Life_Building_(Manhattan) https://www.archiseek.com/1870-equitable-life-assurance-building-new-york/)",""
"fact.architecture.sky_attic_to_penthouse","source.the_lifted_review","unverified","Before elevators, the attic was the hard-to-reach retreat of the poor; thanks to the elevator it became the sought-after penthouse, and by the 1920s the top floor was in its heyday.","https://www.timeshighereducation.com/books/lifted-a-cultural-history-of-the-elevator-by-andreas-bernard/2012662.article","L62 card.architecture.062.c3","L62 question.architecture.062.q2","","","","","","corroborated","The publisher's description of Bernard's Lifted includes a section 'From Attic to Penthouse'; other histories note upper floors were least desirable before elevators and prized by the 1920s. (https://www.barnesandnoble.com/w/lifted-andreas-bernard/1115290814 https://www.olympicelevator.com/blog/how-elevators-created-the-penthouse)",""
"fact.architecture.sky_elevator_city","source.brit_elevator","unverified","By opening the way to higher buildings, the elevator played a decisive role in creating the urban geography of many modern cities.","https://www.britannica.com/technology/elevator-vertical-transport","L62 card.architecture.062.c4","L62 question.architecture.062.q3","","","","","","corroborated","Village Preservation credits the passenger elevator, with steel framing, for letting buildings grow ever taller and reshaping skylines. (https://villagepreservation.org/2021/03/23/the-technological-breakthrough-in-our-midst-that-allowed-buildings-to-grow-tall/ https://en.wikipedia.org/wiki/Elevator)",""
"fact.architecture.sky_esb_410_days","source.brit_empire_state_building","unverified","The 102-story Empire State Building was built in about 410 days, from March 17, 1930, to its opening on May 1, 1931, when President Herbert Hoover pressed a button in Washington, D.C.","https://www.britannica.com/topic/Empire-State-Building","L63 card.architecture.063.c1","L63 question.architecture.063.q3; L70 question.architecture.070.q4","","","","","","corroborated","The official fact sheet gives groundbreaking on March 17, 1930, Hoover's button on May 1, 1931, and 102 floors; Wikipedia gives 410 days. (https://www.esbnyc.com/sites/default/files/esb_fact_sheet_final.pdf https://en.wikipedia.org/wiki/Empire_State_Building)",""
"fact.architecture.sky_esb_410_days","source.esbnyc_history","unverified","The 102-story Empire State Building was built in about 410 days, from March 17, 1930, to its opening on May 1, 1931, when President Herbert Hoover pressed a button in Washington, D.C.","https://www.esbnyc.com/about/history","L63 card.architecture.063.c1","L63 question.architecture.063.q3; L70 question.architecture.070.q4","","","","","","corroborated","The official fact sheet gives groundbreaking on March 17, 1930, Hoover's button on May 1, 1931, and 102 floors; Wikipedia gives 410 days. (https://www.esbnyc.com/sites/default/files/esb_fact_sheet_final.pdf https://en.wikipedia.org/wiki/Empire_State_Building)",""
"fact.architecture.sky_esb_pace_team","source.esbnyc_fact_sheet","unverified","The Empire State Building's framework rose at about four and a half stories per week; its architects were Shreve, Lamb & Harmon and its builders Starrett Bros. & Eken.","https://www.esbnyc.com/sites/default/files/esb_fact_sheet_final.pdf","L63 card.architecture.063.c2","","","","","","","corroborated","Britannica names Shreve, Lamb & Harmon; The B1M and Bluebeam describe the frame rising four and a half stories a week under Starrett Brothers and Eken. (https://www.britannica.com/topic/Empire-State-Building https://blog.bluebeam.com/empire-state-building-construction/)",""
"fact.architecture.sky_esb_pace_team","source.esbnyc_history","unverified","The Empire State Building's framework rose at about four and a half stories per week; its architects were Shreve, Lamb & Harmon and its builders Starrett Bros. & Eken.","https://www.esbnyc.com/about/history","L63 card.architecture.063.c2","","","","","","","corroborated","Britannica names Shreve, Lamb & Harmon; The B1M and Bluebeam describe the frame rising four and a half stories a week under Starrett Brothers and Eken. (https://www.britannica.com/topic/Empire-State-Building https://blog.bluebeam.com/empire-state-building-construction/)",""
"fact.architecture.sky_esb_pace_team","source.brit_empire_state_building","unverified","The Empire State Building's framework rose at about four and a half stories per week; its architects were Shreve, Lamb & Harmon and its builders Starrett Bros. & Eken.","https://www.britannica.com/topic/Empire-State-Building","L63 card.architecture.063.c2","","","","","","","corroborated","Britannica names Shreve, Lamb & Harmon; The B1M and Bluebeam describe the frame rising four and a half stories a week under Starrett Brothers and Eken. (https://www.britannica.com/topic/Empire-State-Building https://blog.bluebeam.com/empire-state-building-construction/)",""
"fact.architecture.sky_esb_methods","source.b1m_empire_state_speed","unverified","Empire State Building construction began before the design was complete, foundations were dug while the old Waldorf-Astoria hotel on the site was still being demolished, deliveries arrived just in time, and railway tracks moved materials on site.","https://www.theb1m.com/article/empire-state-building-construction","L63 card.architecture.063.c3","L63 question.architecture.063.q2","","","","","","corroborated","Bluebeam and Construction Kenya describe just-in-time deliveries and a site railway whose cars carried far more than wheelbarrows; the official fact sheet confirms the Waldorf-Astoria site. (https://blog.bluebeam.com/empire-state-building-construction/ https://www.constructionkenya.com/12577/empire-state-building/)",""
"fact.architecture.sky_esb_methods","source.esbnyc_fact_sheet","unverified","Empire State Building construction began before the design was complete, foundations were dug while the old Waldorf-Astoria hotel on the site was still being demolished, deliveries arrived just in time, and railway tracks moved materials on site.","https://www.esbnyc.com/sites/default/files/esb_fact_sheet_final.pdf","L63 card.architecture.063.c3","L63 question.architecture.063.q2","","","","","","corroborated","Bluebeam and Construction Kenya describe just-in-time deliveries and a site railway whose cars carried far more than wheelbarrows; the official fact sheet confirms the Waldorf-Astoria site. (https://blog.bluebeam.com/empire-state-building-construction/ https://www.constructionkenya.com/12577/empire-state-building/)",""
"fact.architecture.sky_esb_design","source.brit_empire_state_building","unverified","Designed in Art Deco style, the Empire State Building rose 1,250 feet (381 meters) with its spire, which was first meant as a mooring station for airships; it was the world's tallest building until 1971.","https://www.britannica.com/topic/Empire-State-Building","L63 card.architecture.063.c4; L69 card.architecture.069.c4","L63 question.architecture.063.q1","","","","","","corroborated","The official observatory data gives 1,250 feet at the 102nd floor; Wikipedia records the airship mooring mast plan and the title passing to the World Trade Center's North Tower in 1970-71. (https://www.esbnyc.com/sites/default/files/esb_fact_sheet_final.pdf https://en.wikipedia.org/wiki/Empire_State_Building)",""
"fact.architecture.sky_wind_vortex_shedding","source.physicstoday_vortices_tall_buildings","unverified","As wind flows past a tall building, vortices form and shed alternately from each side, pushing and pulling the building across the wind direction.","https://physicstoday.aip.org/quick-study/vortices-and-tall-buildings-a-recipe-for-resonance","L64 card.architecture.064.c2","L64 question.architecture.064.q2; L64 question.architecture.064.q3","","","","","","corroborated","STRUCTURE magazine and The B1M describe vortex shedding alternating from either side of a tower and causing crosswind sway. (https://www.structuremag.org/article/form-follows-physics/ https://www.theb1m.com/video/how-tall-buildings-tame-the-wind)",""
"fact.architecture.sky_wind_resonance","source.physicstoday_vortices_tall_buildings","unverified","Like pushes on a swing timed to its natural rhythm, vortices shedding at a building's natural frequency make it sway harder; at a minimum, upper floors become uncomfortable.","https://physicstoday.aip.org/quick-study/vortices-and-tall-buildings-a-recipe-for-resonance","L64 card.architecture.064.c3","L64 question.architecture.064.q2","","","","","","corroborated","Eastern Engineering Group and STRUCTURE magazine explain that if shedding frequency matches the building's natural frequency, resonant sway results. (https://www.easternengineeringgroup.com/aerodynamic-design-skyscrapers/ https://www.structuremag.org/article/form-follows-physics/)",""
"fact.architecture.sky_wind_shape_fixes","source.physicstoday_vortices_tall_buildings","unverified","Varying a tower's cross section with height 'confuses' the wind so vortices lose coherence; softened corners, openings for the wind, wind-tunnel tests and dampers also tame sway.","https://physicstoday.aip.org/quick-study/vortices-and-tall-buildings-a-recipe-for-resonance","L64 card.architecture.064.c4; L70 card.architecture.070.c4","L64 question.architecture.064.q1; L65 question.architecture.065.q3","","","","","","corroborated","The B1M lists taper, setbacks and corner softening as ways tall buildings tame the wind, and describes tuned mass dampers. (https://www.theb1m.com/video/how-tall-buildings-tame-the-wind https://www.structuremag.org/article/form-follows-physics/)",""
"fact.architecture.sky_wind_taipei_damper","source.brit_taipei_101","unverified","Taipei 101 has a steel sphere weighing 660 metric tons suspended between its 87th and 92nd floors, in the middle of the building, to keep it steady in strong winds.","https://www.britannica.com/topic/Taipei-101","L64 card.architecture.064.c1; L64 card.architecture.064.c4; L70 card.architecture.070.c4","L64 question.architecture.064.q1; L65 question.architecture.065.q3","","","","","","corroborated","Physics Today notes Taipei 101 uses a damper weighing more than 600 metric tons; Wikipedia gives 660 tonnes between floors 87 and 92. (https://physicstoday.aip.org/quick-study/vortices-and-tall-buildings-a-recipe-for-resonance https://en.wikipedia.org/wiki/Taipei_101)",""
"fact.architecture.sky_burj_height","source.ctbuh_burj_khalifa","unverified","As of 2026, the Council on Tall Buildings and Urban Habitat (CTBUH) ranks Dubai's Burj Khalifa, completed in 2010, as the world's tallest building at 828 meters.","https://www.skyscrapercenter.com/building/burj-khalifa/3","L65 card.architecture.065.c1; L69 card.architecture.069.c4","L65 question.architecture.065.q1; L69 question.architecture.069.q3","","","","","","corroborated","Britannica gives 828 meters (2,717 feet) and SOM gives 828 meters and completion in 2010. (https://www.britannica.com/topic/Burj-Khalifa https://www.som.com/projects/burj-khalifa/)",""
"fact.architecture.sky_burj_designers","source.brit_burj_khalifa","unverified","Burj Khalifa was designed by Skidmore, Owings & Merrill (SOM), with Adrian Smith as architect and William F. Baker as structural engineer, and formally opened on January 4, 2010.","https://www.britannica.com/topic/Burj-Khalifa","L65 card.architecture.065.c2","","","","","","","corroborated","Wikipedia names Adrian Smith of SOM as architect and Bill Baker of SOM as structural engineer, with the opening on January 4, 2010. (https://en.wikipedia.org/wiki/Burj_Khalifa https://www.britannica.com/topic/Burj-Khalifa)",""
"fact.architecture.sky_burj_designers","source.som_burj_khalifa","unverified","Burj Khalifa was designed by Skidmore, Owings & Merrill (SOM), with Adrian Smith as architect and William F. Baker as structural engineer, and formally opened on January 4, 2010.","https://www.som.com/projects/burj-khalifa/","L65 card.architecture.065.c2","","","","","","","corroborated","Wikipedia names Adrian Smith of SOM as architect and Bill Baker of SOM as structural engineer, with the opening on January 4, 2010. (https://en.wikipedia.org/wiki/Burj_Khalifa https://www.britannica.com/topic/Burj-Khalifa)",""
"fact.architecture.sky_burj_y_plan","source.brit_burj_khalifa","unverified","Burj Khalifa's Y-shaped plan abstracts the local Hymenocallis desert flower and draws on patterns of Islamic architecture; it maximizes views toward the Arabian Gulf and reduces wind forces.","https://www.britannica.com/topic/Burj-Khalifa","L65 card.architecture.065.c2; L65 card.architecture.065.c4","L65 question.architecture.065.q3","","","","","","corroborated","Wikipedia describes the Y-shaped plan inspired by the Hymenocallis flower and its role in reducing wind forces. (https://en.wikipedia.org/wiki/Burj_Khalifa https://www.britannica.com/topic/Burj-Khalifa)",""
"fact.architecture.sky_burj_y_plan","source.som_burj_khalifa","unverified","Burj Khalifa's Y-shaped plan abstracts the local Hymenocallis desert flower and draws on patterns of Islamic architecture; it maximizes views toward the Arabian Gulf and reduces wind forces.","https://www.som.com/projects/burj-khalifa/","L65 card.architecture.065.c2; L65 card.architecture.065.c4","L65 question.architecture.065.q3","","","","","","corroborated","Wikipedia describes the Y-shaped plan inspired by the Hymenocallis flower and its role in reducing wind forces. (https://en.wikipedia.org/wiki/Burj_Khalifa https://www.britannica.com/topic/Burj-Khalifa)",""
"fact.architecture.sky_burj_buttressed_core","source.brit_burj_khalifa","unverified","In Burj Khalifa's buttressed core, a six-sided central concrete core is braced by three wings, each with its own concrete core and perimeter columns.","https://www.britannica.com/topic/Burj-Khalifa","L65 card.architecture.065.c3","L65 question.architecture.065.q2","","","","","","corroborated","Wikipedia and CTBUH-affiliated papers describe the buttressed core: a hexagonal core supported by three wings. (https://en.wikipedia.org/wiki/Burj_Khalifa https://www.britannica.com/topic/Burj-Khalifa)",""
"fact.architecture.sky_burj_buttressed_core","source.som_burj_khalifa","unverified","In Burj Khalifa's buttressed core, a six-sided central concrete core is braced by three wings, each with its own concrete core and perimeter columns.","https://www.som.com/projects/burj-khalifa/","L65 card.architecture.065.c3","L65 question.architecture.065.q2","","","","","","corroborated","Wikipedia and CTBUH-affiliated papers describe the buttressed core: a hexagonal core supported by three wings. (https://en.wikipedia.org/wiki/Burj_Khalifa https://www.britannica.com/topic/Burj-Khalifa)",""
"fact.architecture.sky_burj_confuse_wind","source.som_burj_khalifa","unverified","Burj Khalifa's wings step back in a spiral as it rises, so the wind meets a different shape at each tier and its vortices never coalesce: 'confusing the wind', a strategy backed by wind-tunnel tests.","https://www.som.com/projects/burj-khalifa/","L65 card.architecture.065.c4","L65 question.architecture.065.q3","","","","","","corroborated","Britannica says the wings step back in a spiral that reduces wind forces; Physics Today says the tiering strategy, backed by wind-tunnel tests, was used on Burj Khalifa. (https://www.britannica.com/topic/Burj-Khalifa https://physicstoday.aip.org/quick-study/vortices-and-tall-buildings-a-recipe-for-resonance)",""
"fact.architecture.sky_burj_confuse_wind","source.brit_burj_khalifa","unverified","Burj Khalifa's wings step back in a spiral as it rises, so the wind meets a different shape at each tier and its vortices never coalesce: 'confusing the wind', a strategy backed by wind-tunnel tests.","https://www.britannica.com/topic/Burj-Khalifa","L65 card.architecture.065.c4","L65 question.architecture.065.q3","","","","","","corroborated","Britannica says the wings step back in a spiral that reduces wind forces; Physics Today says the tiering strategy, backed by wind-tunnel tests, was used on Burj Khalifa. (https://www.britannica.com/topic/Burj-Khalifa https://physicstoday.aip.org/quick-study/vortices-and-tall-buildings-a-recipe-for-resonance)",""
"fact.architecture.sky_burj_confuse_wind","source.physicstoday_vortices_tall_buildings","unverified","Burj Khalifa's wings step back in a spiral as it rises, so the wind meets a different shape at each tier and its vortices never coalesce: 'confusing the wind', a strategy backed by wind-tunnel tests.","https://physicstoday.aip.org/quick-study/vortices-and-tall-buildings-a-recipe-for-resonance","L65 card.architecture.065.c4","L65 question.architecture.065.q3","","","","","","corroborated","Britannica says the wings step back in a spiral that reduces wind forces; Physics Today says the tiering strategy, backed by wind-tunnel tests, was used on Burj Khalifa. (https://www.britannica.com/topic/Burj-Khalifa https://physicstoday.aip.org/quick-study/vortices-and-tall-buildings-a-recipe-for-resonance)",""
"fact.architecture.sky_curtain_wall","source.brit_curtain_wall","unverified","A curtain wall is a nonbearing wall of glass, metal or masonry attached to a building's exterior structural frame.","https://www.britannica.com/technology/curtain-wall","L66 card.architecture.066.c2; L70 card.architecture.070.c4","L66 question.architecture.066.q1","","","","","","corroborated","Wikipedia defines a curtain wall as a non-structural outer covering that carries only its own dead load and wind loads. (https://en.wikipedia.org/wiki/Curtain_wall_(architecture) https://www.britannica.com/technology/skyscraper)",""
"fact.architecture.sky_glass_needs_energy","source.conversation_glass_skyscrapers","unverified","Fully glazed towers became practical in the mid-20th century with better air conditioning and cheap, abundant energy; after World War II, low energy costs boosted the idea of the tower as a glass prism.","https://theconversation.com/glass-skyscrapers-a-great-environmental-folly-that-could-have-been-avoided-116461","L66 card.architecture.066.c3","L66 question.architecture.066.q2; L70 question.architecture.070.q5","","","","","","corroborated","Fast Company and Trellis summaries of the same research tie postwar glass towers to air conditioning and cheap energy. (https://www.fastcompany.com/90350542/how-glass-skyscrapers-took-over-the-world-and-why-we-need-to-stop-building-them https://trellis.net/article/glass-skyscrapers-environmental-bane-built-environment/)",""
"fact.architecture.sky_glass_needs_energy","source.brit_curtain_wall","unverified","Fully glazed towers became practical in the mid-20th century with better air conditioning and cheap, abundant energy; after World War II, low energy costs boosted the idea of the tower as a glass prism.","https://www.britannica.com/technology/curtain-wall","L66 card.architecture.066.c3","L66 question.architecture.066.q2; L70 question.architecture.070.q5","","","","","","corroborated","Fast Company and Trellis summaries of the same research tie postwar glass towers to air conditioning and cheap energy. (https://www.fastcompany.com/90350542/how-glass-skyscrapers-took-over-the-world-and-why-we-need-to-stop-building-them https://trellis.net/article/glass-skyscrapers-environmental-bane-built-environment/)",""
"fact.architecture.sky_lever_house","source.brit_lever_house","unverified","Lever House (1952), designed by Gordon Bunshaft of SOM, was the first commercial building in New York City with a glass curtain wall; extruded aluminum held its glass, and it was widely copied.","https://www.britannica.com/place/Lever-House","L66 card.architecture.066.c3","L66 question.architecture.066.q2; L70 question.architecture.070.q5","","","","","","corroborated","Britannica's Bunshaft biography, Metalocus and ArchEyes describe Bunshaft's 1952 Lever House for SOM as a pioneering, widely imitated glass curtain-wall tower. (https://www.britannica.com/biography/Gordon-Bunshaft https://archeyes.com/lever-house-a-glass-curtain-wall-icon-by-som/)",""
"fact.architecture.sky_crystal_palace_heat","source.conversation_glass_skyscrapers","unverified","Records from the Crystal Palace (1851) show its indoor temperatures were extremely unstable; the glass building amplified peak summer heat.","https://theconversation.com/glass-skyscrapers-a-great-environmental-folly-that-could-have-been-avoided-116461","L66 card.architecture.066.c4","L66 question.architecture.066.q3","","","","","","corroborated","ArchitectureAU republished Schoenefeldt's research on the Crystal Palace's unstable, overheating interior. (https://architectureau.com/articles/glass-skyscrapers-a-great-environmental-folly-that-could-have-been-avoided/ https://www.citymonitor.ai/analysis/glass-skyscrapers-are-environment-disaster-could-have-been-avoided-4611/)",""
"fact.architecture.sky_walkie_talkie_glare","source.globalnews_walkie_talkie_glare","unverified","In 2013, sunlight reflected and concentrated by the concave glass face of London's 20 Fenchurch Street, the 'Walkie-Talkie', melted part of a parked Jaguar; a permanent sunshade of horizontal aluminum fins was later approved.","https://globalnews.ca/news/1334377/car-melting-london-skyscraper-to-be-permanently-cooled-down","L66 card.architecture.066.c1; L66 card.architecture.066.c4","L66 question.architecture.066.q3","","","","","","corroborated","CBS News and The Solar Centre report the Walkie-Talkie's concave facade melting Jaguar parts in 2013 and the developers adding a sunshade. (https://cbsnews.com/news/london-skyscraper-blamed-for-melting-cars https://www.thesolarcentre.co.uk/blog/2013/09/02/walkie-talkie-melts-jaguar-car/)",""
"fact.architecture.sky_build_pit_piles","source.madehow_skyscraper","unverified","Skyscraper construction usually begins with digging a pit for the foundation; piles are sunk through the soil until they are embedded in the bedrock.","https://www.madehow.com/Volume-6/Skyscraper.html","L67 card.architecture.067.c1; L67 card.architecture.067.c2","L67 question.architecture.067.q3","","","","","","corroborated","Wikipedia's skyscraper design article and Blackridge Research describe deep foundations of piles or caissons carried down to bedrock. (https://en.wikipedia.org/wiki/Skyscraper_design_and_construction https://www.blackridgeresearch.com/blog/how-skyscrapers-are-built)","weak-pages"
"fact.architecture.sky_build_frame_floors","source.madehow_skyscraper","unverified","Cranes lift each steel beam into place to be bolted or welded; floors are made of corrugated steel decking with about 5 to 10 cm (2 to 4 inches) of concrete poured on top.","https://www.madehow.com/Volume-6/Skyscraper.html","L67 card.architecture.067.c4","L67 question.architecture.067.q1","","","","","","corroborated","Wikipedia and Blackridge Research describe steel frames erected by crane and composite floors of metal deck and concrete. (https://en.wikipedia.org/wiki/Skyscraper_design_and_construction https://www.blackridgeresearch.com/blog/how-skyscrapers-are-built)","weak-pages"
"fact.architecture.sky_build_skin_simultaneous","source.madehow_skyscraper","unverified","Panels of glass, metal or stone are bolted to a skyscraper's frame as its outer wall, wiring, pipes and elevators are installed, and work on several phases goes on at the same time.","https://www.madehow.com/Volume-6/Skyscraper.html","L67 card.architecture.067.c1; L67 card.architecture.067.c4","L67 question.architecture.067.q1","","","","","","corroborated","BuilderSpace describes cladding and interior fit-out following the frame up the building while upper floors are still being built. (https://www.builderspace.com/the-skyscraper-construction-process-explained https://www.blackridgeresearch.com/blog/how-skyscrapers-are-built)",""
"fact.architecture.sky_build_core_first","source.bdc_core_first","unverified","In core-first construction, a concrete core holding stairways, elevators and utility risers is cast in a self-climbing form, a giant mold, and the steel framing follows once the forms have climbed clear.","https://www.bdcnetwork.com/core-first-construction-technique-cuts-costs-saves-time-nyc-high-rise-project","L67 card.architecture.067.c3","L67 question.architecture.067.q2","","","","","","corroborated","BuilderSpace and other construction guides describe central concrete cores built with jump-form or slip-form shuttering that climbs ahead of the floors. (https://www.builderspace.com/the-skyscraper-construction-process-explained https://en.wikipedia.org/wiki/Skyscraper_design_and_construction)",""
"fact.architecture.sky_safety_lunch_photo","source.smithsonian_lunch_skyscraper","unverified","On September 20, 1932, 11 ironworkers ate lunch on a steel beam 850 feet up the RCA Building at Rockefeller Center; they were real ironworkers posing for a photographer promoting the project.","https://www.smithsonianmag.com/history/lunch-atop-a-skyscraper-photograph-the-story-behind-the-famous-shot-43931148/","L68 card.architecture.068.c1; L68 card.architecture.068.c2","L68 question.architecture.068.q1","","","","","","corroborated","Rockefeller Center's own magazine and Wikipedia describe the staged publicity photograph of 11 ironworkers on the 69th floor of the RCA Building in 1932. (https://www.rockefellercenter.com/magazine/arts-culture/lunch-atop-skyscraper-irish-immigrants/ https://en.wikipedia.org/wiki/Lunch_atop_a_Skyscraper)",""
"fact.architecture.sky_safety_falls_leading","source.osha_stop_falls","unverified","Falls are the leading cause of death in US construction: in 2024 there were 389 fatal falls to a lower level out of 1,034 construction fatalities, more than a third.","https://www.osha.gov/stop-falls","L68 card.architecture.068.c3","L68 question.architecture.068.q2","","","","","","corroborated","The Center for Construction Research and Training (CPWR) and OSHA's fall-protection page also identify falls as the leading cause of construction deaths. (https://www.osha.gov/fall-protection https://www.cpwr.com/research/data-center/data-dashboards/construction-fatality-and-injury-dashboard/)",""
"fact.architecture.sky_safety_six_feet","source.osha_fall_protection","unverified","US rules require fall protection in construction at six feet; it includes guardrails and toe-boards around open edges, safety harnesses and lines, and safety nets.","https://www.osha.gov/fall-protection","L68 card.architecture.068.c3","L68 question.architecture.068.q2","","","","","","corroborated","OSHA's construction standard 29 CFR 1926.501 requires fall protection at six feet or more, by guardrails, safety nets or personal fall arrest systems. (https://www.osha.gov/laws-regs/regulations/standardnumber/1926/1926.501 https://www.osha.gov/stop-falls)",""
"fact.architecture.sky_hard_hat_origin","source.nihf_edward_bullard","unverified","After World War I, Edward W. Bullard made a safety helmet of steamed canvas and glue, the Hard Boiled Hat, inspired by army 'doughboy' helmets and meant for miners; Hoover Dam was the first project where employers required hard hats.","https://www.invent.org/inductees/edward-bullard","L68 card.architecture.068.c4","L68 question.architecture.068.q3","","","","","","corroborated","Bullard's company history describes the Hard Boiled hat of steamed canvas, glue, leather and black paint based on the doughboy helmet; Incident Prevention recounts the hat's 1930s spread. (https://www.bullard.com/insights/history-of-the-hard-hat/ https://incident-prevention.com/blog/the-hard-hat-celebrates-100-years/)",""
"fact.architecture.sky_hard_hat_origin","source.smithsonian_hard_hat","unverified","After World War I, Edward W. Bullard made a safety helmet of steamed canvas and glue, the Hard Boiled Hat, inspired by army 'doughboy' helmets and meant for miners; Hoover Dam was the first project where employers required hard hats.","https://www.smithsonianmag.com/innovation/history-hard-hat-180974238/","L68 card.architecture.068.c4","L68 question.architecture.068.q3","","","","","","corroborated","Bullard's company history describes the Hard Boiled hat of steamed canvas, glue, leather and black paint based on the doughboy helmet; Incident Prevention recounts the hat's 1930s spread. (https://www.bullard.com/insights/history-of-the-hard-hat/ https://incident-prevention.com/blog/the-hard-hat-celebrates-100-years/)",""
"fact.architecture.sky_race_chrysler_spire","source.skyscrapermuseum_chrysler","unverified","Racing 40 Wall Street, William Van Alen had the Chrysler Building's spire assembled secretly inside its crown in five sections and hoisted into place in about 90 minutes on October 23, 1929.","https://old.skyscraper.org/EXHIBITIONS/TEN_TOPS/chrysler.php","L69 card.architecture.069.c1; L69 card.architecture.069.c2; L69 card.architecture.069.c4","L69 question.architecture.069.q1","","","","","","corroborated","Smithsonian Magazine says the spire, secretly assembled in the skeleton, was hoisted into place in under two hours in October 1929 to beat the Manhattan Company Building (40 Wall Street). (https://www.smithsonianmag.com/innovation/precarious-history-new-york-chrysler-building-180983062/ https://www.onverticality.com/blog/chrysler-building-spire)",""
"fact.architecture.sky_race_chrysler_spire","source.brit_chrysler_building","unverified","Racing 40 Wall Street, William Van Alen had the Chrysler Building's spire assembled secretly inside its crown in five sections and hoisted into place in about 90 minutes on October 23, 1929.","https://www.britannica.com/topic/Chrysler-Building","L69 card.architecture.069.c1; L69 card.architecture.069.c2; L69 card.architecture.069.c4","L69 question.architecture.069.q1","","","","","","corroborated","Smithsonian Magazine says the spire, secretly assembled in the skeleton, was hoisted into place in under two hours in October 1929 to beat the Manhattan Company Building (40 Wall Street). (https://www.smithsonianmag.com/innovation/precarious-history-new-york-chrysler-building-180983062/ https://www.onverticality.com/blog/chrysler-building-spire)",""
"fact.architecture.sky_race_chrysler_title","source.brit_chrysler_building","unverified","Built between 1928 and 1930, the Chrysler Building rose to 1,046 feet and held the tallest-building record until the Empire State Building opened in 1931.","https://www.britannica.com/topic/Chrysler-Building","L69 card.architecture.069.c2; L69 card.architecture.069.c4","","","","","","","corroborated","The Skyscraper Museum gives 1,046 feet and says the Chrysler held the title from 1930 until the Empire State Building's completion. (https://old.skyscraper.org/EXHIBITIONS/TEN_TOPS/chrysler.php https://www.smithsonianmag.com/innovation/precarious-history-new-york-chrysler-building-180983062/)",""
"fact.architecture.sky_race_petronas_sears","source.brit_petronas_towers","unverified","In 1998 the Petronas Twin Towers in Kuala Lumpur, 452 meters with their spires, became the world's tallest, though Chicago's Sears Tower roof was more than 200 feet higher: the spires counted as architecture.","https://www.britannica.com/topic/Petronas-Twin-Towers","L69 card.architecture.069.c3; L69 card.architecture.069.c4","L69 question.architecture.069.q2","","","","","","corroborated","The CTBUH's own history (now the Council on Vertical Urbanism) records its 1996 decision that the Petronas spires count, making them taller than Sears Tower, whose antennas did not. (https://verticalurbanism.org/news-article/petronas-vs-sears-tower-controversy/ https://en.wikipedia.org/wiki/History_of_the_world%27s_tallest_buildings)",""
"fact.architecture.sky_race_ctbuh_rule","source.ctbuh_height_criteria","unverified","The CTBUH ranks buildings by height to their architectural top: spires count, antennas don't.","https://cloud.ctbuh.org/CTBUH_HeightCriteria.pdf","L69 card.architecture.069.c3","L69 question.architecture.069.q2","","","","","","corroborated","The CTBUH history of height measurement says the architectural top includes spires but not antennas, masts or flagpoles. (https://www.ctbuh.org/history/history-of-measuring-tall-buildings https://en.wikipedia.org/wiki/List_of_tallest_buildings)",""
"fact.architecture.sky_race_1970s","source.brit_world_trade_center","unverified","New York's World Trade Center towers opened in April 1973, and Chicago's Sears Tower, completed in May 1973, surpassed them as the world's tallest building.","https://www.britannica.com/topic/World-Trade-Center","L69 card.architecture.069.c4","L69 question.architecture.069.q3","","","","","","corroborated","Wikipedia's history of the world's tallest buildings lists the World Trade Center (1972-73) followed by the Sears Tower (1974 completion, topped out 1973). (https://en.wikipedia.org/wiki/History_of_the_world%27s_tallest_buildings https://en.wikipedia.org/wiki/Willis_Tower)","weak-pages"
"fact.architecture.sky_race_taipei_2004","source.brit_taipei_101","unverified","Taipei 101, 508 meters tall including its spire, was completed in 2004 and took the tallest-building title from the Petronas Towers.","https://www.britannica.com/topic/Taipei-101","L69 card.architecture.069.c4","L69 question.architecture.069.q3","","","","","","corroborated","Wikipedia and CTBUH list Taipei 101 (508 m) as the world's tallest from 2004 until Burj Khalifa in 2010. (https://en.wikipedia.org/wiki/Taipei_101 https://en.wikipedia.org/wiki/History_of_the_world%27s_tallest_buildings)","weak-pages"
"fact.architecture.sky_race_taipei_2004","source.brit_petronas_towers","unverified","Taipei 101, 508 meters tall including its spire, was completed in 2004 and took the tallest-building title from the Petronas Towers.","https://www.britannica.com/topic/Petronas-Twin-Towers","L69 card.architecture.069.c4","L69 question.architecture.069.q3","","","","","","corroborated","Wikipedia and CTBUH list Taipei 101 (508 m) as the world's tallest from 2004 until Burj Khalifa in 2010. (https://en.wikipedia.org/wiki/Taipei_101 https://en.wikipedia.org/wiki/History_of_the_world%27s_tallest_buildings)","weak-pages"
"fact.architecture.sky_word_origin","source.etymonline_skyscraper","unverified","'Skyscraper' meant a light sail at the top of a mast (1794), and earlier a racehorse, before it meant a very tall city building, first recorded in 1888 in a Chicago context; German has Wolkenkratzer ('cloud scraper') and French gratte-ciel ('scrape-sky').","https://www.etymonline.com/word/skyscraper","L70 card.architecture.070.c1; L70 card.architecture.070.c2","L70 question.architecture.070.q1","","","","","","corroborated","Britannica says the name came into use in the 1880s in the United States; Merriam-Webster and Wikipedia also record the earlier nautical sense. (https://www.britannica.com/technology/skyscraper https://en.wikipedia.org/wiki/Skyscraper)",""
"fact.architecture.sky_zoning_equitable_shadow","source.nycdcp_zoning_handbook","unverified","In 1915 New York's Equitable Building rose without setbacks to 538 feet and cast a seven-acre shadow over neighboring buildings, setting the stage for reform.","https://www.nyc.gov/assets/planning/download/pdf/about/publications/zoning-handbook/zoning-handbook-01.pdf","L70 card.architecture.070.c3","L70 question.architecture.070.q2; L70 question.architecture.070.q3","","","","","","corroborated","Wikipedia's articles on the Equitable Building and on setbacks describe its huge shadow prompting the 1916 zoning law. (https://en.wikipedia.org/wiki/Equitable_Building_(Manhattan) https://en.wikipedia.org/wiki/Setback_(architecture))","weak-pages"
"fact.architecture.sky_zoning_1916","source.nycdcp_zoning_handbook","unverified","New York's 1916 Zoning Resolution, the nation's first comprehensive zoning ordinance, controlled the size and shape of buildings and fostered slender towers and tiered 'wedding cake' buildings.","https://www.nyc.gov/assets/planning/download/pdf/about/publications/zoning-handbook/zoning-handbook-01.pdf","L70 card.architecture.070.c3","L70 question.architecture.070.q2; L70 question.architecture.070.q3","","","","","","corroborated","Wikipedia's setback and Art Deco New York articles say the 1916 resolution's setback rules produced the city's wedding-cake skyscrapers. (https://en.wikipedia.org/wiki/Setback_(architecture) https://en.wikipedia.org/wiki/Art_Deco_architecture_of_New_York_City)","weak-pages"
"fact.architecture.gaudi_sagrada_1883","source.brit_gaudi","unverified","Gaudí was commissioned to build Barcelona's Sagrada Família in 1883, a year after its first cornerstone was laid.","https://www.britannica.com/biography/Antoni-Gaudi","L71 card.architecture.071.c1; L80 card.architecture.080.c4","L76 question.architecture.076.q3","","","","","","corroborated","Reference pages record that the cornerstone was laid in 1882 and Gaudí took over the project in 1883. (https://en.wikipedia.org/wiki/Sagrada_Fam%C3%ADlia https://www.cnn.com/2026/06/08/style/sagrada-familia-barcelona-tower-jesus-christ-intl)",""
"fact.architecture.gaudi_sagrada_lifework","source.brit_gaudi","unverified","The Sagrada Família occupied Gaudí until he died in 1926; only one transept, with one of its towers, was finished then.","https://www.britannica.com/biography/Antoni-Gaudi","L71 card.architecture.071.c1","L76 question.architecture.076.q3","","","","","","corroborated","Gaudí died in 1926 with the church far from complete; accounts note only part of one facade and one tower were finished. (https://en.wikipedia.org/wiki/Sagrada_Fam%C3%ADlia https://en.wikipedia.org/wiki/Antoni_Gaud%C3%AD)","weak-pages"
"fact.architecture.gaudi_sagrada_tower_2026","source.vaticannews_sagrada_tower_2026","unverified","The Sagrada Família's central Tower of Jesus Christ was completed in February 2026; finishing work continues.","https://www.vaticannews.va/en/church/news/2026-02/basilica-sagrada-familia-cross-completed-tower-of-jesus-christ.html","L71 card.architecture.071.c1","L76 question.architecture.076.q3","","","","","","corroborated","News reports record the upper arm of the cross placed on the Tower of Jesus Christ on 20 February 2026, with finishing works continuing into the 2030s. (https://www.cnn.com/2026/06/08/style/sagrada-familia-barcelona-tower-jesus-christ-intl https://sagradafamilia2026.org/en/)",""
"fact.architecture.gaudi_trencadis","source.sagradafamilia_trencadis","unverified","Trencadís is a mosaic of broken ceramic tile pieces; Gaudí used it because small pieces can cover curved surfaces.","https://blog.sagradafamilia.org/en/trencadis-mosaic-hallmark-of-gaudi/","L71 card.architecture.071.c4","L71 question.architecture.071.q1","","","","","","corroborated","Descriptions of the technique say Gaudí first broke tiles at the Güell Pavilions to cover sinuous curved surfaces, and credit its success to its adaptability to curves. (https://en.wikipedia.org/wiki/Trencad%C3%ADs https://findit.library.yale.edu/catalog/digcoll:1829136)","unopened-source"
"fact.architecture.gaudi_park_guell_bench","source.yale_park_guell_bench","unverified","Park Güell's long, undulating bench is covered in brightly colored trencadís.","https://findit.library.yale.edu/catalog/digcoll:1829136","L71 card.architecture.071.c4","L71 question.architecture.071.q1","","","","","","corroborated","Guides and image records describe Park Güell's serpentine bench as covered in colorful broken-tile trencadís. (https://en.wikipedia.org/wiki/Park_G%C3%BCell https://www.barcelona-tickets.com/park-guell/park-guell-bench/)",""
"fact.architecture.gaudi_unesco","source.unesco_gaudi_works","unverified","UNESCO lists seven of Gaudí's works in and near Barcelona as World Heritage, first inscribed in 1984 and extended in 2005.","https://whc.unesco.org/en/list/320/","L71 card.architecture.071.c4","L71 question.architecture.071.q1","","","","","","corroborated","The serial site Works of Antoni Gaudí covers seven properties in or near Barcelona; three were inscribed in 1984 and four added in 2005. (https://www.worldheritagesite.org/list/works-of-antoni-gaudi/ https://en.wikipedia.org/wiki/Works_of_Antoni_Gaud%C3%AD)","unopened-source"
"fact.architecture.gaudi_hanging_model","source.sagradafamilia_polyfunicular_model","unverified","Gaudí designed with hanging models: cords loaded with small bags of weight. Upside down, their shapes gave arches in compression.","https://patrimoni.sagradafamilia.org/en/heritageobject/mus9078-maqueta-polifunicular-per-a-lesglesia-de-la-colonia-guell/","L71 card.architecture.071.c2","L71 question.architecture.071.q3","","","","","","corroborated","Accounts of the Colònia Güell model describe cords hung from a board with small sacks of birdshot, whose inverted shapes give arches and columns in compression. (https://dataphys.org/list/gaudis-hanging-chain-models/ https://en.wikipedia.org/wiki/Church_of_Col%C3%B2nia_G%C3%BCell)",""
"fact.architecture.gaudi_hanging_model","source.moma_gaudi_catenary_study","unverified","Gaudí designed with hanging models: cords loaded with small bags of weight. Upside down, their shapes gave arches in compression.","https://www.moma.org/collection/works/288378","L71 card.architecture.071.c2","L71 question.architecture.071.q3","","","","","","corroborated","Accounts of the Colònia Güell model describe cords hung from a board with small sacks of birdshot, whose inverted shapes give arches and columns in compression. (https://dataphys.org/list/gaudis-hanging-chain-models/ https://en.wikipedia.org/wiki/Church_of_Col%C3%B2nia_G%C3%BCell)","unopened-source"
"fact.architecture.gaudi_colonia_guell_method","source.sagradafamilia_polyfunicular_model","unverified","Gaudí worked out the hanging-model method for the church at the Colònia Güell, near Barcelona, and carried it into the Sagrada Família.","https://patrimoni.sagradafamilia.org/en/heritageobject/mus9078-maqueta-polifunicular-per-a-lesglesia-de-la-colonia-guell/","L71 card.architecture.071.c2","L71 question.architecture.071.q3","","","","","","corroborated","Sources describe Gaudí developing the method over a decade at the Colònia Güell crypt (1890-1916) and applying it to the Sagrada Família. (https://dataphys.org/list/gaudis-hanging-chain-models/ https://en.wikipedia.org/wiki/Church_of_Col%C3%B2nia_G%C3%BCell)",""
"fact.architecture.gaudi_colonia_guell_method","source.brit_gaudi","unverified","Gaudí worked out the hanging-model method for the church at the Colònia Güell, near Barcelona, and carried it into the Sagrada Família.","https://www.britannica.com/biography/Antoni-Gaudi","L71 card.architecture.071.c2","L71 question.architecture.071.q3","","","","","","corroborated","Sources describe Gaudí developing the method over a decade at the Colònia Güell crypt (1890-1916) and applying it to the Sagrada Família. (https://dataphys.org/list/gaudis-hanging-chain-models/ https://en.wikipedia.org/wiki/Church_of_Col%C3%B2nia_G%C3%BCell)",""
"fact.architecture.gaudi_tree_structure","source.brit_gaudi","unverified","Gaudí meant his buildings to stand without external buttresses, as a tree stands, on piers and columns tilted to carry diagonal thrusts.","https://www.britannica.com/biography/Antoni-Gaudi","L71 card.architecture.071.c3; L80 card.architecture.080.c3","L71 question.architecture.071.q2; L80 question.architecture.080.q2","","","","","","corroborated","Descriptions of Gaudí's structural approach note inclined columns and branching, tree-like supports that remove the need for flying buttresses. (https://www.enr.com/articles/62506-spains-sagrada-familia-contemporary-construction-methods-speed-iconic-basilica-to-completion https://www.studiomatrx.org/architecture-canon/sagrada-familia)",""
"fact.architecture.gaudi_sagrada_forest","source.sagradafamilia_columns_forest","unverified","For the Sagrada Família, Gaudí designed a symbolic forest of twisting piers.","https://blog.sagradafamilia.org/en/columns-sagrada-familia-geometry-mechanics-materials-stone-forest/","L71 card.architecture.071.c3","L71 question.architecture.071.q2","","","","","","corroborated","Guides describe the Sagrada Família's inclined interior columns branching like trees, meant to suggest a forest. (https://www.contexttravel.com/stories/articles/sagrada-familia-interior https://www.enr.com/articles/62506-spains-sagrada-familia-contemporary-construction-methods-speed-iconic-basilica-to-completion)","unopened-source"
"fact.architecture.gaudi_sagrada_forest","source.brit_gaudi","unverified","For the Sagrada Família, Gaudí designed a symbolic forest of twisting piers.","https://www.britannica.com/biography/Antoni-Gaudi","L71 card.architecture.071.c3","L71 question.architecture.071.q2","","","","","","corroborated","Guides describe the Sagrada Família's inclined interior columns branching like trees, meant to suggest a forest. (https://www.contexttravel.com/stories/articles/sagrada-familia-interior https://www.enr.com/articles/62506-spains-sagrada-familia-contemporary-construction-methods-speed-iconic-basilica-to-completion)",""
"fact.architecture.fallingwater_over_falls","source.fallingwater_designing","unverified","The Kaufmanns expected a house facing the falls of Bear Run; Wright instead cantilevered Fallingwater directly over them.","https://fallingwater.org/history/the-kaufmanns-fallingwater/designing-fallingwater/","L72 card.architecture.072.c1; L72 card.architecture.072.c2","L72 question.architecture.072.q1","","","","","","corroborated","Britannica confirms Wright's plans set the house directly above the waterfall. (https://www.britannica.com/topic/Fallingwater https://en.wikipedia.org/wiki/Fallingwater)",""
"fact.architecture.fallingwater_over_falls","source.brit_fallingwater","unverified","The Kaufmanns expected a house facing the falls of Bear Run; Wright instead cantilevered Fallingwater directly over them.","https://www.britannica.com/topic/Fallingwater","L72 card.architecture.072.c1; L72 card.architecture.072.c2","L72 question.architecture.072.q1","","","","","","corroborated","Britannica confirms Wright's plans set the house directly above the waterfall. (https://www.britannica.com/topic/Fallingwater https://en.wikipedia.org/wiki/Fallingwater)",""
"fact.architecture.fallingwater_dates","source.brit_fallingwater","unverified","Frank Lloyd Wright designed Fallingwater in 1935 as a weekend retreat for the Kaufmann family; it was finished in 1937.","https://www.britannica.com/topic/Fallingwater","L72 card.architecture.072.c1; L80 card.architecture.080.c4","L72 question.architecture.072.q1","","","","","","corroborated","Fallingwater's own history page says construction ended by fall 1937; references give the 1935 design date. (https://fallingwater.org/history/the-kaufmanns-fallingwater/designing-fallingwater/ https://en.wikipedia.org/wiki/Fallingwater)",""
"fact.architecture.fallingwater_dates","source.fallingwater_designing","unverified","Frank Lloyd Wright designed Fallingwater in 1935 as a weekend retreat for the Kaufmann family; it was finished in 1937.","https://fallingwater.org/history/the-kaufmanns-fallingwater/designing-fallingwater/","L72 card.architecture.072.c1; L80 card.architecture.080.c4","L72 question.architecture.072.q1","","","","","","corroborated","Fallingwater's own history page says construction ended by fall 1937; references give the 1935 design date. (https://fallingwater.org/history/the-kaufmanns-fallingwater/designing-fallingwater/ https://en.wikipedia.org/wiki/Fallingwater)",""
"fact.architecture.wright_organic","source.brit_fallingwater","unverified","Wright called his approach organic architecture: buildings in harmony with their site, joining people and nature.","https://www.britannica.com/topic/Fallingwater","L72 card.architecture.072.c2","L72 question.architecture.072.q1","","","","","","corroborated","Both Fallingwater's site and Britannica describe the house as the epitome of organic architecture, integrating people, building and nature. (https://fallingwater.org/history/the-kaufmanns-fallingwater/designing-fallingwater/ https://en.wikipedia.org/wiki/Organic_architecture)",""
"fact.architecture.wright_organic","source.fallingwater_designing","unverified","Wright called his approach organic architecture: buildings in harmony with their site, joining people and nature.","https://fallingwater.org/history/the-kaufmanns-fallingwater/designing-fallingwater/","L72 card.architecture.072.c2","L72 question.architecture.072.q1","","","","","","corroborated","Both Fallingwater's site and Britannica describe the house as the epitome of organic architecture, integrating people, building and nature. (https://fallingwater.org/history/the-kaufmanns-fallingwater/designing-fallingwater/ https://en.wikipedia.org/wiki/Organic_architecture)",""
"fact.architecture.fallingwater_trays","source.fallingwater_designing","unverified","Echoing nearby rock ledges, Fallingwater is a stack of concrete trays anchored to a central chimney of local sandstone.","https://fallingwater.org/history/the-kaufmanns-fallingwater/designing-fallingwater/","L72 card.architecture.072.c2; L80 card.architecture.080.c3","L72 question.architecture.072.q1; L80 question.architecture.080.q2","","","","","","corroborated","Britannica: the concrete terraces are anchored to the central stone chimney using cantilevers. (https://www.britannica.com/topic/Fallingwater https://en.wikipedia.org/wiki/Fallingwater)",""
"fact.architecture.fallingwater_trays","source.brit_fallingwater","unverified","Echoing nearby rock ledges, Fallingwater is a stack of concrete trays anchored to a central chimney of local sandstone.","https://www.britannica.com/topic/Fallingwater","L72 card.architecture.072.c2; L80 card.architecture.080.c3","L72 question.architecture.072.q1; L80 question.architecture.080.q2","","","","","","corroborated","Britannica: the concrete terraces are anchored to the central stone chimney using cantilevers. (https://www.britannica.com/topic/Fallingwater https://en.wikipedia.org/wiki/Fallingwater)",""
"fact.architecture.cantilever_defined","source.brit_cantilever","unverified","A cantilever is a beam supported at only one end, with the other end free.","https://www.britannica.com/technology/cantilever","L72 card.architecture.072.c3","L72 question.architecture.072.q2","","","","","","corroborated","Engineering references define a cantilever as a beam fixed at one end and free at the other. (https://en.wikipedia.org/wiki/Cantilever https://www.britannica.com/technology/cantilever)",""
"fact.architecture.cantilever_top_tension","source.brit_cantilever","unverified","In a loaded cantilever, the upper half of the beam is stretched in tension and the lower half is squeezed in compression.","https://www.britannica.com/technology/cantilever","L72 card.architecture.072.c3","L72 question.architecture.072.q2","","","","","","corroborated","Structural explanations note that cantilevers carry tension along the top surface and compression along the bottom, the reverse of a simply supported beam. (https://civilmafia.wordpress.com/2016/12/23/tension-compression-on-beams/ https://www.nachi.org/gallery/framing-2/tension-and-compression-at-a-cantilevered-joist-rafter-or-beam)",""
"fact.architecture.fallingwater_steel_rods","source.fallingwater_preservation","unverified","Fallingwater's concrete terraces carry steel reinforcing rods inside.","https://fallingwater.org/learn/preservation-and-collections/preservation-history/","L72 card.architecture.072.c3","L72 question.architecture.072.q2","","","","","","corroborated","Fallingwater's preservation history notes steel reinforcement rods laid in the concrete; Britannica notes the sag linked to steel in the terrace. (https://www.britannica.com/topic/Fallingwater https://en.wikipedia.org/wiki/Fallingwater)",""
"fact.architecture.fallingwater_sag_1955","source.fallingwater_preservation","unverified","By 1955 the Kaufmanns had measured Fallingwater's terraces tilting down about four inches.","https://fallingwater.org/learn/preservation-and-collections/preservation-history/","L72 card.architecture.072.c4","L72 question.architecture.072.q3","","","","","","corroborated","Britannica notes the main terrace began to sag, later repaired with steel cables. (https://www.britannica.com/topic/Fallingwater https://en.wikipedia.org/wiki/Fallingwater)",""
"fact.architecture.fallingwater_post_tension","source.fallingwater_preservation","unverified","In 2001-2002, engineers anchored high-strength steel cables beneath Fallingwater and tightened them along its beams, stopping the sag.","https://fallingwater.org/learn/preservation-and-collections/preservation-history/","L72 card.architecture.072.c4","L72 question.architecture.072.q3","","","","","","corroborated","Britannica and engineering press describe the 2002 post-tensioning with steel cables that halted the deflection. (https://www.britannica.com/topic/Fallingwater https://en.wikipedia.org/wiki/Fallingwater)",""
"fact.architecture.fallingwater_post_tension","source.brit_fallingwater","unverified","In 2001-2002, engineers anchored high-strength steel cables beneath Fallingwater and tightened them along its beams, stopping the sag.","https://www.britannica.com/topic/Fallingwater","L72 card.architecture.072.c4","L72 question.architecture.072.q3","","","","","","corroborated","Britannica and engineering press describe the 2002 post-tensioning with steel cables that halted the deflection. (https://www.britannica.com/topic/Fallingwater https://en.wikipedia.org/wiki/Fallingwater)",""
"fact.architecture.corbusier_machine_quote","source.flc_vers_une_architecture","unverified","In his 1923 book Vers une architecture, Le Corbusier wrote: 'La maison est une machine à habiter', a house is a machine for living in.","https://www.fondationlecorbusier.fr/en/work-book/vers-une-architecture-le-corbusier-1923/","L73 card.architecture.073.c1; L80 card.architecture.080.c3","L73 question.architecture.073.q2","","","","","","corroborated","Britannica and other references attribute 'a house is a machine for living in' to Vers une architecture (1923). (https://www.britannica.com/biography/Le-Corbusier https://www.open.edu/openlearn/history-the-arts/history/heritage/le-corbusier)",""
"fact.architecture.corbusier_machine_quote","source.brit_le_corbusier","unverified","In his 1923 book Vers une architecture, Le Corbusier wrote: 'La maison est une machine à habiter', a house is a machine for living in.","https://www.britannica.com/biography/Le-Corbusier","L73 card.architecture.073.c1; L80 card.architecture.080.c3","L73 question.architecture.073.q2","","","","","","corroborated","Britannica and other references attribute 'a house is a machine for living in' to Vers une architecture (1923). (https://www.britannica.com/biography/Le-Corbusier https://www.open.edu/openlearn/history-the-arts/history/heritage/le-corbusier)",""
"fact.architecture.corbusier_machine_meaning","source.flc_corbusean_vocabulary","unverified","Le Corbusier said a house is first a machine for living, serving the body's need for comfort, and then a place for meditation and beauty.","https://www.fondationlecorbusier.fr/en/thematic-folder/corbusean-vocabulary/","L73 card.architecture.073.c1","L73 question.architecture.073.q2","","","","","","corroborated","Commentary on the phrase describes his functional aim, a house designed with the efficiency of a machine to meet its occupants' needs. (https://www.firstinarchitecture.co.uk/a-house-is-a-machine-for-living-in/ https://99percentinvisible.org/article/machines-living-le-cobusiers-pivotal-five-points-architecture/)",""
"fact.architecture.corbusier_savoye_car","source.flc_villa_savoye","unverified","The Villa Savoye's ground floor curves to fit the turning radius of the family car, which drove in under the pilotis.","https://www.fondationlecorbusier.fr/en/work-architecture/achievements-villa-savoye-and-gardeners-lodge-poissy-france-1928-1931/","L73 card.architecture.073.c3","L73 question.architecture.073.q2","","","","","","corroborated","Several architecture guides note the ground-floor curve follows the turning radius of a 1929 car driving under the pilotis. (https://archeyes.com/the-villa-savoye-le-corbusier/ https://chiselandmouse.com/pages/villa-savoye-architecture)",""
"fact.architecture.corbusier_domino","source.flc_corbusean_vocabulary","unverified","Le Corbusier's Dom-ino system of 1914 is three concrete floor slabs, six posts and a staircase: a module that can be repeated.","https://www.fondationlecorbusier.fr/en/thematic-folder/corbusean-vocabulary/","L73 card.architecture.073.c2","L73 question.architecture.073.q3; L75 question.architecture.075.q3","","","","","","corroborated","References describe the 1914-15 Dom-ino as a reinforced-concrete skeleton of three slabs on six slender columns with a staircase, meant for mass production. (https://en.wikipedia.org/wiki/Dom-Ino_House https://www.researchgate.net/figure/Dom-ino-House-by-Le-Corbusier-1914-1915_fig2_283075463)",""
"fact.architecture.corbusier_domino_frees","source.flc_villa_savoye","unverified","Because the Dom-ino's posts carry the floors, it needs no load-bearing walls, freeing the layout and facades for long strip windows.","https://www.fondationlecorbusier.fr/en/work-architecture/achievements-villa-savoye-and-gardeners-lodge-poissy-france-1928-1931/","L73 card.architecture.073.c2","L73 question.architecture.073.q3; L75 question.architecture.075.q3","","","","","","corroborated","References note the Dom-ino eliminated load-bearing walls and made the free plan possible. (https://en.wikipedia.org/wiki/Dom-Ino_House https://en.wikipedia.org/wiki/Free_plan)","weak-pages"
"fact.architecture.corbusier_domino_frees","source.flc_corbusean_vocabulary","unverified","Because the Dom-ino's posts carry the floors, it needs no load-bearing walls, freeing the layout and facades for long strip windows.","https://www.fondationlecorbusier.fr/en/thematic-folder/corbusean-vocabulary/","L73 card.architecture.073.c2","L73 question.architecture.073.q3; L75 question.architecture.075.q3","","","","","","corroborated","References note the Dom-ino eliminated load-bearing walls and made the free plan possible. (https://en.wikipedia.org/wiki/Dom-Ino_House https://en.wikipedia.org/wiki/Free_plan)","weak-pages"
"fact.architecture.corbusier_five_points","source.flc_corbusean_vocabulary","unverified","Le Corbusier's five points for a new architecture (1927): pilotis, a roof garden, a free plan, long horizontal windows and a free facade.","https://www.fondationlecorbusier.fr/en/thematic-folder/corbusean-vocabulary/","L73 card.architecture.073.c3","L73 question.architecture.073.q1","","","","","","corroborated","Architecture references list the five points, published in 1927, as pilotis, roof garden, free plan, horizontal windows and free facade. (https://en.wikipedia.org/wiki/Le_Corbusier's_Five_Points_of_Architecture https://www.archdaily.com/948273/the-5-points-of-modern-architecture-in-contemporary-projects)",""
"fact.architecture.corbusier_savoye","source.flc_villa_savoye","unverified","The Villa Savoye at Poissy, France, built 1928-1931, is the house that best illustrates the five points.","https://www.fondationlecorbusier.fr/en/work-architecture/achievements-villa-savoye-and-gardeners-lodge-poissy-france-1928-1931/","L73 card.architecture.073.c3","L73 question.architecture.073.q1","","","","","","corroborated","References call the Villa Savoye, built 1928-1931 at Poissy, the canonical expression of the five points. (https://en.wikipedia.org/wiki/Villa_Savoye https://archeyes.com/the-villa-savoye-le-corbusier/)",""
"fact.architecture.corbusier_unesco","source.flc_world_heritage","unverified","In 2016, UNESCO listed seventeen of Le Corbusier's works, in seven countries, as World Heritage.","https://www.fondationlecorbusier.fr/en/the-foundation/missions/world-heritage/","L73 card.architecture.073.c4","","","","","","","corroborated","Britannica notes 17 of his works were designated World Heritage sites in 2016. (https://www.britannica.com/biography/Le-Corbusier https://en.wikipedia.org/wiki/The_Architectural_Work_of_Le_Corbusier)",""
"fact.architecture.corbusier_unesco","source.brit_le_corbusier","unverified","In 2016, UNESCO listed seventeen of Le Corbusier's works, in seven countries, as World Heritage.","https://www.britannica.com/biography/Le-Corbusier","L73 card.architecture.073.c4","","","","","","","corroborated","Britannica notes 17 of his works were designated World Heritage sites in 2016. (https://www.britannica.com/biography/Le-Corbusier https://en.wikipedia.org/wiki/The_Architectural_Work_of_Le_Corbusier)",""
"fact.architecture.bauhaus_founding","source.brit_bauhaus","unverified","Walter Gropius founded the Bauhaus in Weimar, Germany, in 1919 by combining an academy of arts with a school of arts and crafts.","https://www.britannica.com/topic/Bauhaus","L74 card.architecture.074.c1; L80 card.architecture.080.c4","L74 question.architecture.074.q1; L80 question.architecture.080.q3","","","","","","corroborated","Histories of the school record Gropius founding it in Weimar in 1919 by merging the Grand-Ducal Saxon Academy of Fine Art and School of Arts and Crafts. (https://en.wikipedia.org/wiki/Bauhaus https://www.metmuseum.org/essays/the-bauhaus-1919-1933)",""
"fact.architecture.bauhaus_art_craft","source.brit_bauhaus","unverified","The Bauhaus trained students equally in art and in expert craftsmanship, to end the split between the two.","https://www.britannica.com/topic/Bauhaus","L74 card.architecture.074.c2","L74 question.architecture.074.q1; L74 question.architecture.074.q2","","","","","","corroborated","The Bauhaus aimed to unite fine art and craft, treating the artist and craftsman as equals. (https://en.wikipedia.org/wiki/Bauhaus https://germanhistorydocs.org/en/weimar-germany-1918-1933/walter-gropius-program-of-the-state-bauhaus-in-weimar-1919)",""
"fact.architecture.bauhaus_two_masters","source.brit_bauhaus","unverified","Each Bauhaus workshop had two teachers: an artist called the Form Master, who taught theory, and a craftsman, who taught technique.","https://www.britannica.com/topic/Bauhaus","L74 card.architecture.074.c1; L74 card.architecture.074.c2","L74 question.architecture.074.q1; L74 question.architecture.074.q2","","","","","","corroborated","Sources on Bauhaus teaching describe paired Masters of Form and workshop (craft) masters in each workshop. (https://en.wikipedia.org/wiki/Bauhaus https://www.metmuseum.org/essays/the-bauhaus-1919-1933)",""
"fact.architecture.bauhaus_mass_manufacture","source.brit_bauhaus","unverified","Gropius steered Bauhaus design toward mass manufacture rather than one-off handicraft.","https://www.britannica.com/topic/Bauhaus","L74 card.architecture.074.c2; L80 card.architecture.080.c3","L74 question.architecture.074.q1; L74 question.architecture.074.q2","","","","","","corroborated","Histories note the Bauhaus's turn toward designs for industrial production under the slogan 'art and technology, a new unity'. (https://en.wikipedia.org/wiki/Bauhaus https://germanhistorydocs.org/en/weimar-germany-1918-1933/walter-gropius-program-of-the-state-bauhaus-in-weimar-1919)",""
"fact.architecture.bauhaus_closure","source.brit_bauhaus","unverified","The Bauhaus moved from Weimar to Dessau in 1925 and to Berlin in 1932; the Nazi regime forced it to close in 1933.","https://www.britannica.com/topic/Bauhaus","L74 card.architecture.074.c4","","","","","","","corroborated","Histories record the Weimar, Dessau and Berlin phases and closure under Nazi pressure in 1933. (https://en.wikipedia.org/wiki/Bauhaus https://miesbcn.com/the-pavilion/)",""
"fact.architecture.breuer_chair_bicycle","source.harvard_breuer_b3","unverified","Marcel Breuer's tubular steel club chair of 1925 was inspired by the handlebars of his bicycle.","https://harvardartmuseums.org/art/225909","L74 card.architecture.074.c3","L74 question.architecture.074.q2; L80 question.architecture.080.q5","","","","","","corroborated","Harvard Art Museums and the Centre Pompidou both credit the handlebars of Breuer's bicycle as the inspiration. (https://www.centrepompidou.fr/en/pompidou-plus/magazine/article/focus-on-the-wassily-club-chair-of-marcel-breuer https://www.moma.org/collection/works/2851)",""
"fact.architecture.breuer_chair_bicycle","source.pompidou_wassily_chair","unverified","Marcel Breuer's tubular steel club chair of 1925 was inspired by the handlebars of his bicycle.","https://www.centrepompidou.fr/en/pompidou-plus/magazine/article/focus-on-the-wassily-club-chair-of-marcel-breuer","L74 card.architecture.074.c3","L74 question.architecture.074.q2; L80 question.architecture.080.q5","","","","","","corroborated","Harvard Art Museums and the Centre Pompidou both credit the handlebars of Breuer's bicycle as the inspiration. (https://www.centrepompidou.fr/en/pompidou-plus/magazine/article/focus-on-the-wassily-club-chair-of-marcel-breuer https://www.moma.org/collection/works/2851)",""
"fact.architecture.breuer_chair_industry","source.harvard_breuer_b3","unverified","Breuer made it the year he became master of the Bauhaus cabinet-making workshop; he saw tubular steel as suited to industrial production.","https://harvardartmuseums.org/art/225909","L74 card.architecture.074.c3","L74 question.architecture.074.q2; L80 question.architecture.080.q5","","","","","","corroborated","The Pompidou notes he created it while heading the Bauhaus woodworking workshop in Dessau, using light, durable steel tubing. (https://www.centrepompidou.fr/en/pompidou-plus/magazine/article/focus-on-the-wassily-club-chair-of-marcel-breuer https://www.moma.org/collection/works/2851)",""
"fact.architecture.breuer_chair_wassily","source.harvard_breuer_b3","unverified","Breuer's club chair is often called the Wassily chair.","https://harvardartmuseums.org/art/225909","L74 card.architecture.074.c3","L74 question.architecture.074.q2; L80 question.architecture.080.q5","","","","","","corroborated","Museum records give 'Wassily' as the chair's alternate title, after Wassily Kandinsky. (https://www.moma.org/collection/works/2851 https://www.centrepompidou.fr/en/pompidou-plus/magazine/article/focus-on-the-wassily-club-chair-of-marcel-breuer)",""
"fact.architecture.bauhaus_dessau_opened","source.bauhaus_dessau_building","unverified","Gropius's office designed the school's new building in Dessau, which opened on 4 December 1926.","https://www.bauhaus-dessau.de/en/architecture/bauhaus-building/","L74 card.architecture.074.c4","L74 question.architecture.074.q3","","","","","","corroborated","Sources confirm the Dessau Bauhaus building opened on 4 December 1926 after about a year of construction. (https://purebauhaus.com/timeline/1926-dessau-building/ https://en.wikipedia.org/wiki/Bauhaus_Dessau)",""
"fact.architecture.bauhaus_glass_curtain","source.bauhaus_dessau_building","unverified","The Dessau workshop wing's steel and glass facade is drawn around it like a curtain, so the workshops are visible from outside.","https://www.bauhaus-dessau.de/en/architecture/bauhaus-building/","L74 card.architecture.074.c4","L74 question.architecture.074.q3","","","","","","corroborated","Descriptions note the workshop wing's glass curtain spans three floors, with support columns set back inside. (https://bauhauskooperation.com/knowledge/the-bauhaus/works/architecture/bauhaus-building-dessau https://en.wikipedia.org/wiki/Bauhaus_Dessau)",""
"fact.architecture.bauhaus_interiors_workshops","source.bauhaus_dessau_building","unverified","The Dessau building's lamps and tubular steel furniture came from the school's own workshops; Gropius designed the door handles.","https://www.bauhaus-dessau.de/en/architecture/bauhaus-building/","L74 card.architecture.074.c4","L74 question.architecture.074.q3","","","","","","corroborated","Architecture guides note the metal workshop made the light fittings, Breuer's joinery workshop the furniture, and Gropius's door handles were made in the workshops. (https://www.dezeen.com/2018/11/05/bauhaus-dessau-school-building-walter-gropius-germany-architecture/ https://chiselandmouse.com/pages/bauhaus-dessau-architecture)",""
"fact.architecture.mies_less_is_more","source.brit_mies","unverified","Mies van der Rohe's motto was 'less is more', summing up his approach of elegant simplicity.","https://www.britannica.com/biography/Ludwig-Mies-van-der-Rohe","L75 card.architecture.075.c2; L80 card.architecture.080.c3","L75 question.architecture.075.q1","","","","","","corroborated","References associate the phrase 'less is more' with Mies and his minimalist approach. (https://www.studiomatrx.org/architects/mies-van-der-rohe https://www.thisispaper.com/mag/barcelona-pavilion-mies-van-der-rohe-lilly-reich)",""
"fact.architecture.mies_bauhaus_director","source.brit_mies","unverified","Mies directed the Bauhaus from 1930 until the Nazi regime forced it to close in 1933.","https://www.britannica.com/biography/Ludwig-Mies-van-der-Rohe","L75 card.architecture.075.c2","L75 question.architecture.075.q1","","","","","","corroborated","The Fundació Mies van der Rohe notes Dessau's mayor proposed Mies as Bauhaus director in 1930. (https://miesbcn.com/the-pavilion/ https://en.wikipedia.org/wiki/Bauhaus)",""
"fact.architecture.mies_bauhaus_director","source.brit_bauhaus","unverified","Mies directed the Bauhaus from 1930 until the Nazi regime forced it to close in 1933.","https://www.britannica.com/topic/Bauhaus","L75 card.architecture.075.c2","L75 question.architecture.075.q1","","","","","","corroborated","The Fundació Mies van der Rohe notes Dessau's mayor proposed Mies as Bauhaus director in 1930. (https://miesbcn.com/the-pavilion/ https://en.wikipedia.org/wiki/Bauhaus)",""
"fact.architecture.mies_pavilion_1929","source.miesbcn_pavilion","unverified","Mies van der Rohe and Lilly Reich designed Germany's pavilion for the 1929 Barcelona International Exposition.","https://miesbcn.com/the-pavilion/","L75 card.architecture.075.c1; L80 card.architecture.080.c4","L80 question.architecture.080.q3","","","","","","corroborated","Britannica and the Fundació both date the German Pavilion to the 1929 exposition. (https://www.britannica.com/biography/Ludwig-Mies-van-der-Rohe https://en.wikipedia.org/wiki/Barcelona_Pavilion)",""
"fact.architecture.mies_pavilion_1929","source.brit_mies","unverified","Mies van der Rohe and Lilly Reich designed Germany's pavilion for the 1929 Barcelona International Exposition.","https://www.britannica.com/biography/Ludwig-Mies-van-der-Rohe","L75 card.architecture.075.c1; L80 card.architecture.080.c4","L80 question.architecture.080.q3","","","","","","corroborated","Britannica and the Fundació both date the German Pavilion to the 1929 exposition. (https://www.britannica.com/biography/Ludwig-Mies-van-der-Rohe https://en.wikipedia.org/wiki/Barcelona_Pavilion)",""
"fact.architecture.mies_pavilion_rebuilt","source.miesbcn_pavilion","unverified","The Barcelona Pavilion was taken apart in 1930 and rebuilt on its original site from 1983 to 1986.","https://miesbcn.com/the-pavilion/","L75 card.architecture.075.c1","","","","","","","corroborated","References record the pavilion's 1930 dismantling and its 1983-1986 reconstruction. (https://en.wikipedia.org/wiki/Barcelona_Pavilion https://barcelonaurbana.com/en/blog/mies-van-der-rohe-pavilion-barcelona-guide)","weak-pages"
"fact.architecture.mies_pavilion_columns","source.yale_barcelona_pavilion_columns","unverified","In the Barcelona Pavilion, eight slender chrome-clad steel columns hold up the flat roof, so walls can stand freely as screens.","https://findit.library.yale.edu/catalog/digcoll:1866634","L75 card.architecture.075.c2","L75 question.architecture.075.q3; L77 question.architecture.077.q3","","","","","","corroborated","Architectural descriptions note eight cruciform chrome-clad steel columns supporting the roof, independent of the partition walls. (https://www.architecturelab.net/barcelona-pavilion-mies-van-der-rohe-plus-lilly-reich/ https://en.wikipedia.org/wiki/Barcelona_Pavilion)",""
"fact.architecture.mies_pavilion_columns","source.brit_mies","unverified","In the Barcelona Pavilion, eight slender chrome-clad steel columns hold up the flat roof, so walls can stand freely as screens.","https://www.britannica.com/biography/Ludwig-Mies-van-der-Rohe","L75 card.architecture.075.c2","L75 question.architecture.075.q3; L77 question.architecture.077.q3","","","","","","corroborated","Architectural descriptions note eight cruciform chrome-clad steel columns supporting the roof, independent of the partition walls. (https://www.architecturelab.net/barcelona-pavilion-mies-van-der-rohe-plus-lilly-reich/ https://en.wikipedia.org/wiki/Barcelona_Pavilion)",""
"fact.architecture.mies_pavilion_materials","source.miesbcn_pavilion","unverified","The pavilion's walls are glass, travertine, green marble and golden onyx.","https://miesbcn.com/the-pavilion/","L75 card.architecture.075.c2","L75 question.architecture.075.q3; L77 question.architecture.077.q3","","","","","","corroborated","Britannica lists travertine, honey-coloured onyx, green marble and frosted glass. (https://www.britannica.com/biography/Ludwig-Mies-van-der-Rohe https://en.wikipedia.org/wiki/Barcelona_Pavilion)",""
"fact.architecture.mies_pavilion_materials","source.brit_mies","unverified","The pavilion's walls are glass, travertine, green marble and golden onyx.","https://www.britannica.com/biography/Ludwig-Mies-van-der-Rohe","L75 card.architecture.075.c2","L75 question.architecture.075.q3; L77 question.architecture.077.q3","","","","","","corroborated","Britannica lists travertine, honey-coloured onyx, green marble and frosted glass. (https://www.britannica.com/biography/Ludwig-Mies-van-der-Rohe https://en.wikipedia.org/wiki/Barcelona_Pavilion)",""
"fact.architecture.farnsworth_glass_box","source.nps_farnsworth_house","unverified","Mies's Farnsworth House (designed 1945, built 1950-51) is a glass box raised on steel on the Fox River floodplain near Chicago.","https://www.nps.gov/articles/000/the-farnsworth-house.htm","L75 card.architecture.075.c3","L75 question.architecture.075.q2","","","","","","corroborated","Britannica and the National Trust describe the steel-and-glass house, completed 1951 on the Fox River floodplain near Plano, Illinois. (https://www.britannica.com/topic/Farnsworth-House https://savingplaces.org/stories/the-past-present-future-of-farnsworth-house)",""
"fact.architecture.farnsworth_flood_level","source.nps_farnsworth_house","unverified","Mies set the Farnsworth House one foot above the highest flood recorded at the time.","https://www.nps.gov/articles/000/the-farnsworth-house.htm","L75 card.architecture.075.c3","L75 question.architecture.075.q2","","","","","","corroborated","Accounts note the floor was set 1 foot above the highest recorded flood at construction, a margin later floods exceeded. (https://edithfarnsworthhouse.org/history-of-flooding/ https://www.dwell.com/article/farnsworth-house-flooding-ludwig-mies-van-der-rohe-a1d85bbd)",""
"fact.architecture.farnsworth_1996_flood","source.nps_farnsworth_house","unverified","In the 1996 flood, water stood more than five feet deep inside the Farnsworth House.","https://www.nps.gov/articles/000/the-farnsworth-house.htm","L75 card.architecture.075.c3","L75 question.architecture.075.q2","","","","","","corroborated","Reports describe the 1996 flood as the worst, with about 5.5 feet of water inside. (https://edithfarnsworthhouse.org/history-of-flooding/ https://www.dwell.com/article/farnsworth-house-flooding-ludwig-mies-van-der-rohe-a1d85bbd)",""
"fact.architecture.sydney_competition","source.brit_sydney_opera_house","unverified","In 1957, Danish architect Jørn Utzon won the international competition for a Sydney opera house, against 233 entries.","https://www.britannica.com/topic/Sydney-Opera-House","L76 card.architecture.076.c1","","","","","","","corroborated","The National Library of Australia confirms Utzon was announced winner in 1957; references give 233 entries. (https://www.library.gov.au/learn/digital-classroom/documenting-federation/designing-sydney-opera-house https://en.wikipedia.org/wiki/Sydney_Opera_House)",""
"fact.architecture.sydney_competition","source.nla_designing_opera_house","unverified","In 1957, Danish architect Jørn Utzon won the international competition for a Sydney opera house, against 233 entries.","https://www.library.gov.au/learn/digital-classroom/documenting-federation/designing-sydney-opera-house","L76 card.architecture.076.c1","","","","","","","corroborated","The National Library of Australia confirms Utzon was announced winner in 1957; references give 233 entries. (https://www.library.gov.au/learn/digital-classroom/documenting-federation/designing-sydney-opera-house https://en.wikipedia.org/wiki/Sydney_Opera_House)",""
"fact.architecture.sydney_shell_search","source.soh_spherical_solution","unverified","From 1958 to 1962, Utzon and engineers at Arup tried parabolic, then ellipsoid, then spherical geometry to make the shells buildable.","https://www.sydneyoperahouse.com/our-story/the-spherical-solution","L76 card.architecture.076.c2","L76 question.architecture.076.q1; L76 question.architecture.076.q2; L79 question.architecture.079.q3","","","","","","corroborated","Histories of the design describe years of failed parabolic and ellipsoid schemes before the spherical scheme. (https://artsandculture.google.com/story/the-masterful-solution-sydney-opera-house/ZAXhhA_whFJ_Kg?hl=en https://en.wikipedia.org/wiki/Sydney_Opera_House)",""
"fact.architecture.sydney_spherical_solution","source.soh_spherical_solution","unverified","By late 1961, Utzon saw that every shell could be derived from the surface of a single sphere.","https://www.sydneyoperahouse.com/our-story/the-spherical-solution","L76 card.architecture.076.c2; L76 card.architecture.076.c3; L80 card.architecture.080.c3","L76 question.architecture.076.q1; L76 question.architecture.076.q2; L79 question.architecture.079.q3","","","","","","corroborated","The National Library of Australia states he realised all segments of the roof could be derived from a single sphere. (https://www.library.gov.au/learn/digital-classroom/documenting-federation/designing-sydney-opera-house https://plus.maths.org/content/maths-minute-sydney-opera-house)",""
"fact.architecture.sydney_spherical_solution","source.nla_designing_opera_house","unverified","By late 1961, Utzon saw that every shell could be derived from the surface of a single sphere.","https://www.library.gov.au/learn/digital-classroom/documenting-federation/designing-sydney-opera-house","L76 card.architecture.076.c2; L76 card.architecture.076.c3; L80 card.architecture.080.c3","L76 question.architecture.076.q1; L76 question.architecture.076.q2; L79 question.architecture.079.q3","","","","","","corroborated","The National Library of Australia states he realised all segments of the roof could be derived from a single sphere. (https://www.library.gov.au/learn/digital-classroom/documenting-federation/designing-sydney-opera-house https://plus.maths.org/content/maths-minute-sydney-opera-house)",""
"fact.architecture.sydney_precast_parts","source.nla_designing_opera_house","unverified","With one shared geometry, the shells could be split into standard parts, prefabricated and assembled on site.","https://www.library.gov.au/learn/digital-classroom/documenting-federation/designing-sydney-opera-house","L76 card.architecture.076.c2","L76 question.architecture.076.q1; L76 question.architecture.076.q2; L79 question.architecture.079.q3","","","","","","corroborated","Sources explain that the common spherical geometry allowed ribs to be cast in reusable moulds and assembled. (https://www.sydneyoperahouse.com/our-story/the-spherical-solution https://en.wikipedia.org/wiki/Sydney_Opera_House)",""
"fact.architecture.sydney_precast_parts","source.brit_sydney_opera_house","unverified","With one shared geometry, the shells could be split into standard parts, prefabricated and assembled on site.","https://www.britannica.com/topic/Sydney-Opera-House","L76 card.architecture.076.c2","L76 question.architecture.076.q1; L76 question.architecture.076.q2; L79 question.architecture.079.q3","","","","","","corroborated","Sources explain that the common spherical geometry allowed ribs to be cast in reusable moulds and assembled. (https://www.sydneyoperahouse.com/our-story/the-spherical-solution https://en.wikipedia.org/wiki/Sydney_Opera_House)",""
"fact.architecture.sydney_orange_myth","source.soh_spherical_solution","unverified","The Sydney Opera House calls the story of Utzon's eureka moment peeling an orange a popular myth.","https://www.sydneyoperahouse.com/our-story/the-spherical-solution","L76 card.architecture.076.c3","","","","","","","corroborated","The Opera House's own history page labels the orange story one of the popular myths; an orange can demonstrate the geometry. (https://www.sydneyoperahouse.com/our-story/the-spherical-solution https://plus.maths.org/content/maths-minute-sydney-opera-house)",""
"fact.architecture.sydney_utzon_resigns","source.soh_utzon_departs","unverified","In February 1966, after a dispute with the New South Wales government, Utzon resigned; a team led by Peter Hall took over the design.","https://www.sydneyoperahouse.com/our-story/utzon-departs-the-house","L76 card.architecture.076.c4","L76 question.architecture.076.q3","","","","","","corroborated","Britannica records Utzon's 1966 resignation over disagreements with government officials and completion by others. (https://www.britannica.com/topic/Sydney-Opera-House https://en.wikipedia.org/wiki/J%C3%B8rn_Utzon)",""
"fact.architecture.sydney_utzon_resigns","source.brit_sydney_opera_house","unverified","In February 1966, after a dispute with the New South Wales government, Utzon resigned; a team led by Peter Hall took over the design.","https://www.britannica.com/topic/Sydney-Opera-House","L76 card.architecture.076.c4","L76 question.architecture.076.q3","","","","","","corroborated","Britannica records Utzon's 1966 resignation over disagreements with government officials and completion by others. (https://www.britannica.com/topic/Sydney-Opera-House https://en.wikipedia.org/wiki/J%C3%B8rn_Utzon)",""
"fact.architecture.sydney_utzon_never_returned","source.soh_utzon_departs","unverified","Utzon left Australia in April 1966 and never returned to see the Opera House completed.","https://www.sydneyoperahouse.com/our-story/utzon-departs-the-house","L76 card.architecture.076.c4","L76 question.architecture.076.q3","","","","","","corroborated","Biographies note Utzon never returned to Australia to see the finished building. (https://www.smithsonianmag.com/smart-news/architect-sydney-opera-house-wasnt-invited-opening-180956175/ https://www.mentalfloss.com/article/66848/sydney-opera-houses-architect-never-saw-his-design-completed)",""
"fact.architecture.sydney_completed_1973","source.brit_sydney_opera_house","unverified","The Sydney Opera House was completed in 1973.","https://www.britannica.com/topic/Sydney-Opera-House","L76 card.architecture.076.c4; L80 card.architecture.080.c4","L76 question.architecture.076.q3","","","","","","corroborated","References record its completion and opening in 1973. (https://www.history.com/this-day-in-history/sydney-opera-house-opens https://mhnsw.au/stories/on-this-day/20-october-1973/)",""
"fact.architecture.sydney_unesco_2007","source.brit_sydney_opera_house","unverified","The Sydney Opera House was added to UNESCO's World Heritage List in 2007.","https://www.britannica.com/topic/Sydney-Opera-House","L76 card.architecture.076.c4","L76 question.architecture.076.q3","","","","","","corroborated","References record its inscription as a World Heritage Site on 28 June 2007. (https://en.wikipedia.org/wiki/Sydney_Opera_House https://structurae.net/en/structures/sydney-opera-house)",""
"fact.architecture.hadid_paper_architect","source.brit_hadid","unverified","For years Zaha Hadid was labeled a 'paper architect', because her designs, often competition winners, went unbuilt.","https://www.britannica.com/biography/Zaha-Hadid","L77 card.architecture.077.c1; L80 card.architecture.080.c2","L77 question.architecture.077.q1","","","","","","corroborated","The Pritzker citation notes she kept winning competitions while struggling to get her winning entries built. (https://www.pritzkerprize.com/laureates/2004 https://en.wikipedia.org/wiki/Zaha_Hadid)",""
"fact.architecture.hadid_paper_architect","source.pritzker_hadid_2004","unverified","For years Zaha Hadid was labeled a 'paper architect', because her designs, often competition winners, went unbuilt.","https://www.pritzkerprize.com/laureates/2004","L77 card.architecture.077.c1; L80 card.architecture.080.c2","L77 question.architecture.077.q1","","","","","","corroborated","The Pritzker citation notes she kept winning competitions while struggling to get her winning entries built. (https://www.pritzkerprize.com/laureates/2004 https://en.wikipedia.org/wiki/Zaha_Hadid)",""
"fact.architecture.hadid_peak_1983","source.pritzker_hadid_2004","unverified","In 1983 Hadid won an international competition for The Peak, a leisure club in Hong Kong.","https://www.pritzkerprize.com/laureates/2004","L77 card.architecture.077.c1","L77 question.architecture.077.q1","","","","","","corroborated","Britannica and the Pritzker biography both cite her 1983 winning entry for The Peak in Hong Kong. (https://www.britannica.com/biography/Zaha-Hadid https://en.wikipedia.org/wiki/Zaha_Hadid)",""
"fact.architecture.hadid_peak_1983","source.brit_hadid","unverified","In 1983 Hadid won an international competition for The Peak, a leisure club in Hong Kong.","https://www.britannica.com/biography/Zaha-Hadid","L77 card.architecture.077.c1","L77 question.architecture.077.q1","","","","","","corroborated","Britannica and the Pritzker biography both cite her 1983 winning entry for The Peak in Hong Kong. (https://www.britannica.com/biography/Zaha-Hadid https://en.wikipedia.org/wiki/Zaha_Hadid)",""
"fact.architecture.hadid_background","source.brit_hadid","unverified","Hadid was born in Baghdad in 1950, studied mathematics in Beirut, then trained as an architect in London.","https://www.britannica.com/biography/Zaha-Hadid","L77 card.architecture.077.c2","","","","","","","corroborated","The Pritzker biography confirms her Baghdad birth, mathematics at the American University of Beirut and the Architectural Association. (https://www.pritzkerprize.com/laureates/2004 https://en.wikipedia.org/wiki/Zaha_Hadid)",""
"fact.architecture.hadid_background","source.pritzker_hadid_2004","unverified","Hadid was born in Baghdad in 1950, studied mathematics in Beirut, then trained as an architect in London.","https://www.pritzkerprize.com/laureates/2004","L77 card.architecture.077.c2","","","","","","","corroborated","The Pritzker biography confirms her Baghdad birth, mathematics at the American University of Beirut and the Architectural Association. (https://www.pritzkerprize.com/laureates/2004 https://en.wikipedia.org/wiki/Zaha_Hadid)",""
"fact.architecture.hadid_painting","source.pritzker_hadid_2004","unverified","Painting and drawing, especially early on, were Hadid's ways of investigating a design.","https://www.pritzkerprize.com/laureates/2004","L77 card.architecture.077.c2","","","","","","","corroborated","Accounts of her early career describe paintings, influenced by Suprematism, as her main design medium. (https://www.britannica.com/biography/Zaha-Hadid https://en.wikipedia.org/wiki/Zaha_Hadid)",""
"fact.architecture.hadid_suprematists","source.brit_hadid","unverified","Hadid's work drew on Kazimir Malevich and the Suprematists, with a sense of fragmentation, instability and movement.","https://www.britannica.com/biography/Zaha-Hadid","L77 card.architecture.077.c2","","","","","","","corroborated","References note Malevich's Suprematism as a key influence on her early work. (https://en.wikipedia.org/wiki/Zaha_Hadid https://www.dezeen.com/2022/05/24/vitra-fire-station-zaha-hadid-deconstructivism/)",""
"fact.architecture.hadid_pritzker_2004","source.pritzker_hadid_2004","unverified","In 2004 Zaha Hadid became the first woman to win the Pritzker Architecture Prize.","https://www.pritzkerprize.com/laureates/2004","L77 card.architecture.077.c1; L80 card.architecture.080.c1","L77 question.architecture.077.q1","","","","","","corroborated","Britannica and the prize's own announcement confirm she was the first woman laureate, in 2004. (https://www.britannica.com/topic/Vitra-Fire-Station https://en.wikipedia.org/wiki/Pritzker_Architecture_Prize)",""
"fact.architecture.hadid_pritzker_2004","source.brit_hadid","unverified","In 2004 Zaha Hadid became the first woman to win the Pritzker Architecture Prize.","https://www.britannica.com/biography/Zaha-Hadid","L77 card.architecture.077.c1; L80 card.architecture.080.c1","L77 question.architecture.077.q1","","","","","","corroborated","Britannica and the prize's own announcement confirm she was the first woman laureate, in 2004. (https://www.britannica.com/topic/Vitra-Fire-Station https://en.wikipedia.org/wiki/Pritzker_Architecture_Prize)",""
"fact.architecture.hadid_vitra_1993","source.brit_vitra_fire_station","unverified","Hadid's first major built work was the Vitra Fire Station in Weil am Rhein, Germany, finished in 1993.","https://www.britannica.com/topic/Vitra-Fire-Station","L77 card.architecture.077.c3","L77 question.architecture.077.q2","","","","","","corroborated","The Pritzker biography lists the Vitra Fire Station (1993) among her seminal built works; Dezeen calls it her first built project. (https://www.pritzkerprize.com/laureates/2004 https://www.dezeen.com/2022/05/24/vitra-fire-station-zaha-hadid-deconstructivism/)",""
"fact.architecture.hadid_vitra_1993","source.brit_hadid","unverified","Hadid's first major built work was the Vitra Fire Station in Weil am Rhein, Germany, finished in 1993.","https://www.britannica.com/biography/Zaha-Hadid","L77 card.architecture.077.c3","L77 question.architecture.077.q2","","","","","","corroborated","The Pritzker biography lists the Vitra Fire Station (1993) among her seminal built works; Dezeen calls it her first built project. (https://www.pritzkerprize.com/laureates/2004 https://www.dezeen.com/2022/05/24/vitra-fire-station-zaha-hadid-deconstructivism/)",""
"fact.architecture.hadid_vitra_planes","source.brit_vitra_fire_station","unverified","The Vitra Fire Station is a series of sharply angled, tilted planes of exposed concrete.","https://www.britannica.com/topic/Vitra-Fire-Station","L77 card.architecture.077.c3","L77 question.architecture.077.q2","","","","","","corroborated","Descriptions note sweeping planes of exposed concrete and tilted, breaking walls. (https://en.wikipedia.org/wiki/Vitra_Fire_Station https://www.britannica.com/topic/Vitra-Fire-Station)",""
"fact.architecture.hadid_vitra_planes","source.dezeen_vitra_fire_station","unverified","The Vitra Fire Station is a series of sharply angled, tilted planes of exposed concrete.","https://www.dezeen.com/2022/05/24/vitra-fire-station-zaha-hadid-deconstructivism/","L77 card.architecture.077.c3","L77 question.architecture.077.q2","","","","","","corroborated","Descriptions note sweeping planes of exposed concrete and tilted, breaking walls. (https://en.wikipedia.org/wiki/Vitra_Fire_Station https://www.britannica.com/topic/Vitra-Fire-Station)",""
"fact.architecture.hadid_vitra_frozen","source.dezeen_vitra_fire_station","unverified","Zaha Hadid Architects called the fire station 'movement frozen', tense and alert, ready to explode into action.","https://www.dezeen.com/2022/05/24/vitra-fire-station-zaha-hadid-deconstructivism/","L77 card.architecture.077.c3","L77 question.architecture.077.q2","","","","","","corroborated","The practice's description 'movement frozen' is widely quoted in accounts of the building. (https://www.zaha-hadid.com/architecture/vitra-fire-station-2/ https://www.domusweb.it/en/from-the-archive/2023/09/06/zaha-hadid-fire-station-a-weil-am-rhein.html)",""
"fact.architecture.hadid_vitra_now","source.dezeen_vitra_fire_station","unverified","The Vitra Fire Station no longer houses fire engines; it is now used for exhibitions and events.","https://www.dezeen.com/2022/05/24/vitra-fire-station-zaha-hadid-deconstructivism/","L77 card.architecture.077.c3","L77 question.architecture.077.q2","","","","","","corroborated","References note the building soon ceased to serve as a fire station and became an exhibition space. (https://en.wikipedia.org/wiki/Vitra_Fire_Station https://www.domusweb.it/en/from-the-archive/2023/09/06/zaha-hadid-fire-station-a-weil-am-rhein.html)",""
"fact.architecture.hadid_heydar_aliyev","source.dezeen_heydar_aliyev","unverified","Zaha Hadid Architects' Heydar Aliyev Center in Baku, completed in 2012, seems to lift, curve and fold out of its plaza.","https://www.dezeen.com/2026/05/05/heydar-aliyev-centre-zaha-hadid-parametricism-case-study/","L77 card.architecture.077.c4","L77 question.architecture.077.q3","","","","","","corroborated","Descriptions of the center say its flowing roof appears as a seamless extension of the surrounding plaza, which rises and folds into the building. (https://newatlas.com/zaha-hadid-heydar-aliyev-center-baku-azerbaijan/32783/ https://en.wikipedia.org/wiki/Heydar_Aliyev_Center)",""
"fact.architecture.hadid_heydar_blurred","source.dezeen_heydar_aliyev","unverified","In the Heydar Aliyev Center, the boundaries between floor, wall, ceiling and roof are blurred into one surface.","https://www.dezeen.com/2026/05/05/heydar-aliyev-centre-zaha-hadid-parametricism-case-study/","L77 card.architecture.077.c4","L77 question.architecture.077.q3","","","","","","corroborated","Accounts describe continuous surfaces with no clear division between floor, wall and roof. (https://en.wikipedia.org/wiki/Heydar_Aliyev_Center https://www.archdaily.com/522242/london-design-museum-s-design-of-the-year-heydar-aliyev-center-zaha-hadid-architects)",""
"fact.architecture.brutalism_beton_brut","source.he_brutalism_intro","unverified","Brutalism's name probably comes from béton brut (raw concrete), Le Corbusier's phrase while building his Unité d'Habitation in 1952.","https://heritagecalling.com/2019/01/18/a-brief-introduction-to-brutalism/","L78 card.architecture.078.c2","L78 question.architecture.078.q1","","","","","","corroborated","Britannica and others derive Brutalism from béton brut, raw or unfinished concrete, associated with Le Corbusier. (https://www.britannica.com/art/Brutalism-architecture https://en.wikipedia.org/wiki/Brutalist_architecture)",""
"fact.architecture.brutalism_formwork_marks","source.flc_corbusean_vocabulary","unverified","From the 1950s, Le Corbusier left materials unfinished, including concrete bearing the marks of its formwork.","https://www.fondationlecorbusier.fr/en/thematic-folder/corbusean-vocabulary/","L78 card.architecture.078.c2","L78 question.architecture.078.q1","","","","","","corroborated","Britannica calls Le Corbusier the first architect to make studied use of rough-cast concrete. (https://www.britannica.com/biography/Le-Corbusier https://en.wikipedia.org/wiki/Brutalist_architecture)",""
"fact.architecture.brutalism_formwork_marks","source.brit_le_corbusier","unverified","From the 1950s, Le Corbusier left materials unfinished, including concrete bearing the marks of its formwork.","https://www.britannica.com/biography/Le-Corbusier","L78 card.architecture.078.c2","L78 question.architecture.078.q1","","","","","","corroborated","Britannica calls Le Corbusier the first architect to make studied use of rough-cast concrete. (https://www.britannica.com/biography/Le-Corbusier https://en.wikipedia.org/wiki/Brutalist_architecture)",""
"fact.architecture.brutalism_banham_1955","source.he_brutalism_intro","unverified","In a 1955 essay, the critic Reyner Banham named a trend in British architecture 'The New Brutalism'.","https://heritagecalling.com/2019/01/18/a-brief-introduction-to-brutalism/","L78 card.architecture.078.c3","L78 question.architecture.078.q2","","","","","","corroborated","The Architectural Review archive and other references date Banham's essay to December 1955. (https://www.architectural-review.com/archive/the-new-brutalism-by-reyner-banham https://en.wikipedia.org/wiki/Brutalist_architecture)",""
"fact.architecture.brutalism_banham_1955","source.ar_banham_new_brutalism","unverified","In a 1955 essay, the critic Reyner Banham named a trend in British architecture 'The New Brutalism'.","https://www.architectural-review.com/archive/the-new-brutalism-by-reyner-banham","L78 card.architecture.078.c3","L78 question.architecture.078.q2","","","","","","corroborated","The Architectural Review archive and other references date Banham's essay to December 1955. (https://www.architectural-review.com/archive/the-new-brutalism-by-reyner-banham https://en.wikipedia.org/wiki/Brutalist_architecture)",""
"fact.architecture.brutalism_hunstanton","source.ar_banham_new_brutalism","unverified","Banham held up Alison and Peter Smithson's school at Hunstanton as a building 'made of what it appears to be made of'.","https://www.architectural-review.com/archive/the-new-brutalism-by-reyner-banham","L78 card.architecture.078.c3","L78 question.architecture.078.q2","","","","","","corroborated","Quotations of the essay describe Hunstanton as 'almost unique among modern buildings in being made of what it appears to be made of'. (https://en.wikipedia.org/wiki/Brutalist_architecture https://www.dos-studio.com/notebook/brutalism)",""
"fact.architecture.brutalism_hunstanton","source.he_brutalism_intro","unverified","Banham held up Alison and Peter Smithson's school at Hunstanton as a building 'made of what it appears to be made of'.","https://heritagecalling.com/2019/01/18/a-brief-introduction-to-brutalism/","L78 card.architecture.078.c3","L78 question.architecture.078.q2","","","","","","corroborated","Quotations of the essay describe Hunstanton as 'almost unique among modern buildings in being made of what it appears to be made of'. (https://en.wikipedia.org/wiki/Brutalist_architecture https://www.dos-studio.com/notebook/brutalism)",""
"fact.architecture.brutalism_not_all_concrete","source.he_brutalism_intro","unverified","Brutalism was not only concrete: the Smithsons wanted every material, brick, timber or glass, honestly expressed.","https://heritagecalling.com/2019/01/18/a-brief-introduction-to-brutalism/","L78 card.architecture.078.c3","L78 question.architecture.078.q2","","","","","","corroborated","References on the Smithsons stress 'reverence for materials' and the honest exposure of whatever a building is made of. (https://en.wikipedia.org/wiki/Alison_and_Peter_Smithson https://en.wikipedia.org/wiki/Brutalist_architecture)","weak-pages"
"fact.architecture.tricorn_nairn","source.c20_tricorn","unverified","Portsmouth's Brutalist Tricorn Centre opened in 1966; the critic Ian Nairn wrote, 'At last there is something to shout about in Portsmouth.'","https://c20society.org.uk/lost-modern/tricorn-centre-portsmouth","L78 card.architecture.078.c1","","","","","","","corroborated","References record the Tricorn opening in 1966 to critical acclaim. (https://en.wikipedia.org/wiki/Tricorn_Centre https://architectuul.com/architecture/tricorn-centre)",""
"fact.architecture.tricorn_charles_meades","source.he_brutalism_intro","unverified","Prince Charles called the Tricorn Centre 'a mildewed lump of elephant droppings'; writer Jonathan Meades compared it to Stonehenge.","https://heritagecalling.com/2019/01/18/a-brief-introduction-to-brutalism/","L78 card.architecture.078.c1","","","","","","","corroborated","The Tricorn entry and press accounts quote Prince Charles's 'mildewed lump of elephant droppings'. (https://en.wikipedia.org/wiki/Tricorn_Centre https://www.portsmouth.co.uk/retro/fascinating-picture-memories-of-iconic-tricorn-centre-in-portsmouth-5501588)",""
"fact.architecture.tricorn_demolished","source.c20_tricorn","unverified","The Tricorn Centre was demolished in 2004.","https://c20society.org.uk/lost-modern/tricorn-centre-portsmouth","L78 card.architecture.078.c1","","","","","","","corroborated","Demolition of the Tricorn began in March 2004. (https://en.wikipedia.org/wiki/Tricorn_Centre https://en.wikipedia.org/wiki/2004_in_architecture)","weak-pages"
"fact.architecture.tricorn_demolished","source.he_brutalism_intro","unverified","The Tricorn Centre was demolished in 2004.","https://heritagecalling.com/2019/01/18/a-brief-introduction-to-brutalism/","L78 card.architecture.078.c1","","","","","","","corroborated","Demolition of the Tricorn began in March 2004. (https://en.wikipedia.org/wiki/Tricorn_Centre https://en.wikipedia.org/wiki/2004_in_architecture)","weak-pages"
"fact.architecture.brutalism_loved_loathed","source.he_brutalism_intro","unverified","Historic England calls Brutalism loved and loathed, one of the most controversial architectural styles of the 20th century.","https://heritagecalling.com/2019/01/18/a-brief-introduction-to-brutalism/","L78 card.architecture.078.c4","L78 question.architecture.078.q3","","","","","","corroborated","Architecture writing widely describes Brutalism as polarizing, both admired and reviled. (https://en.wikipedia.org/wiki/Brutalist_architecture https://www.britannica.com/art/Brutalism-architecture)",""
"fact.architecture.brutalism_two_views","source.he_brutalism_intro","unverified","To fans, Brutalism shows the post-war drive to rebuild towns to serve people; to critics, it was a dystopian landscape-destroyer.","https://heritagecalling.com/2019/01/18/a-brief-introduction-to-brutalism/","L78 card.architecture.078.c4","L78 question.architecture.078.q3","","","","","","corroborated","Accounts of Brutalism describe its social, utopian post-war aims alongside criticism of its bleak, dystopian image. (https://en.wikipedia.org/wiki/Brutalist_architecture https://sah-archipedia.org/essays/TH-01-ART-013)",""
"fact.architecture.bilbao_city_crisis","source.euronews_guggenheim_bilbao_20","unverified","Bilbao grew on iron, steel and shipbuilding, and went through a severe economic crisis in the 1970s and 1980s.","https://www.euronews.com/travel/2017/10/16/guggenheim-museum-bilbao-20th-anniversary","L79 card.architecture.079.c1","","","","","","","corroborated","Accounts of Bilbao's regeneration describe the collapse of its shipbuilding and steel industries in those decades. (https://mascontext.com/issues/bilbao/behind-the-bilbao-effect-an-overnight-success-in-20-years https://tbmag.co.uk/bilbao-effect-guggenheim-museum-urban-regeneration-tbmag/)",""
"fact.architecture.bilbao_opened_1997","source.brit_guggenheim_bilbao","unverified","Frank Gehry's Guggenheim Museum Bilbao opened in 1997, a joint venture of the Guggenheim Foundation and the Basque regional government.","https://www.britannica.com/topic/Guggenheim-Museum-Bilbao","L79 card.architecture.079.c1; L80 card.architecture.080.c4","","","","","","","corroborated","References record the museum's inauguration on 18 October 1997 and the Basque administration's funding role. (https://en.wikipedia.org/wiki/Guggenheim_Museum_Bilbao https://www.euronews.com/travel/2017/10/16/guggenheim-museum-bilbao-20th-anniversary)",""
"fact.architecture.bilbao_catia","source.guggenheim_bilbao_construction","unverified","For Gehry's mathematically complex design, his team used CATIA, software first built for the aerospace industry, to design and build it.","https://www.guggenheim-bilbao.eus/en/the-building/the-construction","L79 card.architecture.079.c2; L80 card.architecture.080.c3","L79 question.architecture.079.q1; L79 question.architecture.079.q3","","","","","","corroborated","Architecture sources describe Gehry's office adopting Dassault's aerospace CATIA software for the Bilbao museum. (https://en.wikipedia.org/wiki/Guggenheim_Museum_Bilbao https://chiselandmouse.com/pages/guggenheim-bilbao-museum-architecture)",""
"fact.architecture.bilbao_titanium","source.guggenheim_bilbao_construction","unverified","Gehry chose titanium after watching a sample pinned outside his office; about 33,000 thin sheets change color with weather and light.","https://www.guggenheim-bilbao.eus/en/the-building/the-construction","L79 card.architecture.079.c2","L79 question.architecture.079.q1; L79 question.architecture.079.q3","","","","","","corroborated","Britannica describes the museum's titanium-sheathed mass; guides give roughly 33,000 titanium panels. (https://www.britannica.com/topic/Guggenheim-Museum-Bilbao https://en.wikipedia.org/wiki/Guggenheim_Museum_Bilbao)",""
"fact.architecture.bilbao_20m_visitors","source.euronews_guggenheim_bilbao_20","unverified","The Guggenheim Bilbao drew about 20 million visitors in its first 20 years.","https://www.euronews.com/travel/2017/10/16/guggenheim-museum-bilbao-20th-anniversary","L79 card.architecture.079.c3","L79 question.architecture.079.q2","","","","","","corroborated","Artnet reported the museum's count of 20 million visitors at its 20th anniversary. (https://news.artnet.com/art-world/the-bilbao-effect-20th-anniversary-1111583 https://en.wikipedia.org/wiki/Guggenheim_Museum_Bilbao)",""
"fact.architecture.bilbao_effect_defined","source.euronews_guggenheim_bilbao_20","unverified","The 'Bilbao effect' names the idea that one iconic building can transform a city's fortunes, as Bilbao became a major tourist destination.","https://www.euronews.com/travel/2017/10/16/guggenheim-museum-bilbao-20th-anniversary","L79 card.architecture.079.c3","L79 question.architecture.079.q2","","","","","","corroborated","Writers use 'Bilbao effect' for a single iconic building driving urban regeneration and tourism. (https://news.artnet.com/art-world/the-bilbao-effect-20th-anniversary-1111583 https://www.witoldrybczynski.com/architecture/the-bilbao-anomaly/)",""
"fact.architecture.bilbao_rybczynski","source.rybczynski_bilbao_anomaly","unverified","In 2011, critic Witold Rybczynski argued that eye-catching museum architecture doesn't by itself bring crowds, citing Seattle and Denver.","https://www.witoldrybczynski.com/architecture/the-bilbao-anomaly/","L79 card.architecture.079.c4","L79 question.architecture.079.q2; L80 question.architecture.080.q4","","","","","","corroborated","Rybczynski's 2002 Atlantic essay likewise called the 'wow factor' a shaky foundation for lasting value. (https://www.planetizen.com/node/36213 https://themuseumreviewjournal.wordpress.com/2020/09/22/tmr_vol5no1_delcerrosantamaria/)",""
"fact.architecture.pritzker_founded","source.pritzker_about","unverified","The Pritzker Architecture Prize was established in 1979 by the Pritzker family of Chicago, through their Hyatt Foundation.","https://www.pritzkerprize.com/about","L80 card.architecture.080.c2","L80 question.architecture.080.q1","","","","","","corroborated","References confirm the prize was founded in 1979 by Jay A. and Cindy Pritzker through the Hyatt Foundation. (https://en.wikipedia.org/wiki/Pritzker_Architecture_Prize https://www.britannica.com/topic/Pritzker-Prize)",""
"fact.architecture.pritzker_purpose","source.pritzker_about","unverified","Each year the Pritzker Prize honors a living architect whose built work shows talent, vision and commitment.","https://www.pritzkerprize.com/about","L80 card.architecture.080.c2","L80 question.architecture.080.q1","","","","","","corroborated","Descriptions of the prize state it is awarded annually to a living architect for built work. (https://en.wikipedia.org/wiki/Pritzker_Architecture_Prize https://www.britannica.com/topic/Pritzker-Prize)",""
"fact.architecture.pritzker_nobel","source.pritzker_about","unverified","The Pritzker Prize is often called architecture's Nobel, and many of its procedures are modeled on the Nobel Prize.","https://www.pritzkerprize.com/about","L80 card.architecture.080.c2","L80 question.architecture.080.q1","","","","","","corroborated","The prize is widely described as the Nobel Prize of architecture. (https://en.wikipedia.org/wiki/Pritzker_Architecture_Prize https://www.britannica.com/topic/Pritzker-Prize)",""
"fact.architecture.pritzker_award","source.pritzker_about","unverified","A Pritzker laureate receives $100,000 and a bronze medallion.","https://www.pritzkerprize.com/about","L80 card.architecture.080.c2","L80 question.architecture.080.q1","","","","","","corroborated","References give the award as US$100,000 and a bronze medallion. (https://en.wikipedia.org/wiki/Pritzker_Architecture_Prize https://www.britannica.com/topic/Pritzker-Prize)",""
"fact.architecture.pritzker_gehry_utzon","source.pritzker_gehry_1989","unverified","Frank Gehry won the Pritzker Prize in 1989 and Jørn Utzon in 2003.","https://www.pritzkerprize.com/laureates/1989","L80 card.architecture.080.c1","","","","","","","corroborated","The list of laureates records Gehry in 1989 and Utzon in 2003. (https://en.wikipedia.org/wiki/Pritzker_Architecture_Prize https://www.britannica.com/topic/Pritzker-Prize)",""
"fact.architecture.pritzker_gehry_utzon","source.pritzker_utzon_2003","unverified","Frank Gehry won the Pritzker Prize in 1989 and Jørn Utzon in 2003.","https://www.pritzkerprize.com/laureates/2003","L80 card.architecture.080.c1","","","","","","","corroborated","The list of laureates records Gehry in 1989 and Utzon in 2003. (https://en.wikipedia.org/wiki/Pritzker_Architecture_Prize https://www.britannica.com/topic/Pritzker-Prize)",""
"fact.architecture.cities_childe_criteria","source.brit_urban_revolution","unverified","The archaeologist V. Gordon Childe listed 10 signs of the earliest cities, including larger settlements, large-scale public works, writing and full-time specialists.","https://www.britannica.com/topic/urban-revolution","L81 card.architecture.081.c2","L81 question.architecture.081.q1","","","","","","corroborated","Childe's 1950 Town Planning Review paper set out ten criteria, including size and density, full-time specialists, monumental public buildings and writing. (https://en.wikipedia.org/wiki/Urban_revolution https://www.ebsco.com/research-starters/social-sciences-and-humanities/urban-revolution)",""
"fact.architecture.cities_uruk_largest","source.met_uruk_first_city","unverified","By around 3200 BCE, Uruk was the largest settlement in southern Mesopotamia, if not the world, a city of monumental mud-brick buildings.","https://www.metmuseum.org/essays/uruk-the-first-city","L81 card.architecture.081.c1; L81 card.architecture.081.c3","L81 question.architecture.081.q3","","","","","","corroborated","Uruk is widely described as the first true city; by about 3100 BCE it was the largest urban settlement of its time. (https://en.wikipedia.org/wiki/Uruk https://en.wikipedia.org/wiki/Uruk_period)","weak-pages unopened-source"
"fact.architecture.cities_uruk_location","source.brit_erech","unverified","Uruk lies in what is now southeastern Iraq, northwest of Ur.","https://www.britannica.com/place/Erech","L81 card.architecture.081.c1","","","","","","","corroborated","Uruk (modern Warka) is in southern Iraq near the Euphrates, northwest of Ur. (https://en.wikipedia.org/wiki/Uruk)","one-page weak-pages"
"fact.architecture.cities_uruk_cone_mosaics","source.met_uruk_first_city","unverified","Uruk's monumental mud-brick buildings were decorated with mosaics of painted clay cones pressed into their walls.","https://www.metmuseum.org/essays/uruk-the-first-city","L81 card.architecture.081.c3","L81 question.architecture.081.q3","","","","","","corroborated","Uruk's Eanna precinct buildings bore cone mosaics: coloured clay cones set into mud-brick walls. (https://en.wikipedia.org/wiki/Eanna https://www.worldhistory.org/uruk/)","unopened-source"
"fact.architecture.cities_uruk_wall","source.brit_erech","unverified","Uruk was enclosed by brick walls about 10 km around, which legend says were built by the hero Gilgamesh.","https://www.britannica.com/place/Erech","L81 card.architecture.081.c3","L81 question.architecture.081.q3","","","","","","corroborated","Uruk's city wall, some 9-10 km long, is attributed in the Epic of Gilgamesh to Gilgamesh. (https://en.wikipedia.org/wiki/Uruk)","one-page weak-pages"
"fact.architecture.cities_uruk_tablets","source.brit_cuneiform","unverified","The earliest written records in Sumerian are picture-sign tablets from Uruk, from about the end of the 4th millennium BCE: lists or ledgers of goods, with numerals and names.","https://www.britannica.com/topic/cuneiform","L81 card.architecture.081.c4","L81 question.architecture.081.q2; L90 question.architecture.090.q4","","","","","","corroborated","Proto-cuneiform tablets from Uruk's Eanna district, about 3300-3100 BCE, are mostly accounting records of grain, animals and other goods. (https://en.wikipedia.org/wiki/Proto-cuneiform https://en.wikipedia.org/wiki/Eanna)","weak-pages"
"fact.architecture.cities_grid_mohenjo_daro","source.brit_mohenjo_daro","unverified","Mohenjo-daro, the largest city of the Indus civilization (about 2600 to 1900 BCE), was laid out with remarkable regularity in about a dozen blocks.","https://www.britannica.com/place/Mohenjo-daro","L82 card.architecture.082.c2","L82 question.architecture.082.q3","","","","","","corroborated","Mohenjo-daro had a planned layout with rectilinear buildings arranged on a grid plan. (https://en.wikipedia.org/wiki/Mohenjo-daro)","one-page weak-pages"
"fact.architecture.cities_grid_hippodamus","source.brit_hippodamus","unverified","Hippodamus of Miletus, a 5th-century BCE Greek planner who laid out Athens's port of Piraeus, gave his name to grid plans, though he did not invent them.","https://www.britannica.com/biography/Hippodamus-of-Miletus","L82 card.architecture.082.c2","L82 question.architecture.082.q3","","","","","","corroborated","Hippodamus is called the father of European urban planning and the Hippodamian plan is named after him, though grids existed earlier; he planned Piraeus. (https://en.wikipedia.org/wiki/Hippodamus_of_Miletus https://en.wikipedia.org/wiki/Hippodamian_plan)","weak-pages"
"fact.architecture.cities_grid_roman_towns","source.brit_urban_planning","unverified","Many Roman towns were laid out on a grid, with two main streets crossing at right angles.","https://www.britannica.com/topic/urban-planning","L82 card.architecture.082.c3","L82 question.architecture.082.q1","","","","","","corroborated","Roman towns typically had a cardo (north-south) and decumanus (east-west) main street crossing at right angles. (https://en.wikipedia.org/wiki/Cardo https://en.wikipedia.org/wiki/Decumanus)","weak-pages"
"fact.architecture.cities_grid_philadelphia","source.brit_urban_planning","unverified","William Penn's 1682 grid for Philadelphia traveled west with American pioneers because it was the simplest way to divide surveyed land.","https://www.britannica.com/topic/urban-planning","L82 card.architecture.082.c3","L82 question.architecture.082.q1","","","","","","corroborated","Philadelphia's 1682 plan by Penn and Thomas Holme was a grid that became a model for later American towns. (https://en.wikipedia.org/wiki/Grid_plan)","one-page weak-pages"
"fact.architecture.cities_grid_manhattan_1811","source.gotham_grid_misconceptions","unverified","New York's Commissioners' Plan of 1811 laid a grid of streets and avenues over Manhattan, from today's Houston Street up to 155th Street.","https://www.gothamcenter.org/blog/gridplanmain","L82 card.architecture.082.c1","","","","","","","corroborated","The Commissioners' Plan of 1811 laid out Manhattan's grid above Houston Street and below 155th Street. (https://en.wikipedia.org/wiki/Commissioners'_Plan_of_1811 https://en.wikipedia.org/wiki/155th_Street_(Manhattan))","weak-pages"
"fact.architecture.cities_grid_manhattan_1811","source.mcny_greatest_grid_1811","unverified","New York's Commissioners' Plan of 1811 laid a grid of streets and avenues over Manhattan, from today's Houston Street up to 155th Street.","https://thegreatestgrid.mcny.org/the-1811-plan","L82 card.architecture.082.c1","","","","","","","corroborated","The Commissioners' Plan of 1811 laid out Manhattan's grid above Houston Street and below 155th Street. (https://en.wikipedia.org/wiki/Commissioners'_Plan_of_1811 https://en.wikipedia.org/wiki/155th_Street_(Manhattan))","weak-pages"
"fact.architecture.cities_grid_commissioners_reason","source.mcny_greatest_grid_1811","unverified","The 1811 commissioners wrote that straight-sided, right-angled houses 'are the most cheap to build, and the most convenient to live in.'","https://thegreatestgrid.mcny.org/the-1811-plan","L82 card.architecture.082.c4","L82 question.architecture.082.q2","","","","","","corroborated","The commissioners' Remarks: a city is composed principally of the habitations of men, and straight-sided, right-angled houses are the most cheap to build and most convenient to live in. (https://en.wikipedia.org/wiki/Commissioners'_Plan_of_1811)","one-page weak-pages"
"fact.architecture.cities_walls_security","source.buildinghistory_town_walls","unverified","Fears of invasion, uprising and civil war made medieval town walls seem a necessary security.","https://www.buildinghistory.org/buildings/townwalls.shtml","L83 card.architecture.083.c2","L83 question.architecture.083.q3","","","","","","corroborated","Medieval town walls were built for defence against raids, rebellions and war. (https://en.wikipedia.org/wiki/Defensive_wall)","one-page weak-pages"
"fact.architecture.cities_walls_murage","source.buildinghistory_town_walls","unverified","English towns could get royal permission to collect a tax called murage to pay for work on their walls.","https://www.buildinghistory.org/buildings/townwalls.shtml","L83 card.architecture.083.c2","L83 question.architecture.083.q3","","","","","","corroborated","Murage was a medieval toll or tax, granted by the king, for building or repairing town walls. (https://en.wikipedia.org/wiki/Murage)","one-page weak-pages"
"fact.architecture.cities_walls_gates","source.buildinghistory_town_walls","unverified","A medieval town's main gate could have several archways: a large one for wheeled traffic and one or two smaller ones for people on foot.","https://www.buildinghistory.org/buildings/townwalls.shtml","L83 card.architecture.083.c2","L83 question.architecture.083.q3","","","","","","corroborated","Surviving town gates such as York's bars and Canterbury's Westgate funnelled carts through a main arch, some with separate pedestrian passages. (https://en.wikipedia.org/wiki/City_gate)","one-page weak-pages"
"fact.architecture.cities_boulevard_word","source.etymonline_boulevard","unverified","Boulevard comes from French for the top surface of a rampart, a garbled borrowing of Middle Dutch bolwerc, the same word that gave English bulwark.","https://www.etymonline.com/word/boulevard","L83 card.architecture.083.c1","L83 question.architecture.083.q1","","","","","","corroborated","Boulevard and bulwark are doublets from Middle Dutch bolwerc; the French word first meant the flat top of a rampart. (https://en.wiktionary.org/wiki/boulevard https://en.wikipedia.org/wiki/Boulevard)",""
"fact.architecture.cities_boulevard_word","source.mw_history_boulevard","unverified","Boulevard comes from French for the top surface of a rampart, a garbled borrowing of Middle Dutch bolwerc, the same word that gave English bulwark.","https://www.merriam-webster.com/wordplay/the-history-of-boulevard","L83 card.architecture.083.c1","L83 question.architecture.083.q1","","","","","","corroborated","Boulevard and bulwark are doublets from Middle Dutch bolwerc; the French word first meant the flat top of a rampart. (https://en.wiktionary.org/wiki/boulevard https://en.wikipedia.org/wiki/Boulevard)",""
"fact.architecture.cities_walls_crowding","source.brit_urban_planning","unverified","As cities grew, their walls caused overcrowding, blocked out air and light, and led to very poor sanitation.","https://www.britannica.com/topic/urban-planning","L83 card.architecture.083.c3","L83 question.architecture.083.q2; L90 question.architecture.090.q3","","","","","","corroborated","Walled medieval cities became densely packed, with poor sanitation, as population grew within fixed walls. (https://en.wikipedia.org/wiki/Defensive_wall)","one-page weak-pages"
"fact.architecture.cities_walls_hindrance","source.buildinghistory_town_walls","unverified","By the 18th century, town walls and gates seemed a hindrance to growth and traffic, and gates were often removed as too narrow.","https://www.buildinghistory.org/buildings/townwalls.shtml","L83 card.architecture.083.c3","L83 question.architecture.083.q2; L90 question.architecture.090.q3","","","","","","corroborated","Many town gates and walls in Britain were demolished in the 18th and 19th centuries to ease traffic. (https://en.wikipedia.org/wiki/City_gate)","one-page weak-pages"
"fact.architecture.cities_paris_boulevards","source.mw_history_boulevard","unverified","In the late 17th century, Louis XIV had an old Paris city wall razed and replaced with a wide tree-lined promenade: a boulevard.","https://www.merriam-webster.com/wordplay/the-history-of-boulevard","L83 card.architecture.083.c4","","","","","","","corroborated","Louis XIV ordered the demolition of Paris's walls and their replacement with tree-lined promenades, the origin of the Grands Boulevards. (https://en.wikipedia.org/wiki/Grands_Boulevards https://www.etymonline.com/word/boulevard)",""
"fact.architecture.cities_vienna_ringstrasse","source.habsburger_ringstrasse","unverified","On 20 December 1857, Emperor Franz Joseph ordered Vienna's city walls torn down for the Ringstrasse, a grand boulevard whose first section opened in 1865.","https://www.habsburger.net/en/chapter/construction-ringstrasse","L83 card.architecture.083.c4","","","","","","","corroborated","Franz Joseph's decree of 20 December 1857 ordered the walls demolished; the Ringstrasse was officially opened on 1 May 1865. (https://en.wikipedia.org/wiki/Ringstrasse https://www.habsburger.net/en/events/ringstrasse-era-1857-1914)",""
"fact.architecture.cities_birkenhead_first","source.parksandgardens_birkenhead","unverified","Birkenhead Park, opened in 1847 and designed by Joseph Paxton, was the first public park in the UK created at public expense.","https://www.parksandgardens.org/places/birkenhead-park","L84 card.architecture.084.c1","L84 question.architecture.084.q3","","","","","","corroborated","Birkenhead Park (1847), designed by Paxton, is considered the first publicly funded civic park. (https://en.wikipedia.org/wiki/Birkenhead_Park https://birkenhead-park.org.uk/historic-england/)",""
"fact.architecture.cities_birkenhead_funding","source.parksandgardens_birkenhead","unverified","Birkenhead Park was paid for from the profit on house plots sold around its edge.","https://www.parksandgardens.org/places/birkenhead-park","L84 card.architecture.084.c2","L88 question.architecture.088.q3","","","","","","corroborated","Land around Birkenhead Park was sold for private housing, and the sales financed the park. (https://en.wikipedia.org/wiki/Birkenhead_Park)","one-page weak-pages"
"fact.architecture.cities_olmsted_peoples_garden","source.neh_public_parking","unverified","After visiting Birkenhead Park in 1850, Frederick Law Olmsted wrote that democratic America had nothing comparable with this 'People's Garden'.","https://www.neh.gov/humanities/2012/januaryfebruary/feature/public-parking","L84 card.architecture.084.c3","L84 question.architecture.084.q1","","","","","","corroborated","Olmsted visited Birkenhead in 1850 and in Walks and Talks of an American Farmer in England called it the People's Garden. (https://birkenhead-park.org.uk/175-years-since-birkenhead-park-influenced-american-parks-to-come/ https://www.parksandgardens.org/places/birkenhead-park)",""
"fact.architecture.cities_central_park_why","source.cpc_central_park_history","unverified","Central Park was planned as New York's population boomed and many immigrants lived in crowded, unhealthy conditions.","https://www.centralparknyc.org/articles/central-park-history","L84 card.architecture.084.c4","L84 question.architecture.084.q2; L85 question.architecture.085.q3","","","","","","corroborated","Advocates wanted a large park to give crowded New Yorkers open space and fresh air. (https://en.wikipedia.org/wiki/Central_Park)","one-page weak-pages"
"fact.architecture.cities_central_park_greensward","source.cpc_central_park_history","unverified","In 1858, Olmsted and the architect Calvert Vaux won the design competition for Central Park with their Greensward plan.","https://www.centralparknyc.org/articles/central-park-history","L84 card.architecture.084.c3","","","","","","","corroborated","On April 28, 1858, the commissioners chose Olmsted and Vaux's Greensward plan. (https://www.nycgovparks.org/parks/central-park/dailyplant/20761 https://en.wikipedia.org/wiki/Central_Park)",""
"fact.architecture.cities_central_park_sunken_roads","source.cpc_central_park_history","unverified","The Greensward plan hid Central Park's crosstown roads below the landscape, out of sight of park visitors.","https://www.centralparknyc.org/articles/central-park-history","L84 card.architecture.084.c4","L84 question.architecture.084.q2; L85 question.architecture.085.q3","","","","","","corroborated","Olmsted and Vaux sank the four transverse roads below grade, screening crosstown traffic from park visitors. (https://www.nycgovparks.org/parks/central-park/pressrelease/20222)","one-page"
"fact.architecture.cities_central_park_handmade","source.cpc_central_park_history","unverified","Central Park's landscapes are man-made, built by hand; workers planted 500,000 trees, shrubs and vines.","https://www.centralparknyc.org/articles/central-park-history","L84 card.architecture.084.c4","L84 question.architecture.084.q2; L85 question.architecture.085.q3","","","","","","corroborated","Central Park is entirely landscaped: millions of cartloads of earth were moved and hundreds of thousands of trees and shrubs planted. (https://en.wikipedia.org/wiki/Central_Park)","one-page weak-pages"
"fact.architecture.cities_campo_shell","source.visitsiena_piazza_del_campo","unverified","Siena's Piazza del Campo is shell-shaped, its brick paving divided into nine parts that point toward the Palazzo Pubblico, the seat of government.","https://www.visitsiena.it/en/piazza-del-campo/","L85 card.architecture.085.c1","","","","","","","corroborated","The Campo's fan-shaped paving is divided into nine sectors converging on the Palazzo Pubblico. (https://en.wikipedia.org/wiki/Piazza_del_Campo)","one-page weak-pages"
"fact.architecture.cities_campo_shell","source.brit_siena","unverified","Siena's Piazza del Campo is shell-shaped, its brick paving divided into nine parts that point toward the Palazzo Pubblico, the seat of government.","https://www.britannica.com/place/Siena-Italy","L85 card.architecture.085.c1","","","","","","","corroborated","The Campo's fan-shaped paving is divided into nine sectors converging on the Palazzo Pubblico. (https://en.wikipedia.org/wiki/Piazza_del_Campo)","one-page weak-pages"
"fact.architecture.cities_campo_nine","source.visitsiena_piazza_del_campo","unverified","The nine parts of the Campo recall the Government of the Nine, which ruled Siena from 1287 to 1355.","https://www.visitsiena.it/en/piazza-del-campo/","L85 card.architecture.085.c2","L85 question.architecture.085.q1","","","","","","corroborated","The nine sections honour the Council of Nine, which governed Siena from 1287 to 1355. (https://en.wikipedia.org/wiki/Piazza_del_Campo)","one-page weak-pages"
"fact.architecture.cities_campo_meeting","source.visitsiena_piazza_del_campo","unverified","The Campo was made as a meeting place for citizens, with markets, games and political events; the Palio horse race is held there twice a year.","https://www.visitsiena.it/en/piazza-del-campo/","L85 card.architecture.085.c2","L85 question.architecture.085.q1","","","","","","corroborated","The Campo has been Siena's main public space for markets and gatherings and hosts the twice-yearly Palio. (https://en.wikipedia.org/wiki/Piazza_del_Campo https://en.wikipedia.org/wiki/Palio_di_Siena)","weak-pages"
"fact.architecture.cities_campo_meeting","source.brit_siena","unverified","The Campo was made as a meeting place for citizens, with markets, games and political events; the Palio horse race is held there twice a year.","https://www.britannica.com/place/Siena-Italy","L85 card.architecture.085.c2","L85 question.architecture.085.q1","","","","","","corroborated","The Campo has been Siena's main public space for markets and gatherings and hosts the twice-yearly Palio. (https://en.wikipedia.org/wiki/Piazza_del_Campo https://en.wikipedia.org/wiki/Palio_di_Siena)","weak-pages"
"fact.architecture.cities_whyte_sitting","source.pps_whyte_social_life","unverified","Filming New York plazas with time-lapse cameras, William H. Whyte found that 'people tend to sit where there are places to sit' (1980): sitting space mattered more than open space.","https://www.pps.org/article/what-holly-whytes-social-life-film-can-teach-us-today","L85 card.architecture.085.c3","L85 question.architecture.085.q2","","","","","","corroborated","Whyte's Street Life Project used time-lapse cameras; the strongest link to a plaza's use was the amount of sittable space. (https://en.wikipedia.org/wiki/The_Social_Life_of_Small_Urban_Spaces https://www.re-thinkingthefuture.com/rtf-architectural-reviews/a2700-documentary-in-focus-social-life-of-small-urban-spaces-1980/)",""
"fact.architecture.cities_jacobs_eyes","source.brit_death_and_life","unverified","In The Death and Life of Great American Cities (1961), Jane Jacobs argued that a well-used street is apt to be safe, watched by 'eyes upon the street' from buildings facing it.","https://www.britannica.com/topic/The-Death-and-Life-of-Great-American-Cities","L85 card.architecture.085.c4","","","","","","","corroborated","In 'The Uses of Sidewalks: Safety', Jacobs writes that a well-used street is apt to be safe and that there must be eyes upon the street, with buildings oriented to it. (https://openlab.bmcc.cuny.edu/criminal-justice-and-the-urban-community-crj-204/wp-content/uploads/sites/92/2020/08/City-Reader-Jacobs.pdf https://petermoskos.com/files/BW/jacobs_1961.pdf)",""
"fact.architecture.cities_stroget_1962","source.gdci_stroget","unverified","In 1962, Copenhagen made its main street, Strøget, car-free as an experiment, despite warnings that no cars would mean no customers.","https://globaldesigningcities.org/publication/global-street-design-guide/streets/pedestrian-priority-spaces/pedestrian-only-streets/pedestrian-streets-case-study-stroget-copenhagen/","L85 card.architecture.085.c5","L85 question.architecture.085.q3","","","","","","corroborated","Strøget was closed to cars on 17 November 1962 as a trial, made permanent in 1964, over merchants' objections. (https://en.wikipedia.org/wiki/Str%C3%B8get https://planetforward.org/story/pedestrian-streets-the-scalability-of-stroget/)",""
"fact.architecture.cities_stroget_result","source.gdci_stroget","unverified","According to the Global Designing Cities Initiative, Strøget succeeded and increased revenue for local shops.","https://globaldesigningcities.org/publication/global-street-design-guide/streets/pedestrian-priority-spaces/pedestrian-only-streets/pedestrian-streets-case-study-stroget-copenhagen/","L85 card.architecture.085.c5","L85 question.architecture.085.q3","","","","","","corroborated","Strøget's pedestrianization is widely cited as a commercial and social success that led Copenhagen to pedestrianize more streets. (https://en.wikipedia.org/wiki/Str%C3%B8get)","one-page weak-pages"
"fact.architecture.cities_metropolitan_1863","source.brit_subway","unverified","The world's first underground railway, London's Metropolitan Railway, opened on 10 January 1863 with steam locomotives.","https://www.britannica.com/technology/subway","L86 card.architecture.086.c1","L86 question.architecture.086.q1","","","","","","corroborated","The Metropolitan Railway opened between Paddington and Farringdon on 10 January 1863 with steam-hauled trains. (https://www.ebsco.com/research-starters/history/first-underground-railroad-opens-london https://en.wikipedia.org/wiki/Metropolitan_line)",""
"fact.architecture.cities_metropolitan_1863","source.londonmuseum_underground_history","unverified","The world's first underground railway, London's Metropolitan Railway, opened on 10 January 1863 with steam locomotives.","https://www.londonmuseum.org.uk/collections/london-stories/london-underground-a-quick-history-in-pictures/","L86 card.architecture.086.c1","L86 question.architecture.086.q1","","","","","","corroborated","The Metropolitan Railway opened between Paddington and Farringdon on 10 January 1863 with steam-hauled trains. (https://www.ebsco.com/research-starters/history/first-underground-railroad-opens-london https://en.wikipedia.org/wiki/Metropolitan_line)",""
"fact.architecture.cities_cut_and_cover","source.brit_subway","unverified","The Metropolitan was built by cut and cover: trenches dug along the streets, given brick sides and roofed with girders or a brick arch.","https://www.britannica.com/technology/subway","L86 card.architecture.086.c2","L86 question.architecture.086.q3","","","","","","corroborated","Early London lines used cut and cover: a trench was dug, the track laid and the trench roofed over. (https://www.ebsco.com/research-starters/history/first-underground-railroad-opens-london)","one-page"
"fact.architecture.cities_cut_and_cover","source.londonmuseum_underground_history","unverified","The Metropolitan was built by cut and cover: trenches dug along the streets, given brick sides and roofed with girders or a brick arch.","https://www.londonmuseum.org.uk/collections/london-stories/london-underground-a-quick-history-in-pictures/","L86 card.architecture.086.c2","L86 question.architecture.086.q3","","","","","","corroborated","Early London lines used cut and cover: a trench was dug, the track laid and the trench roofed over. (https://www.ebsco.com/research-starters/history/first-underground-railroad-opens-london)","one-page"
"fact.architecture.cities_deep_tube_1890","source.brit_subway","unverified","In 1890 London opened the first electric underground railway, the first deep 'tube', dug by tunnelling instead of trenching.","https://www.britannica.com/technology/subway","L86 card.architecture.086.c3","","","","","","","corroborated","The City and South London Railway (1890) was the first deep-level electric tube railway. (https://en.wikipedia.org/wiki/City_and_South_London_Railway)","one-page weak-pages"
"fact.architecture.cities_deep_tube_1890","source.londonmuseum_underground_history","unverified","In 1890 London opened the first electric underground railway, the first deep 'tube', dug by tunnelling instead of trenching.","https://www.londonmuseum.org.uk/collections/london-stories/london-underground-a-quick-history-in-pictures/","L86 card.architecture.086.c3","","","","","","","corroborated","The City and South London Railway (1890) was the first deep-level electric tube railway. (https://en.wikipedia.org/wiki/City_and_South_London_Railway)","one-page weak-pages"
"fact.architecture.cities_metroland_1915","source.ltm_metro_land","unverified","In 1915 the Metropolitan Railway began selling the countryside along its line as 'Metro-land', a place for commuters to live.","https://www.ltmuseum.co.uk/collections/stories/transport/metro-land","L86 card.architecture.086.c4","L86 question.architecture.086.q2; L87 question.architecture.087.q3; L90 question.architecture.090.q5","","","","","","corroborated","The Met's marketing department coined Metro-land in 1915 for its guide aimed at would-be commuters. (https://en.wikipedia.org/wiki/Metro-land https://www.savills.co.uk/blog/article/375887/residential-property/metro-land---the-chilterns-commuter-heartland--110-years-and-counting.aspx)","weak-pages unopened-source"
"fact.architecture.cities_metroland_estates","source.ltm_metro_land","unverified","From 1919, a company set up by the Metropolitan Railway built housing estates on spare land the railway owned along its line.","https://www.ltmuseum.co.uk/collections/stories/transport/metro-land","L86 card.architecture.086.c4","L86 question.architecture.086.q2; L87 question.architecture.087.q3; L90 question.architecture.090.q5","","","","","","corroborated","Metropolitan Railway Country Estates Ltd, from 1919, developed the railway's surplus land for housing. (https://en.wikipedia.org/wiki/Metro-land)","one-page weak-pages unopened-source"
"fact.architecture.cities_levittown_mass","source.brit_levittown","unverified","Levittown, New York, built by Levitt and Sons from 1946 to 1951, was an early completely preplanned, mass-produced housing development of more than 17,000 homes.","https://www.britannica.com/place/Levittown-New-York","L87 card.architecture.087.c1","L87 question.architecture.087.q1","","","","","","corroborated","Levitt and Sons built 17,447 houses at Levittown, NY, using assembly-line methods. (https://www.history.com/articles/levittown-suburbs-tract-housing https://en.wikipedia.org/wiki/Levittown,_New_York)",""
"fact.architecture.cities_levittown_symbol","source.brit_levittown","unverified","Levittown became a national symbol of suburbia during the building boom after World War II.","https://www.britannica.com/place/Levittown-New-York","L87 card.architecture.087.c1","L87 question.architecture.087.q1","","","","","","corroborated","Levittown came to symbolize post-World War II American suburbanization. (https://en.wikipedia.org/wiki/Levittown,_New_York)","one-page weak-pages"
"fact.architecture.cities_suburbs_early_transport","source.brit_suburb","unverified","Early American suburbs grew along transport: Brooklyn Heights after an 1814 ferry to Manhattan, and later trolley-car suburbs.","https://www.britannica.com/topic/suburb","L87 card.architecture.087.c2","L87 question.architecture.087.q3","","","","","","corroborated","Brooklyn Heights grew after Robert Fulton's steam ferry began service in 1814; streetcar suburbs followed later in the century. (https://en.wikipedia.org/wiki/Brooklyn_Heights https://en.wikipedia.org/wiki/Streetcar_suburb)","weak-pages"
"fact.architecture.cities_suburbs_postwar","source.brit_suburb","unverified","After World War II, federal policy and highway construction sped up the growth of American suburbs.","https://www.britannica.com/topic/suburb","L87 card.architecture.087.c2; L87 card.architecture.087.c3","L87 question.architecture.087.q3","","","","","","corroborated","Postwar federal mortgage programs and the Interstate highways encouraged rapid US suburbanization. (https://en.wikipedia.org/wiki/Suburbanization)","one-page weak-pages"
"fact.architecture.cities_interstate_1956","source.senate_highway_act_1956","unverified","The Federal-Aid Highway Act, signed on 29 June 1956, authorized 41,000 miles of interstate highways, with the federal government paying 90 percent.","https://www.senate.gov/artandhistory/history/minute/Federal_Highway_Act.htm","L87 card.architecture.087.c3","","","","","","","corroborated","The 1956 Act, signed June 29, funded a 41,000-mile Interstate system with a 90 percent federal share. (https://en.wikipedia.org/wiki/Federal-Aid_Highway_Act_of_1956 https://history.house.gov/Records-and-Research/Listing/lfp_008/)",""
"fact.architecture.cities_unhabitat_sprawl","source.unhabitat_sustainable_urbanization","unverified","UN-Habitat says urban sprawl is largely driven by the automobile, poor planning and land speculation, and uses land less efficiently.","https://unhabitat.org/11-3-sustainable-urbanization","L87 card.architecture.087.c4","L87 question.architecture.087.q2","","","","","","corroborated","UN-Habitat and others describe sprawl as low-density, car-dependent development with higher land and infrastructure costs. (https://www.nature.com/scitable/knowledge/library/the-characteristics-causes-and-consequences-of-sprawling-103014747/)","one-page"
"fact.architecture.cities_bruegmann_sprawl","source.uchicago_bruegmann_sprawl","unverified","Historian Robert Bruegmann argued in 2005 that sprawl is as old as cities and has given millions mobility, privacy and choice once reserved for the rich.","https://press.uchicago.edu/ucp/books/book/chicago/S/bo3614185.html","L87 card.architecture.087.c4","L87 question.architecture.087.q2","","","","","","corroborated","Bruegmann's Sprawl: A Compact History (2005) argues sprawl is neither new nor uniquely American and brings privacy, mobility and choice. (https://www.harvarddesignmagazine.org/articles/sprawl-a-compact-history-by-robert-bruegmann/ https://www.newswise.com/articles/sprawl-a-compact-history-presents-both-sides-of-sprawl)",""
"fact.architecture.cities_slums_billion","source.un_news_slums_2026","unverified","According to UN-Habitat, more than 1.1 billion people live in slums or informal settlements.","https://news.un.org/en/story/2026/05/1167530","L88 card.architecture.088.c1","","","","","","","corroborated","UN-Habitat estimates about 1.1 billion people live in slums or slum-like conditions. (https://unstats.un.org/sdgs/report/2025/goal-11/ https://www.ebsco.com/research-starters/politics-and-government/slums/)",""
"fact.architecture.cities_slum_household","source.unhabitat_adequate_housing_module","unverified","UN-Habitat counts a household as a slum household if it lacks one or more of: durable housing, enough living space, improved water, improved sanitation or secure tenure.","https://unhabitat.org/sites/default/files/2020/06/indicator_11.1.1_training_module_adequate_housing_and_slum_upgrading.pdf","L88 card.architecture.088.c2","L88 question.architecture.088.q1","","","","","","corroborated","SDG 11.1.1 metadata lists the five household deprivations: improved water, improved sanitation, sufficient living area, durable housing and security of tenure. (https://worldbank.github.io/sdg-metadata/metadata/en/11-1-1/)","one-page"
"fact.architecture.cities_informal_settlement","source.unhabitat_adequate_housing_module","unverified","UN-Habitat describes informal settlements as areas where residents lack secure tenure, basic services are often missing, and homes may not meet planning and building rules.","https://unhabitat.org/sites/default/files/2020/06/indicator_11.1.1_training_module_adequate_housing_and_slum_upgrading.pdf","L88 card.architecture.088.c2","L88 question.architecture.088.q1","","","","","","corroborated","Habitat III defines informal settlements by lack of tenure security, lack of basic services and housing outside planning and building regulations. (https://habitat3.org/wp-content/uploads/Habitat-III-Issue-Paper-22_Informal-Settlements-2.0.pdf)","one-page"
"fact.architecture.cities_karl_marx_hof","source.wieninfo_karl_marx_hof","unverified","Vienna's Karl-Marx-Hof, designed by Karl Ehn in the Red Vienna social housing era (1919 to 1934), is about 1,100 meters long and originally held 1,382 apartments.","https://yourstage.wien.info/en-us/article/karl-marx-hof","L88 card.architecture.088.c3","L88 question.architecture.088.q3","","","","","","corroborated","Karl-Marx-Hof, built 1927-1930 by Karl Ehn, is about 1,100 m long with 1,382 flats. (https://en.wikipedia.org/wiki/Karl-Marx-Hof https://www.amusingplanet.com/2014/07/karl-marx-hof-kilometer-long.html)",""
"fact.architecture.cities_karl_marx_hof_open","source.wieninfo_karl_marx_hof","unverified","Only about 18% of the Karl-Marx-Hof's site was built on; the rest is courtyards and green space, alongside laundries, baths and kindergartens.","https://yourstage.wien.info/en-us/article/karl-marx-hof","L88 card.architecture.088.c3","L88 question.architecture.088.q3","","","","","","corroborated","Only about 18.5% of the Karl-Marx-Hof site is built over; the rest is gardens and courtyards with communal facilities. (https://en.wikipedia.org/wiki/Karl-Marx-Hof https://www.visitingvienna.com/culture/karl-marx-hof/)",""
"fact.architecture.cities_half_good_house","source.pritzker_aravena_2016","unverified","Alejandro Aravena's firm ELEMENTAL designs social housing it calls 'half of a good house', leaving room for residents to finish their homes themselves.","https://www.pritzkerprize.com/laureates/2016","L88 card.architecture.088.c4","L88 question.architecture.088.q2","","","","","","corroborated","At Quinta Monroy (Iquique, 2004) ELEMENTAL built the structure, kitchen and bathroom and left the other half for families to complete. (https://architectureau.com/articles/alejandro-aravena-wins-2016-pritzker-prize/ https://www.dezeen.com/2016/04/06/alejandro-aravena-elemental-social-housing-designs-architecture-open-source-pritzker/)",""
"fact.architecture.cities_incremental_land","source.pritzker_aravena_2016","unverified","According to the Pritzker Prize, this 'incremental housing' lets social housing be built on more expensive land, closer to jobs and opportunity.","https://www.pritzkerprize.com/laureates/2016","L88 card.architecture.088.c4","L88 question.architecture.088.q2","","","","","","corroborated","Incremental housing kept Quinta Monroy's families on central land near jobs, within a small subsidy. (https://inhabitat.com/12-top-projects-by-2016-pritzker-prize-laureate-alejandro-aravena/)","one-page"
"fact.architecture.cities_aravena_pritzker","source.pritzker_aravena_2016","unverified","Alejandro Aravena of Chile won the 2016 Pritzker Architecture Prize.","https://www.pritzkerprize.com/laureates/2016","L88 card.architecture.088.c4","L88 question.architecture.088.q2","","","","","","corroborated","Aravena was named the 2016 Pritzker laureate. (https://architectureau.com/articles/alejandro-aravena-wins-2016-pritzker-prize/)","one-page"
"fact.architecture.cities_residence_act","source.aoc_capitol_history","unverified","The Residence Act of 1790 let President George Washington choose the site of a brand-new national capital.","https://www.aoc.gov/explore-capitol-campus/buildings-grounds/capitol-building/history","L89 card.architecture.089.c1","","","","","","","corroborated","The Residence Act (1790) placed the capital on the Potomac and let the President select the exact site. (https://en.wikipedia.org/wiki/Residence_Act)","one-page weak-pages"
"fact.architecture.cities_lenfant_plan","source.tclf_lenfant_plan","unverified","Pierre L'Enfant's 1791 plan for Washington laid diagonal avenues radiating from the Capitol across a grid of streets, with circles, squares and parks where avenues meet.","https://www.tclf.org/lenfant-plan","L89 card.architecture.089.c2","L89 question.architecture.089.q1","","","","","","corroborated","The L'Enfant Plan combined a grid with diagonal avenues radiating from the Capitol and President's House, with circles and plazas at intersections. (https://en.wikipedia.org/wiki/L'Enfant_Plan)","one-page weak-pages"
"fact.architecture.cities_lenfant_plan","source.brit_urban_planning","unverified","Pierre L'Enfant's 1791 plan for Washington laid diagonal avenues radiating from the Capitol across a grid of streets, with circles, squares and parks where avenues meet.","https://www.britannica.com/topic/urban-planning","L89 card.architecture.089.c2","L89 question.architecture.089.q1","","","","","","corroborated","The L'Enfant Plan combined a grid with diagonal avenues radiating from the Capitol and President's House, with circles and plazas at intersections. (https://en.wikipedia.org/wiki/L'Enfant_Plan)","one-page weak-pages"
"fact.architecture.cities_lenfant_pedestal","source.aoc_capitol_history","unverified","L'Enfant put the Capitol on Jenkins' Hill, a site he called 'a pedestal waiting for a monument'.","https://www.aoc.gov/explore-capitol-campus/buildings-grounds/capitol-building/history","L89 card.architecture.089.c2","L89 question.architecture.089.q1","","","","","","corroborated","L'Enfant described Jenkins Hill as a pedestal waiting for a monument. (https://www.aoc.gov/explore-capitol-campus/buildings-grounds/history https://en.wikipedia.org/wiki/United_States_Capitol)",""
"fact.architecture.cities_lenfant_dismissed","source.aoc_capitol_history","unverified","L'Enfant refused to produce drawings for the Capitol, saying he carried the design 'in his head', and was dismissed in 1792.","https://www.aoc.gov/explore-capitol-campus/buildings-grounds/capitol-building/history","L89 card.architecture.089.c3","L89 question.architecture.089.q3","","","","","","corroborated","L'Enfant was dismissed in 1792 after clashing with the commissioners and refusing to produce drawings. (https://en.wikipedia.org/wiki/Pierre_Charles_L'Enfant https://www.tclf.org/lenfant-plan)",""
"fact.architecture.cities_brasilia_why","source.brit_brasilia","unverified","Brasília was built to promote settlement and development of Brazil's interior; the government began moving there from Rio de Janeiro on 21 April 1960.","https://www.britannica.com/place/Brasilia","L89 card.architecture.089.c4","L89 question.architecture.089.q2","","","","","","corroborated","Brasília was inaugurated as Brazil's capital on 21 April 1960 to move the capital inland from Rio de Janeiro. (https://en.wikipedia.org/wiki/Bras%C3%ADlia)","one-page weak-pages"
"fact.architecture.cities_brasilia_plan","source.brit_brasilia","unverified","Lúcio Costa's plan for Brasília, often compared to an airplane or a bird, has a straight Monumental Axis of government buildings and a curved Highway Axis of homes; Oscar Niemeyer designed its landmark buildings.","https://www.britannica.com/place/Brasilia","L89 card.architecture.089.c4","L89 question.architecture.089.q2","","","","","","corroborated","Costa's Pilot Plan crosses a monumental axis with a curved residential axis; Niemeyer designed the main public buildings. (https://en.wikipedia.org/wiki/Bras%C3%ADlia https://en.wikipedia.org/wiki/Pilot_Plan)","weak-pages"
"fact.architecture.cities_brasilia_views","source.brit_brasilia","unverified","UNESCO listed Brasília as World Heritage in 1987 for its unique plan and architecture; critics attacked its cost and architecture, and Simone de Beauvoir found its housing districts sterile.","https://www.britannica.com/place/Brasilia","L89 card.architecture.089.c5","","","","","","","corroborated","Brasília was inscribed on the World Heritage List in 1987; it has long been criticized as costly and car-oriented. (https://whc.unesco.org/en/list/445/ https://en.wikipedia.org/wiki/Bras%C3%ADlia)",""
"fact.architecture.cities_eixample_field_of_fire","source.brit_barcelona","unverified","Barcelona's Eixample was built on open land that had been left clear to give a field of fire from the city walls.","https://www.britannica.com/place/Barcelona","L90 card.architecture.090.c2","L90 question.architecture.090.q3","","","","","","corroborated","Building beyond Barcelona's walls was long forbidden for military reasons; the Eixample rose on this land after the walls came down from 1854. (https://en.wikipedia.org/wiki/Cerd%C3%A0_Plan https://en.wikipedia.org/wiki/Eixample)","weak-pages"
"fact.architecture.cities_cerda_1859","source.enciclopedia_cat_cerda","unverified","In 1859, the engineer Ildefons Cerdà drew up a grid plan to extend Barcelona beyond its old walls, and it won royal approval.","https://www.enciclopedia.cat/gran-enciclopedia-catalana/ildefons-cerda-i-sunyer","L90 card.architecture.090.c2","L90 question.architecture.090.q3","","","","","","corroborated","Cerdà's 1859 Eixample plan was approved by the Spanish government despite a rival municipal competition winner. (https://en.wikipedia.org/wiki/Cerd%C3%A0_Plan https://en.wikipedia.org/wiki/Ildefons_Cerd%C3%A0)","weak-pages"
"fact.architecture.cities_cerda_1859","source.barcelonawalks_cerda_urbanisation","unverified","In 1859, the engineer Ildefons Cerdà drew up a grid plan to extend Barcelona beyond its old walls, and it won royal approval.","https://barcelonarchitecturewalks.com/barcelona-invents-urbanisation/","L90 card.architecture.090.c2","L90 question.architecture.090.q3","","","","","","corroborated","Cerdà's 1859 Eixample plan was approved by the Spanish government despite a rival municipal competition winner. (https://en.wikipedia.org/wiki/Cerd%C3%A0_Plan https://en.wikipedia.org/wiki/Ildefons_Cerd%C3%A0)","weak-pages"
"fact.architecture.cities_cerda_chamfers","source.barcelonawalks_cerda_urbanisation","unverified","Cerdà cut the corners of his blocks at 45 degrees so traffic could see along the crossing streets, which gives every crossing a small open space.","https://barcelonarchitecturewalks.com/barcelona-invents-urbanisation/","L90 card.architecture.090.c3","L90 question.architecture.090.q1","","","","","","corroborated","Cerdà justified the 45-degree chamfered corners by the visibility they give road traffic. (https://en.wikipedia.org/wiki/Cerd%C3%A0_Plan https://brightsidetours.com/ildefons-cerda-barcelona-plan-eixample/)",""
"fact.architecture.cities_cerda_gardens","source.brit_barcelona","unverified","Cerdà's blocks were meant to leave open space and gardens in the middle of each block.","https://www.britannica.com/place/Barcelona","L90 card.architecture.090.c3","L90 question.architecture.090.q1","","","","","","corroborated","The plan allowed building on only two sides of each block, leaving central gardens for light and air. (https://en.wikipedia.org/wiki/Cerd%C3%A0_Plan https://en.wikipedia.org/wiki/Eixample)","weak-pages"
"fact.architecture.cities_cerda_gardens","source.barcelonawalks_cerda_urbanisation","unverified","Cerdà's blocks were meant to leave open space and gardens in the middle of each block.","https://barcelonarchitecturewalks.com/barcelona-invents-urbanisation/","L90 card.architecture.090.c3","L90 question.architecture.090.q1","","","","","","corroborated","The plan allowed building on only two sides of each block, leaving central gardens for light and air. (https://en.wikipedia.org/wiki/Cerd%C3%A0_Plan https://en.wikipedia.org/wiki/Eixample)","weak-pages"
"fact.architecture.cities_eixample_built_over","source.brit_barcelona","unverified","The plan was not fully carried out: within 30 years the open areas had been built over and building density tripled.","https://www.britannica.com/place/Barcelona","L90 card.architecture.090.c4","L90 question.architecture.090.q2","","","","","","corroborated","Speculation filled the Eixample's inner courtyards and closed the blocks on all four sides. (https://en.wikipedia.org/wiki/Cerd%C3%A0_Plan)","one-page weak-pages"
"fact.architecture.cities_cerda_urbanization_word","source.barcelonawalks_cerda_urbanisation","unverified","Cerdà is credited with inventing the word urbanization, which he set out in his General Theory of Urbanization (1867).","https://barcelonarchitecturewalks.com/barcelona-invents-urbanisation/","L90 card.architecture.090.c1","","","","","","","corroborated","Cerdà coined the term urbanización in his Teoría general de la urbanización (1867). (https://en.wikipedia.org/wiki/Ildefons_Cerd%C3%A0 https://link.springer.com/chapter/10.1007/978-3-030-93107-0_3)",""
"fact.architecture.cities_cerda_urbanization_word","source.enciclopedia_cat_cerda","unverified","Cerdà is credited with inventing the word urbanization, which he set out in his General Theory of Urbanization (1867).","https://www.enciclopedia.cat/gran-enciclopedia-catalana/ildefons-cerda-i-sunyer","L90 card.architecture.090.c1","","","","","","","corroborated","Cerdà coined the term urbanización in his Teoría general de la urbanización (1867). (https://en.wikipedia.org/wiki/Ildefons_Cerd%C3%A0 https://link.springer.com/chapter/10.1007/978-3-030-93107-0_3)",""
"fact.architecture.future_passive_house_first","source.ipha_first_passive_house","unverified","The world's first Passive House, a row of four homes in Darmstadt-Kranichstein, Germany, was finished in 1991; Wolfgang Feist's family was one of the four households.","https://blog.passivehouse-international.org/first-passive-house-wolfgang-feist/","L91 card.architecture.091.c1","L91 question.architecture.091.q1","","","","","","corroborated","The Passive House Association of Ireland and the iPHA blog date the Kranichstein Passive House to 1990-91; Passipedia says it was finished in October 1991 and inhabited by four families. (https://phai.ie/passive-house-standard/history-of-passive-house https://blog.passivehouse-international.org/kranichstein-passive-house-plus/)",""
"fact.architecture.future_passive_house_principles","source.phi_what_is_passive_house","unverified","The Passive House Institute lists five principles: very good thermal insulation, highly energy-efficient windows, airtightness, no thermal bridges, and ventilation with heat recovery; such buildings need very little heating energy.","https://passivehouse.com/02_informations/01_whatisapassivehouse/01_whatisapassivehouse.htm","L91 card.architecture.091.c1; L91 card.architecture.091.c2","L91 question.architecture.091.q1; L91 question.architecture.091.q3","","","","","","corroborated","Feist's iPHA interview and passive house guides describe the same ingredients: strong insulation, high-quality triple-glazed windows, an airtight envelope and heat-recovery ventilation, giving very low heating demand. (https://blog.passivehouse-international.org/first-passive-house-wolfgang-feist/ https://en.wikipedia.org/wiki/Passive_house)",""
"fact.architecture.future_passive_house_triple_glazing","source.ipha_first_passive_house","unverified","The Darmstadt pioneers had triple-glazed windows specially made for the project and fitted four ventilation units with heat recovery.","https://blog.passivehouse-international.org/first-passive-house-wolfgang-feist/","L91 card.architecture.091.c2; L91 card.architecture.091.c4","L91 question.architecture.091.q3","","","","","","corroborated","Accounts of Kranichstein note that low-e triple glazing was not yet commercially available, so it was made for the project, and that fresh air came through heat-recovery ventilation. (https://en.wikipedia.org/wiki/Passive_house https://www.ecohabitat.gr/worlds-first-passive-house-in-kranichstein-germany/)",""
"fact.architecture.future_passive_solar_windows","source.doe_passive_solar_guide","unverified","Passive solar design uses windows, walls and floors to collect, store and distribute the sun's heat; the US Department of Energy advises windows facing within 30 degrees of true south.","https://www.energy.gov/sites/default/files/2021-08/ES-Passive%20Solar%20design_081321.pdf","L91 card.architecture.091.c3","L91 question.architecture.091.q2","","","","","","corroborated","Penn State's passive solar course notes and other design guides give the same advice: collect heat through south-facing glazing and store it in the building. (https://www.e-education.psu.edu/emsc297/sites/www.e-education.psu.edu.emsc297/files/Passive%20Solar%20Design%20-%20Overhangs%20and%20Shading.pdf https://greenpassivesolar.com/passive-solar/building-characteristics/overhang-solar-control/)",""
"fact.architecture.future_passive_solar_overhang","source.doe_passive_solar_guide","unverified","Passive solar design lets in the sun's low winter rays and deflects its high summer rays; roof overhangs can shade windows in summer, and thermal mass in floors and walls stores the heat.","https://www.energy.gov/sites/default/files/2021-08/ES-Passive%20Solar%20design_081321.pdf","L91 card.architecture.091.c3","L91 question.architecture.091.q2","","","","","","corroborated","Penn State and Green Passive Solar explain that a fixed overhang shades high summer sun while low winter sun passes under it into the room. (https://www.e-education.psu.edu/emsc297/sites/www.e-education.psu.edu.emsc297/files/Passive%20Solar%20Design%20-%20Overhangs%20and%20Shading.pdf https://greenpassivesolar.com/passive-solar/building-characteristics/overhang-solar-control/)",""
"fact.architecture.future_heat_recovery_exchanger","source.pnnl_basc_balanced_hrv","unverified","A heat recovery ventilator passes outgoing stale air and incoming fresh air through a heat exchanger, where heat moves from the warmer stream to the cooler one: warming incoming air in winter and cooling it in summer.","https://basc.pnnl.gov/home-improvement-expert/checklists/balanced-hrverv","L91 card.architecture.091.c4","L91 question.architecture.091.q3; L100 question.architecture.100.q6","","","","","","corroborated","Carrier and AHRI explain that HRVs recover heat from outgoing stale air to precondition incoming fresh air through a heat exchanger core. (https://www.carrier.com/us/en/residential/hvac-resources/ventilators/heat-recovery-ventilators/ https://www.ahrinet.org/scholarships-education/education/homeowners/how-things-work/energy-recovery-ventilators)",""
"fact.architecture.future_green_roof_types","source.epa_green_roofs","unverified","A green roof is a vegetative layer grown on a rooftop. Extensive green roofs use hardy plants in 2 to 4 inches of growing medium, are lightweight and need little maintenance; intensive ones can be parks with trees and need more structural support because they are heavier.","https://www.epa.gov/heatislands/using-green-roofs-reduce-heat-islands","L92 card.architecture.092.c1; L92 card.architecture.092.c2","L92 question.architecture.092.q2","","","","","","corroborated","The Philadelphia Water Department and the Minnesota Stormwater Manual describe extensive roofs as thin and light and intensive roofs as deeper, heavier systems with trees needing robust structural support. (https://water.phila.gov/development/stormwater-plan-review/manual/chapter-4/4-3-green-roofs/ https://stormwater.pca.state.mn.us/types_of_green_roofs)",""
"fact.architecture.future_green_roof_benefits","source.epa_green_roofs","unverified","Green roofs have cooler surfaces than conventional roofs and can reduce and filter stormwater runoff.","https://www.epa.gov/heatislands/using-green-roofs-reduce-heat-islands","L92 card.architecture.092.c2","L92 question.architecture.092.q2","","","","","","corroborated","The Minnesota Stormwater Manual and GSA say green roofs retain stormwater and stay cooler than conventional rooftops in summer. (https://stormwater.pca.state.mn.us/index.php/Overview_for_green_roofs https://origin-www.gsa.gov/governmentwide-initiatives/federal-highperformance-green-buildings/resource-library/integrative-strategies/green-roofs)",""
"fact.architecture.future_blanc_felt_system","source.blanc_vertical_garden","unverified","The botanist Patrick Blanc's Vertical Garden has three parts: a metal frame, a 1 cm PVC sheet and a polyamide felt; roots grow on and inside the felt, watered from the top with added nutrients.","https://www.verticalgardenpatrickblanc.com/dl/9614","L92 card.architecture.092.c3","L92 question.architecture.092.q1","","","","","","corroborated","The University of Washington's green-walls case study and other descriptions of Blanc's system give the same frame, PVC and felt layers watered by a nutrient solution. (https://depts.washington.edu/dislc/2010winter_green_walls/case.htm https://homeli.co.uk/vertical-garden-mur-vegetal-living-walls-by-patrick-blanc/)",""
"fact.architecture.future_blanc_light","source.blanc_vertical_garden","unverified","With no soil, Blanc's whole Vertical Garden, plants and frame included, weighs under 30 kg per square metre, so it can go on any wall.","https://www.verticalgardenpatrickblanc.com/dl/9614","L92 card.architecture.092.c3","L92 question.architecture.092.q1","","","","","","corroborated","Descriptions of Blanc's mur vegetal give a soil-free, self-supporting system weighing less than 30 kg per square metre. (https://homeli.co.uk/vertical-garden-mur-vegetal-living-walls-by-patrick-blanc/ https://depts.washington.edu/dislc/2010winter_green_walls/case.htm)",""
"fact.architecture.future_blanc_quai_branly","source.blanc_quai_branly","unverified","Patrick Blanc's vertical garden at the Quai Branly museum in Paris was completed in 2004.","https://www.verticalgardenpatrickblanc.com/realisations/paris/quai-branly-jacques-chirac-museum","L92 card.architecture.092.c3","L92 question.architecture.092.q1","","","","","","corroborated","Greenroofs.com and Stylepark describe the Musee du quai Branly green wall by Patrick Blanc, planted in 2004. (https://www.greenroofs.com/projects/musee-du-quai-branly-greenwall/ https://www.stylepark.com/en/patrick-blanc-vertical-garden/musee-du-quai-branly-paris)",""
"fact.architecture.future_bosco_trees","source.boeri_vertical_forest","unverified","Stefano Boeri's Vertical Forest (Bosco Verticale) in Milan, two residential towers built from 2007 to 2014, holds 800 trees on its balconies, greenery equal to about five hectares of parkland.","https://www.stefanoboeriarchitetti.net/en/project/vertical-forest/","L92 card.architecture.092.c1","","","","","","","corroborated","Arup and AIPH case studies describe the two Milan towers completed in 2014 with about 800 trees on their balconies. (https://aiph.org/green-city-case-studies/milan-italy-bosco-verticale/ https://www.dextall.com/blog/bosco-verticale-high-performance-building-facade-panels-milan)",""
"fact.architecture.future_bosco_wind","source.arup_bosco_verticale","unverified","Arup ran two wind tunnel test campaigns for Bosco Verticale's trees; medium and large trees have safety cables, and the largest trees in the windiest spots have steel cages restraining their root-balls.","https://www.arup.com/en-us/projects/bosco-verticale/","L92 card.architecture.092.c1; L92 card.architecture.092.c4","L92 question.architecture.092.q3","","","","","","corroborated","AIPH's case study describes the same anti-fall system: belts anchoring roots, steel safety cables, and steel cages for the largest trees in the most exposed places, after wind tunnel tests. (https://aiph.org/green-city-case-studies/milan-italy-bosco-verticale/ https://aiph.org/green-city/guidelines/case-studies/bosco-verticale-milan-2/)",""
"fact.architecture.future_ascent_record","source.ctbuh_ascent_tallest_timber","unverified","In 2022 the Council on Tall Buildings and Urban Habitat (CTBUH) certified Ascent in Milwaukee, 25 stories and 86.6 m tall, as the world's tallest timber building.","https://www.ctbuh.org/news/high-rise-in-milwaukee-takes-title-of-worlds-tallest-mass-timber-hybrid","L93 card.architecture.093.c1","L93 question.architecture.093.q1","","","","","","corroborated","Dezeen and Archinect report that CTBUH certified the 86.6-metre, 25-storey Ascent as the world's tallest timber building (and tallest timber-concrete hybrid) in 2022. (https://www.dezeen.com/2022/08/03/ascent-tower-milwaukee-worlds-tallest-timber-building/ https://archinect.com/news/article/150319286/ctbuh-certifies-ascent-as-the-world-s-tallest-mass-timber-hybrid-building)",""
"fact.architecture.future_ascent_structure","source.ctbuh_ascent_tallest_timber","unverified","Ascent has a concrete base and concrete elevator and stair shafts; 19 of its 25 stories are mass timber, cross-laminated timber (CLT) and glulam.","https://www.ctbuh.org/news/high-rise-in-milwaukee-takes-title-of-worlds-tallest-mass-timber-hybrid","L93 card.architecture.093.c4","L100 question.architecture.100.q7","","","","","","corroborated","Dezeen reports a concrete base, elevator and stair shafts, with the rest of the structure of CLT and glulam. (https://www.dezeen.com/2022/08/03/ascent-tower-milwaukee-worlds-tallest-timber-building/ https://www.thorntontomasetti.com/project/ascent)",""
"fact.architecture.future_ascent_structure","source.usfs_fpl_mass_timber","unverified","Ascent has a concrete base and concrete elevator and stair shafts; 19 of its 25 stories are mass timber, cross-laminated timber (CLT) and glulam.","https://research.fs.usda.gov/sites/default/files/2026-01/fpl_tour_info_masstimber_accessible.pdf","L93 card.architecture.093.c4","L100 question.architecture.100.q7","","","","","","corroborated","Dezeen reports a concrete base, elevator and stair shafts, with the rest of the structure of CLT and glulam. (https://www.dezeen.com/2022/08/03/ascent-tower-milwaukee-worlds-tallest-timber-building/ https://www.thorntontomasetti.com/project/ascent)",""
"fact.architecture.future_ascent_fire_test","source.usfs_fpl_mass_timber","unverified","The USDA Forest Products Laboratory worked with Ascent's design team to evaluate how a three-hour fire would affect its glulam columns.","https://research.fs.usda.gov/sites/default/files/2026-01/fpl_tour_info_masstimber_accessible.pdf","L93 card.architecture.093.c4","L100 question.architecture.100.q7","","","","","","corroborated","ASCE's Civil Engineering and Timberlab report that Ascent's design team and the Forest Products Laboratory ran the first three-hour fire tests of glulam columns. (https://www.asce.org/publications-and-news/civil-engineering-source/civil-engineering-magazine/issues/magazine-issue/article/2024/01/mass-timber-hybrid-high-rise-in-milwaukee-sets-precedents https://timberlab.com/projects/3hr)",""
"fact.architecture.future_clt_layers","source.awc_intro_clt","unverified","Cross-laminated timber (CLT) panels are layers of lumber boards stacked crosswise, typically at 90 degrees, and glued together, with at least three layers; CLT was introduced in the early 1990s in Austria and Germany.","https://awc.org/resources/introduction-to-cross-laminated-timber/","L93 card.architecture.093.c2","L93 question.architecture.093.q2","","","","","","corroborated","Think Wood and naturally:wood describe CLT as three, five or seven layers of boards stacked crosswise at 90 degrees and glued, first developed in Austria and Germany in the 1990s. (https://www.thinkwood.com/mass-timber/cross-laminated-timber-clt https://www.naturallywood.com/engineered-wood-products/cross-laminated-timber-clt/)",""
"fact.architecture.future_clt_both_ways","source.awc_intro_clt","unverified","Cross-laminating gives CLT dimensional stability and strength and stiffness in both directions, so it can make wide, long floor slabs and walls.","https://awc.org/resources/introduction-to-cross-laminated-timber/","L93 card.architecture.093.c2","L93 question.architecture.093.q2","","","","","","corroborated","Think Wood says gluing layers at right angles gives CLT structural rigidity in both directions; naturally:wood says the cross lamination provides stability, strength and rigidity. (https://www.thinkwood.com/mass-timber/cross-laminated-timber-clt https://www.naturallywood.com/engineered-wood-products/cross-laminated-timber-clt/)",""
"fact.architecture.future_timber_char_layer","source.usfs_wood_handbook_fire","unverified","Wood exposed to fire forms an insulating layer of char that slows further damage; in a standard fire test, wood chars at an average of about 0.6 mm per minute.","https://www.fpl.fs.usda.gov/documnts/fplgtr/fplgtr113/ch17.pdf","L93 card.architecture.093.c3","L93 question.architecture.093.q3","","","","","","corroborated","The American Wood Council says thick timber chars slowly at a predictable rate; timber engineers describe the char layer insulating the core, at roughly 1.5 inches per hour. (https://awc.org/resources/introduction-to-cross-laminated-timber/ https://www.westerntimberframe.com/mass-timber-charring-natures-fire-shield/)",""
"fact.architecture.future_timber_char_capacity","source.usfs_wood_handbook_fire","unverified","A wooden member's load-carrying capacity depends on its cross-section, so how much of it chars is the main factor in how long it lasts in a fire; thick timbers keep much of their strength.","https://www.fpl.fs.usda.gov/documnts/fplgtr/fplgtr113/ch17.pdf","L93 card.architecture.093.c3","L93 question.architecture.093.q3","","","","","","corroborated","The AWC notes that massive wood systems keep significant structural capacity for long periods in fire because they char slowly and predictably. (https://awc.org/resources/introduction-to-cross-laminated-timber/ https://www.westerntimberframe.com/mass-timber-charring-natures-fire-shield/)",""
"fact.architecture.future_timber_char_capacity","source.awc_intro_clt","unverified","A wooden member's load-carrying capacity depends on its cross-section, so how much of it chars is the main factor in how long it lasts in a fire; thick timbers keep much of their strength.","https://awc.org/resources/introduction-to-cross-laminated-timber/","L93 card.architecture.093.c3","L93 question.architecture.093.q3","","","","","","corroborated","The AWC notes that massive wood systems keep significant structural capacity for long periods in fire because they char slowly and predictably. (https://awc.org/resources/introduction-to-cross-laminated-timber/ https://www.westerntimberframe.com/mass-timber-charring-natures-fire-shield/)",""
"fact.architecture.future_milestone_keys","source.tue_milestone_first_resident","unverified","On 30 April 2021 the first tenants of the Netherlands' first 3D-printed concrete house, in Eindhoven, received the key; the boulder-shaped home meets all the country's building requirements.","https://www.tue.nl/en/news/news-overview/30-04-2021-first-resident-of-3d-printed-concrete-house-in-eindhoven-receives-key/","L94 card.architecture.094.c1","L94 question.architecture.094.q1","","","","","","corroborated","NL Times, Dezeen and Witteveen+Bos report that a couple received the keys to the first Dutch 3D-printed concrete house in Eindhoven on 30 April 2021. (https://nltimes.nl/2021/04/30/first-ever-3d-printed-house-netherlands-welcomes-its-first-tenants https://www.dezeen.com/2021/05/06/3d-printed-home-project-milestone-eindhoven/)",""
"fact.architecture.future_milestone_elements","source.tue_milestone_first_resident","unverified","The Eindhoven house is made of 24 concrete elements printed layer by layer at a plant, trucked to the site and placed on a foundation.","https://www.tue.nl/en/news/news-overview/30-04-2021-first-resident-of-3d-printed-concrete-house-in-eindhoven-receives-key/","L94 card.architecture.094.c1; L94 card.architecture.094.c4","L94 question.architecture.094.q1","","","","","","corroborated","Witteveen+Bos and Vesteda describe the same 24 printed elements made in Eindhoven and placed on a foundation on site. (https://www.witteveenbos.com/news/first-resident-of-3d-printed-concrete-house-in-eindhoven-receives-key https://news.vesteda.com/first-resident-of-3d-printed-concrete-house-in-eindhoven-receives-key-from-vesteda/)",""
"fact.architecture.future_formwork_defined","source.pmc_3d_printed_formwork","unverified","Formwork is the temporary structure that holds fluid concrete in its shape until it hardens; it accounts for more than half the resources needed for concrete structures.","https://pmc.ncbi.nlm.nih.gov/articles/PMC9059241/","L94 card.architecture.094.c2","L100 question.architecture.100.q8","","","","","","corroborated","Formwork suppliers and construction glossaries define formwork as the temporary mold that holds wet concrete until it hardens and can support itself. (https://meva.net/en-us/formwork/ https://www.kreo.net/glossary/formwork)",""
"fact.architecture.future_print_extrusion","source.pmc_3d_printed_formwork","unverified","Concrete 3D printing builds walls by extruding concrete through a nozzle layer by layer from a digital design, which eliminates the need for formwork.","https://pmc.ncbi.nlm.nih.gov/articles/PMC9059241/","L94 card.architecture.094.c2","L100 question.architecture.100.q8","","","","","","corroborated","Research reviews describe 3D concrete printing as layer-by-layer extrusion from a digital model, maintaining the advantages of formwork-free construction. (https://pmc.ncbi.nlm.nih.gov/articles/PMC11766683/ https://www.ncbi.nlm.nih.gov/pmc/articles/PMC7177484/)",""
"fact.architecture.future_print_extrusion","source.pmc_reinforcement_3d_printed_concrete","unverified","Concrete 3D printing builds walls by extruding concrete through a nozzle layer by layer from a digital design, which eliminates the need for formwork.","https://pmc.ncbi.nlm.nih.gov/articles/PMC11766683/","L94 card.architecture.094.c2","L100 question.architecture.100.q8","","","","","","corroborated","Research reviews describe 3D concrete printing as layer-by-layer extrusion from a digital model, maintaining the advantages of formwork-free construction. (https://pmc.ncbi.nlm.nih.gov/articles/PMC11766683/ https://www.ncbi.nlm.nih.gov/pmc/articles/PMC7177484/)",""
"fact.architecture.future_print_buildability","source.pmc_buildable_printing_concrete","unverified","Concrete for 3D printing must flow well enough to be extruded through the nozzle, yet be strong enough to support the weight of the layers printed on top without deforming: its buildability.","https://pmc.ncbi.nlm.nih.gov/articles/PMC6416735/","L94 card.architecture.094.c3","L94 question.architecture.094.q2","","","","","","corroborated","Other studies state that printing materials must be easily extrudable yet withstand the loads of subsequent layers without significant deformation. (https://pmc.ncbi.nlm.nih.gov/articles/PMC6651485/ https://pmc.ncbi.nlm.nih.gov/articles/PMC8304820/)",""
"fact.architecture.future_print_reinforcement","source.pmc_reinforcement_3d_printed_concrete","unverified","Without reinforcement, printed concrete lacks tensile strength, but the layer-by-layer process makes conventional steel reinforcement hard to add, and the joints between layers weaken printed structures compared with cast concrete.","https://pmc.ncbi.nlm.nih.gov/articles/PMC11766683/","L94 card.architecture.094.c4","L94 question.architecture.094.q3","","","","","","corroborated","Researchers describe the conflict between reinforcement that must cross layers and the printer nozzle's path, and study nails through layers as a fix. (https://www.tandfonline.com/doi/full/10.1080/17452759.2025.2536556 https://www.ncbi.nlm.nih.gov/pmc/articles/PMC7177484/)",""
"fact.architecture.future_maasbommel_built","source.eea_maasbommel_amphibious","unverified","At Maasbommel in the Netherlands, 32 amphibious houses and 14 floating houses were built in 2004-2005 outside the river dikes.","https://climate-adapt.eea.europa.eu/en/metadata/case-studies/amphibious-housing-in-maasbommel-the-netherlands","L95 card.architecture.095.c1","L95 question.architecture.095.q1","","","","","","corroborated","Urban Green-Blue Grids and the Buoyant Foundation Project describe 32 amphibious and 14 floating homes built outside the dikes near Maasbommel. (https://urbangreenbluegrids.com/projects/amphibious-homes-maasbommel-the-netherlands/ https://www.buoyantfoundation.org/resources/maasbommel)",""
"fact.architecture.future_maasbommel_2011","source.eea_maasbommel_amphibious","unverified","In 2011 the River Maas rose high enough for Maasbommel's amphibious houses to float for the first time, and no problems were found.","https://climate-adapt.eea.europa.eu/en/metadata/case-studies/amphibious-housing-in-maasbommel-the-netherlands","L95 card.architecture.095.c1","L95 question.architecture.095.q1","","","","","","corroborated","Urban Green-Blue Grids reports that in January 2011 the houses floated as expected and settled back with no problems. (https://urbangreenbluegrids.com/projects/amphibious-homes-maasbommel-the-netherlands/ https://www.buoyantfoundation.org/resources/maasbommel)",""
"fact.architecture.future_amphibious_vs_floating","source.ugbg_maasbommel","unverified","Maasbommel's amphibious homes rest on concrete foundations and float when the river rises; its floating homes are a concrete barge with a relatively light timber frame on top.","https://urbangreenbluegrids.com/projects/amphibious-homes-maasbommel-the-netherlands/","L95 card.architecture.095.c3","L100 question.architecture.100.q9","","","","","","corroborated","Climate-ADAPT and the Christian Science Monitor describe houses on hollow concrete bases that rest on the ground until floodwater lifts them. (https://climate-adapt.eea.europa.eu/en/metadata/case-studies/amphibious-housing-in-maasbommel-the-netherlands https://www.csmonitor.com/2005/1026/p13s02-lihc.html)",""
"fact.architecture.future_maasbommel_moorings","source.eea_maasbommel_amphibious","unverified","Maasbommel's houses are moored on steel posts that let them rise and fall up to 5.5 m, with flexible pipes carrying their connections.","https://climate-adapt.eea.europa.eu/en/metadata/case-studies/amphibious-housing-in-maasbommel-the-netherlands","L95 card.architecture.095.c3","L100 question.architecture.100.q9","","","","","","corroborated","Urban Green-Blue Grids and Inhabitat describe the houses sliding along mooring posts, handling fluctuations of up to 5.5 metres, with flexible utility piping. (https://urbangreenbluegrids.com/projects/amphibious-homes-maasbommel-the-netherlands/ https://inhabitat.com/6-amphibious-houses-that-float-to-escape-flooding/maasbommels-amphibious-homes-by-waterstudio-and-dura-vermeer/)",""
"fact.architecture.future_maasbommel_moorings","source.ugbg_maasbommel","unverified","Maasbommel's houses are moored on steel posts that let them rise and fall up to 5.5 m, with flexible pipes carrying their connections.","https://urbangreenbluegrids.com/projects/amphibious-homes-maasbommel-the-netherlands/","L95 card.architecture.095.c3","L100 question.architecture.100.q9","","","","","","corroborated","Urban Green-Blue Grids and Inhabitat describe the houses sliding along mooring posts, handling fluctuations of up to 5.5 metres, with flexible utility piping. (https://urbangreenbluegrids.com/projects/amphibious-homes-maasbommel-the-netherlands/ https://inhabitat.com/6-amphibious-houses-that-float-to-escape-flooding/maasbommels-amphibious-homes-by-waterstudio-and-dura-vermeer/)",""
"fact.architecture.future_buoyancy_displaced","source.brit_archimedes_principle","unverified","A floating object sinks until the water it displaces weighs as much as it does, and sinks deeper when it is loaded; the upward buoyant force equals the weight of the water displaced.","https://www.britannica.com/science/Archimedes-principle","L95 card.architecture.095.c2; L95 card.architecture.095.c4","L95 question.architecture.095.q2; L95 question.architecture.095.q3","","","","","","corroborated","OpenStax College Physics states Archimedes' principle: the buoyant force equals the weight of the fluid displaced. (https://openstax.org/books/college-physics-2e/pages/11-7-archimedes-principle https://www.britannica.com/technology/naval-architecture/Weight-and-buoyancy)",""
"fact.architecture.future_buoyancy_shape","source.openstax_archimedes","unverified","A lump of clay sinks, but the same clay shaped into a boat floats; steel ships float for the same reason.","https://openstax.org/books/college-physics-2e/pages/11-7-archimedes-principle","L95 card.architecture.095.c2","L95 question.architecture.095.q2","","","","","","corroborated","Britannica's naval architecture entry explains that a hull floats by displacing water equal to its weight, whatever its material. (https://www.britannica.com/technology/naval-architecture/Weight-and-buoyancy https://www.britannica.com/science/Archimedes-principle)",""
"fact.architecture.future_maasbommel_hollow_cube","source.eea_maasbommel_amphibious","unverified","Each Maasbommel amphibious house stands on a large, hollow concrete cube, moored on huge steel pipes.","https://climate-adapt.eea.europa.eu/en/metadata/case-studies/amphibious-housing-in-maasbommel-the-netherlands","L95 card.architecture.095.c2","L95 question.architecture.095.q2","","","","","","corroborated","Inhabitat and the Buoyant Foundation Project describe a hollow concrete basement (with foam) that makes the Maasbommel houses float. (https://inhabitat.com/6-amphibious-houses-that-float-to-escape-flooding/maasbommels-amphibious-homes-by-waterstudio-and-dura-vermeer/ https://www.buoyantfoundation.org/resources/maasbommel)",""
"fact.architecture.future_moon_conditions","source.nasa_moon_facts","unverified","The Moon's very thin atmosphere gives no protection from the Sun's radiation or meteoroid impacts; its surface reaches about 127 C in full sunlight and about -173 C in darkness (a swing of about 300 degrees), and its gravity is one-sixth of Earth's.","https://science.nasa.gov/moon/facts/","L96 card.architecture.096.c2","L96 question.architecture.096.q2","","","","","","corroborated","Space.com and NASA's lunar weather page give the same temperatures (about 127 C by day, -173 C by night) and describe the airless surface pelted by micrometeoroids and cosmic rays. (https://www.space.com/18175-moon-temperature.html https://science.nasa.gov/moon/weather-on-the-moon/)",""
"fact.architecture.future_moon_pressure_load","source.structuremag_space_architecture","unverified","Because the Moon has no atmosphere, a habitat holding Earth-level air pressure feels outward pressure several orders of magnitude greater than ordinary gravity and weather loads on Earth buildings.","https://www.structuremag.org/article/structural-challenges-for-space-architecture/","L96 card.architecture.096.c1","L96 question.architecture.096.q2","","","","","","corroborated","Reference summaries of surface habitat design put the outward air-pressure load at over 2,000 pounds per square foot, radically larger than loads on Earth structures. (https://en.wikipedia.org/wiki/Mars_habitat https://ntrs.nasa.gov/api/citations/20180006204/downloads/20180006204.pdf)",""
"fact.architecture.future_moon_tension","source.structuremag_space_architecture","unverified","A pressurized habitat on the Moon is mainly in tension, instead of the compression gravity causes in buildings on Earth.","https://www.structuremag.org/article/structural-challenges-for-space-architecture/","L96 card.architecture.096.c3","L96 question.architecture.096.q2","","","","","","corroborated","A NASA Langley paper on inflatable habitats describes high-strength webbing and fabric carrying the pressurized skin loads, rated by ultimate tensile strength. (https://ntrs.nasa.gov/api/citations/20180006204/downloads/20180006204.pdf)","one-page"
"fact.architecture.future_moon_regolith_cover","source.structuremag_space_architecture","unverified","Regolith is loose, broken soil and rock; a thick outer layer of it on a lunar habitat could dampen temperature swings and shield against radiation.","https://www.structuremag.org/article/structural-challenges-for-space-architecture/","L96 card.architecture.096.c3","L96 question.architecture.096.q2","","","","","","corroborated","ESA's 2013 lunar base study proposes a printed regolith shell to shield astronauts against micrometeoroids and space radiation. (https://www.esa.int/Enabling_Support/Space_Engineering_Technology/Building_a_lunar_base_with_3D_printing)","one-page"
"fact.architecture.future_esa_lunar_study","source.esa_lunar_base_3d_printing","unverified","In 2013 ESA and partners including Foster + Partners studied 3D printing a lunar base from regolith: an inflatable, pressurized dome sheltering astronauts, covered by a robot-printed regolith shell.","https://www.esa.int/Enabling_Support/Space_Engineering_Technology/Building_a_lunar_base_with_3D_printing","L96 card.architecture.096.c4","L96 question.architecture.096.q1; L96 question.architecture.096.q3; L100 question.architecture.100.q5","","","","","","corroborated","ArchDaily and Dexigner (January 2013) describe the Foster + Partners and ESA base: an inflatable dome covered with regolith layers by a robot-operated 3D printer. (https://www.archdaily.com/326429/foster-partners-to-3d-print-structures-on-the-moon https://www.dexigner.com/news/26202)",""
"fact.architecture.future_esa_catenary_cells","source.esa_lunar_base_3d_printing","unverified","The ESA study's shell was a weight-bearing catenary dome with hollow, closed-cell walls like bird bones, and the team printed a 1.5-tonne building block as a demonstration.","https://www.esa.int/Enabling_Support/Space_Engineering_Technology/Building_a_lunar_base_with_3D_printing","L96 card.architecture.096.c4","L96 question.architecture.096.q1; L96 question.architecture.096.q3; L100 question.architecture.100.q5","","","","","","corroborated","SpaceNews's copy of the ESA release and ArchDaily describe the catenary dome, the foam-like closed cellular shell and the 1.5-tonne demonstration block. (https://spacenews.com/building-a-lunar-base-with-3d-printing/ https://www.archdaily.com/326429/foster-partners-to-3d-print-structures-on-the-moon)",""
"fact.architecture.future_catenary_named","source.plusmaths_catenary","unverified","The curve a chain makes when it hangs freely from two points is called a catenary; turned upside down, it gives an arch.","https://plus.maths.org/content/matjhs-minute-catenary","L96 card.architecture.096.c4","L96 question.architecture.096.q1; L96 question.architecture.096.q3; L100 question.architecture.100.q5","","","","","","corroborated","Britannica and Wolfram MathWorld define the catenary as the curve of a hanging flexible chain supported at its ends. (https://www.britannica.com/science/catenary https://mathworld.wolfram.com/Catenary.html)",""
"fact.architecture.future_viollet_restorer","source.brit_viollet_le_duc","unverified","Eugene Viollet-le-Duc and Jean-Baptiste Lassus were appointed in 1844 to restore Notre-Dame de Paris; Viollet-le-Duc aimed to restore in the original style but often added entirely new elements of his own design.","https://www.britannica.com/biography/Eugene-Emmanuel-Viollet-le-Duc","L97 card.architecture.097.c1; L97 card.architecture.097.c2","L97 question.architecture.097.q2; L97 question.architecture.097.q3; L100 question.architecture.100.q10","","","","","","corroborated","Notre-Dame's official site and Apollo Magazine describe the 1844 Lassus and Viollet-le-Duc restoration, including a new spire and sculptures of his own conception. (https://www.notredamedeparis.fr/en/understand/architecture/the-architects-of-notre-dame/ https://apollo-magazine.com/viollet-le-duc-notre-dame-gothic-revival-restoration/)",""
"fact.architecture.future_viollet_criticism","source.brit_viollet_le_duc","unverified","Twentieth-century archaeologists and restorers severely criticized Viollet-le-Duc's added structures posing as restorations, because they often destroyed or obscured the original form.","https://www.britannica.com/biography/Eugene-Emmanuel-Viollet-le-Duc","L97 card.architecture.097.c2","L97 question.architecture.097.q2; L97 question.architecture.097.q3; L100 question.architecture.100.q10","","","","","","corroborated","Apollo Magazine and the Europeana exhibition note that his interventionist restoration remains controversial and his additions are often mistaken for medieval originals. (https://apollo-magazine.com/viollet-le-duc-notre-dame-gothic-revival-restoration/ https://www.europeana.eu/en/exhibitions/heritage-at-risk/rebuilding-notre-dame)",""
"fact.architecture.future_spab_manifesto","source.spab_manifesto","unverified","The Society for the Protection of Ancient Buildings' 1877 manifesto, by William Morris, Philip Webb and others, called on people to 'put Protection in the place of Restoration, to stave off decay by daily care'.","https://www.spab.org.uk/about-us/spab-manifesto","L97 card.architecture.097.c2","L97 question.architecture.097.q2; L97 question.architecture.097.q3; L100 question.architecture.100.q10","","","","","","corroborated","Britannica and the Victorian Web describe Morris founding the SPAB ('Anti-Scrape') in 1877, urging Protection in place of Restoration. (https://www.britannica.com/topic/Society-for-the-Protection-of-Ancient-Buildings https://victorianweb.org/authors/morris/spab/founding.html)",""
"fact.architecture.future_notre_dame_fire","source.brit_notre_dame_2019_fire","unverified","The fire at Notre-Dame de Paris on 15 April 2019 destroyed most of the roof, Viollet-le-Duc's 19th-century spire and some of the rib vaulting.","https://www.britannica.com/topic/Notre-Dame-de-Paris","L97 card.architecture.097.c1","","","","","","","corroborated","Reference and news coverage record the 15 April 2019 fire that destroyed Viollet-le-Duc's 1859 spire and the roof. (https://en.wikipedia.org/wiki/Spire_of_Notre-Dame_de_Paris https://www.dezeen.com/2024/03/07/notre-dame-cathedral-new-spire/)",""
"fact.architecture.future_notre_dame_replica","source.rebatir_notre_dame_spire","unverified","Notre-Dame's new timber spire, topped by a metal cross and 96 m high, is an exact replica of the one Viollet-le-Duc built in 1859; carpenters cut and carved it in their workshops and assembled it piece by piece in the cathedral, which reopened in December 2024.","https://rebatirnotredamedeparis.fr/en/news/the-spire-of-notre-dame-de-paris-is-reborn","L97 card.architecture.097.c3","L97 question.architecture.097.q1","","","","","","corroborated","Dezeen and ABC News report the spire rebuilt 'as it was' to Viollet-le-Duc's design; news reports and Britannica give the December 2024 reopening. (https://www.dezeen.com/2024/03/07/notre-dame-cathedral-new-spire/ https://abcnews.go.com/International/notre-dames-iconic-spire-rebuilt-ahead-2024-reopening/story?id=98006368)",""
"fact.architecture.future_notre_dame_replica","source.brit_notre_dame_2019_fire","unverified","Notre-Dame's new timber spire, topped by a metal cross and 96 m high, is an exact replica of the one Viollet-le-Duc built in 1859; carpenters cut and carved it in their workshops and assembled it piece by piece in the cathedral, which reopened in December 2024.","https://www.britannica.com/topic/Notre-Dame-de-Paris","L97 card.architecture.097.c3","L97 question.architecture.097.q1","","","","","","corroborated","Dezeen and ABC News report the spire rebuilt 'as it was' to Viollet-le-Duc's design; news reports and Britannica give the December 2024 reopening. (https://www.dezeen.com/2024/03/07/notre-dame-cathedral-new-spire/ https://abcnews.go.com/International/notre-dames-iconic-spire-rebuilt-ahead-2024-reopening/story?id=98006368)",""
"fact.architecture.future_tate_bankside","source.tate_history_tate_modern","unverified","Giles Gilbert Scott's Bankside Power Station in London opened in 1962 and shut down in 1981; after its machinery was removed, Herzog & de Meuron converted it, and it opened as Tate Modern on 11 May 2000, with its Turbine Hall used for giant artworks.","https://www.tate.org.uk/about-us/history-tate/history-of-tate-modern","L97 card.architecture.097.c4","L97 question.architecture.097.q3","","","","","","corroborated","Herzog & de Meuron's project page and the Gilbert Scott archive describe the conversion of Scott's power station into Tate Modern, opened in 2000. (https://www.herzogdemeuron.com/projects/126-tate-modern/ https://gilbertscott.org/buildings/tate-modern)",""
"fact.architecture.future_curb_cut_berkeley","source.ssir_curb_cut_effect","unverified","Pressed by disabled activists, Berkeley installed its first official curb cut at an intersection on Telegraph Avenue in 1972; the first curb cuts had appeared in Kalamazoo, Michigan, in 1945.","https://ssir.org/articles/entry/the_curb_cut_effect","L98 card.architecture.098.c1","L98 question.architecture.098.q2","","","","","","corroborated","Britannica's Ed Roberts entry and 99% Invisible describe Berkeley activists winning curb cuts in the early 1970s; the Kalamazoo Public Library records curb cuts there in 1945. (https://www.britannica.com/biography/Ed-Roberts https://99percentinvisible.org/episode/308-curb-cuts/)",""
"fact.architecture.future_curb_cut_everyone","source.ssir_curb_cut_effect","unverified","Curb cuts turned out to help far more than wheelchair users: parents pushing strollers, workers pushing heavy carts and travelers wheeling luggage use them too.","https://ssir.org/articles/entry/the_curb_cut_effect","L98 card.architecture.098.c1; L98 card.architecture.098.c4","L98 question.architecture.098.q2","","","","","","corroborated","99% Invisible and Local Motion describe the curb-cut effect: features designed for disabled people that benefit strollers, bikes, carts and luggage. (https://99percentinvisible.org/episode/308-curb-cuts/ https://www.localmotion.org/the_curb_cut_effect)",""
"fact.architecture.future_universal_design_defined","source.ncsu_universal_design","unverified","NC State's Center for Universal Design, founded in 1989 and guided by the architect Ronald Mace, who coined the term, defines universal design as design usable by all people, to the greatest extent possible, without the need for adaptation or specialized design.","https://design.ncsu.edu/research/center-for-universal-design/","L98 card.architecture.098.c2; L98 card.architecture.098.c4","L98 question.architecture.098.q3","","","","","","corroborated","The Ronald L. Mace Universal Design Institute and Ireland's Centre for Excellence in Universal Design give the same definition of universal design, credited to Mace. (https://www.udinstitute.org/principles https://universaldesign.ie/about-universal-design/the-7-principles)",""
"fact.architecture.future_universal_design_principles","source.ncsu_universal_design","unverified","Seven Principles of Universal Design were published in 1997; the first, Equitable Use, asks for the same means of use for all users, identical whenever possible, and avoiding segregating or stigmatizing anyone.","https://design.ncsu.edu/research/center-for-universal-design/","L98 card.architecture.098.c2","","","","","","","corroborated","Ireland's Centre for Excellence in Universal Design and the Mace Institute list the seven principles (1997, NC State), starting with Equitable Use. (https://universaldesign.ie/about-universal-design/the-7-principles https://www.udinstitute.org/principles)",""
"fact.architecture.future_ada_ramp_slope","source.ada_2010_standards","unverified","The 2010 ADA Standards for Accessible Design require ramp runs to have a running slope no steeper than 1:12, one unit of rise for every 12 of run.","https://www.ada.gov/law-and-regs/design-standards/2010-stds/","L98 card.architecture.098.c3","L98 question.architecture.098.q1","","","","","","corroborated","The US Access Board's guide to ramps and curb ramps gives the same 1:12 maximum running slope. (https://www.access-board.gov/ada/guides/chapter-4-ramps-and-curb-ramps/ https://www.ada.gov/resources/2010-stds-guidance/)",""
"fact.architecture.future_he_overview","source.he_understanding_historic_buildings","unverified","Historic England advises starting an investigation of a building with a quick overview, identifying its functions and main phases, to see it as a functioning whole; investigation asks what it shows of its origins, form, function, date and development.","https://historicengland.org.uk/images-books/publications/understanding-historic-buildings/heag099-understanding-historic-buildings/","L99 card.architecture.099.c2","L99 question.architecture.099.q1","","","","","","corroborated","The Archaeology Data Service and the North York Moors National Park describe Historic England's guide as the standard for investigating and recording buildings, including their form, function and development. (https://archaeologydataservice.ac.uk/library/browse/issue.xhtml?recordId=1213197&recordType=GreyLitSeries https://www.northyorkmoors.org.uk/planning/planning-advice-notes/standards-and-guidance-for-historic-building-recording)","unopened-source"
"fact.architecture.future_he_phasing_clues","source.he_understanding_historic_buildings","unverified","Historic England's guide lists clues to a building's phases and date: evidence of phasing such as masonry joints, architectural styles, plan elements, decorative schemes, and fixtures and fittings.","https://historicengland.org.uk/images-books/publications/understanding-historic-buildings/heag099-understanding-historic-buildings/","L99 card.architecture.099.c4","L99 question.architecture.099.q2","","","","","","corroborated","Building recording guidance based on Historic England's standard asks recorders to identify phases of construction from structural and stylistic evidence. (https://www.abheritage.co.uk/wp-content/uploads/2021/02/HBR-Levels-1.pdf https://www.northyorkmoors.org.uk/planning/planning-advice-notes/standards-and-guidance-for-historic-building-recording)","unopened-source"
"fact.architecture.future_he_blocked_openings","source.he_understanding_historic_buildings","unverified","Historic England's guide says plans should record structural features such as blocked doorways, windows and fireplaces, and masonry joints.","https://historicengland.org.uk/images-books/publications/understanding-historic-buildings/heag099-understanding-historic-buildings/","L99 card.architecture.099.c1","","","","","","","corroborated","Historic building recording guidance based on Historic England's levels asks recorders to note blocked openings and other evidence of alteration. (https://www.abheritage.co.uk/wp-content/uploads/2021/02/HBR-Levels-1.pdf https://archaeologydataservice.ac.uk/library/browse/issue.xhtml?recordId=1213197&recordType=GreyLitSeries)","unopened-source"
