fact_id,source_id,status,claim,source_url,appears_in,tested_by,supporting_quote,checked_by,checked_at,notes,pre_check,fact_check,fact_check_evidence,weak_evidence
"fact.everyday_technology.technology_definition","source.brit_technology","unverified","Britannica defines technology as the application of scientific knowledge to the practical aims of human life.","https://www.britannica.com/technology/technology","L1 card.everyday_technology.001.c2; L51 card.everyday_technology.051.c2; L91 card.everyday_technology.091.c2","L1 question.everyday_technology.001.q3; L2 question.everyday_technology.002.q3; L41 question.everyday_technology.041.q3; L51 question.everyday_technology.051.q3; L91 question.everyday_technology.091.q3; L98 question.everyday_technology.098.q3","","","","","","corroborated","Merriam-Webster defines technology as the practical application of knowledge, especially in a particular area. (https://www.merriam-webster.com/dictionary/technology)","one-page"
"fact.everyday_technology.lomekwi_tools","source.smithsonianmag_lomekwi_tools","unverified","Stone tools from Lomekwi 3 in Kenya, about 3.3 million years old, are the oldest known and predate the genus Homo.","https://www.smithsonianmag.com/science-nature/oldest-known-stone-tools-unearthed-kenya-180955341/","L1 card.everyday_technology.001.c1; L1 card.everyday_technology.001.c3","L1 question.everyday_technology.001.q1; L1 question.everyday_technology.001.q3","","","","","","corroborated","Nature (Harmand et al. 2015) reports 3.3-million-year-old stone tools from Lomekwi 3, West Turkana; Stony Brook University calls them the earliest stone tools on record, older than the Oldowan by 700,000 years. (https://www.nature.com/articles/nature14464 https://news.stonybrookmedicine.edu/news/stony-brook-scientists-discover-oldest-stone-tools-on-record-2/)",""
"fact.everyday_technology.homo_sapiens_age","source.si_homo_sapiens","unverified","Our species, Homo sapiens, evolved in Africa about 300,000 years ago.","https://humanorigins.si.edu/evidence/human-fossils/species/homo-sapiens","L1 card.everyday_technology.001.c4","","","","","","","corroborated","The Natural History Museum, London, dates the oldest known Homo sapiens fossils (Jebel Irhoud, Morocco) to about 300,000 years ago. (https://www.nhm.ac.uk/discover/news/2017/june/oldest-known-homo-sapiens-fossils-discovered-in-morocco.html https://humanorigins.si.edu/research/whats-hot-human-origins/our-species-arose-least-300000-years-ago)",""
"fact.everyday_technology.wheel_mesopotamia","source.brit_wheel","unverified","Wheels appear in Mesopotamia by about 3500 BCE, both on carts (a Sumerian pictograph of a wheeled sledge) and as the potter's wheel.","https://www.britannica.com/technology/wheel","L1 card.everyday_technology.001.c3","L1 question.everyday_technology.001.q3; L87 question.everyday_technology.087.q3; L100 question.everyday_technology.100.q9","","","","","","corroborated","Uruk pictographs of wheeled wagons are dated to about 3500 to 3350 BCE; a Polish pot of 3635 to 3370 BCE also shows wheeled vehicles, so about 3500 BCE is the accepted era. (https://en.wikipedia.org/wiki/Wheel https://en.wikipedia.org/wiki/Bronocice_pot)","weak-pages"
"fact.everyday_technology.gutenberg_press","source.brit_gutenberg","unverified","Johannes Gutenberg built Europe's first known mechanized printing press and printed his Bible around 1455, making books far cheaper to produce.","https://www.britannica.com/biography/Johannes-Gutenberg","L1 card.everyday_technology.001.c3; L41 card.everyday_technology.041.c3; L87 card.everyday_technology.087.c3","L1 question.everyday_technology.001.q3; L87 question.everyday_technology.087.q3; L100 question.everyday_technology.100.q9","","","","","","corroborated","Library of Congress: the Gutenberg Bible, printed in Mainz about 1454 to 1455, was the first major Western book printed with movable metal type, opening an age of mass-produced books. (https://www.loc.gov/exhibits/bibles/the-gutenberg-bible.html)","one-page"
"fact.everyday_technology.edison_1879_bulb","source.brit_incandescent_lamp","unverified","In 1879 Thomas Edison developed a carbon-filament incandescent light bulb.","https://www.britannica.com/technology/incandescent-lamp","L1 card.everyday_technology.001.c3; L5 card.everyday_technology.005.c3","L1 question.everyday_technology.001.q3; L87 question.everyday_technology.087.q3; L100 question.everyday_technology.100.q9","","","","","","corroborated","IEEE ETHW's Pearl Street milestone refers to Edison's 1879 incandescent lamp invention; its Edison lamp page describes the October 1879 carbon filament. (https://ethw.org/Milestones:Pearl_Street_Station,_1882 https://ethw.org/Edison's_Incandescent_Lamp)",""
"fact.everyday_technology.edison_1879_bulb","source.doe_history_light_bulb","unverified","In 1879 Thomas Edison developed a carbon-filament incandescent light bulb.","https://www.energy.gov/articles/history-light-bulb","L1 card.everyday_technology.001.c3; L5 card.everyday_technology.005.c3","L1 question.everyday_technology.001.q3; L87 question.everyday_technology.087.q3; L100 question.everyday_technology.100.q9","","","","","","corroborated","IEEE ETHW's Pearl Street milestone refers to Edison's 1879 incandescent lamp invention; its Edison lamp page describes the October 1879 carbon filament. (https://ethw.org/Milestones:Pearl_Street_Station,_1882 https://ethw.org/Edison's_Incandescent_Lamp)",""
"fact.everyday_technology.tool_history_day_clock","source.smithsonianmag_lomekwi_tools","unverified","Squeezing 3.3 million years of tools into 24 hours, Homo sapiens (300,000 years) arrives at about 9:49 p.m., wheels (about 3500 BCE) about 2.5 minutes before midnight, Volta's 1800 battery about 6 seconds before, and Edison's 1879 bulb under 4 seconds before.","https://www.smithsonianmag.com/science-nature/oldest-known-stone-tools-unearthed-kenya-180955341/","L1 card.everyday_technology.001.c4; L61 card.everyday_technology.061.c4","L1 question.everyday_technology.001.q2; L61 question.everyday_technology.061.q3","","","","","","corroborated","Arithmetic checked from corroborated inputs: 300,000/3.3M of 24 h = 2 h 11 min (9:49 p.m.); 5,526 yr = 145 s; 226 yr = 5.9 s; 147 yr = 3.85 s. (https://www.nature.com/articles/nature14464 https://www.nhm.ac.uk/discover/news/2017/june/oldest-known-homo-sapiens-fossils-discovered-in-morocco.html)",""
"fact.everyday_technology.tool_history_day_clock","source.si_homo_sapiens","unverified","Squeezing 3.3 million years of tools into 24 hours, Homo sapiens (300,000 years) arrives at about 9:49 p.m., wheels (about 3500 BCE) about 2.5 minutes before midnight, Volta's 1800 battery about 6 seconds before, and Edison's 1879 bulb under 4 seconds before.","https://humanorigins.si.edu/evidence/human-fossils/species/homo-sapiens","L1 card.everyday_technology.001.c4; L61 card.everyday_technology.061.c4","L1 question.everyday_technology.001.q2; L61 question.everyday_technology.061.q3","","","","","","corroborated","Arithmetic checked from corroborated inputs: 300,000/3.3M of 24 h = 2 h 11 min (9:49 p.m.); 5,526 yr = 145 s; 226 yr = 5.9 s; 147 yr = 3.85 s. (https://www.nature.com/articles/nature14464 https://www.nhm.ac.uk/discover/news/2017/june/oldest-known-homo-sapiens-fossils-discovered-in-morocco.html)",""
"fact.everyday_technology.tool_history_day_clock","source.brit_wheel","unverified","Squeezing 3.3 million years of tools into 24 hours, Homo sapiens (300,000 years) arrives at about 9:49 p.m., wheels (about 3500 BCE) about 2.5 minutes before midnight, Volta's 1800 battery about 6 seconds before, and Edison's 1879 bulb under 4 seconds before.","https://www.britannica.com/technology/wheel","L1 card.everyday_technology.001.c4; L61 card.everyday_technology.061.c4","L1 question.everyday_technology.001.q2; L61 question.everyday_technology.061.q3","","","","","","corroborated","Arithmetic checked from corroborated inputs: 300,000/3.3M of 24 h = 2 h 11 min (9:49 p.m.); 5,526 yr = 145 s; 226 yr = 5.9 s; 147 yr = 3.85 s. (https://www.nature.com/articles/nature14464 https://www.nhm.ac.uk/discover/news/2017/june/oldest-known-homo-sapiens-fossils-discovered-in-morocco.html)",""
"fact.everyday_technology.tool_history_day_clock","source.brit_volta","unverified","Squeezing 3.3 million years of tools into 24 hours, Homo sapiens (300,000 years) arrives at about 9:49 p.m., wheels (about 3500 BCE) about 2.5 minutes before midnight, Volta's 1800 battery about 6 seconds before, and Edison's 1879 bulb under 4 seconds before.","https://www.britannica.com/biography/Alessandro-Volta","L1 card.everyday_technology.001.c4; L61 card.everyday_technology.061.c4","L1 question.everyday_technology.001.q2; L61 question.everyday_technology.061.q3","","","","","","corroborated","Arithmetic checked from corroborated inputs: 300,000/3.3M of 24 h = 2 h 11 min (9:49 p.m.); 5,526 yr = 145 s; 226 yr = 5.9 s; 147 yr = 3.85 s. (https://www.nature.com/articles/nature14464 https://www.nhm.ac.uk/discover/news/2017/june/oldest-known-homo-sapiens-fossils-discovered-in-morocco.html)",""
"fact.everyday_technology.tool_history_day_clock","source.brit_incandescent_lamp","unverified","Squeezing 3.3 million years of tools into 24 hours, Homo sapiens (300,000 years) arrives at about 9:49 p.m., wheels (about 3500 BCE) about 2.5 minutes before midnight, Volta's 1800 battery about 6 seconds before, and Edison's 1879 bulb under 4 seconds before.","https://www.britannica.com/technology/incandescent-lamp","L1 card.everyday_technology.001.c4; L61 card.everyday_technology.061.c4","L1 question.everyday_technology.001.q2; L61 question.everyday_technology.061.q3","","","","","","corroborated","Arithmetic checked from corroborated inputs: 300,000/3.3M of 24 h = 2 h 11 min (9:49 p.m.); 5,526 yr = 145 s; 226 yr = 5.9 s; 147 yr = 3.85 s. (https://www.nature.com/articles/nature14464 https://www.nhm.ac.uk/discover/news/2017/june/oldest-known-homo-sapiens-fossils-discovered-in-morocco.html)",""
"fact.everyday_technology.energy_definition","source.eia_what_is_energy","unverified","Scientists define energy as the ability (capacity) to do work.","https://www.eia.gov/energyexplained/what-is-energy/","L2 card.everyday_technology.002.c2","L2 question.everyday_technology.002.q1; L2 question.everyday_technology.002.q3; L15 question.everyday_technology.015.q3; L82 question.everyday_technology.082.q3","","","","","","corroborated","Britannica defines energy as the capacity for doing work, matching EIA's ""ability to do work"". (https://www.britannica.com/science/energy https://www.eia.gov/energyexplained/what-is-energy/)",""
"fact.everyday_technology.energy_definition","source.brit_energy","unverified","Scientists define energy as the ability (capacity) to do work.","https://www.britannica.com/science/energy","L2 card.everyday_technology.002.c2","L2 question.everyday_technology.002.q1; L2 question.everyday_technology.002.q3; L15 question.everyday_technology.015.q3; L82 question.everyday_technology.082.q3","","","","","","corroborated","Britannica defines energy as the capacity for doing work, matching EIA's ""ability to do work"". (https://www.britannica.com/science/energy https://www.eia.gov/energyexplained/what-is-energy/)",""
"fact.everyday_technology.energy_forms","source.eia_forms_of_energy","unverified","Energy is potential (stored), such as chemical energy in food and batteries, gravitational energy in raised objects and energy in stretched rubber bands, or kinetic (working): motion, heat, light, sound and electricity.","https://www.eia.gov/energyexplained/what-is-energy/forms-of-energy.php","L2 card.everyday_technology.002.c2; L15 card.everyday_technology.015.c2; L18 card.everyday_technology.018.c3; L82 card.everyday_technology.082.c3","L2 question.everyday_technology.002.q1; L2 question.everyday_technology.002.q3; L15 question.everyday_technology.015.q3; L82 question.everyday_technology.082.q3","","","","","","corroborated","Britannica lists potential and kinetic energy, with stored forms such as a tensioned spring and thermal, electrical and chemical forms. (https://www.britannica.com/science/energy)","one-page"
"fact.everyday_technology.energy_forms","source.eia_what_is_energy","unverified","Energy is potential (stored), such as chemical energy in food and batteries, gravitational energy in raised objects and energy in stretched rubber bands, or kinetic (working): motion, heat, light, sound and electricity.","https://www.eia.gov/energyexplained/what-is-energy/","L2 card.everyday_technology.002.c2; L15 card.everyday_technology.015.c2; L18 card.everyday_technology.018.c3; L82 card.everyday_technology.082.c3","L2 question.everyday_technology.002.q1; L2 question.everyday_technology.002.q3; L15 question.everyday_technology.015.q3; L82 question.everyday_technology.082.q3","","","","","","corroborated","Britannica lists potential and kinetic energy, with stored forms such as a tensioned spring and thermal, electrical and chemical forms. (https://www.britannica.com/science/energy)","one-page"
"fact.everyday_technology.joule_definition","source.brit_energy","unverified","The joule is the SI unit of energy: the work done by a force of one newton acting over one meter.","https://www.britannica.com/science/energy","L2 card.everyday_technology.002.c4","L3 question.everyday_technology.003.q3","","","","","","corroborated","NIST SP 330 lists the joule as N m; Britannica gives the same definition. (https://nvlpubs.nist.gov/nistpubs/SpecialPublications/NIST.SP.330-2019.pdf https://www.britannica.com/science/energy)",""
"fact.everyday_technology.joule_definition","source.nist_sp330_si","unverified","The joule is the SI unit of energy: the work done by a force of one newton acting over one meter.","https://nvlpubs.nist.gov/nistpubs/SpecialPublications/NIST.SP.330-2019.pdf","L2 card.everyday_technology.002.c4","L3 question.everyday_technology.003.q3","","","","","","corroborated","NIST SP 330 lists the joule as N m; Britannica gives the same definition. (https://nvlpubs.nist.gov/nistpubs/SpecialPublications/NIST.SP.330-2019.pdf https://www.britannica.com/science/energy)",""
"fact.everyday_technology.joule_apple","source.psu_energy_units","unverified","One joule is about the energy needed to lift a small apple (about 100 grams) one meter.","https://courses.ems.psu.edu/earth104/book/export/html/1344","L2 card.everyday_technology.002.c4; L10 card.everyday_technology.010.c3; L10 card.everyday_technology.010.c4; L18 card.everyday_technology.018.c3","L3 question.everyday_technology.003.q3","","","","","","corroborated","Checked by arithmetic: 0.1 kg x 9.81 m/s2 x 1 m = 0.98 J; NIST gives J = N m. Physics teaching materials use the same apple example. (https://nvlpubs.nist.gov/nistpubs/SpecialPublications/NIST.SP.330-2019.pdf https://slideplayer.com/slide/11195199/)",""
"fact.everyday_technology.energy_conservation","source.eia_laws_of_energy","unverified","Energy is neither created nor destroyed; when it is used it changes from one form into another.","https://www.eia.gov/energyexplained/what-is-energy/laws-of-energy.php","L2 card.everyday_technology.002.c1; L2 card.everyday_technology.002.c3; L5 card.everyday_technology.005.c4; L8 card.everyday_technology.008.c4; L12 card.everyday_technology.012.c2; L12 card.everyday_technology.012.c3; L18 card.everyday_technology.018.c2; L21 card.everyday_technology.021.c4; L26 card.everyday_technology.026.c3; L30 card.everyday_technology.030.c4; L67 card.everyday_technology.067.c4; L71 card.everyday_technology.071.c4; L75 card.everyday_technology.075.c4","L2 question.everyday_technology.002.q2; L5 question.everyday_technology.005.q3; L12 question.everyday_technology.012.q3; L21 question.everyday_technology.021.q3; L24 question.everyday_technology.024.q3; L71 question.everyday_technology.071.q3; L100 question.everyday_technology.100.q2","","","","","","corroborated","Britannica: ""Energy can be neither created nor destroyed but only changed from one form to another"" (first law of thermodynamics). (https://www.britannica.com/science/energy https://www.eia.gov/energyexplained/what-is-energy/laws-of-energy.php)",""
"fact.everyday_technology.energy_conservation","source.brit_energy","unverified","Energy is neither created nor destroyed; when it is used it changes from one form into another.","https://www.britannica.com/science/energy","L2 card.everyday_technology.002.c1; L2 card.everyday_technology.002.c3; L5 card.everyday_technology.005.c4; L8 card.everyday_technology.008.c4; L12 card.everyday_technology.012.c2; L12 card.everyday_technology.012.c3; L18 card.everyday_technology.018.c2; L21 card.everyday_technology.021.c4; L26 card.everyday_technology.026.c3; L30 card.everyday_technology.030.c4; L67 card.everyday_technology.067.c4; L71 card.everyday_technology.071.c4; L75 card.everyday_technology.075.c4","L2 question.everyday_technology.002.q2; L5 question.everyday_technology.005.q3; L12 question.everyday_technology.012.q3; L21 question.everyday_technology.021.q3; L24 question.everyday_technology.024.q3; L71 question.everyday_technology.071.q3; L100 question.everyday_technology.100.q2","","","","","","corroborated","Britannica: ""Energy can be neither created nor destroyed but only changed from one form to another"" (first law of thermodynamics). (https://www.britannica.com/science/energy https://www.eia.gov/energyexplained/what-is-energy/laws-of-energy.php)",""
"fact.everyday_technology.food_energy_to_motion","source.eia_what_is_energy","unverified","Food contains chemical energy, which your body stores and turns into kinetic energy when you move.","https://www.eia.gov/energyexplained/what-is-energy/","L2 card.everyday_technology.002.c3","L2 question.everyday_technology.002.q2; L5 question.everyday_technology.005.q3; L12 question.everyday_technology.012.q3; L21 question.everyday_technology.021.q3; L24 question.everyday_technology.024.q3; L71 question.everyday_technology.071.q3; L100 question.everyday_technology.100.q2","","","","","","corroborated","Body Physics (Open Oregon) describes the body converting food energy into mechanical output and thermal energy. (https://openoregon.pressbooks.pub/bodyphysics2ed/chapter/locomotive-efficiency/)","one-page"
"fact.everyday_technology.body_efficiency_heat","source.bodyphysics_human_efficiency","unverified","At best the human body turns only about a quarter of its food energy into motion; most becomes heat, and most of the time the useful share is far lower.","https://openoregon.pressbooks.pub/bodyphysics2ed/chapter/locomotive-efficiency/","L2 card.everyday_technology.002.c3","L2 question.everyday_technology.002.q2; L5 question.everyday_technology.005.q3; L12 question.everyday_technology.012.q3; L21 question.everyday_technology.021.q3; L24 question.everyday_technology.024.q3; L71 question.everyday_technology.071.q3; L100 question.everyday_technology.100.q2","","","","","","corroborated","Physiology references give muscle efficiency of about 20 to 25% during exercise, with 75 to 80% released as heat; EIA says the body is under 5% efficient most of the time. (https://phys.libretexts.org/Bookshelves/Conceptual_Physics/Body_Physics_-_Motion_to_Metabolism_(Davis)/10:_Powering_the_Body/10.09:_Efficiency_of_the_Human_Body https://www.eia.gov/energyexplained/what-is-energy/laws-of-energy.php)",""
"fact.everyday_technology.body_efficiency_heat","source.eia_laws_of_energy","unverified","At best the human body turns only about a quarter of its food energy into motion; most becomes heat, and most of the time the useful share is far lower.","https://www.eia.gov/energyexplained/what-is-energy/laws-of-energy.php","L2 card.everyday_technology.002.c3","L2 question.everyday_technology.002.q2; L5 question.everyday_technology.005.q3; L12 question.everyday_technology.012.q3; L21 question.everyday_technology.021.q3; L24 question.everyday_technology.024.q3; L71 question.everyday_technology.071.q3; L100 question.everyday_technology.100.q2","","","","","","corroborated","Physiology references give muscle efficiency of about 20 to 25% during exercise, with 75 to 80% released as heat; EIA says the body is under 5% efficient most of the time. (https://phys.libretexts.org/Bookshelves/Conceptual_Physics/Body_Physics_-_Motion_to_Metabolism_(Davis)/10:_Powering_the_Body/10.09:_Efficiency_of_the_Human_Body https://www.eia.gov/energyexplained/what-is-energy/laws-of-energy.php)",""
"fact.everyday_technology.charge_basics","source.eia_science_of_electricity","unverified","Electrons carry negative charge and protons positive charge; opposite charges attract and like charges repel.","https://www.eia.gov/energyexplained/electricity/the-science-of-electricity.php","L3 card.everyday_technology.003.c2; L7 card.everyday_technology.007.c2; L72 card.everyday_technology.072.c2; L96 card.everyday_technology.096.c3","L3 question.everyday_technology.003.q1; L4 question.everyday_technology.004.q3; L7 question.everyday_technology.007.q3; L46 question.everyday_technology.046.q3; L96 question.everyday_technology.096.q3","","","","","","corroborated","OpenStax College Physics 18.1: like charges repel, unlike charges attract; protons carry positive and electrons negative charge. (https://openstax.org/books/college-physics-2e/pages/18-1-static-electricity-and-charge-conservation-of-charge)","one-page"
"fact.everyday_technology.current_definition","source.brit_electric_current","unverified","An electric current is a movement of electric charge; in metal wires the moving charges are electrons.","https://www.britannica.com/science/electric-current","L3 card.everyday_technology.003.c2","L3 question.everyday_technology.003.q1; L4 question.everyday_technology.004.q3; L7 question.everyday_technology.007.q3; L46 question.everyday_technology.046.q3; L96 question.everyday_technology.096.q3","","","","","","corroborated","The Physics Classroom: in wires the actual charge carriers are negatively charged electrons; OpenStax defines current as the rate of flow of charge. (https://www.physicsclassroom.com/tutorial/electric-circuits/electric-current/electric-current https://openstax.org/books/college-physics-2e/pages/20-1-current)",""
"fact.everyday_technology.current_definition","source.eia_forms_of_energy","unverified","An electric current is a movement of electric charge; in metal wires the moving charges are electrons.","https://www.eia.gov/energyexplained/what-is-energy/forms-of-energy.php","L3 card.everyday_technology.003.c2","L3 question.everyday_technology.003.q1; L4 question.everyday_technology.004.q3; L7 question.everyday_technology.007.q3; L46 question.everyday_technology.046.q3; L96 question.everyday_technology.096.q3","","","","","","corroborated","The Physics Classroom: in wires the actual charge carriers are negatively charged electrons; OpenStax defines current as the rate of flow of charge. (https://www.physicsclassroom.com/tutorial/electric-circuits/electric-current/electric-current https://openstax.org/books/college-physics-2e/pages/20-1-current)",""
"fact.everyday_technology.wire_electrons_already_there","source.physicsclassroom_electric_current","unverified","The charge carriers in a wire are electrons belonging to the wire's own atoms; a battery supplies energy, not charge, and charge is not used up in a circuit.","https://www.physicsclassroom.com/tutorial/electric-circuits/electric-current/electric-current","L3 card.everyday_technology.003.c2; L4 card.everyday_technology.004.c2; L6 card.everyday_technology.006.c4; L10 card.everyday_technology.010.c1","L3 question.everyday_technology.003.q1; L4 question.everyday_technology.004.q3; L7 question.everyday_technology.007.q3; L46 question.everyday_technology.046.q3; L96 question.everyday_technology.096.q3","","","","","","corroborated","OpenStax 20.1 explains that charge entering one end of a wire pushes an equal amount out the other; the carriers are the conductor's free electrons. (https://openstax.org/books/college-physics-2e/pages/20-1-current)","one-page"
"fact.everyday_technology.wire_electrons_already_there","source.physicsclassroom_circuit_misconceptions","unverified","The charge carriers in a wire are electrons belonging to the wire's own atoms; a battery supplies energy, not charge, and charge is not used up in a circuit.","https://www.physicsclassroom.com/tutorial/electric-circuits/electric-current/common-misconceptions-regarding-electric-circuits","L3 card.everyday_technology.003.c2; L4 card.everyday_technology.004.c2; L6 card.everyday_technology.006.c4; L10 card.everyday_technology.010.c1","L3 question.everyday_technology.003.q1; L4 question.everyday_technology.004.q3; L7 question.everyday_technology.007.q3; L46 question.everyday_technology.046.q3; L96 question.everyday_technology.096.q3","","","","","","corroborated","OpenStax 20.1 explains that charge entering one end of a wire pushes an equal amount out the other; the carriers are the conductor's free electrons. (https://openstax.org/books/college-physics-2e/pages/20-1-current)","one-page"
"fact.everyday_technology.drift_speed","source.physicsclassroom_electric_current","unverified","Electrons in a typical wire drift very slowly, roughly a meter or two per hour (about 10^-4 meters per second).","https://www.physicsclassroom.com/tutorial/electric-circuits/electric-current/electric-current","L3 card.everyday_technology.003.c1; L3 card.everyday_technology.003.c3","L3 question.everyday_technology.003.q2","","","","","","corroborated","The Physics Classroom gives a typical 1 meter per hour; OpenStax's worked example gives 4.53 x 10^-4 m/s (about 1.6 m per hour). (https://openstax.org/books/college-physics-2e/pages/20-1-current https://openstax.org/books/university-physics-volume-2/pages/9-2-model-of-conduction-in-metals)",""
"fact.everyday_technology.drift_speed","source.openstax_college_physics_current","unverified","Electrons in a typical wire drift very slowly, roughly a meter or two per hour (about 10^-4 meters per second).","https://openstax.org/books/college-physics-2e/pages/20-1-current","L3 card.everyday_technology.003.c1; L3 card.everyday_technology.003.c3","L3 question.everyday_technology.003.q2","","","","","","corroborated","The Physics Classroom gives a typical 1 meter per hour; OpenStax's worked example gives 4.53 x 10^-4 m/s (about 1.6 m per hour). (https://openstax.org/books/college-physics-2e/pages/20-1-current https://openstax.org/books/university-physics-volume-2/pages/9-2-model-of-conduction-in-metals)",""
"fact.everyday_technology.signal_speed","source.physicsclassroom_electric_current","unverified","Closing a switch sends the electrical push through the circuit at nearly the speed of light, so electrons everywhere start moving at once.","https://www.physicsclassroom.com/tutorial/electric-circuits/electric-current/electric-current","L3 card.everyday_technology.003.c3; L70 card.everyday_technology.070.c3","L3 question.everyday_technology.003.q2","","","","","","corroborated","OpenStax: electrical signals travel at speeds on the order of 10^8 m/s, a large fraction of the speed of light, which is why lights come on instantly. (https://openstax.org/books/college-physics-2e/pages/20-1-current)","one-page"
"fact.everyday_technology.signal_speed","source.openstax_college_physics_current","unverified","Closing a switch sends the electrical push through the circuit at nearly the speed of light, so electrons everywhere start moving at once.","https://openstax.org/books/college-physics-2e/pages/20-1-current","L3 card.everyday_technology.003.c3; L70 card.everyday_technology.070.c3","L3 question.everyday_technology.003.q2","","","","","","corroborated","OpenStax: electrical signals travel at speeds on the order of 10^8 m/s, a large fraction of the speed of light, which is why lights come on instantly. (https://openstax.org/books/college-physics-2e/pages/20-1-current)","one-page"
"fact.everyday_technology.ampere_electrons","source.brit_electric_current","unverified","One ampere is a flow of one coulomb of charge per second, about 6.2 billion billion (6.2 x 10^18) electrons per second.","https://www.britannica.com/science/electric-current","L3 card.everyday_technology.003.c3; L3 card.everyday_technology.003.c4","L3 question.everyday_technology.003.q2","","","","","","corroborated","OpenStax: 1 A = 1 C/s. With NIST's exact elementary charge 1.602176634 x 10^-19 C, one coulomb is 6.24 x 10^18 electrons. (https://openstax.org/books/college-physics-2e/pages/20-1-current https://nvlpubs.nist.gov/nistpubs/SpecialPublications/NIST.SP.330-2019.pdf)",""
"fact.everyday_technology.ampere_electrons","source.nist_sp330_si","unverified","One ampere is a flow of one coulomb of charge per second, about 6.2 billion billion (6.2 x 10^18) electrons per second.","https://nvlpubs.nist.gov/nistpubs/SpecialPublications/NIST.SP.330-2019.pdf","L3 card.everyday_technology.003.c3; L3 card.everyday_technology.003.c4","L3 question.everyday_technology.003.q2","","","","","","corroborated","OpenStax: 1 A = 1 C/s. With NIST's exact elementary charge 1.602176634 x 10^-19 C, one coulomb is 6.24 x 10^18 electrons. (https://openstax.org/books/college-physics-2e/pages/20-1-current https://nvlpubs.nist.gov/nistpubs/SpecialPublications/NIST.SP.330-2019.pdf)",""
"fact.everyday_technology.volt_definition","source.nist_sp330_si","unverified","Voltage measures the energy given to each unit of charge: one volt is one joule per coulomb (NIST: V = W/A, W = J/s, C = A s).","https://nvlpubs.nist.gov/nistpubs/SpecialPublications/NIST.SP.330-2019.pdf","L3 card.everyday_technology.003.c4","L3 question.everyday_technology.003.q3; L10 question.everyday_technology.010.q4","","","","","","corroborated","CK-12 and Michigan State University physics notes: 1 volt = 1 joule per coulomb. (https://www.ck12.org/flexi/physics/voltage/what-is-the-definition-of-1-volt/ https://web.pa.msu.edu/courses/2000fall/phy232/lectures/efields/units.html)",""
"fact.everyday_technology.water_slide_analogy","source.physicsclassroom_potential_difference","unverified","A common teaching analogy compares a battery to the pump that lifts water to the top of a water-park slide: it gives charge energy to flow around the circuit.","https://www.physicsclassroom.com/tutorial/electric-circuits/electric-potential-difference/electric-potential-difference","L3 card.everyday_technology.003.c4","L3 question.everyday_technology.003.q3; L10 question.everyday_technology.010.q4","","","","","","corroborated","The Physics Classroom circuit-requirements page repeats the water-park pump analogy; it is a standard teaching model, labeled as an analogy on the card. (https://www.physicsclassroom.com/tutorial/electric-circuits/electric-current/requirements-of-a-circuit)","one-page"
"fact.everyday_technology.cell_voltage","source.brit_battery","unverified","Common household battery cells, such as AA cells, provide about 1.5 volts each.","https://www.britannica.com/technology/battery-electronics","L3 card.everyday_technology.003.c4; L6 card.everyday_technology.006.c3","L3 question.everyday_technology.003.q3; L10 question.everyday_technology.010.q4","","","","","","corroborated","Energizer's E91 AA alkaline datasheet gives a nominal voltage of 1.5 volts. (https://data.energizer.com/pdfs/e91.pdf)","one-page"
"fact.everyday_technology.circuit_parts","source.brit_electric_circuit","unverified","An electric circuit is a path for current made of an energy source (such as a battery), devices that use the current (such as lamps) and connecting wires.","https://www.britannica.com/technology/electric-circuit","L4 card.everyday_technology.004.c2","L4 question.everyday_technology.004.q3; L6 question.everyday_technology.006.q3","","","","","","corroborated","The Physics Classroom lists an energy source and a closed conducting loop as the two requirements of a circuit. (https://www.physicsclassroom.com/tutorial/electric-circuits/electric-current/requirements-of-a-circuit)","one-page"
"fact.everyday_technology.closed_loop","source.physicsclassroom_circuit_requirements","unverified","Current flows only around a closed conducting loop from one terminal of the source to the other; a break anywhere in a single loop stops the current everywhere in it.","https://www.physicsclassroom.com/tutorial/electric-circuits/electric-current/requirements-of-a-circuit","L4 card.everyday_technology.004.c1; L4 card.everyday_technology.004.c2; L6 card.everyday_technology.006.c3","L4 question.everyday_technology.004.q3; L6 question.everyday_technology.006.q3","","","","","","corroborated","Britannica describes a circuit as a complete path; The Physics Classroom's series page notes that cutting current to one part of a single path cuts it to all. (https://www.britannica.com/technology/electric-circuit https://www.physicsclassroom.com/class/circuits/lesson-4/two-types-of-connections)",""
"fact.everyday_technology.switch_opens_loop","source.physicsclassroom_circuit_requirements","unverified","A switch in the open (""off"") position leaves a gap, so there is no closed loop and no current; closing it completes the loop.","https://www.physicsclassroom.com/tutorial/electric-circuits/electric-current/requirements-of-a-circuit","L4 card.everyday_technology.004.c3; L42 card.everyday_technology.042.c2; L52 card.everyday_technology.052.c2; L97 card.everyday_technology.097.c2","L4 question.everyday_technology.004.q1; L52 question.everyday_technology.052.q3; L97 question.everyday_technology.097.q3","","","","","","corroborated","Standard circuit references: an open switch breaks the conducting path; closing it completes the circuit. (https://www.britannica.com/technology/electric-circuit)","one-page"
"fact.everyday_technology.conductors_insulators","source.physicsclassroom_circuit_requirements","unverified","Metals such as copper are conductors that carry charge easily; materials like paper and plastic are insulators that stop the flow.","https://www.physicsclassroom.com/tutorial/electric-circuits/electric-current/requirements-of-a-circuit","L4 card.everyday_technology.004.c3; L49 card.everyday_technology.049.c2","L4 question.everyday_technology.004.q1; L52 question.everyday_technology.052.q3; L97 question.everyday_technology.097.q3","","","","","","corroborated","Lumen/OpenStax Conductors and Insulators: metals such as copper are good conductors; rubber, glass and most plastics are insulators. (https://courses.lumenlearning.com/suny-physics/chapter/18-2-conductors-and-insulators/)","one-page"
"fact.everyday_technology.series_all_or_nothing","source.physicsclassroom_series_parallel","unverified","In a series circuit everything is on one path: if one bulb is removed the others go out, and a kitchen wired in series would need every appliance on for the fridge to run.","https://www.physicsclassroom.com/class/circuits/lesson-4/two-types-of-connections","L4 card.everyday_technology.004.c1; L4 card.everyday_technology.004.c4","L4 question.everyday_technology.004.q2","","","","","","corroborated","Britannica: in a series circuit current flows through each component along a single path. (https://www.britannica.com/technology/electric-circuit)","one-page"
"fact.everyday_technology.homes_parallel","source.brit_electric_circuit","unverified","Home wiring is parallel: each light or appliance is on its own branch with the same voltage across it and draws the current it needs.","https://www.britannica.com/technology/electric-circuit","L4 card.everyday_technology.004.c4","L4 question.everyday_technology.004.q2","","","","","","corroborated","The Physics Classroom notes kitchen appliances are obviously not wired in series; parallel branches each have their own path. (https://www.physicsclassroom.com/class/circuits/lesson-4/two-types-of-connections)","one-page"
"fact.everyday_technology.incandescent_heat","source.doe_efficient_lighting_guide","unverified","Incandescent bulbs waste about 90% of their energy as heat; only about 10% becomes light.","https://www.energy.gov/sites/prod/files/guide_to_energy_efficient_lighting.pdf","L5 card.everyday_technology.005.c1; L10 card.everyday_technology.010.c2; L12 card.everyday_technology.012.c3","L5 question.everyday_technology.005.q3","","","","","","corroborated","Britannica's incandescent lamp article says only a small fraction of the electricity becomes visible light and the rest is wasted as heat. (https://www.britannica.com/technology/incandescent-lamp)","one-page"
"fact.everyday_technology.incandescent_heat","source.doe_history_light_bulb","unverified","Incandescent bulbs waste about 90% of their energy as heat; only about 10% becomes light.","https://www.energy.gov/articles/history-light-bulb","L5 card.everyday_technology.005.c1; L10 card.everyday_technology.010.c2; L12 card.everyday_technology.012.c3","L5 question.everyday_technology.005.q3","","","","","","corroborated","Britannica's incandescent lamp article says only a small fraction of the electricity becomes visible light and the rest is wasted as heat. (https://www.britannica.com/technology/incandescent-lamp)","one-page"
"fact.everyday_technology.incandescent_how","source.brit_incandescent_lamp","unverified","In an incandescent bulb, current heats a thin filament that resists it until the filament is hot enough to glow.","https://www.britannica.com/technology/incandescent-lamp","L5 card.everyday_technology.005.c2; L50 card.everyday_technology.050.c1","L5 question.everyday_technology.005.q1","","","","","","corroborated","DOE's light bulb history describes incandescent lamps as passing electricity through a filament that glows when heated. (https://www.energy.gov/articles/history-light-bulb)","one-page"
"fact.everyday_technology.tungsten_filament","source.brit_incandescent_lamp","unverified","Modern filaments are tungsten, which has the highest melting point of the suitable materials.","https://www.britannica.com/technology/incandescent-lamp","L5 card.everyday_technology.005.c2","L5 question.everyday_technology.005.q1","","","","","","corroborated","Materials references confirm tungsten has the highest melting point of all metals, about 3,422 C, which is why it is used for filaments. (https://en.wikipedia.org/wiki/Tungsten)","one-page weak-pages"
"fact.everyday_technology.bulb_vacuum_gas","source.brit_incandescent_lamp","unverified","The glass bulb holds a vacuum or an inert gas so the filament does not oxidize (burn away).","https://www.britannica.com/technology/incandescent-lamp","L5 card.everyday_technology.005.c2","L5 question.everyday_technology.005.q1","","","","","","corroborated","Lighting references: argon or nitrogen around the filament prevents oxidation and lengthens its life. (https://shop.machinemfg.com/what-is-tungsten-filament-properties-and-uses-explained/)","one-page"
"fact.everyday_technology.bulb_before_edison","source.doe_history_light_bulb","unverified","Scientists around the world worked on the incandescent lamp for about 40 years before Edison, and Joseph Swan in England made a similar carbon-filament lamp in 1878.","https://www.energy.gov/articles/history-light-bulb","L5 card.everyday_technology.005.c3","","","","","","","corroborated","The Science Museum Group and Swan's biography record his public demonstration of an incandescent lamp in Newcastle in December 1878. (https://collection.sciencemuseumgroup.org.uk/objects/co42487/swan-electric-lamp-electric-lamp https://en.wikipedia.org/wiki/Joseph_Swan)",""
"fact.everyday_technology.bulb_before_edison","source.brit_incandescent_lamp","unverified","Scientists around the world worked on the incandescent lamp for about 40 years before Edison, and Joseph Swan in England made a similar carbon-filament lamp in 1878.","https://www.britannica.com/technology/incandescent-lamp","L5 card.everyday_technology.005.c3","","","","","","","corroborated","The Science Museum Group and Swan's biography record his public demonstration of an incandescent lamp in Newcastle in December 1878. (https://collection.sciencemuseumgroup.org.uk/objects/co42487/swan-electric-lamp-electric-lamp https://en.wikipedia.org/wiki/Joseph_Swan)",""
"fact.everyday_technology.bamboo_filament","source.doe_history_light_bulb","unverified","Edison's team kept testing filaments and settled on bamboo, giving lamps a lifetime of up to 1,200 hours.","https://www.energy.gov/articles/history-light-bulb","L5 card.everyday_technology.005.c3","","","","","","","corroborated","Lighting histories report Edison's bamboo filament lasting about 1,200 hours. (https://www.bulbs.com/learning/history.aspx)","one-page"
"fact.everyday_technology.led_how","source.brit_led","unverified","An LED (light-emitting diode) is a semiconductor device with no filament: when current crosses the junction between two semiconductor materials, electrons release energy as light, and the material sets the color.","https://www.britannica.com/technology/LED","L5 card.everyday_technology.005.c4; L17 card.everyday_technology.017.c2; L47 card.everyday_technology.047.c4","L5 question.everyday_technology.005.q2; L17 question.everyday_technology.017.q3; L47 question.everyday_technology.047.q3; L53 question.everyday_technology.053.q3","","","","","","corroborated","LibreTexts (Engineering) explains that electrons recombining with holes at the p-n junction release energy as photons whose wavelength depends on the semiconductor. (https://eng.libretexts.org/Bookshelves/Materials_Science/Supplemental_Modules_(Materials_Science)/Semiconductors/Light_Emitting_Diodes)","one-page"
"fact.everyday_technology.led_savings","source.doe_efficient_lighting_guide","unverified","LEDs use at least 75% less energy than incandescent bulbs and last many times longer.","https://www.energy.gov/sites/prod/files/guide_to_energy_efficient_lighting.pdf","L5 card.everyday_technology.005.c4; L10 card.everyday_technology.010.c4","L5 question.everyday_technology.005.q2; L17 question.everyday_technology.017.q3; L47 question.everyday_technology.047.q3; L53 question.everyday_technology.053.q3","","","","","","corroborated","ENERGY STAR: certified LED bulbs use up to 90% less energy than incandescent bulbs and last at least 15 times longer. (https://www.energystar.gov/sites/default/files/asset/document/Certified%20Light%20Bulbs%20at%20a%20Glance_04-17-2020.pdf)","one-page"
"fact.everyday_technology.galvani_frog","source.brit_volta","unverified","In 1791 Luigi Galvani saw frog leg muscles twitch when touched with two different metals and called it ""animal electricity""; Volta argued the current came from the metals and the frog only conducted it.","https://www.britannica.com/biography/Alessandro-Volta","L6 card.everyday_technology.006.c1","","","","","","","corroborated","Cambridge's Whipple Museum and IEEE Spectrum describe Galvani's 1791 animal-electricity claim and Volta's view that the metals were the source. (https://www.whipplemuseum.cam.ac.uk/explore-whipple-collections/frogs/frogs-and-animal-electricity https://spectrum.ieee.org/voltaic-pile-first-battery)",""
"fact.everyday_technology.voltaic_pile","source.brit_volta","unverified","In 1800 Volta built the voltaic pile, alternating zinc and silver (or copper) discs separated by cloth or paper soaked in salt water: the first reliable battery, giving a continuous current, which vindicated his view against Galvani's.","https://www.britannica.com/biography/Alessandro-Volta","L6 card.everyday_technology.006.c2; L50 card.everyday_technology.050.c2","L6 question.everyday_technology.006.q1","","","","","","corroborated","Museo Galileo: Volta's pile of alternating zinc and copper disks with brine-soaked cardboard, announced in 1800; National MagLab calls it the first battery to give a continuous current. (https://catalogue.museogalileo.it/indepth/Battery.html https://nationalmaglab.org/magnet-academy/history-of-electricity-magnetism/museum/voltaic-pile-1800/)",""
"fact.everyday_technology.volt_named","source.brit_volta","unverified","The volt, the unit of voltage, was named in Volta's honor in 1881.","https://www.britannica.com/biography/Alessandro-Volta","L6 card.everyday_technology.006.c2","L6 question.everyday_technology.006.q1","","","","","","corroborated","The first International Electrical Congress (Paris, 1881) approved the volt as the unit of electromotive force, named for Volta. (https://en.m.wikipedia.org/wiki/Volt https://www.sizes.com/units/volt.htm)",""
"fact.everyday_technology.battery_how","source.brit_battery","unverified","A battery turns chemical energy into electrical energy: electrons leave the anode, travel through the outside circuit to the cathode, and ions move through the electrolyte inside to balance them.","https://www.britannica.com/technology/battery-electronics","L6 card.everyday_technology.006.c3; L10 card.everyday_technology.010.c2; L18 card.everyday_technology.018.c4","L6 question.everyday_technology.006.q3; L10 question.everyday_technology.010.q3","","","","","","corroborated","DOE and Britannica agree on the anode-electrolyte-cathode structure, electrons through the external circuit and ions through the electrolyte. (https://www.energy.gov/science/doe-explainsbatteries https://www.britannica.com/technology/battery-electronics)",""
"fact.everyday_technology.battery_how","source.doe_explains_batteries","unverified","A battery turns chemical energy into electrical energy: electrons leave the anode, travel through the outside circuit to the cathode, and ions move through the electrolyte inside to balance them.","https://www.energy.gov/science/doe-explainsbatteries","L6 card.everyday_technology.006.c3; L10 card.everyday_technology.010.c2; L18 card.everyday_technology.018.c4","L6 question.everyday_technology.006.q3; L10 question.everyday_technology.010.q3","","","","","","corroborated","DOE and Britannica agree on the anode-electrolyte-cathode structure, electrons through the external circuit and ions through the electrolyte. (https://www.energy.gov/science/doe-explainsbatteries https://www.britannica.com/technology/battery-electronics)",""
"fact.everyday_technology.battery_dies","source.physicsclassroom_circuit_misconceptions","unverified","A battery stops working when its reacting chemicals are used up; a rechargeable one is restored by driving current through it in reverse, which runs the reaction backward and stores chemical energy again.","https://www.physicsclassroom.com/tutorial/electric-circuits/electric-current/common-misconceptions-regarding-electric-circuits","L6 card.everyday_technology.006.c4; L10 card.everyday_technology.010.c2; L49 card.everyday_technology.049.c4; L50 card.everyday_technology.050.c4","L6 question.everyday_technology.006.q2; L10 question.everyday_technology.010.q3; L50 question.everyday_technology.050.q6","","","","","","corroborated","DOE Explains: charging moves electrons the other way through the external circuit and builds up chemical potential energy. (https://www.energy.gov/science/doe-explainsbatteries)","one-page"
"fact.everyday_technology.battery_dies","source.brit_battery","unverified","A battery stops working when its reacting chemicals are used up; a rechargeable one is restored by driving current through it in reverse, which runs the reaction backward and stores chemical energy again.","https://www.britannica.com/technology/battery-electronics","L6 card.everyday_technology.006.c4; L10 card.everyday_technology.010.c2; L49 card.everyday_technology.049.c4; L50 card.everyday_technology.050.c4","L6 question.everyday_technology.006.q2; L10 question.everyday_technology.010.q3; L50 question.everyday_technology.050.q6","","","","","","corroborated","DOE Explains: charging moves electrons the other way through the external circuit and builds up chemical potential energy. (https://www.energy.gov/science/doe-explainsbatteries)","one-page"
"fact.everyday_technology.oersted_1820","source.brit_oersted","unverified","During an evening lecture in April 1820, Hans Christian Ørsted saw a magnetic compass needle swing to line up across a current-carrying wire: evidence that electricity and magnetism are linked.","https://www.britannica.com/biography/Hans-Christian-Orsted","L7 card.everyday_technology.007.c1; L42 card.everyday_technology.042.c4","L7 question.everyday_technology.007.q1","","","","","","corroborated","The American Physical Society and National MagLab describe Ørsted's April 1820 lecture demonstration in which a current deflected a compass needle. (https://www.aps.org/apsnews/2008/07/1820-oersted-electromagnetism https://nationalmaglab.org/magnet-academy/history-of-electricity-magnetism/museum/oersteds-compass-1820/)",""
"fact.everyday_technology.magnet_poles","source.brit_magnetism","unverified","Every magnet has a north and a south pole; opposite poles attract and like poles repel.","https://www.britannica.com/science/magnetism","L7 card.everyday_technology.007.c2; L33 card.everyday_technology.033.c4","L7 question.everyday_technology.007.q3; L42 question.everyday_technology.042.q3; L50 question.everyday_technology.050.q5","","","","","","corroborated","OpenStax College Physics 22.1: all magnets have north and south poles; like poles repel and unlike poles attract. (https://openstax.org/books/college-physics-2e/pages/22-1-magnets)","one-page"
"fact.everyday_technology.current_makes_magnetism","source.brit_magnetism","unverified","An electric current makes a magnetic field; current loops are the most common source of magnetic fields.","https://www.britannica.com/science/magnetism","L7 card.everyday_technology.007.c2; L49 card.everyday_technology.049.c3","L7 question.everyday_technology.007.q3; L42 question.everyday_technology.042.q3; L50 question.everyday_technology.050.q5","","","","","","corroborated","OpenStax and APS accounts of Ørsted: an electric current generates a magnetic force. (https://www.aps.org/apsnews/2008/07/1820-oersted-electromagnetism)","one-page"
"fact.everyday_technology.electromagnet","source.brit_electromagnet","unverified","An electromagnet is a coil of wire around a magnetic core such as iron; its magnetism can be switched on and off, strengthened or reversed by changing the current.","https://www.britannica.com/science/electromagnet","L7 card.everyday_technology.007.c2; L42 card.everyday_technology.042.c2","L7 question.everyday_technology.007.q3; L42 question.everyday_technology.042.q3; L50 question.everyday_technology.050.q5","","","","","","corroborated","LibreTexts Physical Science: an electromagnet's field exists only while current flows and disappears when it is turned off. (https://phys.libretexts.org/Courses/Coalinga_College/Physical_Science_for_Educators_(CID:_PHYS_14)/12:_Magnetism/12.05:_Electromagnetism/12.5.01:_Electromagnet)","one-page"
"fact.everyday_technology.motor_how","source.openstax_motors_generators","unverified","In a motor, a current-carrying coil between magnetic poles feels a turning force that spins a shaft; brushes and a commutator reverse the coil's current every half turn so it keeps turning the same way.","https://openstax.org/books/physics/pages/20-2-motors-generators-and-transformers","L7 card.everyday_technology.007.c3; L33 card.everyday_technology.033.c2","L7 question.everyday_technology.007.q2; L8 question.everyday_technology.008.q3; L33 question.everyday_technology.033.q3; L49 question.everyday_technology.049.q3; L94 question.everyday_technology.094.q3","","","","","","corroborated","Boston University physics notes describe the same coil-in-a-field motor with a split-ring commutator reversing current. (http://physics.bu.edu/~duffy/semester2/c18_generators.html)","one-page"
"fact.everyday_technology.motor_how","source.brit_electric_motor","unverified","In a motor, a current-carrying coil between magnetic poles feels a turning force that spins a shaft; brushes and a commutator reverse the coil's current every half turn so it keeps turning the same way.","https://www.britannica.com/technology/electric-motor","L7 card.everyday_technology.007.c3; L33 card.everyday_technology.033.c2","L7 question.everyday_technology.007.q2; L8 question.everyday_technology.008.q3; L33 question.everyday_technology.033.q3; L49 question.everyday_technology.049.q3; L94 question.everyday_technology.094.q3","","","","","","corroborated","Boston University physics notes describe the same coil-in-a-field motor with a split-ring commutator reversing current. (http://physics.bu.edu/~duffy/semester2/c18_generators.html)","one-page"
"fact.everyday_technology.motor_definition","source.brit_electric_motor","unverified","An electric motor turns electrical energy into mechanical energy (motion).","https://www.britannica.com/technology/electric-motor","L7 card.everyday_technology.007.c1; L7 card.everyday_technology.007.c4; L8 card.everyday_technology.008.c4; L10 card.everyday_technology.010.c2; L25 card.everyday_technology.025.c2; L33 card.everyday_technology.033.c2; L49 card.everyday_technology.049.c3; L50 card.everyday_technology.050.c1","L8 question.everyday_technology.008.q3; L49 question.everyday_technology.049.q3","","","","","","corroborated","OpenStax Physics 20.2: motors convert electrical energy into mechanical work; generators do the opposite. (https://openstax.org/books/physics/pages/20-2-motors-generators-and-transformers)","one-page"
"fact.everyday_technology.motor_uses","source.brit_electric_motor","unverified","Electric motors run household devices such as fans, pumps, drills, hair dryers and electric toothbrushes.","https://www.britannica.com/technology/electric-motor","L7 card.everyday_technology.007.c4","","","","","","","corroborated","Gibbons Engineering and McCombs Supply list fans, hair dryers, electric toothbrushes, pumps and drills among household motor uses. (https://gibbonsgroup.co.uk/electric-motors-in-household-appliances/ https://mccombssupply.com/blog/all-the-motors-in-your-home-how-to-maintain-them/)",""
"fact.everyday_technology.faraday_motor_1821","source.rigb_faraday_motor","unverified","In 1821 Michael Faraday built the first electric motor, making a current-carrying wire circle around a magnet in a bath of mercury.","https://www.rigb.org/explore-science/explore/blog/birth-electric-motion","L7 card.everyday_technology.007.c4","","","","","","","corroborated","Science Museum blog and National MagLab: Faraday's 1821 electromagnetic rotation apparatus, using mercury, was the first electric motor. (https://blog.sciencemuseum.org.uk/a-small-revolution-michael-faraday-and-the-origins-of-the-electric-motor/ https://nationalmaglab.org/magnet-academy/history-of-electricity-magnetism/museum/faraday-motor-1821/)",""
"fact.everyday_technology.faraday_motor_1821","source.brit_faraday","unverified","In 1821 Michael Faraday built the first electric motor, making a current-carrying wire circle around a magnet in a bath of mercury.","https://www.britannica.com/biography/Michael-Faraday","L7 card.everyday_technology.007.c4","","","","","","","corroborated","Science Museum blog and National MagLab: Faraday's 1821 electromagnetic rotation apparatus, using mercury, was the first electric motor. (https://blog.sciencemuseum.org.uk/a-small-revolution-michael-faraday-and-the-origins-of-the-electric-motor/ https://nationalmaglab.org/magnet-academy/history-of-electricity-magnetism/museum/faraday-motor-1821/)",""
"fact.everyday_technology.faraday_induction_1831","source.eia_how_electricity_generated","unverified","In 1831 Michael Faraday found that moving a magnet inside a coil of wire makes (induces) an electric current in the wire.","https://www.eia.gov/energyexplained/electricity/how-electricity-is-generated.php","L8 card.everyday_technology.008.c2","L8 question.everyday_technology.008.q2; L9 question.everyday_technology.009.q3; L38 question.everyday_technology.038.q3; L43 question.everyday_technology.043.q3","","","","","","corroborated","The Royal Society commentary on Faraday's 1832 paper describes his 1831 discovery of electromagnetic induction. (https://royalsocietypublishing.org/rsta/article/373/2039/20140208/114841/The-birth-of-the-electric-machines-a-commentary-on)","one-page"
"fact.everyday_technology.faraday_induction_1831","source.brit_faraday","unverified","In 1831 Michael Faraday found that moving a magnet inside a coil of wire makes (induces) an electric current in the wire.","https://www.britannica.com/biography/Michael-Faraday","L8 card.everyday_technology.008.c2","L8 question.everyday_technology.008.q2; L9 question.everyday_technology.009.q3; L38 question.everyday_technology.038.q3; L43 question.everyday_technology.043.q3","","","","","","corroborated","The Royal Society commentary on Faraday's 1832 paper describes his 1831 discovery of electromagnetic induction. (https://royalsocietypublishing.org/rsta/article/373/2039/20140208/114841/The-birth-of-the-electric-machines-a-commentary-on)","one-page"
"fact.everyday_technology.induction_needs_change","source.brit_electric_generator","unverified","Induction needs a changing magnetic field: a steady field through a coil induces nothing, and the faster the field changes, the larger the voltage.","https://www.britannica.com/technology/electric-generator","L8 card.everyday_technology.008.c2; L38 card.everyday_technology.038.c3","L8 question.everyday_technology.008.q2; L9 question.everyday_technology.009.q3; L38 question.everyday_technology.038.q3; L43 question.everyday_technology.043.q3","","","","","","corroborated","Physics references: a constant magnetic field (as from DC) induces no current in a stationary coil; induced voltage grows with the rate of change. (https://blog.rootsofprogress.org/why-ac-won http://physics.bu.edu/~duffy/semester2/c18_generators.html)",""
"fact.everyday_technology.induction_needs_change","source.openstax_motors_generators","unverified","Induction needs a changing magnetic field: a steady field through a coil induces nothing, and the faster the field changes, the larger the voltage.","https://openstax.org/books/physics/pages/20-2-motors-generators-and-transformers","L8 card.everyday_technology.008.c2; L38 card.everyday_technology.038.c3","L8 question.everyday_technology.008.q2; L9 question.everyday_technology.009.q3; L38 question.everyday_technology.038.q3; L43 question.everyday_technology.043.q3","","","","","","corroborated","Physics references: a constant magnetic field (as from DC) induces no current in a stationary coil; induced voltage grows with the rate of change. (https://blog.rootsofprogress.org/why-ac-won http://physics.bu.edu/~duffy/semester2/c18_generators.html)",""
"fact.everyday_technology.motor_generator_reverse","source.openstax_motors_generators","unverified","A generator is a motor run in reverse: force the coil to turn in the magnetic field and current comes out; the same device can work as either.","https://openstax.org/books/physics/pages/20-2-motors-generators-and-transformers","L8 card.everyday_technology.008.c1; L8 card.everyday_technology.008.c4; L25 card.everyday_technology.025.c4","L8 question.everyday_technology.008.q3; L25 question.everyday_technology.025.q3; L100 question.everyday_technology.100.q2","","","","","","corroborated","OpenStax Physics 20.2 and BU physics notes both state this; BU: ""the same device can be used as a motor or a generator."" (https://openstax.org/books/physics/pages/20-2-motors-generators-and-transformers http://physics.bu.edu/~duffy/semester2/c18_generators.html)",""
"fact.everyday_technology.motor_generator_reverse","source.bu_generators","unverified","A generator is a motor run in reverse: force the coil to turn in the magnetic field and current comes out; the same device can work as either.","http://physics.bu.edu/~duffy/semester2/c18_generators.html","L8 card.everyday_technology.008.c1; L8 card.everyday_technology.008.c4; L25 card.everyday_technology.025.c4","L8 question.everyday_technology.008.q3; L25 question.everyday_technology.025.q3; L100 question.everyday_technology.100.q2","","","","","","corroborated","OpenStax Physics 20.2 and BU physics notes both state this; BU: ""the same device can be used as a motor or a generator."" (https://openstax.org/books/physics/pages/20-2-motors-generators-and-transformers http://physics.bu.edu/~duffy/semester2/c18_generators.html)",""
"fact.everyday_technology.generator_definition","source.brit_electric_generator","unverified","A generator converts mechanical energy (motion) into electrical energy.","https://www.britannica.com/technology/electric-generator","L8 card.everyday_technology.008.c4; L33 card.everyday_technology.033.c3","L8 question.everyday_technology.008.q3; L25 question.everyday_technology.025.q3; L100 question.everyday_technology.100.q2","","","","","","corroborated","EIA: an electric generator converts a form of energy into electricity. (https://www.eia.gov/energyexplained/electricity/how-electricity-is-generated.php)","one-page"
"fact.everyday_technology.stator_rotor","source.eia_how_electricity_generated","unverified","A power-station generator has fixed wire coils (the stator) around a spinning electromagnet (the rotor); turning the rotor makes current flow in the coils.","https://www.eia.gov/energyexplained/electricity/how-electricity-is-generated.php","L8 card.everyday_technology.008.c3; L10 card.everyday_technology.010.c2; L12 card.everyday_technology.012.c2; L20 card.everyday_technology.020.c3","L8 question.everyday_technology.008.q1; L10 question.everyday_technology.010.q3; L16 question.everyday_technology.016.q3; L32 question.everyday_technology.032.q3","","","","","","corroborated","Britannica and EIA describe the same rotor-and-stator arrangement. (https://www.britannica.com/technology/electric-generator)","one-page"
"fact.everyday_technology.stator_rotor","source.brit_electric_generator","unverified","A power-station generator has fixed wire coils (the stator) around a spinning electromagnet (the rotor); turning the rotor makes current flow in the coils.","https://www.britannica.com/technology/electric-generator","L8 card.everyday_technology.008.c3; L10 card.everyday_technology.010.c2; L12 card.everyday_technology.012.c2; L20 card.everyday_technology.020.c3","L8 question.everyday_technology.008.q1; L10 question.everyday_technology.010.q3; L16 question.everyday_technology.016.q3; L32 question.everyday_technology.032.q3","","","","","","corroborated","Britannica and EIA describe the same rotor-and-stator arrangement. (https://www.britannica.com/technology/electric-generator)","one-page"
"fact.everyday_technology.turbines_drive_generators","source.eia_how_electricity_generated","unverified","Generators are spun by turbines driven by steam, falling water, wind or burning gas; most US and world electricity comes from turbine-driven generators.","https://www.eia.gov/energyexplained/electricity/how-electricity-is-generated.php","L8 card.everyday_technology.008.c1; L8 card.everyday_technology.008.c3; L10 card.everyday_technology.010.c2; L16 card.everyday_technology.016.c2; L20 card.everyday_technology.020.c3; L32 card.everyday_technology.032.c3","L8 question.everyday_technology.008.q1; L8 question.everyday_technology.008.q3; L10 question.everyday_technology.010.q3; L16 question.everyday_technology.016.q3; L32 question.everyday_technology.032.q3","","","","","","corroborated","EIA reports steam, combined-cycle and wind turbines together supplied most US generation in 2022; Britannica lists hydraulic, wind, steam and gas turbines as drivers. (https://www.britannica.com/technology/electric-generator)","one-page"
"fact.everyday_technology.turbines_drive_generators","source.brit_electric_generator","unverified","Generators are spun by turbines driven by steam, falling water, wind or burning gas; most US and world electricity comes from turbine-driven generators.","https://www.britannica.com/technology/electric-generator","L8 card.everyday_technology.008.c1; L8 card.everyday_technology.008.c3; L10 card.everyday_technology.010.c2; L16 card.everyday_technology.016.c2; L20 card.everyday_technology.020.c3; L32 card.everyday_technology.032.c3","L8 question.everyday_technology.008.q1; L8 question.everyday_technology.008.q3; L10 question.everyday_technology.010.q3; L16 question.everyday_technology.016.q3; L32 question.everyday_technology.032.q3","","","","","","corroborated","EIA reports steam, combined-cycle and wind turbines together supplied most US generation in 2022; Britannica lists hydraulic, wind, steam and gas turbines as drivers. (https://www.britannica.com/technology/electric-generator)","one-page"
"fact.everyday_technology.solar_direct","source.eia_how_electricity_generated","unverified","Solar photovoltaic cells are the exception: they turn sunlight directly into electricity, with no spinning generator.","https://www.eia.gov/energyexplained/electricity/how-electricity-is-generated.php","L8 card.everyday_technology.008.c3; L17 card.everyday_technology.017.c1; L20 card.everyday_technology.020.c3","L8 question.everyday_technology.008.q1; L10 question.everyday_technology.010.q3; L16 question.everyday_technology.016.q3; L32 question.everyday_technology.032.q3","","","","","","corroborated","DOE's War of the Currents article notes solar cells produce DC directly; PV has no turbine or generator. (https://www.energy.gov/articles/war-currents-ac-vs-dc-power)","one-page"
"fact.everyday_technology.dc_ac_definition","source.doe_war_of_currents","unverified","Direct current (DC) flows steadily in one direction, as from a battery; alternating current (AC) keeps reversing direction.","https://www.energy.gov/articles/war-currents-ac-vs-dc-power","L9 card.everyday_technology.009.c2; L44 card.everyday_technology.044.c2","L9 question.everyday_technology.009.q1; L44 question.everyday_technology.044.q3; L60 question.everyday_technology.060.q3; L64 question.everyday_technology.064.q3; L72 question.everyday_technology.072.q3","","","","","","corroborated","Britannica: in AC the motion of charges is periodically reversed; in DC it is not. (https://www.britannica.com/science/electric-current)","one-page"
"fact.everyday_technology.dc_ac_definition","source.brit_electric_current","unverified","Direct current (DC) flows steadily in one direction, as from a battery; alternating current (AC) keeps reversing direction.","https://www.britannica.com/science/electric-current","L9 card.everyday_technology.009.c2; L44 card.everyday_technology.044.c2","L9 question.everyday_technology.009.q1; L44 question.everyday_technology.044.q3; L60 question.everyday_technology.060.q3; L64 question.everyday_technology.064.q3; L72 question.everyday_technology.072.q3","","","","","","corroborated","Britannica: in AC the motion of charges is periodically reversed; in DC it is not. (https://www.britannica.com/science/electric-current)","one-page"
"fact.everyday_technology.ac_60_hertz","source.brit_electric_generator","unverified","US grid AC runs at 60 hertz, 60 complete back-and-forth cycles per second; most grids use 50 or 60.","https://www.britannica.com/technology/electric-generator","L9 card.everyday_technology.009.c2; L60 card.everyday_technology.060.c4; L64 card.everyday_technology.064.c3; L72 card.everyday_technology.072.c2","L9 question.everyday_technology.009.q1; L44 question.everyday_technology.044.q3; L60 question.everyday_technology.060.q3; L64 question.everyday_technology.064.q3; L72 question.everyday_technology.072.q3","","","","","","corroborated","Physics and utility references: the US standard frequency is 60 Hz, most of Europe 50 Hz. (https://www.allaboutcircuits.com/news/why-is-the-us-standard-60-hz/)","one-page"
"fact.everyday_technology.ac_60_hertz","source.doe_war_of_currents","unverified","US grid AC runs at 60 hertz, 60 complete back-and-forth cycles per second; most grids use 50 or 60.","https://www.energy.gov/articles/war-currents-ac-vs-dc-power","L9 card.everyday_technology.009.c2; L60 card.everyday_technology.060.c4; L64 card.everyday_technology.064.c3; L72 card.everyday_technology.072.c2","L9 question.everyday_technology.009.q1; L44 question.everyday_technology.044.q3; L60 question.everyday_technology.060.q3; L64 question.everyday_technology.064.q3; L72 question.everyday_technology.072.q3","","","","","","corroborated","Physics and utility references: the US standard frequency is 60 Hz, most of Europe 50 Hz. (https://www.allaboutcircuits.com/news/why-is-the-us-standard-60-hz/)","one-page"
"fact.everyday_technology.two_pole_3600","source.brit_electric_generator","unverified","A two-pole generator must spin at 3,600 revolutions per minute (60 turns a second) to make 60-hertz AC, one cycle per turn.","https://www.britannica.com/technology/electric-generator","L9 card.everyday_technology.009.c2","L9 question.everyday_technology.009.q1; L44 question.everyday_technology.044.q3; L60 question.everyday_technology.060.q3; L64 question.everyday_technology.064.q3; L72 question.everyday_technology.072.q3","","","","","","corroborated","Arithmetic check: 3,600 rpm / 60 s = 60 rev/s, matching 60 Hz for a two-pole machine (frequency = poles x rpm / 120). (https://www.britannica.com/technology/electric-generator)","one-page"
"fact.everyday_technology.dc_today","source.doe_war_of_currents","unverified","The grid still runs mainly on AC, but LEDs, computers, solar cells and electric vehicles run on DC.","https://www.energy.gov/articles/war-currents-ac-vs-dc-power","L9 card.everyday_technology.009.c4; L17 card.everyday_technology.017.c3","","","","","","","corroborated","CleanTechnica and electronics references note that electronics and solar panels are DC devices on an AC grid. (https://cleantechnica.com/2025/10/28/the-second-war-of-currents-how-dc-is-quietly-taking-over/)","one-page"
"fact.everyday_technology.pearl_street","source.ethw_pearl_street","unverified","On September 4, 1882, Edison's Pearl Street station in New York began supplying direct current to a district of one-quarter square mile: the forerunner of all central power stations.","https://ethw.org/Milestones:Pearl_Street_Station,_1882","L9 card.everyday_technology.009.c1; L9 card.everyday_technology.009.c4; L15 card.everyday_technology.015.c1; L99 card.everyday_technology.099.c4","L99 question.everyday_technology.099.q3","","","","","","corroborated","IEEE Power & Energy Magazine and New York Historical describe Pearl Street opening on 4 September 1882 with DC for lower Manhattan. (https://magazine.ieee-pes.org/marchapril-2013/history-7/ https://www.nyhistory.org/blogs/edison-lit-manhattan)",""
"fact.everyday_technology.transformer_needs_ac","source.openstax_motors_generators","unverified","Transformers change voltage by induction, so they need a changing current: they work with AC but not with steady DC.","https://openstax.org/books/physics/pages/20-2-motors-generators-and-transformers","L9 card.everyday_technology.009.c3","L9 question.everyday_technology.009.q2; L9 question.everyday_technology.009.q3; L10 question.everyday_technology.010.q5; L11 question.everyday_technology.011.q3","","","","","","corroborated","Roots of Progress and physics texts: transformers require a time-varying voltage, which is why they only work with AC. (https://blog.rootsofprogress.org/why-ac-won)","one-page"
"fact.everyday_technology.transformer_needs_ac","source.doe_war_of_currents","unverified","Transformers change voltage by induction, so they need a changing current: they work with AC but not with steady DC.","https://www.energy.gov/articles/war-currents-ac-vs-dc-power","L9 card.everyday_technology.009.c3","L9 question.everyday_technology.009.q2; L9 question.everyday_technology.009.q3; L10 question.everyday_technology.010.q5; L11 question.everyday_technology.011.q3","","","","","","corroborated","Roots of Progress and physics texts: transformers require a time-varying voltage, which is why they only work with AC. (https://blog.rootsofprogress.org/why-ac-won)","one-page"
"fact.everyday_technology.dc_hard_to_convert","source.doe_war_of_currents","unverified","DC could not easily be converted to higher or lower voltages, which made sending it long distances a problem; AC could, using transformers.","https://www.energy.gov/articles/war-currents-ac-vs-dc-power","L9 card.everyday_technology.009.c3","L9 question.everyday_technology.009.q2; L9 question.everyday_technology.009.q3; L10 question.everyday_technology.010.q5; L11 question.everyday_technology.011.q3","","","","","","corroborated","Union of Concerned Scientists: AC won the first war of currents because of the transformer. (https://blog.ucs.org/mark-specht/the-current-war-why-did-westinghouse-ac-beat-edison-dc/)","one-page"
"fact.everyday_technology.high_voltage_transmission","source.eia_delivery_to_consumers","unverified","Higher voltage makes long-distance transmission more efficient and cheaper, while lower voltage is safer in homes; transformers step between them.","https://www.eia.gov/energyexplained/electricity/delivery-to-consumers.php","L9 card.everyday_technology.009.c3; L11 card.everyday_technology.011.c2","L9 question.everyday_technology.009.q2; L9 question.everyday_technology.009.q3; L10 question.everyday_technology.010.q5; L11 question.everyday_technology.011.q3","","","","","","corroborated","DOE War of the Currents article: transformers let AC be converted to high voltages for transmission. (https://www.energy.gov/articles/war-currents-ac-vs-dc-power)","one-page"
"fact.everyday_technology.war_of_currents","source.doe_war_of_currents","unverified","From the late 1880s Edison and Tesla fought the War of the Currents; Edison claimed AC was more dangerous and publicly electrocuted animals to prove it.","https://www.energy.gov/articles/war-currents-ac-vs-dc-power","L9 card.everyday_technology.009.c1; L9 card.everyday_technology.009.c4; L99 card.everyday_technology.099.c4","L99 question.everyday_technology.099.q3","","","","","","corroborated","Roots of Progress and UCS accounts describe Edison's late-1880s campaign against AC. (https://blog.rootsofprogress.org/why-ac-won https://blog.ucs.org/mark-specht/the-current-war-why-did-westinghouse-ac-beat-edison-dc/)",""
"fact.everyday_technology.ac_wins_1893_1896","source.doe_war_of_currents","unverified","Westinghouse won the bid to light the 1893 Chicago World's Fair with Tesla's AC, and on November 16, 1896, Buffalo was lit with AC from Niagara Falls.","https://www.energy.gov/articles/war-currents-ac-vs-dc-power","L9 card.everyday_technology.009.c4; L15 card.everyday_technology.015.c4","L99 question.everyday_technology.099.q3","","","","","","corroborated","Tesla Society and Buffalo histories: Westinghouse lit the 1893 Columbian Exposition with AC; Niagara power reached Buffalo in November 1896. (https://www.teslasociety.com/columbia_expo.htm https://visitbuffalo.com/honoring-nikola-teslas-electrifying-work/)",""
"fact.everyday_technology.watt_definition","source.nist_sp330_si","unverified","One watt is one joule per second, so a 60-watt bulb uses 60 joules of energy every second it is on.","https://nvlpubs.nist.gov/nistpubs/SpecialPublications/NIST.SP.330-2019.pdf","L10 card.everyday_technology.010.c3; L22 card.everyday_technology.022.c4; L30 card.everyday_technology.030.c2; L30 card.everyday_technology.030.c4","L10 question.everyday_technology.010.q1; L10 question.everyday_technology.010.q2; L22 question.everyday_technology.022.q3; L30 question.everyday_technology.030.q2; L100 question.everyday_technology.100.q1","","","","","","corroborated","EIA: electricity is measured in units of power called watts; NIST SP 330 lists W = J/s. The 60-joule example is direct arithmetic. (https://www.eia.gov/energyexplained/electricity/measuring-electricity.php https://nvlpubs.nist.gov/nistpubs/SpecialPublications/NIST.SP.330-2019.pdf)",""
"fact.everyday_technology.watt_definition","source.psu_energy_units","unverified","One watt is one joule per second, so a 60-watt bulb uses 60 joules of energy every second it is on.","https://courses.ems.psu.edu/earth104/book/export/html/1344","L10 card.everyday_technology.010.c3; L22 card.everyday_technology.022.c4; L30 card.everyday_technology.030.c2; L30 card.everyday_technology.030.c4","L10 question.everyday_technology.010.q1; L10 question.everyday_technology.010.q2; L22 question.everyday_technology.022.q3; L30 question.everyday_technology.030.q2; L100 question.everyday_technology.100.q1","","","","","","corroborated","EIA: electricity is measured in units of power called watts; NIST SP 330 lists W = J/s. The 60-joule example is direct arithmetic. (https://www.eia.gov/energyexplained/electricity/measuring-electricity.php https://nvlpubs.nist.gov/nistpubs/SpecialPublications/NIST.SP.330-2019.pdf)",""
"fact.everyday_technology.volts_times_amps","source.nist_sp330_si","unverified","Volts times amperes gives watts: joules per coulomb times coulombs per second equals joules per second.","https://nvlpubs.nist.gov/nistpubs/SpecialPublications/NIST.SP.330-2019.pdf","L10 card.everyday_technology.010.c3","L10 question.everyday_technology.010.q1; L10 question.everyday_technology.010.q2; L22 question.everyday_technology.022.q3; L30 question.everyday_technology.030.q2; L100 question.everyday_technology.100.q1","","","","","","corroborated","OpenStax Physics: electric power P = IV; units check V x A = (J/C)(C/s) = J/s = W. (https://openstax.org/books/college-physics-2e/pages/20-4-electric-power-and-energy)","one-page"
"fact.everyday_technology.kilowatt_hour","source.nist_sp811_conversion","unverified","A kilowatt-hour is 1,000 watts for one hour (3,600 seconds): 3.6 million joules.","https://www.nist.gov/pml/special-publication-811/nist-guide-si-appendix-b-conversion-factors/nist-guide-si-appendix-b8","L10 card.everyday_technology.010.c4; L67 card.everyday_technology.067.c3; L75 card.everyday_technology.075.c4; L96 card.everyday_technology.096.c4","L67 question.everyday_technology.067.q3","","","","","","corroborated","NIST SP 811 B.8: 1 kW h = 3.6 x 10^6 J; Penn State: one kilowatt hour is 3.6 MJ; arithmetic 1,000 x 3,600 = 3.6 million. (https://www.nist.gov/pml/special-publication-811/nist-guide-si-appendix-b-conversion-factors/nist-guide-si-appendix-b8 https://courses.ems.psu.edu/earth104/book/export/html/1344)",""
"fact.everyday_technology.kilowatt_hour","source.psu_energy_units","unverified","A kilowatt-hour is 1,000 watts for one hour (3,600 seconds): 3.6 million joules.","https://courses.ems.psu.edu/earth104/book/export/html/1344","L10 card.everyday_technology.010.c4; L67 card.everyday_technology.067.c3; L75 card.everyday_technology.075.c4; L96 card.everyday_technology.096.c4","L67 question.everyday_technology.067.q3","","","","","","corroborated","NIST SP 811 B.8: 1 kW h = 3.6 x 10^6 J; Penn State: one kilowatt hour is 3.6 MJ; arithmetic 1,000 x 3,600 = 3.6 million. (https://www.nist.gov/pml/special-publication-811/nist-guide-si-appendix-b-conversion-factors/nist-guide-si-appendix-b8 https://courses.ems.psu.edu/earth104/book/export/html/1344)",""
"fact.everyday_technology.kilowatt_hour","source.eia_measuring_electricity","unverified","A kilowatt-hour is 1,000 watts for one hour (3,600 seconds): 3.6 million joules.","https://www.eia.gov/energyexplained/electricity/measuring-electricity.php","L10 card.everyday_technology.010.c4; L67 card.everyday_technology.067.c3; L75 card.everyday_technology.075.c4; L96 card.everyday_technology.096.c4","L67 question.everyday_technology.067.q3","","","","","","corroborated","NIST SP 811 B.8: 1 kW h = 3.6 x 10^6 J; Penn State: one kilowatt hour is 3.6 MJ; arithmetic 1,000 x 3,600 = 3.6 million. (https://www.nist.gov/pml/special-publication-811/nist-guide-si-appendix-b-conversion-factors/nist-guide-si-appendix-b8 https://courses.ems.psu.edu/earth104/book/export/html/1344)",""
"fact.everyday_technology.kwh_billing","source.eia_measuring_electricity","unverified","Utilities measure electricity in kilowatt-hours, and household electricity is priced per kilowatt-hour.","https://www.eia.gov/energyexplained/electricity/measuring-electricity.php","L10 card.everyday_technology.010.c1; L10 card.everyday_technology.010.c4","L67 question.everyday_technology.067.q3","","","","","","corroborated","EIA Today in Energy reports US residential electricity prices in cents per kilowatthour (16.5 cents/kWh in 2024). (https://www.eia.gov/todayinenergy/detail.php?id=65244)","one-page"
"fact.everyday_technology.grid_interconnections","source.eia_delivery_to_consumers","unverified","The power grid of the lower 48 US states is made up of three main interconnections that mostly operate independently: the Eastern, the Western, and ERCOT, which covers most of Texas.","https://www.eia.gov/energyexplained/electricity/delivery-to-consumers.php","L11 card.everyday_technology.011.c1","","","","","","","corroborated","The US EPA's grid overview and DOE's 'Learn More About Interconnections' describe the lower 48 grid as three major interconnections (Eastern, Western, Texas/ERCOT) operating largely independently. (https://www.epa.gov/green-power-markets/us-electricity-grid-markets https://www.energy.gov/oe/learn-more-about-interconnections)",""
"fact.everyday_technology.grid_path","source.openstax_transformers","unverified","Electricity from a power plant is stepped up by a transformer, carried long distances on high-voltage transmission lines, stepped down at substations, and delivered on lower-voltage distribution lines through a final transformer near the customer.","https://openstax.org/books/college-physics-2e/pages/23-7-transformers","L11 card.everyday_technology.011.c2; L20 card.everyday_technology.020.c4","L11 question.everyday_technology.011.q1","","","","","","corroborated","CRS IF12253 describes substations and transformers stepping voltage up from the generator to bulk transmission lines and down to the local lines that distribute power to homes. (https://congress.gov/crs_external_products/IF/PDF/IF12253/IF12253.2.pdf)","one-page"
"fact.everyday_technology.grid_path","source.eia_delivery_to_consumers","unverified","Electricity from a power plant is stepped up by a transformer, carried long distances on high-voltage transmission lines, stepped down at substations, and delivered on lower-voltage distribution lines through a final transformer near the customer.","https://www.eia.gov/energyexplained/electricity/delivery-to-consumers.php","L11 card.everyday_technology.011.c2; L20 card.everyday_technology.020.c4","L11 question.everyday_technology.011.q1","","","","","","corroborated","CRS IF12253 describes substations and transformers stepping voltage up from the generator to bulk transmission lines and down to the local lines that distribute power to homes. (https://congress.gov/crs_external_products/IF/PDF/IF12253/IF12253.2.pdf)","one-page"
"fact.everyday_technology.grid_transmission_voltage","source.crs_electricity_transmission","unverified","US transmission lines typically run at 230 kV to 765 kV (230,000 to 765,000 volts).","https://www.congress.gov/crs-product/IF12253","L11 card.everyday_technology.011.c3; L20 card.everyday_technology.020.c4","L11 question.everyday_technology.011.q3","","","","","","corroborated","AEP describes 765 kV as the highest transmission voltage level in North America, and runs more than 2,200 miles of 765 kV lines. (https://www.aep.com/about/businesses/transmission/)","one-page"
"fact.everyday_technology.grid_home_voltage","source.openstax_transformers","unverified","For safety, voltage is reduced to 120, 240 or 480 volts at the user's site; US homes get 120 and 240 volts.","https://openstax.org/books/college-physics-2e/pages/23-7-transformers","L11 card.everyday_technology.011.c3; L20 card.everyday_technology.020.c4","L11 question.everyday_technology.011.q3","","","","","","corroborated","Distribution transformer references state that US residential customers are usually supplied at 120/240 V split-phase. (https://en.wikipedia.org/wiki/Distribution_transformer)","one-page weak-pages"
"fact.everyday_technology.grid_voltage_ratio","source.crs_electricity_transmission","unverified","765,000 volts is more than 6,000 times the 120 volts of a home circuit (765,000 / 120 = 6,375).","https://www.congress.gov/crs-product/IF12253","L11 card.everyday_technology.011.c3","L11 question.everyday_technology.011.q3","","","","","","corroborated","Exact arithmetic from two corroborated inputs: 765 kV top US transmission voltage (AEP) and 120 V home circuits. (https://www.aep.com/about/businesses/transmission/)","one-page"
"fact.everyday_technology.grid_voltage_ratio","source.openstax_transformers","unverified","765,000 volts is more than 6,000 times the 120 volts of a home circuit (765,000 / 120 = 6,375).","https://openstax.org/books/college-physics-2e/pages/23-7-transformers","L11 card.everyday_technology.011.c3","L11 question.everyday_technology.011.q3","","","","","","corroborated","Exact arithmetic from two corroborated inputs: 765 kV top US transmission voltage (AEP) and 120 V home circuits. (https://www.aep.com/about/businesses/transmission/)","one-page"
"fact.everyday_technology.grid_less_current","source.openstax_transformers","unverified","Power is sent long distances at high voltage because less current is needed for the same power, which means less energy lost in the lines.","https://openstax.org/books/college-physics-2e/pages/23-7-transformers","L11 card.everyday_technology.011.c3","L11 question.everyday_technology.011.q3","","","","","","corroborated","EIA says higher voltage makes long-distance transmission more efficient; AEP says 765 kV lines have half the transmission losses of lower-voltage systems. (https://www.eia.gov/energyexplained/electricity/delivery-to-consumers.php https://www.aep.com/about/businesses/transmission/)",""
"fact.everyday_technology.grid_balance","source.eia_delivery_to_consumers","unverified","Grid operators must call on power plants to supply the right amount of electricity at every moment; balancing authorities keep supply and demand precisely balanced, and if they fall out of balance, local or widespread blackouts can happen.","https://www.eia.gov/energyexplained/electricity/delivery-to-consumers.php","L11 card.everyday_technology.011.c4; L18 card.everyday_technology.018.c1; L20 card.everyday_technology.020.c4","L11 question.everyday_technology.011.q2; L18 question.everyday_technology.018.q3","","","","","","corroborated","EIA's energy storage page says storage can help balance electricity supply and demand by the second, minute or hour, confirming that supply must continually match demand. (https://www.eia.gov/energyexplained/electricity/energy-storage-for-electricity-generation.php)","one-page"
"fact.everyday_technology.grid_balance","source.eia_generation_capacity_sales","unverified","Grid operators must call on power plants to supply the right amount of electricity at every moment; balancing authorities keep supply and demand precisely balanced, and if they fall out of balance, local or widespread blackouts can happen.","https://www.eia.gov/energyexplained/electricity/electricity-in-the-us-generation-capacity-and-sales.php","L11 card.everyday_technology.011.c4; L18 card.everyday_technology.018.c1; L20 card.everyday_technology.020.c4","L11 question.everyday_technology.011.q2; L18 question.everyday_technology.018.q3","","","","","","corroborated","EIA's energy storage page says storage can help balance electricity supply and demand by the second, minute or hour, confirming that supply must continually match demand. (https://www.eia.gov/energyexplained/electricity/energy-storage-for-electricity-generation.php)","one-page"
"fact.everyday_technology.thermal_steam_most","source.eia_how_electricity_generated","unverified","Steam turbines generate most of the world's electricity; they are heated by fossil fuels, nuclear fission, biomass, geothermal or solar thermal energy.","https://www.eia.gov/energyexplained/electricity/how-electricity-is-generated.php","L12 card.everyday_technology.012.c1","","","","","","","corroborated","Britannica's steam turbine article says modern steam turbines generate about 80 percent of the world's electric power, using a variety of heat sources. (https://www.britannica.com/technology/steam-turbine)","one-page"
"fact.everyday_technology.thermal_steam_most","source.eia_electricity_in_us","unverified","Steam turbines generate most of the world's electricity; they are heated by fossil fuels, nuclear fission, biomass, geothermal or solar thermal energy.","https://www.eia.gov/energyexplained/electricity/electricity-in-the-us.php","L12 card.everyday_technology.012.c1","","","","","","","corroborated","Britannica's steam turbine article says modern steam turbines generate about 80 percent of the world's electric power, using a variety of heat sources. (https://www.britannica.com/technology/steam-turbine)","one-page"
"fact.everyday_technology.thermal_boiler_steam","source.eia_how_electricity_generated","unverified","In a steam power plant, fuel burned in a boiler heats water into steam; the steam pushes on blades attached to a shaft, spinning the turbine, which drives a generator.","https://www.eia.gov/energyexplained/electricity/how-electricity-is-generated.php","L12 card.everyday_technology.012.c2; L20 card.everyday_technology.020.c2","L12 question.everyday_technology.012.q1; L14 question.everyday_technology.014.q3","","","","","","corroborated","Britannica: in a steam turbine, steam directed against blades causes the rotor to spin, converting thermal energy into mechanical energy. (https://www.britannica.com/technology/steam-turbine)","one-page"
"fact.everyday_technology.thermal_coal_efficiency","source.eia_heat_rates","unverified","In 2024 the average US coal plant used about 10,777 Btu of fuel per kilowatt-hour, turning only about a third (about 32%) of the fuel's energy into electricity; about two-thirds ended up as waste heat.","https://www.eia.gov/electricity/annual/html/epa_08_01.html","L12 card.everyday_technology.012.c3","L12 question.everyday_technology.012.q3","","","","","","corroborated","Yale Climate Connections: the average operating efficiency of the US coal fleet is 32%, and more than two-thirds of the energy in coal is vented as waste heat. (https://yaleclimateconnections.org/2023/05/the-little-known-massive-advantage-that-renewables-hold-over-coal/)","one-page"
"fact.everyday_technology.thermal_coal_efficiency","source.eia_faq_plant_efficiency","unverified","In 2024 the average US coal plant used about 10,777 Btu of fuel per kilowatt-hour, turning only about a third (about 32%) of the fuel's energy into electricity; about two-thirds ended up as waste heat.","https://www.eia.gov/tools/faqs/faq.php?id=107&t=3","L12 card.everyday_technology.012.c3","L12 question.everyday_technology.012.q3","","","","","","corroborated","Yale Climate Connections: the average operating efficiency of the US coal fleet is 32%, and more than two-thirds of the energy in coal is vented as waste heat. (https://yaleclimateconnections.org/2023/05/the-little-known-massive-advantage-that-renewables-hold-over-coal/)","one-page"
"fact.everyday_technology.thermal_us_shares_2025","source.eia_electricity_in_us","unverified","In 2025, natural gas was the top source of US utility-scale electricity at about 41%, coal made about 17%, and fossil fuels together about 58%; petroleum made only about 0.7%.","https://www.eia.gov/energyexplained/electricity/electricity-in-the-us.php","L12 card.everyday_technology.012.c4; L13 card.everyday_technology.013.c5","L13 question.everyday_technology.013.q3","","","","","","corroborated","EIA's 'Electricity generation, capacity, and sales' page gives the same 2025 figures (natural gas about 41%, coal about 17%); EIA's 2023 FAQ shows petroleum under 1% of generation. (https://www.eia.gov/energyexplained/electricity/electricity-in-the-us-generation-capacity-and-sales.php https://www.eia.gov/tools/faqs/faq.php?id=427&t=3)",""
"fact.everyday_technology.thermal_gas_turbine","source.eia_how_electricity_generated","unverified","A combustion gas turbine, similar to a jet engine, burns fuel to make hot gases that spin its blades directly; a combined-cycle plant uses the hot exhaust from a gas turbine to make steam for a steam turbine, getting more electricity from the same fuel.","https://www.eia.gov/energyexplained/electricity/how-electricity-is-generated.php","L12 card.everyday_technology.012.c4","L12 question.everyday_technology.012.q2; L19 question.everyday_technology.019.q3","","","","","","corroborated","EIA Today in Energy: combined-cycle systems send combustion turbine exhaust heat to a heat recovery steam generator, making steam for steam turbines that generate additional power. (https://www.eia.gov/todayinenergy/detail.php?id=52158)","one-page"
"fact.everyday_technology.thermal_gas_efficiency","source.eia_heat_rates","unverified","In 2024 the average US natural gas plant used about 7,754 Btu per kilowatt-hour, turning about 44% of its fuel's energy into electricity, compared with about 32% for coal.","https://www.eia.gov/electricity/annual/html/epa_08_01.html","L12 card.everyday_technology.012.c4","L12 question.everyday_technology.012.q2; L19 question.everyday_technology.019.q3","","","","","","corroborated","EIA's efficiency FAQ: divide 3,412 Btu by the heat rate (its example: 7,500 Btu gives 45%); 3,412 / 7,754 is about 44% and 3,412 / 10,777 about 32%. (https://www.eia.gov/tools/faqs/faq.php?id=107&t=3)","one-page"
"fact.everyday_technology.thermal_gas_efficiency","source.eia_faq_plant_efficiency","unverified","In 2024 the average US natural gas plant used about 7,754 Btu per kilowatt-hour, turning about 44% of its fuel's energy into electricity, compared with about 32% for coal.","https://www.eia.gov/tools/faqs/faq.php?id=107&t=3","L12 card.everyday_technology.012.c4","L12 question.everyday_technology.012.q2; L19 question.everyday_technology.019.q3","","","","","","corroborated","EIA's efficiency FAQ: divide 3,412 Btu by the heat rate (its example: 7,500 Btu gives 45%); 3,412 / 7,754 is about 44% and 3,412 / 10,777 about 32%. (https://www.eia.gov/tools/faqs/faq.php?id=107&t=3)","one-page"
"fact.everyday_technology.oil_in_rock","source.eia_oil_explained","unverified","Crude oil is found in underground reservoirs, in tiny spaces within sedimentary rocks, not in open underground lakes.","https://www.eia.gov/energyexplained/oil-and-petroleum-products/","L13 card.everyday_technology.013.c1","","","","","","","corroborated","Energy4Me (Society of Petroleum Engineers): reservoirs are not underground lakes of oil but porous rocks, like a sponge, holding oil in their pore spaces. (https://www.energy4me.org/learn-about-energy/energy-sources/petroleum)","one-page"
"fact.everyday_technology.oil_formation","source.eia_oil_explained","unverified","Crude oil formed from the remains of tiny marine plants and animals (such as diatoms) that lived millions of years ago; buried under layers of sand, silt and rock, they were turned into oil by heat and pressure.","https://www.eia.gov/energyexplained/oil-and-petroleum-products/","L13 card.everyday_technology.013.c2","L13 question.everyday_technology.013.q1","","","","","","corroborated","Smithsonian Ocean: fossil fuels such as oil formed from the remains of ancient organisms buried and transformed by heat and pressure over millions of years. (https://ocean.si.edu/conservation/gulf-oil-spill/what-are-fossil-fuels)","one-page"
"fact.everyday_technology.oil_chemical_energy","source.eia_forms_of_energy","unverified","Petroleum, natural gas and coal store chemical energy in the bonds of their molecules.","https://www.eia.gov/energyexplained/what-is-energy/forms-of-energy.php","L13 card.everyday_technology.013.c2","L13 question.everyday_technology.013.q1","","","","","","corroborated","Energy Education (University of Calgary): chemical energy is stored in the bonds of fuels such as coal, oil and natural gas and released when they burn. (https://energyeducation.ca/encyclopedia/Chemical_energy)","one-page"
"fact.everyday_technology.oil_drake_well","source.brit_drake","unverified","On August 27, 1859, Edwin Drake's well near Titusville, Pennsylvania, struck oil at a depth of 69 feet (21 meters): the first productive oil well in the United States, which launched the modern petroleum industry.","https://www.britannica.com/biography/Edwin-Laurentine-Drake","L13 card.everyday_technology.013.c3","","","","","","","corroborated","The American Oil & Gas Historical Society dates Drake's strike near Titusville to August 27, 1859, at 69.5 feet, the first US commercial oil well, starting an oil boom. (https://aoghs.org/petroleum-pioneers/american-oil-history/)","one-page"
"fact.everyday_technology.oil_drilling","source.eia_oil_explained","unverified","To reach oil, wells are drilled down through layers of sand, silt and rock to the rock formations that hold oil and gas.","https://www.eia.gov/energyexplained/oil-and-petroleum-products/","L13 card.everyday_technology.013.c3","","","","","","","corroborated","Energy4Me explains that wells are drilled down to reach porous reservoir rocks holding oil and gas. (https://www.energy4me.org/learn-about-energy/energy-sources/petroleum)","one-page"
"fact.everyday_technology.oil_distillation","source.eia_refining_process","unverified","Refining begins with distillation: heated crude oil separates by boiling point in a distillation tower, with the lightest parts rising as vapor to the top and the heaviest settling at the bottom.","https://www.eia.gov/energyexplained/oil-and-petroleum-products/refining-crude-oil-the-refining-process.php","L13 card.everyday_technology.013.c4","L13 question.everyday_technology.013.q2","","","","","","corroborated","Energy Education's fractional distillation entry: crude is heated and separated by boiling point in a column, lighter fractions rising higher and heavy residues at the bottom. (https://energyeducation.ca/encyclopedia/Fractional_distillation)","one-page"
"fact.everyday_technology.oil_cracking","source.eia_refining_process","unverified","Cracking uses heat, pressure, catalysts and sometimes hydrogen to break heavy hydrocarbon molecules into lighter ones, such as those in gasoline.","https://www.eia.gov/energyexplained/oil-and-petroleum-products/refining-crude-oil-the-refining-process.php","L13 card.everyday_technology.013.c4","L13 question.everyday_technology.013.q2","","","","","","corroborated","Energy Education and standard refining references describe cracking as breaking long, heavy hydrocarbon chains into shorter, lighter ones used in gasoline. (https://energyeducation.ca/encyclopedia/Fractional_distillation)","one-page"
"fact.everyday_technology.oil_barrel_yield","source.eia_refining_crude_oil","unverified","From a 42-gallon barrel of crude oil, US refineries make on average about 19 to 20 gallons of gasoline, 11 to 13 gallons of distillate (mostly diesel) and 3 to 5 gallons of jet fuel.","https://www.eia.gov/energyexplained/oil-and-petroleum-products/refining-crude-oil.php","L13 card.everyday_technology.013.c4","L13 question.everyday_technology.013.q2","","","","","","corroborated","EIA's 'Oil and petroleum products explained' page confirms the 42-gallon barrel and that it yields about 45 gallons of products, of which gasoline is the largest. (https://www.eia.gov/energyexplained/oil-and-petroleum-products/)","one-page"
"fact.everyday_technology.oil_transport_2025","source.eia_transportation_energy","unverified","In 2025, petroleum products supplied about 89% of the energy used for US transportation.","https://www.eia.gov/energyexplained/use-of-energy/transportation.php","L13 card.everyday_technology.013.c5","L13 question.everyday_technology.013.q3","","","","","","corroborated","EIA reports transportation is the largest user of US petroleum (about three-quarters of consumption in monthly data), consistent with petroleum dominating transport energy. (https://www.eia.gov/energyexplained/oil-and-petroleum-products/use-of-oil.php)","one-page"
"fact.everyday_technology.nuclear_pellet_coal","source.doe_ne_factsheet","unverified","According to the US Department of Energy, one uranium fuel pellet produces as much energy as about one ton of coal.","https://www.energy.gov/sites/prod/files/2018/04/f50/About%20NE%20Factsheet-FINAL_1.pdf","L14 card.everyday_technology.014.c1","","","","","","","corroborated","An IAEA Bulletin (2026) infographic, citing DOE, shows one uranium pellet equal to one ton of coal, 120 gallons of oil or 17,000 cubic feet of gas. (https://www.iaea.org/sites/default/files/uranium_more-energy-fewer-emissions.pdf)","one-page"
"fact.everyday_technology.nuclear_u235_pellets","source.eia_nuclear_explained","unverified","Nuclear plants use uranium-235, whose atoms split easily; the uranium is made into small ceramic pellets stacked in sealed metal tubes called fuel rods.","https://www.eia.gov/energyexplained/nuclear/","L14 card.everyday_technology.014.c1; L14 card.everyday_technology.014.c2; L14 card.everyday_technology.014.c3","L14 question.everyday_technology.014.q1; L14 question.everyday_technology.014.q3","","","","","","corroborated","DOE's 'Nuclear Fission' explainer and the IAEA fuel infographic describe enriched uranium fuel formed into small pellets. (https://www.energy.gov/science/doe-explainsnuclear-fission https://www.iaea.org/sites/default/files/uranium_more-energy-fewer-emissions.pdf)",""
"fact.everyday_technology.nuclear_u235_pellets","source.doe_nuclear_101","unverified","Nuclear plants use uranium-235, whose atoms split easily; the uranium is made into small ceramic pellets stacked in sealed metal tubes called fuel rods.","https://www.energy.gov/ne/articles/nuclear-101-how-does-nuclear-reactor-work","L14 card.everyday_technology.014.c1; L14 card.everyday_technology.014.c2; L14 card.everyday_technology.014.c3","L14 question.everyday_technology.014.q1; L14 question.everyday_technology.014.q3","","","","","","corroborated","DOE's 'Nuclear Fission' explainer and the IAEA fuel infographic describe enriched uranium fuel formed into small pellets. (https://www.energy.gov/science/doe-explainsnuclear-fission https://www.iaea.org/sites/default/files/uranium_more-energy-fewer-emissions.pdf)",""
"fact.everyday_technology.nuclear_fission_split","source.eia_nuclear_explained","unverified","In fission, a neutron strikes a uranium atom and splits it, releasing a large amount of energy as heat and radiation, plus more neutrons.","https://www.eia.gov/energyexplained/nuclear/","L14 card.everyday_technology.014.c2","L14 question.everyday_technology.014.q1","","","","","","corroborated","DOE Explains: nuclear fission is the splitting of a nucleus into smaller nuclei and particles, including neutrons, releasing energy. (https://www.energy.gov/science/doe-explainsnuclear-fission)","one-page"
"fact.everyday_technology.nuclear_chain_reaction","source.eia_nuclear_explained","unverified","Neutrons released by one split go on to split other uranium atoms, a chain reaction; reactors control it, inserting control rods to slow it and withdrawing them to speed it up.","https://www.eia.gov/energyexplained/nuclear/","L14 card.everyday_technology.014.c2","L14 question.everyday_technology.014.q1","","","","","","corroborated","EIA and DOE agree: released neutrons split more atoms in a chain reaction that reactors control; DOE notes control rods are inserted to reduce the reaction rate. (https://www.eia.gov/energyexplained/nuclear/)","one-page"
"fact.everyday_technology.nuclear_chain_reaction","source.doe_nuclear_101","unverified","Neutrons released by one split go on to split other uranium atoms, a chain reaction; reactors control it, inserting control rods to slow it and withdrawing them to speed it up.","https://www.energy.gov/ne/articles/nuclear-101-how-does-nuclear-reactor-work","L14 card.everyday_technology.014.c2","L14 question.everyday_technology.014.q1","","","","","","corroborated","EIA and DOE agree: released neutrons split more atoms in a chain reaction that reactors control; DOE notes control rods are inserted to reduce the reaction rate. (https://www.eia.gov/energyexplained/nuclear/)","one-page"
"fact.everyday_technology.nuclear_steam","source.doe_nuclear_101","unverified","In a nuclear plant, heat from fission turns water into steam, which spins a turbine to produce electricity.","https://www.energy.gov/ne/articles/nuclear-101-how-does-nuclear-reactor-work","L14 card.everyday_technology.014.c3; L20 card.everyday_technology.020.c2","L14 question.everyday_technology.014.q3","","","","","","corroborated","EIA's 'Electricity in the United States': nuclear power plants use steam turbines to produce electricity from nuclear fission. (https://www.eia.gov/energyexplained/electricity/electricity-in-the-us.php)","one-page"
"fact.everyday_technology.nuclear_no_co2","source.eia_nuclear_environment","unverified","Nuclear reactors do not produce air pollution or carbon dioxide while operating.","https://www.eia.gov/energyexplained/nuclear/nuclear-power-and-the-environment.php","L14 card.everyday_technology.014.c3; L20 card.everyday_technology.020.c2","L14 question.everyday_technology.014.q3","","","","","","corroborated","IAEA Bulletin (2026): nuclear power plants produce no carbon dioxide or air pollutants during operation. (https://www.iaea.org/sites/default/files/uranium_more-energy-fewer-emissions.pdf)","one-page"
"fact.everyday_technology.nuclear_share_2025","source.eia_electricity_in_us","unverified","Nuclear power made about 18% of US utility-scale electricity in 2025 and about 9% of the world's electricity.","https://www.eia.gov/energyexplained/electricity/electricity-in-the-us.php","L14 card.everyday_technology.014.c3","L14 question.everyday_technology.014.q3","","","","","","corroborated","World Nuclear Association: nuclear provides about 9% of the world's electricity (441 operable reactors in 2025); EIA notes nuclear has supplied roughly a fifth of US electricity for decades. (https://world-nuclear.org/information-library/current-and-future-generation/nuclear-power-in-the-world-today https://www.eia.gov/energyexplained/nuclear/)",""
"fact.everyday_technology.nuclear_share_2025","source.iea_ger2026_electricity","unverified","Nuclear power made about 18% of US utility-scale electricity in 2025 and about 9% of the world's electricity.","https://www.iea.org/reports/global-energy-review-2026/electricity-supply","L14 card.everyday_technology.014.c3","L14 question.everyday_technology.014.q3","","","","","","corroborated","World Nuclear Association: nuclear provides about 9% of the world's electricity (441 operable reactors in 2025); EIA notes nuclear has supplied roughly a fifth of US electricity for decades. (https://world-nuclear.org/information-library/current-and-future-generation/nuclear-power-in-the-world-today https://www.eia.gov/energyexplained/nuclear/)",""
"fact.everyday_technology.nuclear_spent_fuel","source.eia_nuclear_environment","unverified","Spent nuclear fuel is highly radioactive and can remain dangerous for thousands of years; the US has no permanent disposal facility, so it is stored in pools of water and dry containers.","https://www.eia.gov/energyexplained/nuclear/nuclear-power-and-the-environment.php","L14 card.everyday_technology.014.c4; L20 card.everyday_technology.020.c2","L14 question.everyday_technology.014.q2","","","","","","corroborated","The NRC says spent fuel is stored in pools and dry casks at reactor sites and that no facility is currently available for permanent disposal of high-level waste. (https://www.nrc.gov/waste/spent-fuel-storage/faqs)","one-page"
"fact.everyday_technology.nuclear_views","source.iea_nuclear_role","unverified","The IEA says nuclear power can play a major role in secure transitions to low-emissions energy; Greenpeace opposes new nuclear plants, calling nuclear power dangerous and expensive and citing waste and the Chernobyl and Fukushima accidents.","https://www.iea.org/news/nuclear-power-can-play-a-major-role-in-enabling-secure-transitions-to-low-emissions-energy-systems","L14 card.everyday_technology.014.c4; L19 card.everyday_technology.019.c4","L14 question.everyday_technology.014.q2","","","","","","corroborated","CBC reports Greenpeace's long-standing opposition to nuclear energy; IEA reports describe nuclear as the second-largest source of low-emissions electricity after hydropower. (https://www.cbc.ca/radio/asithappens/dear-greenpeace-nuclear-energy-1.6958765 https://www.iea.org/reports/nuclear-power-and-secure-energy-transitions/executive-summary)",""
"fact.everyday_technology.nuclear_views","source.greenpeace_nuclear","unverified","The IEA says nuclear power can play a major role in secure transitions to low-emissions energy; Greenpeace opposes new nuclear plants, calling nuclear power dangerous and expensive and citing waste and the Chernobyl and Fukushima accidents.","https://www.greenpeace.org/usa/climate/issues/nuclear/","L14 card.everyday_technology.014.c4; L19 card.everyday_technology.019.c4","L14 question.everyday_technology.014.q2","","","","","","corroborated","CBC reports Greenpeace's long-standing opposition to nuclear energy; IEA reports describe nuclear as the second-largest source of low-emissions electricity after hydropower. (https://www.cbc.ca/radio/asithappens/dear-greenpeace-nuclear-energy-1.6958765 https://www.iea.org/reports/nuclear-power-and-secure-energy-transitions/executive-summary)",""
"fact.everyday_technology.hydro_first_plant","source.eia_hydropower","unverified","The first US hydroelectric plant to sell electricity opened on the Fox River in Appleton, Wisconsin, on September 30, 1882.","https://www.eia.gov/energyexplained/hydropower/","L15 card.everyday_technology.015.c1","","","","","","","corroborated","ASCE's landmark page on the Vulcan Street Plant, Appleton, Wisconsin, dates its start to September 30, 1882. (https://www.asce.org/about-civil-engineering/history-and-heritage/historic-landmarks/vulcan-street-plant)","one-page"
"fact.everyday_technology.hydro_after_pearl_street","source.eia_hydropower","unverified","Appleton's hydro plant opened 26 days after Edison's Pearl Street station (September 4 to September 30, 1882).","https://www.eia.gov/energyexplained/hydropower/","L15 card.everyday_technology.015.c1","","","","","","","corroborated","The National MagLab's history page notes the Edison company had begun generating with steam at Pearl Street 26 days before the Appleton hydro plant. (https://nationalmaglab.org/magnet-academy/history-of-electricity-magnetism/museum/hydroelectric-power-station-1882/)","one-page"
"fact.everyday_technology.hydro_after_pearl_street","source.ethw_pearl_street","unverified","Appleton's hydro plant opened 26 days after Edison's Pearl Street station (September 4 to September 30, 1882).","https://ethw.org/Milestones:Pearl_Street_Station,_1882","L15 card.everyday_technology.015.c1","","","","","","","corroborated","The National MagLab's history page notes the Edison company had begun generating with steam at Pearl Street 26 days before the Appleton hydro plant. (https://nationalmaglab.org/magnet-academy/history-of-electricity-magnetism/museum/hydroelectric-power-station-1882/)","one-page"
"fact.everyday_technology.hydro_paddle_wheels","source.eia_hydropower","unverified","Thousands of years ago, people used hydropower to turn paddle wheels on rivers to grind grain.","https://www.eia.gov/energyexplained/hydropower/","L15 card.everyday_technology.015.c1","","","","","","","corroborated","Britannica's waterwheel article: waterwheels were used from ancient times (Greek and Roman) to grind grain. (https://www.britannica.com/technology/waterwheel-engineering)","one-page"
"fact.everyday_technology.hydro_how","source.usgs_hydroelectric_how","unverified","At a hydroelectric dam, water stored in the reservoir enters an intake near the bottom of the dam, falls through a pipe called a penstock, and turns a turbine whose shaft drives a generator.","https://www.usgs.gov/special-topics/water-science-school/science/hydroelectric-power-how-it-works","L15 card.everyday_technology.015.c2; L20 card.everyday_technology.020.c2","L15 question.everyday_technology.015.q1; L15 question.everyday_technology.015.q3","","","","","","corroborated","EIA Hydropower explained: water flows through a pipe, or penstock, then pushes against and turns turbine blades that spin a generator. (https://www.eia.gov/energyexplained/hydropower/)","one-page"
"fact.everyday_technology.hydro_head_flow","source.eia_hydropower","unverified","The amount of energy in moving water depends on the volume of the flow and the height it falls, called the head; the greater the flow and the higher the head, the more electricity a plant can make.","https://www.eia.gov/energyexplained/hydropower/","L15 card.everyday_technology.015.c3; L20 card.everyday_technology.020.c2","L15 question.everyday_technology.015.q2","","","","","","corroborated","USGS 'Hydroelectric power: how it works' explains output depends on how much water flows and how far it falls. (https://www.usgs.gov/special-topics/water-science-school/science/hydroelectric-power-how-it-works)","one-page"
"fact.everyday_technology.hydro_three_gorges","source.usgs_hydroelectric_how","unverified","The Three Gorges Dam on China's Yangtze River is the world's biggest hydroelectric facility.","https://www.usgs.gov/special-topics/water-science-school/science/hydroelectric-power-how-it-works","L15 card.everyday_technology.015.c3","L15 question.everyday_technology.015.q2","","","","","","corroborated","Britannica's Three Gorges Dam entry describes it as the world's largest hydroelectric power plant. (https://www.britannica.com/topic/Three-Gorges-Dam)","one-page"
"fact.everyday_technology.hydro_share_2025","source.iea_hydropower_giant","unverified","Hydropower made about 14% of the world's electricity in 2025 but only about 6% of US utility-scale electricity.","https://www.iea.org/commentaries/hydropower-is-still-the-forgotten-giant-of-electricity-and-that-needs-to-change","L15 card.everyday_technology.015.c4","","","","","","","corroborated","IHA's 2025 World Hydropower Outlook puts hydropower at 14.3% of global power; global hydro output was a record 4,437 TWh in 2025, about 14% of roughly 32,000 TWh; EIA gives 5.6% for the US in 2025. (https://www.hydropower.org/publications/2025-world-hydropower-outlook https://www.renewableenergyasia.org/2026/05/global-hydropower-hits-record-4437twh.html)",""
"fact.everyday_technology.hydro_share_2025","source.eia_hydropower","unverified","Hydropower made about 14% of the world's electricity in 2025 but only about 6% of US utility-scale electricity.","https://www.eia.gov/energyexplained/hydropower/","L15 card.everyday_technology.015.c4","","","","","","","corroborated","IHA's 2025 World Hydropower Outlook puts hydropower at 14.3% of global power; global hydro output was a record 4,437 TWh in 2025, about 14% of roughly 32,000 TWh; EIA gives 5.6% for the US in 2025. (https://www.hydropower.org/publications/2025-world-hydropower-outlook https://www.renewableenergyasia.org/2026/05/global-hydropower-hits-record-4437twh.html)",""
"fact.everyday_technology.wind_turbine_how","source.doe_how_wind_turbines_work","unverified","A wind turbine's blades work like an airplane wing; the wind turns them and the rotor, which drives a generator directly or through a shaft and gearbox, housed in a nacelle on top of a tall tower.","https://www.energy.gov/eere/wind/how-do-wind-turbines-work","L16 card.everyday_technology.016.c2","L16 question.everyday_technology.016.q1; L16 question.everyday_technology.016.q3","","","","","","corroborated","Britannica's wind power article: turbines have blades on a rotor and a nacelle containing the drive train atop a tall tower, using rotational energy to drive a generator. (https://www.britannica.com/science/wind-power)","one-page"
"fact.everyday_technology.wind_turbine_how","source.brit_wind_power","unverified","A wind turbine's blades work like an airplane wing; the wind turns them and the rotor, which drives a generator directly or through a shaft and gearbox, housed in a nacelle on top of a tall tower.","https://www.britannica.com/science/wind-power","L16 card.everyday_technology.016.c2","L16 question.everyday_technology.016.q1; L16 question.everyday_technology.016.q3","","","","","","corroborated","Britannica's wind power article: turbines have blades on a rotor and a nacelle containing the drive train atop a tall tower, using rotational energy to drive a generator. (https://www.britannica.com/science/wind-power)","one-page"
"fact.everyday_technology.wind_cube","source.doe_llnl_wind_cube","unverified","The power in the wind is proportional to the cube of the wind speed, so doubling the wind speed gives eight times the power (2 x 2 x 2 = 8).","https://www.energy.gov/eere/wind/articles/llnl-predicts-wind-power-greater-accuracy","L16 card.everyday_technology.016.c1; L16 card.everyday_technology.016.c3","L16 question.everyday_technology.016.q2","","","","","","corroborated","Energy Fundamentals (University of Leipzig): wind power increases with the cube of the wind speed; doubling the wind speed gives eight times the power. (https://home.uni-leipzig.de/energy/energy-fundamentals/15.htm)","one-page"
"fact.everyday_technology.wind_good_sites","source.eia_where_wind","unverified","Good sites for utility-scale wind turbines have average wind speeds of at least 13 mph (5.8 m/s), such as smooth rounded hilltops, open plains and water, and mountain gaps that funnel wind.","https://www.eia.gov/energyexplained/wind/where-wind-power-is-harnessed.php","L16 card.everyday_technology.016.c4","L20 question.everyday_technology.020.q5","","","","","","corroborated","DOE's 'Unlocking our nation's wind potential' notes turbines need strong, consistent winds, found on open land, offshore and at height. (https://www.energy.gov/cmei/articles/unlocking-our-nations-wind-potential)","one-page"
"fact.everyday_technology.wind_height","source.eia_where_wind","unverified","Wind speeds are generally higher farther above the ground, which is why turbines stand on tall towers.","https://www.eia.gov/energyexplained/wind/where-wind-power-is-harnessed.php","L16 card.everyday_technology.016.c4","L20 question.everyday_technology.020.q5","","","","","","corroborated","DOE: taller towers reach stronger, more consistent winds found high above the ground, where there is less friction from trees and buildings. (https://www.energy.gov/cmei/wind/articles/wind-turbines-bigger-better)","one-page"
"fact.everyday_technology.wind_top_states_2025","source.eia_where_wind","unverified","In 2025, Texas, Iowa, Oklahoma, Kansas and Illinois produced about 52% of US wind electricity, and wind made about a tenth (about 10% to 11%) of US utility-scale electricity.","https://www.eia.gov/energyexplained/wind/where-wind-power-is-harnessed.php","L16 card.everyday_technology.016.c4","L20 question.everyday_technology.020.q5","","","","","","corroborated","EIA's wind pages give wind 464 billion kWh, about 10% to 11% of 2025 US utility-scale generation; Visual Capitalist's state map shows Texas, Iowa and Oklahoma leading. (https://www.visualcapitalist.com/mapped-u-s-wind-electricity-generation-by-state/)","one-page"
"fact.everyday_technology.wind_top_states_2025","source.eia_electricity_in_us","unverified","In 2025, Texas, Iowa, Oklahoma, Kansas and Illinois produced about 52% of US wind electricity, and wind made about a tenth (about 10% to 11%) of US utility-scale electricity.","https://www.eia.gov/energyexplained/electricity/electricity-in-the-us.php","L16 card.everyday_technology.016.c4","L20 question.everyday_technology.020.q5","","","","","","corroborated","EIA's wind pages give wind 464 billion kWh, about 10% to 11% of 2025 US utility-scale generation; Visual Capitalist's state map shows Texas, Iowa and Oklahoma leading. (https://www.visualcapitalist.com/mapped-u-s-wind-electricity-generation-by-state/)","one-page"
"fact.everyday_technology.solar_overtook_wind_2025","source.iea_ger2026_solar_wind","unverified","In 2025, solar PV overtook wind as a source of world electricity for the first time, according to the International Energy Agency.","https://www.iea.org/reports/global-energy-review-2026/technology-solar-pv-and-wind","L17 card.everyday_technology.017.c1","L20 question.everyday_technology.020.q2","","","","","","corroborated","Ember's Global Electricity Review 2026: solar overtook wind power for the first time globally in 2025. (https://ember-energy.org/latest-insights/global-electricity-review-2026/)","one-page"
"fact.everyday_technology.solar_pv_how","source.eia_pv_electricity","unverified","A PV cell is made of a semiconductor; when it absorbs enough sunlight, electrons are knocked loose and move toward the front surface, creating a charge imbalance like a battery's two terminals, and connecting the cell into a circuit lets current flow.","https://www.eia.gov/energyexplained/solar/photovoltaics-and-electricity.php","L17 card.everyday_technology.017.c2","L17 question.everyday_technology.017.q1; L17 question.everyday_technology.017.q3; L20 question.everyday_technology.020.q2","","","","","","corroborated","Britannica's solar cell article: light excites electrons in the absorber layer to a state in which they can move through the solid, producing current. (https://www.britannica.com/technology/solar-cell)","one-page"
"fact.everyday_technology.solar_bell_1954","source.eia_pv_electricity","unverified","The first practical photovoltaic cell was developed in 1954 by Bell Telephone researchers.","https://www.eia.gov/energyexplained/solar/photovoltaics-and-electricity.php","L17 card.everyday_technology.017.c4","L20 question.everyday_technology.020.q3","","","","","","corroborated","APS News and the IEEE milestone record Bell Laboratories' demonstration of the first practical silicon solar cell in April 1954. (https://www.aps.org/apsnews/2009/04/bell-labs-silicon-solar-cell https://ethw.org/Milestones:First_Practical_Photovoltaic_Solar_Cell)",""
"fact.everyday_technology.solar_efficiency","source.eia_pv_electricity","unverified","The efficiency of commercial PV panels (the share of sunlight they turn into electricity) averaged under 10% in the mid-1980s, about 15% by 2015, and is approaching 25% for state-of-the-art modules.","https://www.eia.gov/energyexplained/solar/photovoltaics-and-electricity.php","L17 card.everyday_technology.017.c4","L20 question.everyday_technology.020.q3","","","","","","corroborated","Britannica: most current photovoltaic cells have an energy efficiency of about 20 percent. (https://www.britannica.com/technology/solar-cell)","one-page"
"fact.everyday_technology.solar_battery_night","source.eia_pv_electricity","unverified","PV systems can charge batteries to provide electricity when the sun is not shining.","https://www.eia.gov/energyexplained/solar/photovoltaics-and-electricity.php","L17 card.everyday_technology.017.c4; L18 card.everyday_technology.018.c1; L20 card.everyday_technology.020.c2","L20 question.everyday_technology.020.q3","","","","","","corroborated","EIA Today in Energy: in California, batteries charged by excess midday solar supply electricity in the evening as solar declines. (https://www.eia.gov/todayinEnergy/detail.php?id=66704)","one-page"
"fact.everyday_technology.solar_dc_inverter","source.eia_pv_electricity","unverified","PV cells make direct current (DC); inverters convert it to alternating current (AC).","https://www.eia.gov/energyexplained/solar/photovoltaics-and-electricity.php","L17 card.everyday_technology.017.c3","L17 question.everyday_technology.017.q2","","","","","","corroborated","DOE's 'Solar Integration: Inverters and Grid Services Basics': an inverter converts the DC electricity a solar panel generates to the AC the grid uses. (https://www.energy.gov/cmei/systems/solar-integration-inverters-and-grid-services-basics)","one-page"
"fact.everyday_technology.solar_panels_arrays","source.eia_pv_electricity","unverified","PV cells are connected in weather-tight panels, and panels are grouped into arrays.","https://www.eia.gov/energyexplained/solar/photovoltaics-and-electricity.php","L17 card.everyday_technology.017.c3","L17 question.everyday_technology.017.q2","","","","","","corroborated","DOE solar basics describe cells assembled into panels (modules) and panels combined into arrays. (https://www.energy.gov/cmei/systems/solar-integration-inverters-and-grid-services-basics)","one-page"
"fact.everyday_technology.storage_battery_growth","source.eia_energy_storage","unverified","US utility-scale battery capacity grew from about 8.8 gigawatts (about 9 billion watts) at the end of 2022 to 43.6 gigawatts (about 44 billion watts) at the end of 2025, about five times as much.","https://www.eia.gov/energyexplained/electricity/energy-storage-for-electricity-generation.php","L18 card.everyday_technology.018.c1","","","","","","","corroborated","EIA Today in Energy reported US battery capacity grew 66% in 2024; Electrek's coverage of EIA data reports about 43.6 GW operating at the end of 2025. (https://www.eia.gov/todayinenergy/detail.php?id=64705 https://electrek.co/2026/04/27/eia-80-gw-of-new-solar-wind-storage-capacity-coming-in-2026/)",""
"fact.everyday_technology.storage_battery_growth","source.eia_battery_growth","unverified","US utility-scale battery capacity grew from about 8.8 gigawatts (about 9 billion watts) at the end of 2022 to 43.6 gigawatts (about 44 billion watts) at the end of 2025, about five times as much.","https://www.eia.gov/todayinenergy/detail.php?id=67925","L18 card.everyday_technology.018.c1","","","","","","","corroborated","EIA Today in Energy reported US battery capacity grew 66% in 2024; Electrek's coverage of EIA data reports about 43.6 GW operating at the end of 2025. (https://www.eia.gov/todayinenergy/detail.php?id=64705 https://electrek.co/2026/04/27/eia-80-gw-of-new-solar-wind-storage-capacity-coming-in-2026/)",""
"fact.everyday_technology.storage_secondary","source.eia_energy_storage","unverified","Energy storage systems make no electricity of their own: they must be charged with electricity from generators or the grid, and they use more electricity for charging than they give back.","https://www.eia.gov/energyexplained/electricity/energy-storage-for-electricity-generation.php","L18 card.everyday_technology.018.c2","L18 question.everyday_technology.018.q2","","","","","","corroborated","EIA's 'Batteries are a fast-growing secondary electricity source' article: batteries store electricity already generated and are secondary sources. (https://www.eia.gov/todayinenergy/detail.php?id=63025)","one-page"
"fact.everyday_technology.storage_types","source.eia_energy_storage","unverified","Grid storage systems in use keep energy in other forms: water pumped uphill, batteries (electrochemical), heat, compressed air and flywheels.","https://www.eia.gov/energyexplained/electricity/energy-storage-for-electricity-generation.php","L18 card.everyday_technology.018.c2","L18 question.everyday_technology.018.q2","","","","","","corroborated","IHA's pumped storage factsheet and EIA battery articles describe storage as converting electricity to gravitational (water) or chemical (battery) energy and back. (https://www.hydropower.org/factsheets/pumped-storage)","one-page"
"fact.everyday_technology.storage_california_evening","source.eia_california_batteries","unverified","In California, batteries charged with extra midday solar supplied an average of 4.9 GW during the 5 to 9 p.m. evening peak in 2025, up from under 1 GW in 2022, displacing natural gas generation.","https://www.eia.gov/todayinEnergy/detail.php?id=66704","L18 card.everyday_technology.018.c4","L18 question.everyday_technology.018.q3; L20 question.everyday_technology.020.q3","","","","","","corroborated","EIA Today in Energy (duration of utility-scale batteries) notes daily-cycling batteries store midday solar and discharge during evening peak hours as solar declines. (https://www.eia.gov/todayinenergy/detail.php?id=51798)","one-page"
"fact.everyday_technology.storage_pumped","source.eia_energy_storage","unverified","Pumped-storage hydropower uses grid electricity to run turbines in reverse, pumping water up to a storage reservoir; when needed, the water flows back down through the turbines to generate electricity.","https://www.eia.gov/energyexplained/electricity/energy-storage-for-electricity-generation.php","L18 card.everyday_technology.018.c3","L18 question.everyday_technology.018.q1","","","","","","corroborated","IHA's pumped storage factsheet: water is pumped to an upper reservoir when power is plentiful and released through turbines when needed. (https://www.hydropower.org/factsheets/pumped-storage)","one-page"
"fact.everyday_technology.storage_rocky_river","source.eia_energy_storage","unverified","Rocky River in Connecticut, the oldest US pumped-storage plant, began pumping water in 1928.","https://www.eia.gov/energyexplained/electricity/energy-storage-for-electricity-generation.php","L18 card.everyday_technology.018.c3","L18 question.everyday_technology.018.q1","","","","","","corroborated","ASCE's landmark page on Rocky River Pumped Storage: the first major US pumped-storage project; its station began pumping water into Candlewood Lake in February 1928. (https://www.asce.org/about-civil-engineering/history-and-heritage/historic-landmarks/rocky-river-pumped-storage-hydraulic-plant)","one-page"
"fact.everyday_technology.climate_greenhouse","source.nasa_co2_indicator","unverified","Greenhouse gases such as carbon dioxide trap heat from sunlight, warming the planet.","https://science.nasa.gov/earth/explore/earth-indicators/carbon-dioxide/","L19 card.everyday_technology.019.c2","L19 question.everyday_technology.019.q1","","","","","","corroborated","NOAA Climate.gov: CO2 traps heat radiating from the planet's surface that would otherwise escape to space, warming the atmosphere. (https://www.climate.gov/news-features/understanding-climate/climate-change-atmospheric-carbon-dioxide)","one-page"
"fact.everyday_technology.climate_greenhouse","source.nasa_greenhouse_effect","unverified","Greenhouse gases such as carbon dioxide trap heat from sunlight, warming the planet.","https://science.nasa.gov/climate-change/faq/what-is-the-greenhouse-effect/","L19 card.everyday_technology.019.c2","L19 question.everyday_technology.019.q1","","","","","","corroborated","NOAA Climate.gov: CO2 traps heat radiating from the planet's surface that would otherwise escape to space, warming the atmosphere. (https://www.climate.gov/news-features/understanding-climate/climate-change-atmospheric-carbon-dioxide)","one-page"
"fact.everyday_technology.climate_co2_rise","source.nasa_co2_indicator","unverified","Carbon dioxide in the air has risen by more than 50% since industrial times began in the 18th century, mainly from burning coal, oil and gas.","https://science.nasa.gov/earth/explore/earth-indicators/carbon-dioxide/","L19 card.everyday_technology.019.c2","L19 question.everyday_technology.019.q1","","","","","","corroborated","NOAA: carbon dioxide is now more than 50% higher than pre-industrial levels (about 280 ppm), driven by burning fossil fuels. (https://www.noaa.gov/news-release/carbon-dioxide-now-more-than-50-higher-than-pre-industrial-levels)","one-page"
"fact.everyday_technology.climate_ipcc_warming","source.ipcc_ar6_syr_spm","unverified","The IPCC, the UN body that assesses climate science, finds that human activities, principally greenhouse gas emissions, have unequivocally caused global warming, with global surface temperature about 1.1°C above 1850–1900 in 2011–2020.","https://www.ipcc.ch/report/ar6/syr/summary-for-policymakers/","L19 card.everyday_technology.019.c2","L19 question.everyday_technology.019.q1","","","","","","corroborated","Carbon Brief's Q&A on the AR6 Synthesis Report quotes the same finding: unequivocal human-caused warming of 1.1C above 1850-1900 in 2011-2020. (https://www.carbonbrief.org/qa-ipcc-wraps-up-its-most-in-depth-assessment-of-climate-change)","one-page"
"fact.everyday_technology.climate_coal_co2_kwh","source.eia_co2_per_kwh","unverified","In 2023, US coal-fired electricity released about 2.3 pounds (2.31) of CO2 per kilowatt-hour and natural gas about 0.96 pounds, less than half as much.","https://www.eia.gov/tools/faqs/faq.php?id=74&t=11","L19 card.everyday_technology.019.c1","L19 question.everyday_technology.019.q3","","","","","","corroborated","EIA Today in Energy (2021): coal generation produced 2,257 pounds of CO2 per MWh and natural gas less than half that, 976 pounds per MWh. (https://www.eia.gov/todayinenergy/detail.php?id=48296)","one-page"
"fact.everyday_technology.climate_lifecycle","source.ipcc_ar5_annex3","unverified","Over a plant's whole life, the IPCC's 2014 review found median emissions of about 820 grams of CO2-equivalent per kilowatt-hour for coal, 490 for gas combined cycle, 48 for utility solar, 24 for hydropower, 12 for nuclear and 11 for onshore wind.","https://www.ipcc.ch/site/assets/uploads/2018/02/ipcc_wg3_ar5_annex-iii.pdf","L19 card.everyday_technology.019.c3; L20 card.everyday_technology.020.c2","L19 question.everyday_technology.019.q2","","","","","","corroborated","The Wikipedia summary of life-cycle emissions reproduces the same IPCC AR5 medians (coal 820, gas 490, solar utility 48, hydro 24, nuclear 12, onshore wind 11 gCO2eq/kWh). (https://en.wikipedia.org/wiki/Life-cycle_greenhouse_gas_emissions_of_energy_sources)","one-page weak-pages"
"fact.everyday_technology.climate_coal_vs_wind","source.ipcc_ar5_annex3","unverified","Coal's median lifecycle emissions (820 grams per kWh) are more than 70 times onshore wind's (11 grams); 820 / 11 is about 75.","https://www.ipcc.ch/site/assets/uploads/2018/02/ipcc_wg3_ar5_annex-iii.pdf","L19 card.everyday_technology.019.c3","L19 question.everyday_technology.019.q2","","","","","","corroborated","Exact arithmetic from the corroborated IPCC AR5 medians for coal (820) and onshore wind (11). (https://en.wikipedia.org/wiki/Life-cycle_greenhouse_gas_emissions_of_energy_sources)","one-page weak-pages"
"fact.everyday_technology.climate_build_emissions","source.ipcc_ar5_annex3","unverified","Wind, solar and nuclear power have zero direct emissions; their lifecycle emissions come mostly from building the plants and their supply chains.","https://www.ipcc.ch/site/assets/uploads/2018/02/ipcc_wg3_ar5_annex-iii.pdf","L19 card.everyday_technology.019.c3; L20 card.everyday_technology.020.c2","L19 question.everyday_technology.019.q2","","","","","","corroborated","EIA says nuclear reactors emit no CO2 while operating; IAEA shows nuclear's CO2 only on a life-cycle basis, from construction and fuel supply. (https://www.eia.gov/energyexplained/nuclear/nuclear-power-and-the-environment.php https://www.iaea.org/sites/default/files/uranium_more-energy-fewer-emissions.pdf)",""
"fact.everyday_technology.climate_paris","source.un_paris_agreement","unverified","In the 2015 Paris Agreement, countries agreed to aim to hold global warming well below 2°C above pre-industrial levels and to pursue efforts to limit it to 1.5°C.","https://www.un.org/en/climatechange/paris-agreement","L19 card.everyday_technology.019.c4","L20 question.everyday_technology.020.q4","","","","","","corroborated","UNFCCC 'Key aspects of the Paris Agreement': adopted by 195 Parties in December 2015 to hold warming well below 2C and pursue 1.5C. (https://unfccc.int/most-requested/key-aspects-of-the-paris-agreement)","one-page"
"fact.everyday_technology.climate_views","source.opec_woo2025","unverified","OPEC projects that oil demand will keep growing to almost 123 million barrels a day by 2050 and stresses the need for continued investment in oil; Greenpeace calls for a fast and fair phase-out of coal, oil and gas.","https://www.opec.org/pr-detail/1518570-10-july-2025.html","L19 card.everyday_technology.019.c4","L20 question.everyday_technology.020.q4","","","","","","corroborated","Marketplace (July 2025) reports OPEC projecting oil demand growth through 2050 with other groups disagreeing; Greenpeace USA's '8 reasons' page calls for phasing out the fossil fuel industry. (https://www.marketplace.org/story/2025/07/10/opec-predicts-oil-demand-will-continue-climbing-through-2050 https://www.greenpeace.org/usa/8-reasons-why-we-need-to-phase-out-the-fossil-fuel-industry/)",""
"fact.everyday_technology.climate_views","source.greenpeace_fossil_phaseout","unverified","OPEC projects that oil demand will keep growing to almost 123 million barrels a day by 2050 and stresses the need for continued investment in oil; Greenpeace calls for a fast and fair phase-out of coal, oil and gas.","https://www.greenpeace.org/international/press-release/64262/cop28-must-answer-call-fossil-fuel-phase-out/","L19 card.everyday_technology.019.c4","L20 question.everyday_technology.020.q4","","","","","","corroborated","Marketplace (July 2025) reports OPEC projecting oil demand growth through 2050 with other groups disagreeing; Greenpeace USA's '8 reasons' page calls for phasing out the fossil fuel industry. (https://www.marketplace.org/story/2025/07/10/opec-predicts-oil-demand-will-continue-climbing-through-2050 https://www.greenpeace.org/usa/8-reasons-why-we-need-to-phase-out-the-fossil-fuel-industry/)",""
"fact.everyday_technology.mix_world_2025","source.iea_ger2026_electricity","unverified","In 2025, coal made about 34% (about a third) of the world's electricity, renewables together about a third, and natural gas about a fifth.","https://www.iea.org/reports/global-energy-review-2026/electricity-supply","L20 card.everyday_technology.020.c1; L20 card.everyday_technology.020.c3","L20 question.everyday_technology.020.q1","","","","","","corroborated","Ember's Global Electricity Review 2026 gives 2025 shares of renewables 33.8%, coal 33.0% and gas 21.8%. (https://ember-energy.org/latest-insights/global-electricity-review-2026/)","one-page"
"fact.everyday_technology.mix_low_emissions_2025","source.iea_ger2026_electricity","unverified","Low-emissions sources, renewables plus nuclear, made more than 40% of the world's electricity in 2025, according to the IEA.","https://www.iea.org/reports/global-energy-review-2026/electricity-supply","L20 card.everyday_technology.020.c3","L20 question.everyday_technology.020.q1","","","","","","corroborated","Ember: renewables 33.8% of 2025 generation; World Nuclear Association: nuclear about 9%; together about 43%. (https://ember-energy.org/latest-insights/global-electricity-review-2026/ https://world-nuclear.org/information-library/current-and-future-generation/nuclear-power-in-the-world-today)",""
"fact.everyday_technology.motion_archimedes_ship","source.brit_pulley","unverified","Plutarch reported that Archimedes (3rd century BCE) moved a loaded ship on land with a system of compound pulleys; the story cannot be checked.","https://www.britannica.com/technology/pulley","L21 card.everyday_technology.021.c1; L21 card.everyday_technology.021.c3","L27 question.everyday_technology.027.q3","","","","","","corroborated","MacTutor (St Andrews) quotes Plutarch: Archimedes drew a laden merchant ship toward him using compound pulleys. (https://mathshistory.st-andrews.ac.uk/Biographies/Archimedes/ https://math.nyu.edu/Archimedes/Siege/Plutarch.html)",""
"fact.everyday_technology.motion_six_simple_machines","source.brit_simple_machine","unverified","The six classical simple machines are the lever, wheel and axle, pulley, inclined plane, wedge and screw.","https://www.britannica.com/technology/simple-machine","L21 card.everyday_technology.021.c2","L21 question.everyday_technology.021.q2","","","","","","corroborated","TeachEngineering lists the same six simple machines. (https://www.teachengineering.org/lessons/cub_simple_lesson05)","one-page"
"fact.everyday_technology.motion_lever_law","source.brit_simple_machine","unverified","A lever turns on a pivot (fulcrum); force times distance from the fulcrum balances on each side, so an effort five times farther out than the load is multiplied five times.","https://www.britannica.com/technology/simple-machine","L21 card.everyday_technology.021.c2","L21 question.everyday_technology.021.q2","","","","","","corroborated","Britannica (Archimedes) gives the law of the lever: magnitudes balance at distances from the fulcrum in inverse ratio to their weights. (https://www.britannica.com/biography/Archimedes)","one-page"
"fact.everyday_technology.motion_lever_law","source.openstax_simple_machines","unverified","A lever turns on a pivot (fulcrum); force times distance from the fulcrum balances on each side, so an effort five times farther out than the load is multiplied five times.","https://openstax.org/books/college-physics-2e/pages/9-5-simple-machines","L21 card.everyday_technology.021.c2","L21 question.everyday_technology.021.q2","","","","","","corroborated","Britannica (Archimedes) gives the law of the lever: magnitudes balance at distances from the fulcrum in inverse ratio to their weights. (https://www.britannica.com/biography/Archimedes)","one-page"
"fact.everyday_technology.motion_wheel_axle","source.brit_simple_machine","unverified","In a wheel and axle, force applied at the large wheel is multiplied at the axle by the ratio of their radii.","https://www.britannica.com/technology/simple-machine","L21 card.everyday_technology.021.c3","L27 question.everyday_technology.027.q3","","","","","","corroborated","OpenStax and Britannica independently give the mechanical advantage of a wheel and axle (crank) as the ratio of the radii. (https://openstax.org/books/college-physics-2e/pages/9-5-simple-machines)","one-page"
"fact.everyday_technology.motion_wheel_axle","source.openstax_simple_machines","unverified","In a wheel and axle, force applied at the large wheel is multiplied at the axle by the ratio of their radii.","https://openstax.org/books/college-physics-2e/pages/9-5-simple-machines","L21 card.everyday_technology.021.c3","L27 question.everyday_technology.027.q3","","","","","","corroborated","OpenStax and Britannica independently give the mechanical advantage of a wheel and axle (crank) as the ratio of the radii. (https://openstax.org/books/college-physics-2e/pages/9-5-simple-machines)","one-page"
"fact.everyday_technology.motion_pulley_strands","source.openstax_simple_machines","unverified","The mechanical advantage of a pulley system is about the number of rope strands supporting the load: with 4 strands, you pull with about a quarter of the force.","https://openstax.org/books/college-physics-2e/pages/9-5-simple-machines","L21 card.everyday_technology.021.c3","L21 question.everyday_technology.021.q1","","","","","","corroborated","Wikipedia (Block and tackle) and rigging guides state the ideal mechanical advantage equals the number of rope parts supporting the load. (https://en.wikipedia.org/wiki/Block_and_tackle)","one-page weak-pages"
"fact.everyday_technology.motion_pulley_strands","source.teachengineering_pulleys","unverified","The mechanical advantage of a pulley system is about the number of rope strands supporting the load: with 4 strands, you pull with about a quarter of the force.","https://www.teachengineering.org/lessons/cub_simple_lesson05","L21 card.everyday_technology.021.c3","L21 question.everyday_technology.021.q1","","","","","","corroborated","Wikipedia (Block and tackle) and rigging guides state the ideal mechanical advantage equals the number of rope parts supporting the load. (https://en.wikipedia.org/wiki/Block_and_tackle)","one-page weak-pages"
"fact.everyday_technology.motion_work_tradeoff","source.openstax_simple_machines","unverified","A machine cannot do more work than the energy put into it: with 4 supporting strands you pull 4 meters of rope to lift a load 1 meter, and friction takes a little extra.","https://openstax.org/books/college-physics-2e/pages/9-5-simple-machines","L21 card.everyday_technology.021.c4; L27 card.everyday_technology.027.c3; L30 card.everyday_technology.030.c3; L30 card.everyday_technology.030.c4","L21 question.everyday_technology.021.q3; L30 question.everyday_technology.030.q4","","","","","","corroborated","The Physics Classroom and TeachEngineering both explain that simple machines reduce force but increase distance, with work in at least equal to work out. (https://www.teachengineering.org/lessons/cub_simple_lesson05)","one-page"
"fact.everyday_technology.motion_work_tradeoff","source.teachengineering_pulleys","unverified","A machine cannot do more work than the energy put into it: with 4 supporting strands you pull 4 meters of rope to lift a load 1 meter, and friction takes a little extra.","https://www.teachengineering.org/lessons/cub_simple_lesson05","L21 card.everyday_technology.021.c4; L27 card.everyday_technology.027.c3; L30 card.everyday_technology.030.c3; L30 card.everyday_technology.030.c4","L21 question.everyday_technology.021.q3; L30 question.everyday_technology.030.q4","","","","","","corroborated","The Physics Classroom and TeachEngineering both explain that simple machines reduce force but increase distance, with work in at least equal to work out. (https://www.teachengineering.org/lessons/cub_simple_lesson05)","one-page"
"fact.everyday_technology.motion_newcomen_1712","source.brit_newcomen","unverified","The first recorded Newcomen engine was built near Dudley Castle, England, in 1712; such engines pumped water out of mines, a job horses did at high cost.","https://www.britannica.com/biography/Thomas-Newcomen","L22 card.everyday_technology.022.c1","L22 question.everyday_technology.022.q1","","","","","","corroborated","Linda Hall Library and Science Museum Group both describe the 1712 Dudley Castle engine pumping water from a coal mine. (https://www.lindahall.org/about/news/scientist-of-the-day/thomas-newcomen/ https://collection.sciencemuseumgroup.org.uk/objects/co50900/newcomen-atmospheric-engine)",""
"fact.everyday_technology.motion_newcomen_1712","source.smg_newcomen_engine","unverified","The first recorded Newcomen engine was built near Dudley Castle, England, in 1712; such engines pumped water out of mines, a job horses did at high cost.","https://collection.sciencemuseumgroup.org.uk/objects/co50900/newcomen-atmospheric-engine","L22 card.everyday_technology.022.c1","L22 question.everyday_technology.022.q1","","","","","","corroborated","Linda Hall Library and Science Museum Group both describe the 1712 Dudley Castle engine pumping water from a coal mine. (https://www.lindahall.org/about/news/scientist-of-the-day/thomas-newcomen/ https://collection.sciencemuseumgroup.org.uk/objects/co50900/newcomen-atmospheric-engine)",""
"fact.everyday_technology.motion_steam_heat_engine","source.brit_steam_engine","unverified","A steam engine uses steam to do mechanical work through heat: hot steam, usually made in a separate boiler, pushes a piston in a cylinder.","https://www.britannica.com/technology/steam-engine","L22 card.everyday_technology.022.c2; L24 card.everyday_technology.024.c2; L30 card.everyday_technology.030.c3","L30 question.everyday_technology.030.q3","","","","","","corroborated","Michigan State engineering notes and the Science Museum describe boiler-made steam acting on a piston in a cylinder. (https://www.egr.msu.edu/~lira/supp/steam/newcomen.htm)","one-page"
"fact.everyday_technology.motion_newcomen_how","source.brit_newcomen","unverified","In Newcomen's engine, a spray of cold water condensed the steam in the cylinder, leaving a partial vacuum, and atmospheric pressure pushed the piston down.","https://www.britannica.com/biography/Thomas-Newcomen","L22 card.everyday_technology.022.c2","L30 question.everyday_technology.030.q3","","","","","","corroborated","Linda Hall Library and Michigan State notes describe water sprayed into the cylinder to condense steam so air pressure drove the piston down. (https://www.lindahall.org/about/news/scientist-of-the-day/thomas-newcomen/ https://www.egr.msu.edu/~lira/supp/steam/newcomen.htm)",""
"fact.everyday_technology.motion_newcomen_how","source.smg_newcomen_engine","unverified","In Newcomen's engine, a spray of cold water condensed the steam in the cylinder, leaving a partial vacuum, and atmospheric pressure pushed the piston down.","https://collection.sciencemuseumgroup.org.uk/objects/co50900/newcomen-atmospheric-engine","L22 card.everyday_technology.022.c2","L30 question.everyday_technology.030.q3","","","","","","corroborated","Linda Hall Library and Michigan State notes describe water sprayed into the cylinder to condense steam so air pressure drove the piston down. (https://www.lindahall.org/about/news/scientist-of-the-day/thomas-newcomen/ https://www.egr.msu.edu/~lira/supp/steam/newcomen.htm)",""
"fact.everyday_technology.motion_watt_separate_condenser","source.brit_james_watt","unverified","James Watt conceived the separate condenser in 1765 and patented it in 1769; condensing steam outside the cylinder avoided heating and cooling it each stroke and cut fuel costs.","https://www.britannica.com/biography/James-Watt","L22 card.everyday_technology.022.c3","L22 question.everyday_technology.022.q2; L23 question.everyday_technology.023.q3","","","","","","corroborated","The Science Museum blog and EBSCO Research Starters describe the 1765 idea, 1769 patent and large fuel savings of the separate condenser. (https://blog.sciencemuseum.org.uk/james-watt-and-the-separate-condenser/ https://www.ebsco.com/research-starters/history/watts-steam-engine/)",""
"fact.everyday_technology.motion_watt_separate_condenser","source.brit_steam_engine","unverified","James Watt conceived the separate condenser in 1765 and patented it in 1769; condensing steam outside the cylinder avoided heating and cooling it each stroke and cut fuel costs.","https://www.britannica.com/technology/steam-engine","L22 card.everyday_technology.022.c3","L22 question.everyday_technology.022.q2; L23 question.everyday_technology.023.q3","","","","","","corroborated","The Science Museum blog and EBSCO Research Starters describe the 1765 idea, 1769 patent and large fuel savings of the separate condenser. (https://blog.sciencemuseum.org.uk/james-watt-and-the-separate-condenser/ https://www.ebsco.com/research-starters/history/watts-steam-engine/)",""
"fact.everyday_technology.motion_watt_rotary_1781","source.brit_james_watt","unverified","In 1781 Watt's sun-and-planet gear let his engine turn a shaft, so it could drive factory machines as well as pumps.","https://www.britannica.com/biography/James-Watt","L22 card.everyday_technology.022.c3; L23 card.everyday_technology.023.c3","L22 question.everyday_technology.022.q2; L23 question.everyday_technology.023.q3","","","","","","corroborated","Britannica (sun-and-planet gear) and Wikipedia (Watt steam engine) describe the 1781 rotary motion letting engines drive mills directly. (https://www.britannica.com/technology/sun-and-planet-gear https://en.wikipedia.org/wiki/Watt_steam_engine)",""
"fact.everyday_technology.motion_watt_unit_named","source.brit_james_watt","unverified","The watt, the SI unit of power (one joule per second), is named for James Watt to honor his work on engine efficiency.","https://www.britannica.com/biography/James-Watt","L22 card.everyday_technology.022.c4; L30 card.everyday_technology.030.c2","L22 question.everyday_technology.022.q3","","","","","","corroborated","NIST SP 330 lists the watt (W = J/s) as the SI unit of power; Wikipedia notes it is named after James Watt. (https://en.wikipedia.org/wiki/Watt)","one-page weak-pages"
"fact.everyday_technology.motion_indrev_definition","source.brit_industrial_revolution","unverified","The first Industrial Revolution, mostly in Britain from the mid-18th century to about 1830, changed an agrarian, handicraft economy into one dominated by industry and machine manufacturing.","https://www.britannica.com/event/Industrial-Revolution","L23 card.everyday_technology.023.c2","L23 question.everyday_technology.023.q2","","","","","","corroborated","History.com and Wikipedia date the start of the Industrial Revolution to Britain in the mid-to-late 1700s. (https://en.wikipedia.org/wiki/Industrial_Revolution)","one-page weak-pages"
"fact.everyday_technology.motion_textile_machines","source.brit_industrial_revolution","unverified","Machines such as the spinning jenny and the power loom increased production with less human effort.","https://www.britannica.com/event/Industrial-Revolution","L23 card.everyday_technology.023.c2","L23 question.everyday_technology.023.q2","","","","","","corroborated","The National Archives education pages describe spinning and weaving machines raising textile output. (https://www.nationalarchives.gov.uk/education/resources/georgian-britain-age-modernity/arkwrights-spinning-frame/)","one-page"
"fact.everyday_technology.motion_domestic_to_mill","source.sim_arkwright","unverified","Before Arkwright's mills most cotton spinning was done at home; he moved it into huge powered mills with hundreds of workers.","https://www.scienceandindustrymuseum.org.uk/objects-and-stories/richard-arkwright","L23 card.everyday_technology.023.c1","","","","","","","corroborated","Cromford Mill histories state most cotton was produced by the domestic system, in homes, before Arkwright. (https://en.wikipedia.org/wiki/Cromford_Mill)","one-page weak-pages"
"fact.everyday_technology.motion_cromford_1771","source.derwentvalleymills_cromford","unverified","In 1771 Arkwright began building a water-powered cotton-spinning mill at Cromford, beside the fast-flowing River Derwent.","https://www.derwentvalleymills.org/discover/derwent-valley-mills-history/derwent-valley-mills-key-sites/cromford-mill-complex/","L23 card.everyday_technology.023.c2","L23 question.everyday_technology.023.q2","","","","","","corroborated","Wikipedia (Cromford Mill) and WorldAtlas describe Cromford Mill, 1771, as the first water-powered cotton spinning mill. (https://en.wikipedia.org/wiki/Cromford_Mill https://www.worldatlas.com/articles/derwent-valley-mills-a-unesco-world-heritage-site-in-the-uk.html)",""
"fact.everyday_technology.motion_cromford_1771","source.sim_arkwright","unverified","In 1771 Arkwright began building a water-powered cotton-spinning mill at Cromford, beside the fast-flowing River Derwent.","https://www.scienceandindustrymuseum.org.uk/objects-and-stories/richard-arkwright","L23 card.everyday_technology.023.c2","L23 question.everyday_technology.023.q2","","","","","","corroborated","Wikipedia (Cromford Mill) and WorldAtlas describe Cromford Mill, 1771, as the first water-powered cotton spinning mill. (https://en.wikipedia.org/wiki/Cromford_Mill https://www.worldatlas.com/articles/derwent-valley-mills-a-unesco-world-heritage-site-in-the-uk.html)",""
"fact.everyday_technology.motion_factory_system_def","source.brit_industrial_revolution","unverified","The factory system brought increased division of labor: each worker specialized in part of the job.","https://www.britannica.com/event/Industrial-Revolution","L23 card.everyday_technology.023.c2","L23 question.everyday_technology.023.q2","","","","","","corroborated","Lumen World History describes the factory system as centralized production with division of labor. (https://courses.lumenlearning.com/suny-worldhistory/chapter/25-3-3-the-spread-of-steam-power/)","one-page"
"fact.everyday_technology.motion_steam_frees_mills","source.pnasnexus_waterpower_steam","unverified","Water power tied mills to suitable rivers; steam engines let mill owners build near existing pools of workers, and cities grew.","https://pmc.ncbi.nlm.nih.gov/articles/PMC11249955/","L23 card.everyday_technology.023.c3","L23 question.everyday_technology.023.q2; L23 question.everyday_technology.023.q3","","","","","","corroborated","Lumen World History and Wikipedia (Steam power during the Industrial Revolution) say steam let factories be built away from rivers, in towns. (https://courses.lumenlearning.com/suny-worldhistory/chapter/25-3-3-the-spread-of-steam-power/ https://en.wikipedia.org/wiki/Steam_power_during_the_Industrial_Revolution)",""
"fact.everyday_technology.motion_steam_frees_mills","source.brit_industrial_revolution","unverified","Water power tied mills to suitable rivers; steam engines let mill owners build near existing pools of workers, and cities grew.","https://www.britannica.com/event/Industrial-Revolution","L23 card.everyday_technology.023.c3","L23 question.everyday_technology.023.q2; L23 question.everyday_technology.023.q3","","","","","","corroborated","Lumen World History and Wikipedia (Steam power during the Industrial Revolution) say steam let factories be built away from rivers, in towns. (https://courses.lumenlearning.com/suny-worldhistory/chapter/25-3-3-the-spread-of-steam-power/ https://en.wikipedia.org/wiki/Steam_power_during_the_Industrial_Revolution)",""
"fact.everyday_technology.motion_arkwright_manchester_steam","source.sim_arkwright","unverified","Arkwright's Miller Street mill in Manchester was the first spinning mill to make use of steam power.","https://www.scienceandindustrymuseum.org.uk/objects-and-stories/richard-arkwright","L23 card.everyday_technology.023.c3","L23 question.everyday_technology.023.q2; L23 question.everyday_technology.023.q3","","","","","","corroborated","Industrial Archaeology Review (Shudehill Mill) calls it Manchester's first steam-powered cotton mill, on a site chosen away from any river. (https://www.tandfonline.com/doi/full/10.1080/03090728.2016.1266214)","one-page"
"fact.everyday_technology.motion_arkwright_shifts","source.sim_arkwright","unverified","In the earliest days of Arkwright's mills, production went on around the clock, with two 13-hour shifts a day.","https://www.scienceandindustrymuseum.org.uk/objects-and-stories/richard-arkwright","L23 card.everyday_technology.023.c1","","","","","","","corroborated","Wikipedia (Cromford Mill) describes two 13-hour shifts with bells and gates shut at 6 a.m. and 6 p.m. (https://en.wikipedia.org/wiki/Cromford_Mill)","one-page weak-pages"
"fact.everyday_technology.motion_indrev_conditions","source.brit_industrial_revolution","unverified","Industrial workers faced long hours of tedious and often dangerous work at subsistence wages, and children worked in the mills too.","https://www.britannica.com/event/Industrial-Revolution","L23 card.everyday_technology.023.c4","L23 question.everyday_technology.023.q1","","","","","","corroborated","Wikipedia (Cromford Mill) records large numbers of child workers; UK Parliament pages describe harsh mill conditions before 1833. (https://en.wikipedia.org/wiki/Cromford_Mill https://www.parliament.uk/about/living-heritage/transformingsociety/livinglearning/19thcentury/overview/factoryact/)",""
"fact.everyday_technology.motion_indrev_conditions","source.sim_arkwright","unverified","Industrial workers faced long hours of tedious and often dangerous work at subsistence wages, and children worked in the mills too.","https://www.scienceandindustrymuseum.org.uk/objects-and-stories/richard-arkwright","L23 card.everyday_technology.023.c4","L23 question.everyday_technology.023.q1","","","","","","corroborated","Wikipedia (Cromford Mill) records large numbers of child workers; UK Parliament pages describe harsh mill conditions before 1833. (https://en.wikipedia.org/wiki/Cromford_Mill https://www.parliament.uk/about/living-heritage/transformingsociety/livinglearning/19thcentury/overview/factoryact/)",""
"fact.everyday_technology.motion_factory_act_1833","source.brit_factory_act_1833","unverified","Britain's Factory Act of 1833 banned children under 9 from textile mills, limited ages 9 to 12 to 8 hours a day, and created inspectors: the first such act with enforcement.","https://www.britannica.com/event/Factory-Act-United-Kingdom-1833","L23 card.everyday_technology.023.c4","L23 question.everyday_technology.023.q1","","","","","","corroborated","UK Parliament and EBSCO describe the 1833 Act: no children under nine, limited hours, and a four-man factory inspectorate. (https://www.parliament.uk/about/living-heritage/transformingsociety/livinglearning/19thcentury/overview/factoryact/ https://www.ebsco.com/research-starters/history/factory-act)",""
"fact.everyday_technology.motion_gas_car_efficiency","source.fueleconomy_gasoline_energy","unverified","Only about 12%-30% of the energy in the fuel put in a conventional car moves it down the road; most of the rest is lost in the engine, mainly as heat.","https://www.fueleconomy.gov/feg/atv.shtml","L24 card.everyday_technology.024.c1; L25 card.everyday_technology.025.c3; L30 card.everyday_technology.030.c4","L24 question.everyday_technology.024.q3","","","","","","corroborated","A DOE Fact of the Week (#1044, 2018) gives the same 12-30% figure for conventional cars. (https://www.energy.gov/cmei/vehicles/articles/fotw-1044-august-27-2018-12-30-energy-put-conventional-car-used-move-car)","one-page"
"fact.everyday_technology.motion_internal_combustion_def","source.brit_gasoline_engine","unverified","In a gasoline internal combustion engine, fuel mixed with air is ignited by a spark plug inside the combustion chamber, and the hot expanding gases push the piston.","https://www.britannica.com/technology/gasoline-engine","L24 card.everyday_technology.024.c2; L30 card.everyday_technology.030.c3","L24 question.everyday_technology.024.q2; L30 question.everyday_technology.030.q3","","","","","","corroborated","Britannica (Otto engine) and Wikipedia (Four-stroke engine) describe spark ignition of the fuel-air mix pushing the piston down. (https://www.britannica.com/technology/Otto-engine https://en.wikipedia.org/wiki/Four-stroke_engine)",""
"fact.everyday_technology.motion_internal_combustion_def","source.afdc_gasoline_cars","unverified","In a gasoline internal combustion engine, fuel mixed with air is ignited by a spark plug inside the combustion chamber, and the hot expanding gases push the piston.","https://afdc.energy.gov/vehicles/how-do-gasoline-cars-work","L24 card.everyday_technology.024.c2; L30 card.everyday_technology.030.c3","L24 question.everyday_technology.024.q2; L30 question.everyday_technology.030.q3","","","","","","corroborated","Britannica (Otto engine) and Wikipedia (Four-stroke engine) describe spark ignition of the fuel-air mix pushing the piston down. (https://www.britannica.com/technology/Otto-engine https://en.wikipedia.org/wiki/Four-stroke_engine)",""
"fact.everyday_technology.motion_four_strokes","source.brit_otto_engine","unverified","The four strokes are intake (fuel and air drawn in), compression (the mix squeezed), power (a spark ignites it and expanding gas pushes the piston) and exhaust (burned gases pushed out).","https://www.britannica.com/technology/Otto-engine","L24 card.everyday_technology.024.c3; L24 card.everyday_technology.024.c4","L24 question.everyday_technology.024.q1","","","","","","corroborated","Wikipedia (Four-stroke engine) and Animated Engines describe the same intake, compression, power and exhaust strokes. (https://en.wikipedia.org/wiki/Four-stroke_engine https://animatedengines.com/otto.html)",""
"fact.everyday_technology.motion_four_strokes","source.brit_gasoline_engine","unverified","The four strokes are intake (fuel and air drawn in), compression (the mix squeezed), power (a spark ignites it and expanding gas pushes the piston) and exhaust (burned gases pushed out).","https://www.britannica.com/technology/gasoline-engine","L24 card.everyday_technology.024.c3; L24 card.everyday_technology.024.c4","L24 question.everyday_technology.024.q1","","","","","","corroborated","Wikipedia (Four-stroke engine) and Animated Engines describe the same intake, compression, power and exhaust strokes. (https://en.wikipedia.org/wiki/Four-stroke_engine https://animatedengines.com/otto.html)",""
"fact.everyday_technology.motion_crankshaft","source.brit_gasoline_engine","unverified","A connecting rod turns the piston's back-and-forth motion into the crankshaft's rotation; each four-stroke cycle takes two crankshaft revolutions.","https://www.britannica.com/technology/gasoline-engine","L24 card.everyday_technology.024.c4","","","","","","","corroborated","Wikipedia (Four-stroke engine) states the four strokes take two revolutions of the crankshaft. (https://en.wikipedia.org/wiki/Four-stroke_engine)","one-page weak-pages"
"fact.everyday_technology.motion_otto_1876","source.brit_otto_engine","unverified","Nikolaus Otto built an engine on the four-stroke principle in 1876; the French engineer Alphonse Beau de Rochas had patented the cycle earlier.","https://www.britannica.com/technology/Otto-engine","L24 card.everyday_technology.024.c4","","","","","","","corroborated","Accelleron and EBSCO describe Otto's 1876 four-stroke engine; Wikipedia notes Beau de Rochas's earlier 1862 patent. (https://accelleron.com/charge-magazine/how-nikolaus-august-otto-created-the-4-stroke-internal-combustion-engine https://en.wikipedia.org/wiki/Four-stroke_engine)",""
"fact.everyday_technology.motion_ev_1900","source.doe_history_electric_car","unverified","By 1900, electric cars accounted for around a third of all vehicles on the road; cheap gasoline cars such as the Model T and the electric starter then pushed them aside.","https://www.energy.gov/articles/history-electric-car","L25 card.everyday_technology.025.c1","","","","","","","corroborated","Smithsonian and Wikipedia (History of the electric vehicle) also describe electric cars as about a third of vehicles around 1900. (https://en.wikipedia.org/wiki/History_of_the_electric_vehicle)","one-page weak-pages"
"fact.everyday_technology.motion_ev_sales_2025","source.iea_gevo_2026_trends","unverified","In 2025, global electric car sales (battery electric plus plug-in hybrids) exceeded 20 million, about 1 in 4 new cars sold (IEA, Global EV Outlook 2026).","https://www.iea.org/reports/global-ev-outlook-2026/trends-in-electric-cars","L25 card.everyday_technology.025.c1","","","","","","","corroborated","Down To Earth and Rest of World report the IEA figures: over 20 million electric cars in 2025, one in four cars sold; IEA counts BEVs and PHEVs. (https://www.downtoearth.org.in/air/electric-vehicle-sales-projected-to-reach-23-million-globally-in-2026-iea-report https://restofworld.org/2026/iea-global-ev-outlook-us-sales-drop/)",""
"fact.everyday_technology.motion_ev_parts","source.afdc_electric_cars","unverified","An all-electric car has an electric traction motor powered by a rechargeable battery pack instead of an internal combustion engine, and no tailpipe exhaust.","https://afdc.energy.gov/vehicles/how-do-all-electric-cars-work","L25 card.everyday_technology.025.c2; L30 card.everyday_technology.030.c3","L25 question.everyday_technology.025.q1","","","","","","corroborated","fueleconomy.gov (All-Electric Vehicles) says EVs are propelled by electric motors powered by rechargeable battery packs. (https://www.fueleconomy.gov/feg/evtech.shtml)","one-page"
"fact.everyday_technology.motion_ev_parts","source.fueleconomy_ev_tech","unverified","An all-electric car has an electric traction motor powered by a rechargeable battery pack instead of an internal combustion engine, and no tailpipe exhaust.","https://www.fueleconomy.gov/feg/evtech.shtml","L25 card.everyday_technology.025.c2; L30 card.everyday_technology.030.c3","L25 question.everyday_technology.025.q1","","","","","","corroborated","fueleconomy.gov (All-Electric Vehicles) says EVs are propelled by electric motors powered by rechargeable battery packs. (https://www.fueleconomy.gov/feg/evtech.shtml)","one-page"
"fact.everyday_technology.motion_ev_efficiency","source.fueleconomy_ev_tech","unverified","Counting from the grid, electric cars convert over 77% of the electrical energy to power at the wheels; gasoline cars convert about 12%-30% of their fuel energy.","https://www.fueleconomy.gov/feg/evtech.shtml","L25 card.everyday_technology.025.c3; L30 card.everyday_technology.030.c4","L25 question.everyday_technology.025.q2","","","","","","corroborated","EESI repeats the DOE figures: over 77% for EVs versus 12 to 30% for gasoline vehicles. (https://www.eesi.org/articles/view/on-the-move-unpacking-the-challenges-and-opportunities-of-electric-vehicles)","one-page"
"fact.everyday_technology.motion_regen_braking","source.fueleconomy_hybrid_tech","unverified","Regenerative braking uses the wheels' forward motion to turn the motor, which generates electricity for the battery and helps slow the vehicle, recapturing energy normally lost in braking.","https://www.fueleconomy.gov/feg/hybridtech.shtml","L25 card.everyday_technology.025.c4; L26 card.everyday_technology.026.c4; L30 card.everyday_technology.030.c3","L25 question.everyday_technology.025.q3; L26 question.everyday_technology.026.q3; L30 question.everyday_technology.030.q5","","","","","","corroborated","Mazda USA and Wikipedia (Regenerative braking) describe the motor acting as a generator to turn kinetic energy into electricity for the battery. (https://www.mazdausa.com/resource-center/what-is-regenerative-braking https://en.wikipedia.org/wiki/Regenerative_braking)",""
"fact.everyday_technology.motion_friction_def","source.brit_friction","unverified","Friction is a force that resists one surface sliding over another; even smooth-looking surfaces are rough up close, and their bumps catch.","https://www.britannica.com/science/friction","L26 card.everyday_technology.026.c2","L26 question.everyday_technology.026.q1","","","","","","corroborated","Britannica and OpenStax independently define friction as opposing sliding and attribute it to microscopically rough surfaces. (https://openstax.org/books/college-physics-2e/pages/5-1-friction)","one-page"
"fact.everyday_technology.motion_friction_def","source.openstax_friction","unverified","Friction is a force that resists one surface sliding over another; even smooth-looking surfaces are rough up close, and their bumps catch.","https://openstax.org/books/college-physics-2e/pages/5-1-friction","L26 card.everyday_technology.026.c2","L26 question.everyday_technology.026.q1","","","","","","corroborated","Britannica and OpenStax independently define friction as opposing sliding and attribute it to microscopically rough surfaces. (https://openstax.org/books/college-physics-2e/pages/5-1-friction)","one-page"
"fact.everyday_technology.motion_static_kinetic","source.brit_friction","unverified","Starting an object sliding takes more force than keeping it sliding: static friction is greater than kinetic friction.","https://www.britannica.com/science/friction","L26 card.everyday_technology.026.c2","L26 question.everyday_technology.026.q1","","","","","","corroborated","OpenStax uses a crate that lurches once pushed hard enough; Britannica says the force to start motion is always greater. (https://www.britannica.com/science/friction)","one-page"
"fact.everyday_technology.motion_static_kinetic","source.openstax_friction","unverified","Starting an object sliding takes more force than keeping it sliding: static friction is greater than kinetic friction.","https://openstax.org/books/college-physics-2e/pages/5-1-friction","L26 card.everyday_technology.026.c2","L26 question.everyday_technology.026.q1","","","","","","corroborated","OpenStax uses a crate that lurches once pushed hard enough; Britannica says the force to start motion is always greater. (https://www.britannica.com/science/friction)","one-page"
"fact.everyday_technology.motion_friction_walking","source.brit_friction","unverified","Friction provides the traction you need to walk without slipping.","https://www.britannica.com/science/friction","L26 card.everyday_technology.026.c2","L26 question.everyday_technology.026.q1","","","","","","corroborated","CK-12 physical science notes friction lets shoes grip the ground when walking. (https://www.ck12.org/flexi/physical-science/friction/why-does-friction-warm-your-hands-when-you-rub-them-together/)","one-page"
"fact.everyday_technology.motion_friction_heat","source.openstax_friction","unverified","When surfaces rub, friction turns energy of motion into heat, which is why rubbing your hands warms them.","https://openstax.org/books/college-physics-2e/pages/5-1-friction","L26 card.everyday_technology.026.c3","L28 question.everyday_technology.028.q3","","","","","","corroborated","CK-12 explains that rubbing hands converts kinetic energy into thermal energy through friction. (https://www.ck12.org/flexi/physical-science/friction/why-does-friction-warm-your-hands-when-you-rub-them-together/)","one-page"
"fact.everyday_technology.motion_disc_brake","source.brit_brake","unverified","A disc brake presses friction pads against a metal disc that turns with the wheel, turning the vehicle's energy of motion into heat.","https://www.britannica.com/technology/brake","L26 card.everyday_technology.026.c3","L28 question.everyday_technology.028.q3","","","","","","corroborated","HowStuffWorks and brake guides describe calipers squeezing pads onto the rotor, converting kinetic energy into heat. (https://auto.howstuffworks.com/auto-parts/brakes/brake-types/disc-brake1.htm)","one-page"
"fact.everyday_technology.motion_braking_distance_speed","source.openstax_kinetic_energy","unverified","A car at 100 km/h has four times the energy of motion it has at 50 km/h, so with the same braking force, doubling speed quadruples braking distance.","https://openstax.org/books/college-physics-2e/pages/7-2-kinetic-energy-and-the-work-energy-theorem","L26 card.everyday_technology.026.c1; L26 card.everyday_technology.026.c4","L26 question.everyday_technology.026.q2; L26 question.everyday_technology.026.q3","","","","","","corroborated","The Physics Classroom (""How far will it skid?"") and driving-safety guides show stopping distance rising fourfold when speed doubles. (https://www.physicsclassroom.com/mmedia/energy/cs.cfm https://riodrivingschool.co.uk/related-driving-articles/stopping-distances-and-kinetic-energy/)",""
"fact.everyday_technology.motion_gear_teeth_speed","source.brit_gear","unverified","Gears pass rotation through meshing teeth without slipping; a driven gear with twice as many teeth as the gear driving it turns at half the speed, with twice the torque.","https://www.britannica.com/technology/gear","L27 card.everyday_technology.027.c2; L27 card.everyday_technology.027.c3","L27 question.everyday_technology.027.q1","","","","","","corroborated","OpenStax (Simple Machines) gives gears the same ratio-of-radii mechanical advantage; Wikipedia (Gear train) gives speed ratio from tooth counts. (https://openstax.org/books/college-physics-2e/pages/9-5-simple-machines https://en.wikipedia.org/wiki/Gear_train)",""
"fact.everyday_technology.motion_antikythera","source.brit_antikythera","unverified","The Antikythera mechanism, recovered in 1901 from an ancient Greek shipwreck and made around 100 BCE, over 2,000 years ago, has 30 surviving bronze gears whose gear trains modeled astronomical cycles and predicted eclipses.","https://www.britannica.com/topic/Antikythera-mechanism","L27 card.everyday_technology.027.c4","","","","","","","corroborated","Smithsonian Magazine describes the 1901 find, its 30 surviving bronze gears and its eclipse predictions. (https://www.smithsonianmag.com/smart-news/new-research-illuminates-how-antikythera-mechanism-first-computer-may-have-functioned-180977257/)","one-page"
"fact.everyday_technology.motion_bike_low_gear","source.sheldonbrown_gear_theory","unverified","A bicycle's low gear (small front chainring, large rear sprocket) makes pedaling easier but slower, which helps on steep climbs.","https://sheldonbrown.com/gear-theory.html","L27 card.everyday_technology.027.c1","L27 question.everyday_technology.027.q2","","","","","","corroborated","road.cc and CyclingAbout explain that lower gears make climbing easier at lower speed. (https://road.cc/content/feature/how-get-lower-gears-make-climbing-easier-313959 https://www.cyclingabout.com/wider-gear-range-road-shifters-gears-for-easier-hill-climbing/)",""
"fact.everyday_technology.motion_gear_reverse","source.brit_gear","unverified","When a larger gear drives a smaller one, the pair increases speed and reduces turning force (torque).","https://www.britannica.com/technology/gear","L27 card.everyday_technology.027.c3","L27 question.everyday_technology.027.q2; L27 question.everyday_technology.027.q3","","","","","","corroborated","Wikipedia (Gear train) states that driving a smaller gear with a larger one raises speed and lowers torque. (https://en.wikipedia.org/wiki/Gear_train)","one-page weak-pages"
"fact.everyday_technology.motion_gears_like_wheels","source.openstax_simple_machines","unverified","Gears, like a wheel and axle, have a mechanical advantage set by the ratio of their radii.","https://openstax.org/books/college-physics-2e/pages/9-5-simple-machines","L27 card.everyday_technology.027.c3","L27 question.everyday_technology.027.q2; L27 question.everyday_technology.027.q3","","","","","","corroborated","Britannica (Simple machine) gives the wheel and axle the same ratio-of-radii rule, and Britannica (Gear) the tooth-ratio torque rule. (https://www.britannica.com/technology/simple-machine https://www.britannica.com/technology/gear)",""
"fact.everyday_technology.motion_pascal_statement","source.brit_pascal_principle","unverified","Pascal's principle, described by Blaise Pascal: a pressure change applied to a fluid at rest in a closed container is transmitted undiminished to every part of the fluid and the walls.","https://www.britannica.com/science/Pascals-principle","L28 card.everyday_technology.028.c2","L28 question.everyday_technology.028.q1","","","","","","corroborated","Britannica and OpenStax state the principle in matching terms. (https://openstax.org/books/college-physics-2e/pages/11-5-pascals-principle)","one-page"
"fact.everyday_technology.motion_pascal_statement","source.openstax_pascal_principle","unverified","Pascal's principle, described by Blaise Pascal: a pressure change applied to a fluid at rest in a closed container is transmitted undiminished to every part of the fluid and the walls.","https://openstax.org/books/college-physics-2e/pages/11-5-pascals-principle","L28 card.everyday_technology.028.c2","L28 question.everyday_technology.028.q1","","","","","","corroborated","Britannica and OpenStax state the principle in matching terms. (https://openstax.org/books/college-physics-2e/pages/11-5-pascals-principle)","one-page"
"fact.everyday_technology.motion_liquids_incompressible","source.openstax_pascal_principle","unverified","Liquids are nearly incompressible: they can hardly be squeezed into a smaller volume.","https://openstax.org/books/college-physics-2e/pages/11-5-pascals-principle","L28 card.everyday_technology.028.c2","L28 question.everyday_technology.028.q1","","","","","","corroborated","Britannica (hydraulic press) relies on a confined liquid transmitting force; Wikipedia (Incompressible flow) notes liquids are nearly incompressible. (https://en.wikipedia.org/wiki/Hydraulics)","one-page weak-pages"
"fact.everyday_technology.motion_hydraulic_lift_car","source.brit_pascal_principle","unverified","Through a hydraulic system, a relatively small force can be magnified enough to lift a car.","https://www.britannica.com/science/Pascals-principle","L28 card.everyday_technology.028.c1","","","","","","","corroborated","OpenStax (Pascal's principle) shows hydraulic systems multiplying force, and garage car lifts use this. (https://openstax.org/books/college-physics-2e/pages/11-5-pascals-principle)","one-page"
"fact.everyday_technology.motion_hydraulic_force","source.brit_pascal_principle","unverified","In a hydraulic system the pressure is the same on both pistons, so a piston with 10 times the area pushes with 10 times the force (F1/A1 = F2/A2).","https://www.britannica.com/science/Pascals-principle","L28 card.everyday_technology.028.c3; L30 card.everyday_technology.030.c3","L28 question.everyday_technology.028.q2; L30 question.everyday_technology.030.q4","","","","","","corroborated","Britannica and OpenStax give the same area-ratio force multiplication. (https://www.britannica.com/science/Pascals-principle)","one-page"
"fact.everyday_technology.motion_hydraulic_force","source.openstax_pascal_principle","unverified","In a hydraulic system the pressure is the same on both pistons, so a piston with 10 times the area pushes with 10 times the force (F1/A1 = F2/A2).","https://openstax.org/books/college-physics-2e/pages/11-5-pascals-principle","L28 card.everyday_technology.028.c3; L30 card.everyday_technology.030.c3","L28 question.everyday_technology.028.q2; L30 question.everyday_technology.030.q4","","","","","","corroborated","Britannica and OpenStax give the same area-ratio force multiplication. (https://www.britannica.com/science/Pascals-principle)","one-page"
"fact.everyday_technology.motion_hydraulic_distance","source.openstax_pascal_principle","unverified","Hydraulics multiply force but not work: the small piston moves proportionally farther, 10 times as far for 10 times the force, so to raise the big one 1 centimeter it travels 10.","https://openstax.org/books/college-physics-2e/pages/11-5-pascals-principle","L28 card.everyday_technology.028.c3","L28 question.everyday_technology.028.q2; L30 question.everyday_technology.030.q4","","","","","","corroborated","Wikipedia (Hydraulic press) and HyperPhysics note the small piston moves farther in proportion to the area ratio, conserving work. (https://en.wikipedia.org/wiki/Hydraulic_press)","one-page weak-pages"
"fact.everyday_technology.motion_hydraulic_brakes","source.openstax_pascal_principle","unverified","Car brakes are hydraulic: the driver's push on the pedal is carried by brake fluid to pistons at the wheels, giving larger braking forces, with the same pressure acting on every brake.","https://openstax.org/books/college-physics-2e/pages/11-5-pascals-principle","L28 card.everyday_technology.028.c1; L28 card.everyday_technology.028.c4","L28 question.everyday_technology.028.q3","","","","","","corroborated","HowStuffWorks (disc brakes) describes hydraulic pressure pushing caliper pistons that squeeze the pads. (https://auto.howstuffworks.com/auto-parts/brakes/brake-types/disc-brake1.htm)","one-page"
"fact.everyday_technology.motion_hydraulic_brakes","source.brit_brake","unverified","Car brakes are hydraulic: the driver's push on the pedal is carried by brake fluid to pistons at the wheels, giving larger braking forces, with the same pressure acting on every brake.","https://www.britannica.com/technology/brake","L28 card.everyday_technology.028.c1; L28 card.everyday_technology.028.c4","L28 question.everyday_technology.028.q3","","","","","","corroborated","HowStuffWorks (disc brakes) describes hydraulic pressure pushing caliper pistons that squeeze the pads. (https://auto.howstuffworks.com/auto-parts/brakes/brake-types/disc-brake1.htm)","one-page"
"fact.everyday_technology.motion_drais_1817","source.brit_bicycle","unverified","In 1817 Karl von Drais rode his wooden two-wheeler, with handlebar steering and no pedals, 14 km, pushing it along with his feet on the ground.","https://www.britannica.com/technology/bicycle","L29 card.everyday_technology.029.c1","L29 question.everyday_technology.029.q3","","","","","","corroborated","Cycling UK and History of Information describe the 1817 Laufmaschine ride and its foot propulsion. (https://www.cyclinguk.org/cycle/draisienne-1817-2017-200-years-cycling-innovation-design https://www.historyofinformation.com/detail.php?id=2054)",""
"fact.everyday_technology.motion_drais_1817","source.asme_bicycle_bicentennial","unverified","In 1817 Karl von Drais rode his wooden two-wheeler, with handlebar steering and no pedals, 14 km, pushing it along with his feet on the ground.","https://www.asme.org/topics-resources/content/bicycle-bicentennial","L29 card.everyday_technology.029.c1","L29 question.everyday_technology.029.q3","","","","","","corroborated","Cycling UK and History of Information describe the 1817 Laufmaschine ride and its foot propulsion. (https://www.cyclinguk.org/cycle/draisienne-1817-2017-200-years-cycling-innovation-design https://www.historyofinformation.com/detail.php?id=2054)",""
"fact.everyday_technology.motion_bike_steer_under","source.conversation_bicycle_balance","unverified","Riders balance by steering to bring the wheels, the base of support, back under the center of mass, much like the hand motions that balance a broomstick.","https://theconversation.com/the-mysterious-biomechanics-of-riding-and-balancing-a-bicycle-55093","L29 card.everyday_technology.029.c2","L29 question.everyday_technology.029.q2; L29 question.everyday_technology.029.q3","","","","","","corroborated","Wikipedia (Bicycle and motorcycle dynamics) says riders constantly steer to move the wheels under the center of mass. (https://en.wikipedia.org/wiki/Bicycle_and_motorcycle_dynamics)","one-page weak-pages"
"fact.everyday_technology.motion_bike_steer_under","source.sciencedaily_riderless_bicycle","unverified","Riders balance by steering to bring the wheels, the base of support, back under the center of mass, much like the hand motions that balance a broomstick.","https://www.sciencedaily.com/releases/2011/04/110414141356.htm","L29 card.everyday_technology.029.c2","L29 question.everyday_technology.029.q2; L29 question.everyday_technology.029.q3","","","","","","corroborated","Wikipedia (Bicycle and motorcycle dynamics) says riders constantly steer to move the wheels under the center of mass. (https://en.wikipedia.org/wiki/Bicycle_and_motorcycle_dynamics)","one-page weak-pages"
"fact.everyday_technology.motion_bike_self_stable","source.sciencedaily_riderless_bicycle","unverified","A riderless bicycle moving fast enough steers itself into a lean and recovers from a sideways push; the 2011 test bike did this above about 5 mph (8 km/h).","https://www.sciencedaily.com/releases/2011/04/110414141356.htm","L29 card.everyday_technology.029.c3; L29 card.everyday_technology.029.c4","L29 question.everyday_technology.029.q1","","","","","","corroborated","The Kooijman et al. abstract (University of Twente repository) describes the bike recovering to upright travel after a sideways disturbance. (https://research.utwente.nl/en/publications/a-bicycle-can-be-self-stable-without-gyroscopic-or-caster-effects/)","one-page"
"fact.everyday_technology.motion_bike_self_stable","source.science_kooijman_2011_bicycle","unverified","A riderless bicycle moving fast enough steers itself into a lean and recovers from a sideways push; the 2011 test bike did this above about 5 mph (8 km/h).","https://www.science.org/doi/10.1126/science.1201959","L29 card.everyday_technology.029.c3; L29 card.everyday_technology.029.c4","L29 question.everyday_technology.029.q1","","","","","","corroborated","The Kooijman et al. abstract (University of Twente repository) describes the bike recovering to upright travel after a sideways disturbance. (https://research.utwente.nl/en/publications/a-bicycle-can-be-self-stable-without-gyroscopic-or-caster-effects/)","one-page"
"fact.everyday_technology.motion_bike_common_view","source.science_kooijman_2011_bicycle","unverified","The common explanation for self-steering credited gyroscopic effects of the spinning front wheel or trail, the front contact point trailing behind the steering axis like a caster.","https://www.science.org/doi/10.1126/science.1201959","L29 card.everyday_technology.029.c3","","","","","","","corroborated","ScienceDaily (Cornell release) calls the gyro and caster effects the long-accepted explanations. (https://www.sciencedaily.com/releases/2011/04/110414141356.htm)","one-page"
"fact.everyday_technology.motion_kooijman_2011","source.science_kooijman_2011_bicycle","unverified","In 2011 Kooijman and colleagues (Science) built a bike with counter-rotating wheels to cancel the gyroscopic effect and negative trail; it still balanced itself, so neither is required.","https://www.science.org/doi/10.1126/science.1201959","L29 card.everyday_technology.029.c4","L29 question.everyday_technology.029.q1","","","","","","corroborated","The University of Twente and ADS abstracts match: counter-rotating wheels, contact ahead of the steer axis, still self-stable. (https://research.utwente.nl/en/publications/a-bicycle-can-be-self-stable-without-gyroscopic-or-caster-effects/ https://ui.adsabs.harvard.edu/abs/2011Sci...332..339K/abstract)",""
"fact.everyday_technology.motion_kooijman_2011","source.sciencedaily_riderless_bicycle","unverified","In 2011 Kooijman and colleagues (Science) built a bike with counter-rotating wheels to cancel the gyroscopic effect and negative trail; it still balanced itself, so neither is required.","https://www.sciencedaily.com/releases/2011/04/110414141356.htm","L29 card.everyday_technology.029.c4","L29 question.everyday_technology.029.q1","","","","","","corroborated","The University of Twente and ADS abstracts match: counter-rotating wheels, contact ahead of the steer axis, still self-stable. (https://research.utwente.nl/en/publications/a-bicycle-can-be-self-stable-without-gyroscopic-or-caster-effects/ https://ui.adsabs.harvard.edu/abs/2011Sci...332..339K/abstract)",""
"fact.everyday_technology.motion_bike_mass_distribution","source.sciencedaily_riderless_bicycle","unverified","Self-balance comes from a mix of effects linked to how mass is distributed, including the front assembly; researchers say much is still to be learned about bike balance.","https://www.sciencedaily.com/releases/2011/04/110414141356.htm","L29 card.everyday_technology.029.c1; L29 card.everyday_technology.029.c4","L29 question.everyday_technology.029.q1","","","","","","corroborated","The Kooijman et al. abstract names front-assembly mass distribution as important; The Conversation says much is still to be learned. (https://research.utwente.nl/en/publications/a-bicycle-can-be-self-stable-without-gyroscopic-or-caster-effects/ https://theconversation.com/the-mysterious-biomechanics-of-riding-and-balancing-a-bicycle-55093)",""
"fact.everyday_technology.motion_bike_mass_distribution","source.conversation_bicycle_balance","unverified","Self-balance comes from a mix of effects linked to how mass is distributed, including the front assembly; researchers say much is still to be learned about bike balance.","https://theconversation.com/the-mysterious-biomechanics-of-riding-and-balancing-a-bicycle-55093","L29 card.everyday_technology.029.c1; L29 card.everyday_technology.029.c4","L29 question.everyday_technology.029.q1","","","","","","corroborated","The Kooijman et al. abstract names front-assembly mass distribution as important; The Conversation says much is still to be learned. (https://research.utwente.nl/en/publications/a-bicycle-can-be-self-stable-without-gyroscopic-or-caster-effects/ https://theconversation.com/the-mysterious-biomechanics-of-riding-and-balancing-a-bicycle-55093)",""
"fact.everyday_technology.motion_horsepower_origin","source.brit_horsepower","unverified","James Watt adopted the horsepower in the late 18th century after experiments with strong dray horses; it is about 50% more than an average horse can sustain over a working day.","https://www.britannica.com/science/horsepower","L30 card.everyday_technology.030.c1","","","","","","","corroborated","IOP Spark (""Why one horsepower is more than the power of one horse"") and EBSCO describe Watt's generous horse-based unit. (https://spark.iop.org/why-one-horsepower-more-power-one-horse https://www.ebsco.com/research-starters/physics/horsepower)",""
"fact.everyday_technology.motion_horsepower_746","source.brit_horsepower","unverified","One horsepower is 33,000 foot-pounds of work per minute, about 746 watts, so 100 horsepower is about 74,600 watts (about 75 kilowatts).","https://www.britannica.com/science/horsepower","L30 card.everyday_technology.030.c2","L30 question.everyday_technology.030.q1; L30 question.everyday_technology.030.q2","","","","","","corroborated","University of Houston ""Engines of Our Ingenuity"" gives about 746 watts per horsepower (550 foot-pounds per second). (https://engines.egr.uh.edu/episode/2869)","one-page"
"fact.everyday_technology.flight_four_forces","source.nasa_glenn_four_forces","unverified","Four forces act on a plane in flight: weight pulls it toward Earth's center, lift opposes weight, drag resists its motion, and engine thrust overcomes drag.","https://www1.grc.nasa.gov/beginners-guide-to-aeronautics/four-forces-on-an-airplane/","L31 card.everyday_technology.031.c2","L31 question.everyday_technology.031.q1; L31 question.everyday_technology.031.q3","","","","","","corroborated","Smithsonian How Things Fly: the four forces of flight are lift, drag, thrust and weight; NASA STEM ""Four Forces of Flight"" lists the same four. (https://howthingsfly.si.edu/forces-flight/four-forces https://www.nasa.gov/stem-content/four-forces-of-flight/)",""
"fact.everyday_technology.flight_forces_balance","source.nasa_glenn_four_forces","unverified","In steady cruising flight lift equals weight and thrust equals drag; when the forces are unbalanced, the plane accelerates toward the largest force.","https://www1.grc.nasa.gov/beginners-guide-to-aeronautics/four-forces-on-an-airplane/","L31 card.everyday_technology.031.c2","L31 question.everyday_technology.031.q1; L31 question.everyday_technology.031.q3","","","","","","corroborated","Smithsonian How Things Fly: flying straight and level at constant speed, lift balances weight and thrust balances drag; to take off, thrust must exceed drag and lift exceed weight. (https://howthingsfly.si.edu/forces-flight/four-forces)","one-page"
"fact.everyday_technology.flight_lift_flow_turning","source.nasa_glenn_what_is_lift","unverified","Lift occurs when a solid object turns a moving flow of air: the flow is turned one way and lift acts the opposite way, by Newton's third law.","https://www1.grc.nasa.gov/beginners-guide-to-aeronautics/what-is-lift/","L31 card.everyday_technology.031.c3; L40 card.everyday_technology.040.c2","L31 question.everyday_technology.031.q2; L40 question.everyday_technology.040.q3","","","","","","corroborated","NASA Glenn ""Bernoulli and Newton"": a net turning of the flow gives a reaction force on the object (Newton's third law). (https://www1.grc.nasa.gov/beginners-guide-to-aeronautics/bernoulli-and-newton)","one-page"
"fact.everyday_technology.flight_lift_pressure","source.si_howthingsfly_air_motion","unverified","A wing is shaped and tilted so air over it moves faster than air under it; faster air has lower pressure, so the wing is pushed up.","https://howthingsfly.si.edu/aerodynamics/air-motion","L31 card.everyday_technology.031.c3","L31 question.everyday_technology.031.q2; L40 question.everyday_technology.040.q3","","","","","","corroborated","NASA Glenn ""Bernoulli and Newton"": Bernoulli's equation relates pressure to local velocity, and integrating pressure around the wing gives the lift force. (https://www1.grc.nasa.gov/beginners-guide-to-aeronautics/bernoulli-and-newton)","one-page"
"fact.everyday_technology.flight_lift_both_views","source.nasa_glenn_bernoulli_newton","unverified","NASA says the pressure (Bernoulli) and flow-turning (Newton) explanations of lift are both correct descriptions of the same force.","https://www1.grc.nasa.gov/beginners-guide-to-aeronautics/bernoulli-and-newton","L31 card.everyday_technology.031.c3","L31 question.everyday_technology.031.q2; L40 question.everyday_technology.040.q3","","","","","","corroborated","Smithsonian How Things Fly describes lift both through pressure difference (Bernoulli) and through wings pushing air down; both presented as valid. (https://howthingsfly.si.edu/aerodynamics/air-motion)","one-page"
"fact.everyday_technology.flight_equal_transit_myth","source.nasa_glenn_equal_transit","unverified","NASA calls the equal transit theory incorrect: air over a wing's top does not meet the air below at the trailing edge; it arrives first.","https://www1.grc.nasa.gov/beginners-guide-to-aeronautics/foilw1","L31 card.everyday_technology.031.c1; L31 card.everyday_technology.031.c4","L31 question.everyday_technology.031.q3","","","","","","corroborated","Smithsonian How Things Fly ""What is equal transit theory"": an incorrect theory; air above the wing gets to the end of the wing faster than air on the bottom. (https://howthingsfly.si.edu/ask-an-explainer/what-equal-transit-line-theory)","one-page"
"fact.everyday_technology.flight_upside_down","source.nasa_glenn_equal_transit","unverified","Symmetric wings, flat paper airplanes and planes flying upside down, longer curved side at the bottom, all make lift, which equal transit cannot explain.","https://www1.grc.nasa.gov/beginners-guide-to-aeronautics/foilw1","L31 card.everyday_technology.031.c1; L31 card.everyday_technology.031.c4","L31 question.everyday_technology.031.q3","","","","","","corroborated","NASA Glenn older K-12 page ""Incorrect Lift Theory"" (same text) notes symmetric airfoils and flat plates fly and planes fly upside down at air shows. (https://www.grc.nasa.gov/www/k-12/VirtualAero/BottleRocket/airplane/wrong1.html)","one-page"
"fact.everyday_technology.flight_angle_of_attack","source.nasa_glenn_inclination_lift","unverified","A wing's angle to the oncoming air, its angle of attack, has a large effect on lift; raising the nose at takeoff adds lift, but too steep a wing stalls.","https://www.grc.nasa.gov/www/k-12/VirtualAero/BottleRocket/airplane/incline.html","L31 card.everyday_technology.031.c4","L31 question.everyday_technology.031.q3","","","","","","corroborated","NASA Glenn ""Factors That Affect Lift"": lift depends on inclination; search of NASA Glenn pages: lift varies almost linearly with small angles, stall at around twenty degrees. (https://www1.grc.nasa.gov/beginners-guide-to-aeronautics/factors-that-affect-lift/)","one-page"
"fact.everyday_technology.transport_newton_third_law","source.nasa_glenn_propulsion_system","unverified","All thrust comes from Newton's third law, for every action an equal and opposite reaction: an engine accelerates a working fluid and the reaction pushes the vehicle.","https://www1.grc.nasa.gov/beginners-guide-to-aeronautics/propulsion-system/","L32 card.everyday_technology.032.c2; L36 card.everyday_technology.036.c2; L40 card.everyday_technology.040.c1; L40 card.everyday_technology.040.c2; L40 card.everyday_technology.040.c3","L32 question.everyday_technology.032.q2; L40 question.everyday_technology.040.q2","","","","","","corroborated","NASA Glenn ""Gas Turbine Propulsion"": all turbine engines produce thrust through Newton's third law by accelerating the jet exhaust; NASA Rocket Thrust page likewise. (https://www1.grc.nasa.gov/beginners-guide-to-aeronautics/turbine-engines/ https://www1.grc.nasa.gov/beginners-guide-to-aeronautics/rocket-thrust/)",""
"fact.everyday_technology.transport_jet_exit_faster","source.nasa_glenn_turbojet","unverified","A jet engine's working fluid is the surrounding air, and it makes thrust because the gas leaves the nozzle faster than the air came in.","https://www.grc.nasa.gov/www/k-12/airplane/aturbj.html","L32 card.everyday_technology.032.c2; L32 card.everyday_technology.032.c3","L32 question.everyday_technology.032.q2","","","","","","corroborated","NASA Glenn ""Turbojet Thrust"" (BGP): because the exit velocity is greater than the free stream velocity, thrust is created. (https://www.grc.nasa.gov/WWW/K-12/BGP/turbth.html)","one-page"
"fact.everyday_technology.jet_whittle","source.brit_whittle","unverified","Frank Whittle obtained his first turbojet patent in Britain in 1930; an aircraft powered by his engine first flew on May 15, 1941.","https://www.britannica.com/biography/Frank-Whittle","L32 card.everyday_technology.032.c1","","","","","","","corroborated","National Inventors Hall of Fame and Wikipedia: Whittle filed his first turbojet patent on 16 January 1930 (granted 1932); Gloster E.28/39 flew on 15 May 1941. (https://www.invent.org/inductees/frank-whittle https://en.wikipedia.org/wiki/Frank_Whittle)",""
"fact.everyday_technology.jet_von_ohain","source.brit_he178","unverified","Hans von Ohain designed a turbojet independently in Germany; it powered the He 178, the first jet aircraft to fly, on August 27, 1939.","https://www.britannica.com/technology/He-178","L32 card.everyday_technology.032.c1","","","","","","","corroborated","This Day in Aviation and EDN: the Heinkel He 178, powered by von Ohain's turbojet, made the first jet flight on 27 August 1939. (https://www.thisdayinaviation.com/27-august-1939/ https://www.edn.com/1st-jet-aircraft-takes-flight-august-27-1939/)",""
"fact.everyday_technology.jet_parts","source.nasa_glenn_turbojet","unverified","In a jet engine, a compressor raises the air's pressure, fuel burns in the burner, the hot gas spins a turbine whose shaft drives the compressor, and a nozzle speeds the gas out.","https://www.grc.nasa.gov/www/k-12/airplane/aturbj.html","L32 card.everyday_technology.032.c3","L32 question.everyday_technology.032.q1; L32 question.everyday_technology.032.q3","","","","","","corroborated","NASA Glenn ""Gas Turbine Propulsion"" and animated parts pages: compressor linked by a central shaft to the turbine; nozzle accelerates hot exhaust to make thrust. (https://www1.grc.nasa.gov/beginners-guide-to-aeronautics/turbine-engines/ https://www.grc.nasa.gov/www/k-12/airplane/Animation/turbpar/ente.html)",""
"fact.everyday_technology.jet_turbofan","source.nasa_glenn_turbofan","unverified","In a turbofan, some air goes through the core and the rest bypasses it, like air through a propeller, adding thrust for nearly the same fuel; most modern airliners use them.","https://www.grc.nasa.gov/www/k-12/airplane/aturbf.html","L32 card.everyday_technology.032.c4","","","","","","","corroborated","NASA Glenn animated turbofan page: the rest of the incoming air bypasses the engine like air through a propeller; a turbofan generates more thrust for nearly the same fuel used by the core. (https://www.grc.nasa.gov/www/k-12/airplane/Animation/turbtyp/etfh.html)","one-page"
"fact.everyday_technology.jet_needs_air","source.nasa_glenn_turbine_engines","unverified","A jet (turbine) engine takes its oxygen from the surrounding air, so it cannot work in space, where there is no air.","https://www1.grc.nasa.gov/beginners-guide-to-aeronautics/turbine-engines/","L36 card.everyday_technology.036.c3","L36 question.everyday_technology.036.q3","","","","","","corroborated","NASA Glenn ""Rocket Thrust"": a rocket works in space where there is no surrounding air, and a gas turbine or propeller will not. (https://www1.grc.nasa.gov/beginners-guide-to-aeronautics/rocket-thrust/)","one-page"
"fact.everyday_technology.rail_shinkansen_1964","source.brit_shinkansen","unverified","Japan's Tokaido Shinkansen opened between Tokyo and Osaka in 1964; its electric trains, powered from an overhead wire, originally reached 210 km/h.","https://www.britannica.com/technology/Shinkansen","L33 card.everyday_technology.033.c1","","","","","","","corroborated","Wikipedia (Tokaido Shinkansen): opened 1 October 1964, first railway for regular operation above 200 km/h, 210 km/h at opening; Nippon.com confirms the 1964 start. (https://en.wikipedia.org/wiki/Tokaido_Shinkansen https://www.nippon.com/en/features/h00078/)",""
"fact.everyday_technology.rail_electric_pickup","source.brit_locomotive_electric","unverified","An electric locomotive picks up current from an overhead wire or a third rail and uses traction motors: it converts power rather than generating it.","https://www.britannica.com/technology/locomotive-vehicle/Electric-traction","L33 card.everyday_technology.033.c2","L33 question.everyday_technology.033.q1","","","","","","corroborated","PowerElectronicTips and Railway Technical Website: a pantograph or third rail collects current from the line and feeds the traction motors that drive the wheels. (https://www.powerelectronictips.com/electric-locomotives-and-catenary-power-systems-part-1-basic-functions/ http://www.railway-technical.com/trains/rolling-stock-index-l/electric-locomotives/)",""
"fact.everyday_technology.rail_diesel_electric","source.brit_locomotive_diesel","unverified","Most diesel locomotives transmit power electrically: the diesel engine drives a generator whose current runs electric traction motors.","https://www.britannica.com/technology/locomotive-vehicle/Diesel-traction","L33 card.everyday_technology.033.c3","L33 question.everyday_technology.033.q3","","","","","","corroborated","Edison Tech Center ""Diesel Electric Locomotives"" and HowStuffWorks: the diesel engine turns a generator/alternator that powers electric traction motors on the axles. (https://edisontechcenter.org/Dieseltrains.html https://science.howstuffworks.com/transport/engines-equipment/diesel-locomotive.htm)",""
"fact.everyday_technology.rail_maglev_how","source.brit_maglev","unverified","In a maglev, magnets lift the train about 1.3 cm above its guideway with no wheels touching, and guideway coils that keep changing polarity propel it.","https://www.britannica.com/technology/maglev-train","L33 card.everyday_technology.033.c4; L40 card.everyday_technology.040.c2","L33 question.everyday_technology.033.q2","","","","","","corroborated","Wikipedia (Shanghai maglev train): uses Transrapid electromagnetic levitation and propulsion; the train rides on magnetic levitation without wheel contact. (https://en.wikipedia.org/wiki/Shanghai_maglev_train)","one-page weak-pages"
"fact.everyday_technology.rail_shanghai_maglev","source.taipeitimes_shanghai_maglev","unverified","Shanghai's maglev began daily commercial service in January 2004, running at up to 430 km/h: the first high-speed maglev in commercial service.","https://www.taipeitimes.com/News/biz/archives/2004/01/02/2003086066","L33 card.everyday_technology.033.c4","L33 question.everyday_technology.033.q2","","","","","","corroborated","Wikipedia (Shanghai maglev train): world's first commercial high-speed maglev, cruising at 431 km/h before 2021; Britannica gives a 430 km/h maximum. (https://en.wikipedia.org/wiki/Shanghai_maglev_train https://www.britannica.com/technology/maglev-train)",""
"fact.everyday_technology.rail_shanghai_maglev","source.brit_maglev","unverified","Shanghai's maglev began daily commercial service in January 2004, running at up to 430 km/h: the first high-speed maglev in commercial service.","https://www.britannica.com/technology/maglev-train","L33 card.everyday_technology.033.c4","L33 question.everyday_technology.033.q2","","","","","","corroborated","Wikipedia (Shanghai maglev train): world's first commercial high-speed maglev, cruising at 431 km/h before 2021; Britannica gives a 430 km/h maximum. (https://en.wikipedia.org/wiki/Shanghai_maglev_train https://www.britannica.com/technology/maglev-train)",""
"fact.everyday_technology.ship_archimedes","source.brit_archimedes_principle","unverified","Archimedes' principle: anything in a fluid feels an upward buoyant force equal to the weight of the fluid it displaces.","https://www.britannica.com/science/Archimedes-principle","L34 card.everyday_technology.034.c2; L40 card.everyday_technology.040.c2","L34 question.everyday_technology.034.q1; L34 question.everyday_technology.034.q3; L40 question.everyday_technology.040.q4","","","","","","corroborated","OpenStax College Physics 2e 11.7: the buoyant force on an object equals the weight of the fluid it displaces. (https://openstax.org/books/college-physics-2e/pages/11-7-archimedes-principle)","one-page"
"fact.everyday_technology.ship_settles","source.brit_archimedes_principle","unverified","A ship sinks into the water until the water it displaces weighs as much as the ship; loaded with cargo, it sinks deeper and displaces more.","https://www.britannica.com/science/Archimedes-principle","L34 card.everyday_technology.034.c2","L34 question.everyday_technology.034.q1; L34 question.everyday_technology.034.q3; L40 question.everyday_technology.040.q4","","","","","","corroborated","Britannica ""Naval architecture: Weight and buoyancy"": the ship sinks in the water until buoyancy B exactly equals weight W, per Archimedes' principle. (https://www.britannica.com/technology/naval-architecture/Weight-and-buoyancy)","one-page"
"fact.everyday_technology.ship_average_density","source.openstax_archimedes","unverified","Average density decides floating: a lump of clay sinks, but shaped into a boat it floats, and the same is true of steel ships, whose hulls enclose air.","https://openstax.org/books/college-physics-2e/pages/11-7-archimedes-principle","L34 card.everyday_technology.034.c1; L34 card.everyday_technology.034.c3","L34 question.everyday_technology.034.q2","","","","","","corroborated","Physics Classroom ""Sinking and Floating"" and Britannica density pages: a steel ship floats because most of its volume is air, making its average density less than water. (https://www.physicsclassroom.com/tutorial/fluids/pressure/sinking-and-floating https://kids.britannica.com/kids/article/density/645769)",""
"fact.everyday_technology.ship_steel_density","source.openstax_archimedes","unverified","Steel's density is about 7.8 grams per cubic centimeter, about 7.8 times that of water (1 gram per cubic centimeter).","https://openstax.org/books/college-physics-2e/pages/11-7-archimedes-principle","L34 card.everyday_technology.034.c1","L34 question.everyday_technology.034.q2","","","","","","corroborated","Engineering ToolBox gives iron/steel near 7,850 kg/m^3; USGS gives water density as 1 g/cm^3. (https://www.engineeringtoolbox.com/metal-alloys-densities-d_50.html https://www.usgs.gov/water-science-school/science/water-density)",""
"fact.everyday_technology.ship_plimsoll_1876","source.brit_plimsoll","unverified","After Samuel Plimsoll's campaign against overloaded ships, Britain's 1876 Merchant Shipping Act fixed a loading mark on hulls: the Plimsoll line.","https://www.britannica.com/biography/Samuel-Plimsoll","L34 card.everyday_technology.034.c4","L34 question.everyday_technology.034.q3","","","","","","corroborated","Victorian Web and South Street Seaport Museum: the 1876 Merchant Shipping Act, shepherded by Plimsoll, required a safe-loading mark on British ships. (https://victorianweb.org/history/plimsoll.html https://southstreetseaportmuseum.org/wavertree-plimsoll-mark/)",""
"fact.everyday_technology.ship_plimsoll_1876","source.noaa_plimsoll_line","unverified","After Samuel Plimsoll's campaign against overloaded ships, Britain's 1876 Merchant Shipping Act fixed a loading mark on hulls: the Plimsoll line.","https://oceanservice.noaa.gov/facts/plimsoll-line.html","L34 card.everyday_technology.034.c4","L34 question.everyday_technology.034.q3","","","","","","corroborated","Victorian Web and South Street Seaport Museum: the 1876 Merchant Shipping Act, shepherded by Plimsoll, required a safe-loading mark on British ships. (https://victorianweb.org/history/plimsoll.html https://southstreetseaportmuseum.org/wavertree-plimsoll-mark/)",""
"fact.everyday_technology.ship_plimsoll_mark","source.noaa_plimsoll_line","unverified","The Plimsoll line marks the maximum depth a loaded ship may safely sit; if the ship is overloaded, the mark goes under water.","https://oceanservice.noaa.gov/facts/plimsoll-line.html","L34 card.everyday_technology.034.c4","L34 question.everyday_technology.034.q3","","","","","","corroborated","Wikipedia (Load line): the load line indicates the legal limit to which a ship may be loaded for specific water types and temperatures. (https://en.wikipedia.org/wiki/Load_line_(watercraft))","one-page weak-pages"
"fact.everyday_technology.ship_fresh_water","source.noaa_plimsoll_line","unverified","Fresh water is less dense than seawater, so the same ship sits deeper in fresh water; hulls carry separate fresh-water load marks.","https://oceanservice.noaa.gov/facts/plimsoll-line.html","L34 card.everyday_technology.034.c4","L34 question.everyday_technology.034.q3","","","","","","corroborated","Wikipedia (Load line): fresh water is less dense than seawater (about 1.000 vs 1.025 g/cm^3), so ships ride deeper in fresh water and fresh-water marks sit higher. (https://en.wikipedia.org/wiki/Load_line_(watercraft))","one-page weak-pages"
"fact.everyday_technology.ship_fresh_water","source.brit_naval_architecture_buoyancy","unverified","Fresh water is less dense than seawater, so the same ship sits deeper in fresh water; hulls carry separate fresh-water load marks.","https://www.britannica.com/technology/naval-architecture/Weight-and-buoyancy","L34 card.everyday_technology.034.c4","L34 question.everyday_technology.034.q3","","","","","","corroborated","Wikipedia (Load line): fresh water is less dense than seawater (about 1.000 vs 1.025 g/cm^3), so ships ride deeper in fresh water and fresh-water marks sit higher. (https://en.wikipedia.org/wiki/Load_line_(watercraft))","one-page weak-pages"
"fact.everyday_technology.echo_daventry_1935","source.sciencemuseum_watson_watt","unverified","In February 1935, Robert Watson-Watt and Arnold Wilkins detected a bomber about 8 miles away from radio waves of the BBC's Daventry transmitter bouncing off it.","https://blog.sciencemuseum.org.uk/robert-watson-watt-and-the-triumph-of-radar/","L35 card.everyday_technology.035.c1","","","","","","","corroborated","Wikipedia (Arnold Wilkins) and historyofinformation.com: the Daventry Experiment on 26 February 1935 detected a Heyford bomber at up to 8 miles using reflected BBC Daventry signals. (https://en.wikipedia.org/wiki/Arnold_Wilkins https://www.historyofinformation.com/detail.php?id=1379)",""
"fact.everyday_technology.echo_radar_ranging","source.brit_radar","unverified","Radar (radio detection and ranging) sends radio pulses and finds distance from the round-trip time of the echo, out to the target and back.","https://www.britannica.com/technology/radar","L35 card.everyday_technology.035.c2; L39 card.everyday_technology.039.c2; L40 card.everyday_technology.040.c4","L35 question.everyday_technology.035.q1; L37 question.everyday_technology.037.q3; L39 question.everyday_technology.039.q3; L40 question.everyday_technology.040.q5","","","","","","corroborated","Britannica ""Radar: Pulse radar"" and Wikipedia: range equals cT/2, where T is the round-trip time; radar is an acronym for radio detection and ranging. (https://www.britannica.com/technology/radar/Pulse-radar)","one-page"
"fact.everyday_technology.echo_radio_speed","source.nist_speed_of_light","unverified","Radio waves travel at the speed of light, about 300,000 km per second, so a radar echo from 150 km away returns in about a thousandth of a second.","https://physics.nist.gov/cgi-bin/cuu/Value?c","L35 card.everyday_technology.035.c2","L35 question.everyday_technology.035.q1; L37 question.everyday_technology.037.q3; L39 question.everyday_technology.039.q3","","","","","","corroborated","NOAA geodesy tutorial: GPS radio signals travel at 186,000 miles per second (the speed of light); arithmetic: 300 km round trip / 300,000 km/s = 0.001 s. (https://oceanservice.noaa.gov/education/tutorial_geodesy/geo09_gps.html)","one-page"
"fact.everyday_technology.echo_radar_doppler","source.brit_radar","unverified","Radar reads the Doppler shift in an echo's frequency as a target's speed and direction; it is used for air traffic control, weather and speed enforcement.","https://www.britannica.com/technology/radar","L35 card.everyday_technology.035.c4","","","","","","","corroborated","NOAA National Weather Service Doppler radar pages and Britannica pulse-Doppler section: frequency shift of the echo measures radial velocity. (https://www.britannica.com/technology/radar/Pulse-radar)","one-page"
"fact.everyday_technology.echo_sonar_how","source.noaa_sonar","unverified","Sonar (sound navigation and ranging) sends a pulse of sound into water and times its echo; sound travels farther in water than radar or light waves.","https://oceanservice.noaa.gov/facts/sonar.html","L35 card.everyday_technology.035.c3","L35 question.everyday_technology.035.q2; L35 question.everyday_technology.035.q3","","","","","","corroborated","NOAA Ocean Exploration ""Multibeam Sonar"": depth is computed from the two-way travel time of sound from the ship to the seafloor and back. (https://oceanexplorer.noaa.gov/technology/sonar-multibeam/)","one-page"
"fact.everyday_technology.echo_sound_seawater","source.brit_seawater_acoustics","unverified","Sound travels through seawater at about 1,500 meters per second, so an echo after 2 seconds has gone 3,000 meters round trip: a 1,500-meter depth.","https://www.britannica.com/science/seawater/Acoustic-properties","L35 card.everyday_technology.035.c3; L40 card.everyday_technology.040.c4","L35 question.everyday_technology.035.q2; L35 question.everyday_technology.035.q3","","","","","","corroborated","NOAA Teacher at Sea and NOAA mapping pages: sound travels about 1,500 meters per second in seawater; arithmetic 1,500 x 2 = 3,000 m round trip. (https://noaateacheratsea.blog/tag/sound-waves/ https://oceanservice.noaa.gov/ocean/caribbean-mapping/mapping-video.html)",""
"fact.everyday_technology.rocket_thrust_exhaust","source.nasa_glenn_rocket_thrust","unverified","A rocket burns propellant and its nozzle accelerates the hot exhaust out; the reaction to that exhaust, by Newton's third law, is the rocket's thrust.","https://www1.grc.nasa.gov/beginners-guide-to-aeronautics/rocket-thrust/","L36 card.everyday_technology.036.c2","L36 question.everyday_technology.036.q2","","","","","","corroborated","NASA Glenn ""Propulsion System"": rockets use the combustion exhaust gases as the working fluid; the reaction to accelerating it produces a force on the system. (https://www1.grc.nasa.gov/beginners-guide-to-aeronautics/propulsion-system/)","one-page"
"fact.everyday_technology.rocket_oxidizer","source.nasa_glenn_rocket_thrust","unverified","A rocket carries its oxidizer on board with its fuel, so it can make thrust in a vacuum; in a liquid rocket both are pumped into a chamber and burned.","https://www1.grc.nasa.gov/beginners-guide-to-aeronautics/rocket-thrust/","L36 card.everyday_technology.036.c3; L40 card.everyday_technology.040.c2","L36 question.everyday_technology.036.q1; L36 question.everyday_technology.036.q3","","","","","","corroborated","NASA Glenn ""Liquid Rocket Engine"": stored fuel and stored oxidizer are pumped into a combustion chamber where they mix and burn; rockets carry their own oxidizer. (https://www1.grc.nasa.gov/beginners-guide-to-aeronautics/liquid-rocket-engine/)","one-page"
"fact.everyday_technology.rocket_nyt_1920","source.nasa_goddard_first_rocket","unverified","In 1920 The New York Times mocked Robert Goddard, saying rockets could not work in a vacuum with nothing to push against; on July 17, 1969, as Apollo 11 flew, it printed a correction.","https://www.nasa.gov/history/95-years-ago-goddards-first-liquid-fueled-rocket/","L36 card.everyday_technology.036.c1","L36 question.everyday_technology.036.q2","","","","","","corroborated","National Space Society: the Times editorial ""A Severe Strain on Credulity"" claimed rockets had nothing to push against in a vacuum; the 1969 correction said ""The Times regrets the error."" (https://nss.org/goddards-first-liquid-fueled-rocket-turns-100/)","one-page"
"fact.everyday_technology.rocket_goddard_1926","source.nasa_goddard_first_rocket","unverified","On March 16, 1926, in Auburn, Massachusetts, Goddard's gasoline and liquid-oxygen rocket flew 2.5 seconds, rose 41 feet and landed 184 feet away.","https://www.nasa.gov/history/95-years-ago-goddards-first-liquid-fueled-rocket/","L36 card.everyday_technology.036.c4","","","","","","","corroborated","National Space Society quotes Goddard's diary: ""It rose 41 feet & went 184 feet, in 2.5 seconds""; fueled by gasoline and liquid oxygen. (https://nss.org/goddards-first-liquid-fueled-rocket-turns-100/)","one-page"
"fact.everyday_technology.gps_one_way_free","source.gps_gov_overview","unverified","GPS satellites broadcast one-way signals; receivers only listen and never transmit to them, and the civilian service is free to anyone worldwide.","https://archive.gps.gov/systems/gps/","L37 card.everyday_technology.037.c1","L37 question.everyday_technology.037.q3","","","","","","corroborated","NASA SCaN GPS page: each satellite transmits its position and time, and receivers compute position from the signals; GPS.gov states civilian GPS is freely available. (https://www.nasa.gov/directorates/somd/space-communications-navigation-program/gps/)","one-page"
"fact.everyday_technology.gps_constellation","source.gps_gov_space_segment","unverified","At least 24 GPS satellites circle about 20,200 km up, each going around Earth twice a day, so at least four are in view from almost anywhere.","https://www.gps.gov/space-segment","L37 card.everyday_technology.037.c2","L37 question.everyday_technology.037.q1; L37 question.everyday_technology.037.q3; L40 question.everyday_technology.040.q5","","","","","","corroborated","NOAA geodesy GPS tutorial and NASA GPS page describe the constellation of at least 24 satellites in medium Earth orbit; four needed and in view. (https://oceanservice.noaa.gov/education/tutorial_geodesy/geo09_gps.html)","one-page"
"fact.everyday_technology.gps_signal_distance","source.nasa_gps","unverified","Each GPS satellite broadcasts its position and the time; a receiver turns each signal's travel time into distance, since the signals travel at the speed of light.","https://www.nasa.gov/directorates/somd/space-communications-navigation-program/gps/","L37 card.everyday_technology.037.c2; L40 card.everyday_technology.040.c4","L37 question.everyday_technology.037.q1; L37 question.everyday_technology.037.q3; L40 question.everyday_technology.040.q5","","","","","","corroborated","GPS.gov overview: satellites transmit one-way signals giving position and time, used by receivers to calculate three-dimensional location and time. (https://archive.gps.gov/systems/gps/)","one-page"
"fact.everyday_technology.gps_signal_distance","source.noaa_gps_tutorial","unverified","Each GPS satellite broadcasts its position and the time; a receiver turns each signal's travel time into distance, since the signals travel at the speed of light.","https://oceanservice.noaa.gov/education/tutorial_geodesy/geo09_gps.html","L37 card.everyday_technology.037.c2; L40 card.everyday_technology.040.c4","L37 question.everyday_technology.037.q1; L37 question.everyday_technology.037.q3; L40 question.everyday_technology.040.q5","","","","","","corroborated","GPS.gov overview: satellites transmit one-way signals giving position and time, used by receivers to calculate three-dimensional location and time. (https://archive.gps.gov/systems/gps/)","one-page"
"fact.everyday_technology.gps_four_satellites","source.noaa_gps_tutorial","unverified","A precise GPS fix uses four satellites: three to find the position and one to correct the error in the receiver's clock; it gives latitude, longitude, altitude and time.","https://oceanservice.noaa.gov/education/tutorial_geodesy/geo09_gps.html","L37 card.everyday_technology.037.c3","L37 question.everyday_technology.037.q2","","","","","","corroborated","Ohio State (Pogge) GPS page: receivers need signals from at least four satellites to solve for position and time. (https://www.astronomy.ohio-state.edu/pogge.1/Ast162/Unit5/gps.html)","one-page"
"fact.everyday_technology.gps_four_satellites","source.gps_gov_overview","unverified","A precise GPS fix uses four satellites: three to find the position and one to correct the error in the receiver's clock; it gives latitude, longitude, altitude and time.","https://archive.gps.gov/systems/gps/","L37 card.everyday_technology.037.c3","L37 question.everyday_technology.037.q2","","","","","","corroborated","Ohio State (Pogge) GPS page: receivers need signals from at least four satellites to solve for position and time. (https://www.astronomy.ohio-state.edu/pogge.1/Ast162/Unit5/gps.html)","one-page"
"fact.everyday_technology.gps_atomic_clocks","source.noaa_gps_tutorial","unverified","GPS satellites carry very precise atomic clocks, far more precise than the clock in a GPS receiver.","https://oceanservice.noaa.gov/education/tutorial_geodesy/geo09_gps.html","L37 card.everyday_technology.037.c3; L40 card.everyday_technology.040.c4","L37 question.everyday_technology.037.q2","","","","","","corroborated","NIST ""Putting Einstein to the Test"": GPS satellites carry atomic clocks; Ohio State page: satellite clocks accurate to nanoseconds. (https://www.nist.gov/atomic-clocks/a-powerful-tool-for-science/putting-einstein-test)","one-page"
"fact.everyday_technology.gps_relativity_38","source.nist_gps_relativity","unverified","GPS satellite clocks run about 38 microseconds a day fast: weaker gravity speeds them 45, orbital speed slows them 7; uncorrected, errors would grow about 10 km a day.","https://www.nist.gov/atomic-clocks/a-powerful-tool-for-science/putting-einstein-test","L37 card.everyday_technology.037.c4; L40 card.everyday_technology.040.c4","","","","","","","corroborated","GPS World ""Inside the box: GPS and relativity"" and arXiv gr-qc/0306076 give the same net 38 microseconds per day correction. (https://www.gpsworld.com/inside-the-box-gps-and-relativity/)","one-page"
"fact.everyday_technology.gps_relativity_38","source.osu_gps_relativity","unverified","GPS satellite clocks run about 38 microseconds a day fast: weaker gravity speeds them 45, orbital speed slows them 7; uncorrected, errors would grow about 10 km a day.","https://www.astronomy.ohio-state.edu/pogge.1/Ast162/Unit5/gps.html","L37 card.everyday_technology.037.c4; L40 card.everyday_technology.040.c4","","","","","","","corroborated","GPS World ""Inside the box: GPS and relativity"" and arXiv gr-qc/0306076 give the same net 38 microseconds per day correction. (https://www.gpsworld.com/inside-the-box-gps-and-relativity/)","one-page"
"fact.everyday_technology.gps_light_microsecond","source.nist_speed_of_light","unverified","Light travels about 300 meters in a millionth of a second (the speed of light is 299,792,458 meters per second).","https://physics.nist.gov/cgi-bin/cuu/Value?c","L37 card.everyday_technology.037.c4","","","","","","","corroborated","NOAA geodesy GPS tutorial: radio signals travel at 186,000 miles per second; arithmetic 299,792,458 m/s x 0.000001 s = about 300 m. (https://oceanservice.noaa.gov/education/tutorial_geodesy/geo09_gps.html)","one-page"
"fact.everyday_technology.traffic_london_1868","source.smithsonianmag_first_traffic_light","unverified","In December 1868 a signal with semaphore arms and red and green gas lamps, worked by a constable, went up outside Parliament; in January 1869 it exploded.","https://www.smithsonianmag.com/history/when-street-light-first-came-london-disaster-ensued-180970965/","L38 card.everyday_technology.038.c1","","","","","","","corroborated","History Hit: world's first traffic lights outside the Houses of Parliament in December 1868, designed by J P Knight, gas lamps at night, exploded in January 1869 injuring the constable. (https://www.historyhit.com/1868-first-traffic-light/)","one-page"
"fact.everyday_technology.traffic_cleveland_1914","source.history_first_electric_signal","unverified","The first electric traffic signal went up on August 5, 1914, at Euclid Avenue and East 105th Street in Cleveland: red and green lights, hand-switched from a booth.","https://www.history.com/this-day-in-history/august-5/first-electric-traffic-signal-installed","L38 card.everyday_technology.038.c2","L38 question.everyday_technology.038.q1","","","","","","corroborated","Transportation History (transportationhistory.org, 5 Aug 2024): four pairs of red and green lights at Euclid Avenue and East 105th, run by an officer from a booth. (https://transportationhistory.org/2024/08/05/1914-an-enlightening-milestone-for-traffic-safety/)","one-page"
"fact.everyday_technology.traffic_no_conflicting","source.history_first_electric_signal","unverified","The 1914 Cleveland signal was wired so that conflicting signals were impossible: crossing roads could not both get green.","https://www.history.com/this-day-in-history/august-5/first-electric-traffic-signal-installed","L38 card.everyday_technology.038.c2","L38 question.everyday_technology.038.q1","","","","","","corroborated","Transportation History: James B. Hoge's system was configured to prevent conflicting signals. (https://transportationhistory.org/2024/08/05/1914-an-enlightening-milestone-for-traffic-safety/)","one-page"
"fact.everyday_technology.traffic_loop_detector","source.fhwa_traffic_detector_handbook","unverified","Inductive loops, the most common signal sensor, are wire loops sawn into the road, energized by an electronics unit's oscillating circuit; a car's metal lowers the loop's inductance, calling a green.","https://www.fhwa.dot.gov/publications/research/operations/its/06108/01.cfm","L38 card.everyday_technology.038.c3","L38 question.everyday_technology.038.q3","","","","","","corroborated","Wikipedia (Induction loop): vehicle detection loops in the road; a vehicle's metal changes the loop's inductance, which a detector senses to trigger the signal. (https://en.wikipedia.org/wiki/Induction_loop)","one-page weak-pages"
"fact.everyday_technology.traffic_conflict_points","source.fhwa_roundabouts_safety","unverified","A four-way intersection has 32 vehicle conflict points; a single-lane roundabout has 8 and eliminates right-angle and left-turn head-on crashes.","https://www.fhwa.dot.gov/publications/research/safety/00067/000675.pdf","L38 card.everyday_technology.038.c4","L38 question.everyday_technology.038.q2","","","","","","corroborated","IIHS roundabouts page: roundabouts eliminate right-angle, left-turn and head-on collisions; county roundabout guides repeat the 32 vs 8 conflict points. (https://www.iihs.org/topics/roundabouts https://www.greenecountyohio.gov/1789/Roundabouts)",""
"fact.everyday_technology.traffic_roundabout_injuries","source.iihs_roundabouts","unverified","Studies of US intersections converted to roundabouts found injury crashes fell by 72-80%.","https://www.iihs.org/topics/roundabouts","L38 card.everyday_technology.038.c4","L38 question.everyday_technology.038.q2","","","","","","corroborated","FHWA Proven Safety Countermeasures (via search): converting a signalized intersection to a roundabout gives a 78 percent reduction in fatal and injury crashes, 82 percent from two-way stop. (https://highways.dot.gov/safety/proven-safety-countermeasures/roundabouts)","one-page"
"fact.everyday_technology.selfdriving_waymo_2020","source.waymo_driverless_phoenix","unverified","On October 8, 2020, Waymo opened its fully driverless ride service, with no one at the wheel, to the public in the Phoenix area.","https://waymo.com/blog/2020/10/waymo-is-opening-its-fully-driverless-service-in-phoenix/","L39 card.everyday_technology.039.c1","","","","","","","corroborated","Washington Post (8 Oct 2020): Waymo to launch fully driverless service to the public in Phoenix. (https://www.washingtonpost.com/technology/2020/10/08/waymo-driverless-rides/)","one-page"
"fact.everyday_technology.selfdriving_sensor_suite","source.brit_autonomous_vehicle","unverified","Autonomous vehicles use radar, GPS, cameras and lidar to build a 3-D map of their surroundings, and computers use it to adjust steering, speed and braking.","https://www.britannica.com/technology/autonomous-vehicle","L39 card.everyday_technology.039.c2","L39 question.everyday_technology.039.q1; L39 question.everyday_technology.039.q3","","","","","","corroborated","Union of Concerned Scientists ""Self-Driving Cars 101"": vehicles use cameras, lidar, radar and highly detailed maps; software controls acceleration, braking and steering. (https://www.ucs.org/resources/self-driving-cars-101)","one-page"
"fact.everyday_technology.selfdriving_maps","source.ucs_self_driving_101","unverified","Self-driving cars also rely on highly detailed maps of the roads they drive.","https://www.ucs.org/resources/self-driving-cars-101","L39 card.everyday_technology.039.c2","L39 question.everyday_technology.039.q1; L39 question.everyday_technology.039.q3","","","","","","corroborated","Britannica ""Autonomous vehicle"": vehicles use sensing to create a 3-D map of their environment; Waymo describes detailed maps in its public materials. (https://www.britannica.com/technology/autonomous-vehicle)","one-page"
"fact.everyday_technology.selfdriving_lidar","source.noaa_lidar","unverified","Lidar (light detection and ranging) sends pulses of laser light and times their reflections to measure distance.","https://oceanservice.noaa.gov/facts/lidar.html","L39 card.everyday_technology.039.c2","L39 question.everyday_technology.039.q1; L39 question.everyday_technology.039.q3","","","","","","corroborated","USGS ""What is lidar?"": lidar measures distance by timing laser pulses reflected from surfaces. (https://www.usgs.gov/faqs/what-lidar-data-and-where-can-i-download-it)","one-page"
"fact.everyday_technology.selfdriving_sae_who_drives","source.sae_j3016_update","unverified","SAE J3016 defines six levels of driving automation, 0 to 5: at Levels 0-2 the human drives and must supervise; at Levels 3-5 the system drives when engaged.","https://www.sae.org/blog/sae-j3016-update","L39 card.everyday_technology.039.c3","L39 question.everyday_technology.039.q2","","","","","","corroborated","The Robot Report: SAE clarified that a human is always driving at Levels 0-2, while Levels 3-5 are automated driving systems; IMI guide describes the six-level scale. (https://www.therobotreport.com/sae-clarifies-autonomous-driving-level-definitions/ https://tide.theimi.org.uk/industry-latest/motorpro/levelling-brief-guide-sae-levels-driving-automation)",""
"fact.everyday_technology.selfdriving_levels_3_to_5","source.autosinnovate_levels","unverified","At SAE Level 3 the car drives in limited conditions but the driver must take over when asked; Level 4 needs no takeover within its limits; Level 5 drives anywhere.","https://www.autosinnovate.org/initiatives/innovation/autonomous-vehicles/levels-of-automation","L39 card.everyday_technology.039.c3; L39 card.everyday_technology.039.c4","L39 question.everyday_technology.039.q2","","","","","","corroborated","SAE J3016 summary (search of ANSI/SAE descriptions): Level 3 expects the human to respond to a request to intervene; Level 4 performs the fallback itself in limited conditions; Level 5 is unconditional. (https://blog.ansi.org/ansi/sae-levels-driving-automation-j-3016-2021/)","one-page"
"fact.everyday_technology.selfdriving_drive_pilot_2023","source.ca_dmv_drive_pilot","unverified","On June 8, 2023, California approved Mercedes-Benz Drive Pilot, a Level 3 system, for sale to the public: highways, daylight, up to 40 mph, driver takes over when prompted.","https://www.dmv.ca.gov/portal/news-and-media/california-dmv-approves-mercedes-benz-automated-driving-system-for-certain-highways-and-conditions/","L39 card.everyday_technology.039.c4","","","","","","","corroborated","Mercedes-Benz USA press release (June 2023) and CleanTechnica (9 June 2023): California certification of the SAE Level 3 Drive Pilot, limited to highways, daylight and 40 mph. (https://media.mbusa.com/releases/release-1d2a8750850333f086a722043c01a0c3-conditionally-automated-driving-mercedes-benz-drive-pilot-further-expands-us-availability-to-the-countrys-most-populous-state-through-california-certification https://cleantechnica.com/2023/06/09/california-approves-mercedes-level-3-drive-pilot-technology-with-limitations/)",""
"fact.everyday_technology.selfdriving_none_full_2025","source.brit_autonomous_vehicle","unverified","Britannica noted that, as of 2025, no car was fully autonomous.","https://www.britannica.com/technology/autonomous-vehicle","L39 card.everyday_technology.039.c4","","","","","","","corroborated","The Robot Report: consumer vehicles operate at Level 2 or below and Level 5 remains distant; no fully autonomous (Level 5) car is on sale. (https://www.therobotreport.com/sae-clarifies-autonomous-driving-level-definitions/)","one-page"
"fact.everyday_technology.transport_propeller_wing","source.nasa_glenn_propeller","unverified","A propeller acts like a rotating wing, making a lift force and accelerating air backward through it; its blades are twisted because the tips move faster than the hub.","https://www.grc.nasa.gov/www/K-12/airplane/propeller.html","L40 card.everyday_technology.040.c3","L40 question.everyday_technology.040.q1; L40 question.everyday_technology.040.q2","","","","","","corroborated","Britannica ""Propeller"": helical blades produce thrust through fluid forces as they rotate; thrust depends on the mass of fluid and its acceleration. (https://www.britannica.com/technology/propeller)","one-page"
"fact.everyday_technology.transport_propeller_water","source.brit_propeller","unverified","Ship and aircraft propellers work the same way, rotating in water or air; the thrust depends on how much water or air they accelerate, and how fast.","https://www.britannica.com/technology/propeller","L40 card.everyday_technology.040.c2; L40 card.everyday_technology.040.c3","L40 question.everyday_technology.040.q1; L40 question.everyday_technology.040.q2","","","","","","corroborated","NASA Glenn ""Propulsion System"": a working fluid is accelerated and the reaction produces thrust; propellers use the surrounding fluid as the working fluid. (https://www1.grc.nasa.gov/beginners-guide-to-aeronautics/propulsion-system/)","one-page"
"fact.everyday_technology.transport_no_air_in_space","source.nasa_glenn_propulsion_system","unverified","Turbine engines and propellers push on air from the atmosphere, so they cannot work in space; rockets push on their own exhaust and can.","https://www1.grc.nasa.gov/beginners-guide-to-aeronautics/propulsion-system/","L40 card.everyday_technology.040.c3","L40 question.everyday_technology.040.q1; L40 question.everyday_technology.040.q2","","","","","","corroborated","NASA Glenn ""Rocket Thrust"": a rocket works in space where there is no surrounding air; a gas turbine or propeller will not. (https://www1.grc.nasa.gov/beginners-guide-to-aeronautics/rocket-thrust/)","one-page"
"fact.everyday_technology.print_gutenberg_system","source.brit_gutenberg","unverified","Gutenberg's system combined durable, reusable metal type cast from an alloy that melts easily and cools quickly, a thick oil-based ink that clings to metal, and a press likely adapted from wine, oil or paper presses; set type could print a page again and again.","https://www.britannica.com/biography/Johannes-Gutenberg","L41 card.everyday_technology.041.c2","L41 question.everyday_technology.041.q1; L41 question.everyday_technology.041.q3","","","","","","corroborated","The Royal Danish Library describes Gutenberg's innovations as the press itself, the metal type and the oil-based ink that adhered to it, with individual cast letters arranged in a frame to form words. (https://www.kb.dk/en/inspiration/book-festival-royal-danish-library/gutenberg-bible)","one-page"
"fact.everyday_technology.print_movable_type_asia","source.brit_movable_type","unverified","Movable type came before Gutenberg: in China, Bi Sheng (Pi Sheng) made it from baked clay in 1041-48, and Korea printed with metal movable type in the 14th century.","https://www.britannica.com/technology/movable-type","L41 card.everyday_technology.041.c3","","","","","","","corroborated","Wikipedia (research only) dates Bi Sheng's fired-clay movable type to 1039-1048 and the Jikji, printed in Korea in 1377, as the oldest extant book printed with metal movable type. (https://en.wikipedia.org/wiki/Bi_Sheng https://www.artpublikamag.com/post/the-little-known-history-of-jikji-the-world-s-oldest-printed-book-via-metal-moveable-type)",""
"fact.everyday_technology.print_movable_type_asia","source.brit_gutenberg","unverified","Movable type came before Gutenberg: in China, Bi Sheng (Pi Sheng) made it from baked clay in 1041-48, and Korea printed with metal movable type in the 14th century.","https://www.britannica.com/biography/Johannes-Gutenberg","L41 card.everyday_technology.041.c3","","","","","","","corroborated","Wikipedia (research only) dates Bi Sheng's fired-clay movable type to 1039-1048 and the Jikji, printed in Korea in 1377, as the oldest extant book printed with metal movable type. (https://en.wikipedia.org/wiki/Bi_Sheng https://www.artpublikamag.com/post/the-little-known-history-of-jikji-the-world-s-oldest-printed-book-via-metal-moveable-type)",""
"fact.everyday_technology.print_books_by_1500","source.brit_publishing_early_printing","unverified","Before printing, Europe's manuscript (hand-copied) books numbered in the thousands; by 1500, after only 50 years of printing, there were more than 9 million books.","https://www.britannica.com/topic/publishing/The-age-of-early-printing-1450-1550","L41 card.everyday_technology.041.c1; L41 card.everyday_technology.041.c4","L41 question.everyday_technology.041.q2; L50 question.everyday_technology.050.q1","","","","","","corroborated","Lumen Learning's world history text says presses in Western Europe had produced more than 20 million volumes by 1500, consistent with 'more than 9 million'; historyofinformation.com gives presses in 282 cities by 1500. (https://courses.lumenlearning.com/suny-fmcc-worldhistory/chapter/the-printing-revolution/ https://www.historyofinformation.com/detail.php?id=27)",""
"fact.everyday_technology.print_luther_theses","source.brit_ninety_five_theses","unverified","Luther dated his 95 theses October 31, 1517, for academic debate at Wittenberg; others translated and printed them, and thanks to printing they were known throughout Germany within a few weeks.","https://www.britannica.com/event/Ninety-five-Theses","L41 card.everyday_technology.041.c4","L41 question.everyday_technology.041.q2","","","","","","corroborated","Christian History Institute: within two weeks of the posting of the 95 Theses they were printed without his permission and distributed throughout Germany. (https://christianhistoryinstitute.org/magazine/article/preaching-from-the-print-shop)","one-page"
"fact.everyday_technology.telegraph_1844","source.brit_telegraph","unverified","On May 24, 1844, Samuel Morse sent ""What hath God wrought!"" by telegraph from the Capitol in Washington to his partner Alfred Vail in Baltimore.","https://www.britannica.com/technology/telegraph","L42 card.everyday_technology.042.c1; L50 card.everyday_technology.050.c2","","","","","","","corroborated","The US Senate and the House history office both describe Morse sending ""What hath God wrought"" from the Capitol to Alfred Vail in Baltimore on May 24, 1844. (https://www.senate.gov/about/images/documents/telegraph-message-1844-loc.htm https://history.house.gov/Historical-Highlights/1800-1850/Inventor-Samuel-Morse-sent-the-first-official-telegraph-from-the-Supreme-Court-Chamber/)",""
"fact.everyday_technology.telegraph_1844","source.house_history_first_telegraph","unverified","On May 24, 1844, Samuel Morse sent ""What hath God wrought!"" by telegraph from the Capitol in Washington to his partner Alfred Vail in Baltimore.","https://history.house.gov/Historical-Highlights/1800-1850/Inventor-Samuel-Morse-sent-the-first-official-telegraph-from-the-Supreme-Court-Chamber/","L42 card.everyday_technology.042.c1; L50 card.everyday_technology.050.c2","","","","","","","corroborated","The US Senate and the House history office both describe Morse sending ""What hath God wrought"" from the Capitol to Alfred Vail in Baltimore on May 24, 1844. (https://www.senate.gov/about/images/documents/telegraph-message-1844-loc.htm https://history.house.gov/Historical-Highlights/1800-1850/Inventor-Samuel-Morse-sent-the-first-official-telegraph-from-the-Supreme-Court-Chamber/)",""
"fact.everyday_technology.telegraph_how","source.brit_telegraph","unverified","In Morse's telegraph a key made and broke the circuit; at the receiver an electromagnet, switched on and off by the signals, moved a stylus that marked dots (short signals) and dashes (longer ones) on moving paper.","https://www.britannica.com/technology/telegraph","L42 card.everyday_technology.042.c2; L43 card.everyday_technology.043.c2; L50 card.everyday_technology.050.c3; L50 card.everyday_technology.050.c4","L42 question.everyday_technology.042.q1; L42 question.everyday_technology.042.q3","","","","","","corroborated","TechnologyUK: Morse's design used an electromagnet that moved a pen to mark a moving paper strip whenever current passed; HistoryNet: Vail's sending key was a sprung lever over a contact on the transmission wire. (https://www.technologyuk.net/telecommunications/telecom-principles/analogue-and-digital-signals.shtml https://historynet.com/morses-partner-argued-he-invented-famous-code-to-no-a-vail/)",""
"fact.everyday_technology.telegraph_how","source.technologyuk_analogue_digital","unverified","In Morse's telegraph a key made and broke the circuit; at the receiver an electromagnet, switched on and off by the signals, moved a stylus that marked dots (short signals) and dashes (longer ones) on moving paper.","https://www.technologyuk.net/telecommunications/telecom-principles/analogue-and-digital-signals.shtml","L42 card.everyday_technology.042.c2; L43 card.everyday_technology.043.c2; L50 card.everyday_technology.050.c3; L50 card.everyday_technology.050.c4","L42 question.everyday_technology.042.q1; L42 question.everyday_technology.042.q3","","","","","","corroborated","TechnologyUK: Morse's design used an electromagnet that moved a pen to mark a moving paper strip whenever current passed; HistoryNet: Vail's sending key was a sprung lever over a contact on the transmission wire. (https://www.technologyuk.net/telecommunications/telecom-principles/analogue-and-digital-signals.shtml https://historynet.com/morses-partner-argued-he-invented-famous-code-to-no-a-vail/)",""
"fact.everyday_technology.telegraph_cooke_wheatstone","source.brit_telegraph","unverified","In 1837 Britain's William Cooke and Charles Wheatstone patented a telegraph with six wires and five needles; the current swung the needles to point at letters, using Oersted's discovery.","https://www.britannica.com/technology/telegraph","L42 card.everyday_technology.042.c4","","","","","","","corroborated","Science Museum Group: the 1837 joint patent covered four- and five-needle instruments, numerals in the five-needle model needed a sixth wire, and the needles used Oersted's discovery that a current moves a compass needle. (https://collection.sciencemuseumgroup.org.uk/objects/co33374/cooke-and-wheatstone-5-needle-telegraph-1837 https://ageofrevolution.org/200-object/cooke-and-wheatstone-5-needle-telegraph-1837/)",""
"fact.everyday_technology.telegraph_cooke_wheatstone","source.smg_cooke_wheatstone_telegraph","unverified","In 1837 Britain's William Cooke and Charles Wheatstone patented a telegraph with six wires and five needles; the current swung the needles to point at letters, using Oersted's discovery.","https://collection.sciencemuseumgroup.org.uk/objects/co33374/cooke-and-wheatstone-5-needle-telegraph-1837","L42 card.everyday_technology.042.c4","","","","","","","corroborated","Science Museum Group: the 1837 joint patent covered four- and five-needle instruments, numerals in the five-needle model needed a sixth wire, and the needles used Oersted's discovery that a current moves a compass needle. (https://collection.sciencemuseumgroup.org.uk/objects/co33374/cooke-and-wheatstone-5-needle-telegraph-1837 https://ageofrevolution.org/200-object/cooke-and-wheatstone-5-needle-telegraph-1837/)",""
"fact.everyday_technology.morse_code_e_dot","source.historynet_vail_morse_code","unverified","Morse code spells letters with dots and dashes; E, the most frequent letter in English, got the shortest code: a single dot.","https://historynet.com/morses-partner-argued-he-invented-famous-code-to-no-a-vail/","L42 card.everyday_technology.042.c3","L42 question.everyday_technology.042.q2","","","","","","corroborated","Standard Morse code charts give E as a single dot, and Hackaday describes the code as giving the shortest symbols to the most frequent English letters. (https://morsecode.is/letters/e https://hackaday.com/2024/12/27/do-you-know-vail-code/)",""
"fact.everyday_technology.morse_code_e_dot","source.brit_morse_code","unverified","Morse code spells letters with dots and dashes; E, the most frequent letter in English, got the shortest code: a single dot.","https://www.britannica.com/topic/Morse-Code","L42 card.everyday_technology.042.c3","L42 question.everyday_technology.042.q2","","","","","","corroborated","Standard Morse code charts give E as a single dot, and Hackaday describes the code as giving the shortest symbols to the most frequent English letters. (https://morsecode.is/letters/e https://hackaday.com/2024/12/27/do-you-know-vail-code/)",""
"fact.everyday_technology.morse_code_credit","source.brit_telegraph","unverified","Britannica credits Morse with a dot-and-dash system in 1835, while his partner Alfred Vail made many contributions; the Franklin Institute credited Vail with the alphabet of dots and dashes itself.","https://www.britannica.com/technology/telegraph","L42 card.everyday_technology.042.c3","L42 question.everyday_technology.042.q2","","","","","","corroborated","Britannica (Morse Code) names Vail as Morse's partner who improved the system; Wikipedia's Alfred Vail article (research only) records the dispute over who devised the code. (https://www.britannica.com/topic/Morse-Code https://en.wikipedia.org/wiki/Alfred_Vail)",""
"fact.everyday_technology.morse_code_credit","source.historynet_vail_morse_code","unverified","Britannica credits Morse with a dot-and-dash system in 1835, while his partner Alfred Vail made many contributions; the Franklin Institute credited Vail with the alphabet of dots and dashes itself.","https://historynet.com/morses-partner-argued-he-invented-famous-code-to-no-a-vail/","L42 card.everyday_technology.042.c3","L42 question.everyday_technology.042.q2","","","","","","corroborated","Britannica (Morse Code) names Vail as Morse's partner who improved the system; Wikipedia's Alfred Vail article (research only) records the dispute over who devised the code. (https://www.britannica.com/topic/Morse-Code https://en.wikipedia.org/wiki/Alfred_Vail)",""
"fact.everyday_technology.telephone_watson","source.brit_telephone","unverified","On March 10, 1876, Bell's lab notes record the first intelligible speech by telephone: ""Mr. Watson, come here, I want to see you.""","https://www.britannica.com/technology/telephone","L43 card.everyday_technology.043.c3","L43 question.everyday_technology.043.q3","","","","","","corroborated","Britannica's telephone article quotes the March 10, 1876 lab notes: ""Mr. Watson, come here, I want to see you"" (punctuation varies by source). (https://www.britannica.com/technology/telephone https://en.wikipedia.org/wiki/Timeline_of_the_telephone)",""
"fact.everyday_technology.telephone_watson","source.brit_bell","unverified","On March 10, 1876, Bell's lab notes record the first intelligible speech by telephone: ""Mr. Watson, come here, I want to see you.""","https://www.britannica.com/biography/Alexander-Graham-Bell","L43 card.everyday_technology.043.c3","L43 question.everyday_technology.043.q3","","","","","","corroborated","Britannica's telephone article quotes the March 10, 1876 lab notes: ""Mr. Watson, come here, I want to see you"" (punctuation varies by source). (https://www.britannica.com/technology/telephone https://en.wikipedia.org/wiki/Timeline_of_the_telephone)",""
"fact.everyday_technology.telephone_how","source.brit_telephone_development","unverified","A telephone's transmitter turns the vibrations of a diaphragm into a current that varies like the sound wave (an analogue signal); at the receiver the changing current in an electromagnet vibrates another diaphragm, recreating the sound.","https://www.britannica.com/technology/telephone/Development-of-the-telephone-instrument","L43 card.everyday_technology.043.c2; L50 card.everyday_technology.050.c3; L50 card.everyday_technology.050.c4","L43 question.everyday_technology.043.q1; L45 question.everyday_technology.045.q3","","","","","","corroborated","TechnologyUK: the voltage waveform on an analogue telephone line is an analogue of the speaker's sound waves; the Smithsonian's description of Bell's experimental telephone has a diaphragm with a metal plate facing an electromagnet at each end. (https://www.technologyuk.net/telecommunications/telecom-principles/analogue-and-digital-signals.shtml https://americanhistory.si.edu/collections/object/nmah_689864)",""
"fact.everyday_technology.telephone_how","source.technologyuk_analogue_digital","unverified","A telephone's transmitter turns the vibrations of a diaphragm into a current that varies like the sound wave (an analogue signal); at the receiver the changing current in an electromagnet vibrates another diaphragm, recreating the sound.","https://www.technologyuk.net/telecommunications/telecom-principles/analogue-and-digital-signals.shtml","L43 card.everyday_technology.043.c2; L50 card.everyday_technology.050.c3; L50 card.everyday_technology.050.c4","L43 question.everyday_technology.043.q1; L45 question.everyday_technology.045.q3","","","","","","corroborated","TechnologyUK: the voltage waveform on an analogue telephone line is an analogue of the speaker's sound waves; the Smithsonian's description of Bell's experimental telephone has a diaphragm with a metal plate facing an electromagnet at each end. (https://www.technologyuk.net/telecommunications/telecom-principles/analogue-and-digital-signals.shtml https://americanhistory.si.edu/collections/object/nmah_689864)",""
"fact.everyday_technology.telephone_how","source.brit_bell","unverified","A telephone's transmitter turns the vibrations of a diaphragm into a current that varies like the sound wave (an analogue signal); at the receiver the changing current in an electromagnet vibrates another diaphragm, recreating the sound.","https://www.britannica.com/biography/Alexander-Graham-Bell","L43 card.everyday_technology.043.c2; L50 card.everyday_technology.050.c3; L50 card.everyday_technology.050.c4","L43 question.everyday_technology.043.q1; L45 question.everyday_technology.045.q3","","","","","","corroborated","TechnologyUK: the voltage waveform on an analogue telephone line is an analogue of the speaker's sound waves; the Smithsonian's description of Bell's experimental telephone has a diaphragm with a metal plate facing an electromagnet at each end. (https://www.technologyuk.net/telecommunications/telecom-principles/analogue-and-digital-signals.shtml https://americanhistory.si.edu/collections/object/nmah_689864)",""
"fact.everyday_technology.telephone_bell_induction","source.brit_telephone_development","unverified","Bell reasoned that a sound wave vibrating one membrane would induce a voltage in an electromagnetic coil, which would in turn make a second, connected membrane vibrate.","https://www.britannica.com/technology/telephone/Development-of-the-telephone-instrument","L43 card.everyday_technology.043.c3; L50 card.everyday_technology.050.c4","L43 question.everyday_technology.043.q3","","","","","","corroborated","Britannica's Bell biography says Bell's voice made a membrane vibrate and the vibrations were converted into a current that traveled to the receiver. (https://www.britannica.com/biography/Alexander-Graham-Bell)","one-page"
"fact.everyday_technology.telephone_bell_gray","source.brit_bell","unverified","Bell applied for his telephone patent on February 14, 1876; Britannica says Elisha Gray filed a caveat on a similar method hours later that day, though the order is disputed. Bell's patent was granted March 7, 1876.","https://www.britannica.com/biography/Alexander-Graham-Bell","L43 card.everyday_technology.043.c1; L50 card.everyday_technology.050.c2","L43 question.everyday_technology.043.q2","","","","","","corroborated","Ericsson's history pages and Wikipedia (research only) describe Bell's application and Gray's caveat reaching the patent office the same day, with the order disputed, and the patent granted March 7, 1876. (https://www.ericsson.com/en/about-us/history/communication/early-developments/bell-gray-and-the-invention-of-the-telephone https://en.wikipedia.org/wiki/Elisha_Gray_and_Alexander_Bell_telephone_controversy)",""
"fact.everyday_technology.telephone_bell_gray","source.brit_telephone","unverified","Bell applied for his telephone patent on February 14, 1876; Britannica says Elisha Gray filed a caveat on a similar method hours later that day, though the order is disputed. Bell's patent was granted March 7, 1876.","https://www.britannica.com/technology/telephone","L43 card.everyday_technology.043.c1; L50 card.everyday_technology.050.c2","L43 question.everyday_technology.043.q2","","","","","","corroborated","Ericsson's history pages and Wikipedia (research only) describe Bell's application and Gray's caveat reaching the patent office the same day, with the order disputed, and the patent granted March 7, 1876. (https://www.ericsson.com/en/about-us/history/communication/early-developments/bell-gray-and-the-invention-of-the-telephone https://en.wikipedia.org/wiki/Elisha_Gray_and_Alexander_Bell_telephone_controversy)",""
"fact.everyday_technology.telephone_bell_gray","source.brit_telephone_development","unverified","Bell applied for his telephone patent on February 14, 1876; Britannica says Elisha Gray filed a caveat on a similar method hours later that day, though the order is disputed. Bell's patent was granted March 7, 1876.","https://www.britannica.com/technology/telephone/Development-of-the-telephone-instrument","L43 card.everyday_technology.043.c1; L50 card.everyday_technology.050.c2","L43 question.everyday_technology.043.q2","","","","","","corroborated","Ericsson's history pages and Wikipedia (research only) describe Bell's application and Gray's caveat reaching the patent office the same day, with the order disputed, and the patent granted March 7, 1876. (https://www.ericsson.com/en/about-us/history/communication/early-developments/bell-gray-and-the-invention-of-the-telephone https://en.wikipedia.org/wiki/Elisha_Gray_and_Alexander_Bell_telephone_controversy)",""
"fact.everyday_technology.telephone_liquid_transmitter","source.brit_telephone_development","unverified","Gray's caveat described a liquid transmitter, and Bell's first successful speech transmission, on March 10, 1876, also used a liquid transmitter.","https://www.britannica.com/technology/telephone/Development-of-the-telephone-instrument","L43 card.everyday_technology.043.c4","L43 question.everyday_technology.043.q2; L50 question.everyday_technology.050.q2","","","","","","corroborated","Wikipedia's telephone timeline (research only) says Bell's March 10, 1876 transmission used a liquid transmitter as described in Gray's caveat. (https://en.wikipedia.org/wiki/Timeline_of_the_telephone)","one-page weak-pages"
"fact.everyday_technology.telephone_meucci","source.congress_meucci_hres269","unverified","In 2002 the US House of Representatives passed a resolution honoring Antonio Meucci's work on the telephone; it said he could not pay the $10 fee to keep his caveat after 1874.","https://www.congress.gov/bill/107th-congress/house-resolution/269/text","L43 card.everyday_technology.043.c4","L43 question.everyday_technology.043.q2; L50 question.everyday_technology.050.q2","","","","","","corroborated","GovTrack lists H.Res. 269 (107th Congress) as passed by the House on June 11, 2002, with the clause about the $10 caveat fee after 1874. (https://www.govtrack.us/congress/bills/107/hres269)","one-page"
"fact.everyday_technology.radio_em_waves","source.nasa_ems_anatomy","unverified","Radio waves are electromagnetic waves, a form of light, with the longest wavelengths in the spectrum; they travel at the speed of light and need no medium, not even air.","https://science.nasa.gov/ems/02_anatomy/","L44 card.everyday_technology.044.c2","L44 question.everyday_technology.044.q3; L48 question.everyday_technology.048.q3","","","","","","corroborated","OpenStax College Physics: fields from an antenna propagate at the speed of light; NASA: radio waves have the longest wavelengths in the spectrum. (https://openstax.org/books/college-physics-2e/pages/24-2-production-of-electromagnetic-waves https://science.nasa.gov/ems/05_radiowaves/)",""
"fact.everyday_technology.radio_em_waves","source.nasa_ems_radio_waves","unverified","Radio waves are electromagnetic waves, a form of light, with the longest wavelengths in the spectrum; they travel at the speed of light and need no medium, not even air.","https://science.nasa.gov/ems/05_radiowaves/","L44 card.everyday_technology.044.c2","L44 question.everyday_technology.044.q3; L48 question.everyday_technology.048.q3","","","","","","corroborated","OpenStax College Physics: fields from an antenna propagate at the speed of light; NASA: radio waves have the longest wavelengths in the spectrum. (https://openstax.org/books/college-physics-2e/pages/24-2-production-of-electromagnetic-waves https://science.nasa.gov/ems/05_radiowaves/)",""
"fact.everyday_technology.radio_antenna","source.openstax_em_wave_production","unverified","A varying current in an antenna sends out electromagnetic waves at the speed of light; an incoming wave pushes electrons back and forth in a receiving antenna, making a small current.","https://openstax.org/books/college-physics-2e/pages/24-2-production-of-electromagnetic-waves","L44 card.everyday_technology.044.c2; L50 card.everyday_technology.050.c4","L44 question.everyday_technology.044.q3; L48 question.everyday_technology.048.q3","","","","","","corroborated","NetworkAcademy and physics texts describe an oscillating current in a transmitting antenna radiating an electromagnetic wave, and an incoming wave moving the electrons in a receiving antenna to create a weak current. (https://www.networkacademy.io/ccna/wireless/understanding-antennas)","one-page"
"fact.everyday_technology.radio_modulation","source.brit_modulation","unverified","Stations put sound on a radio-frequency carrier wave: AM varies the carrier's amplitude (strength) to match the sound, while FM keeps the amplitude constant and varies the frequency.","https://www.britannica.com/technology/modulation-communications","L44 card.everyday_technology.044.c3; L50 card.everyday_technology.050.c3","L44 question.everyday_technology.044.q2","","","","","","corroborated","PBS (A Science Odyssey) and ScienceABC explain that AM varies the height (amplitude) of the carrier and FM varies its frequency while the amplitude stays constant. (https://www.pbs.org/wgbh/aso/tryit/radio/radiorelayer.html https://www.scienceabc.com/innovation/what-difference-frequency-amplitude-modulation-radio-waves)",""
"fact.everyday_technology.radio_tuning","source.nasa_ems_radio_waves","unverified","You tune a radio to a specific frequency, and the radio turns the waves it receives into vibrations of its speaker that make sound.","https://science.nasa.gov/ems/05_radiowaves/","L44 card.everyday_technology.044.c3","L44 question.everyday_technology.044.q2","","","","","","corroborated","OpenStax College Physics notes radio receivers pick up broadcast waves via their antennas; Britannica (loudspeaker) describes the speaker turning the signal into sound. (https://openstax.org/books/college-physics-2e/pages/24-2-production-of-electromagnetic-waves https://www.britannica.com/technology/loudspeaker)",""
"fact.everyday_technology.radio_marconi_1901","source.brit_marconi","unverified","On December 12, 1901, Marconi received the first radio signal sent across the Atlantic, from Cornwall to Newfoundland: the Morse letter S, three dots.","https://www.britannica.com/biography/Guglielmo-Marconi","L44 card.everyday_technology.044.c1; L50 card.everyday_technology.050.c2","","","","","","","corroborated","HISTORY and IEEE ETHW describe Marconi receiving the Morse letter S (three dots) at St. John's, Newfoundland, from Poldhu, Cornwall, on December 12, 1901. (https://www.history.com/this-day-in-history/december-12/marconi-sends-first-atlantic-wireless-transmission https://ethw.org/Milestones:Transmission_of_Transatlantic_Radio_Signals,_1901)",""
"fact.everyday_technology.radio_marconi_1901","source.brit_morse_code","unverified","On December 12, 1901, Marconi received the first radio signal sent across the Atlantic, from Cornwall to Newfoundland: the Morse letter S, three dots.","https://www.britannica.com/topic/Morse-Code","L44 card.everyday_technology.044.c1; L50 card.everyday_technology.050.c2","","","","","","","corroborated","HISTORY and IEEE ETHW describe Marconi receiving the Morse letter S (three dots) at St. John's, Newfoundland, from Poldhu, Cornwall, on December 12, 1901. (https://www.history.com/this-day-in-history/december-12/marconi-sends-first-atlantic-wireless-transmission https://ethw.org/Milestones:Transmission_of_Transatlantic_Radio_Signals,_1901)",""
"fact.everyday_technology.radio_hertz_nobel","source.brit_marconi","unverified","Heinrich Hertz first produced and transmitted radio waves; Marconi shared the 1909 Nobel Prize in Physics with Ferdinand Braun.","https://www.britannica.com/biography/Guglielmo-Marconi","L44 card.everyday_technology.044.c4","L44 question.everyday_technology.044.q1","","","","","","corroborated","NobelPrize.org's Marconi biography says he shared the 1909 Nobel Prize for Physics with Karl Ferdinand Braun. (https://www.nobelprize.org/prizes/physics/1909/marconi/biographical/)","one-page"
"fact.everyday_technology.radio_popov","source.brit_popov","unverified","On May 7, 1895, Aleksandr Popov demonstrated a radio receiver (a lightning detector) in St. Petersburg without knowing Marconi's work; Russia hails him as radio's inventor.","https://www.britannica.com/biography/Aleksandr-Popov-Russian-engineer","L44 card.everyday_technology.044.c4","L44 question.everyday_technology.044.q1","","","","","","corroborated","The Linda Hall Library and IEEE ETHW describe Popov demonstrating his receiver to the Russian Physical and Chemical Society on May 7, 1895, now Radio Day in Russia. (https://www.lindahall.org/about/news/scientist-of-the-day/alexander-popov/ https://ethw.org/Aleksandr_Popov)",""
"fact.everyday_technology.radio_court_1943","source.cornell_marconi_v_us","unverified","In 1943 the US Supreme Court held Marconi's key US tuning patent invalid as anticipated by earlier work, chiefly John Stone Stone's, and said Tesla had anticipated several of its features.","https://www.law.cornell.edu/supremecourt/text/320/1","L44 card.everyday_technology.044.c4","L44 question.everyday_technology.044.q1","","","","","","corroborated","FindLaw and Justia summaries of 320 U.S. 1 (June 21, 1943) record patent 763,772 held invalid as anticipated, with Stone and Lodge patents cited. (https://caselaw.findlaw.com/court/us-supreme-court/320/1.html https://supreme.justia.com/cases/federal/us/320/1/)",""
"fact.everyday_technology.tv_mechanical_30_lines","source.brit_tv_technology","unverified","Early mechanical television pictures, like those of the 1920s, had only 30 lines, repeating about 12 times a second, and flickered badly.","https://www.britannica.com/technology/television-technology","L45 card.everyday_technology.045.c1","","","","","","","corroborated","The Baird Television site describes the 1926 receiver's disc with 30 holes in a spiral, giving 30-line pictures. (https://www.bairdtelevision.com/firstdemo.html)","one-page"
"fact.everyday_technology.tv_scanning_how","source.brit_tv_technology","unverified","Television sends a picture by scanning it spot by spot, left to right along a line and then one line lower, turning each spot's brightness into an electrical signal; the receiver rebuilds it in the same order, fast enough for the eye to see a whole picture.","https://www.britannica.com/technology/television-technology","L45 card.everyday_technology.045.c2; L50 card.everyday_technology.050.c3","L45 question.everyday_technology.045.q1; L45 question.everyday_technology.045.q3","","","","","","corroborated","Britannica's pixel article: an electron beam traces each horizontal line left to right, top to bottom; Britannica's scanning-pattern section: frames follow so rapidly they combine in the viewer's eye. (https://www.britannica.com/technology/pixel https://www.britannica.com/technology/television-technology/The-scanning-pattern)",""
"fact.everyday_technology.tv_scanning_how","source.brit_pixel","unverified","Television sends a picture by scanning it spot by spot, left to right along a line and then one line lower, turning each spot's brightness into an electrical signal; the receiver rebuilds it in the same order, fast enough for the eye to see a whole picture.","https://www.britannica.com/technology/pixel","L45 card.everyday_technology.045.c2; L50 card.everyday_technology.050.c3","L45 question.everyday_technology.045.q1; L45 question.everyday_technology.045.q3","","","","","","corroborated","Britannica's pixel article: an electron beam traces each horizontal line left to right, top to bottom; Britannica's scanning-pattern section: frames follow so rapidly they combine in the viewer's eye. (https://www.britannica.com/technology/pixel https://www.britannica.com/technology/television-technology/The-scanning-pattern)",""
"fact.everyday_technology.tv_crt","source.brit_tv_technology","unverified","In a cathode-ray picture tube, a beam of electrons sweeps the screen, and the picture signal applied to the electron guns controls how bright each spot glows.","https://www.britannica.com/technology/television-technology","L45 card.everyday_technology.045.c3","","","","","","","corroborated","Britannica's pixel article describes an electron beam creating the grid of pixels by tracing each line across the screen. (https://www.britannica.com/technology/pixel)","one-page"
"fact.everyday_technology.tv_crt","source.brit_pixel","unverified","In a cathode-ray picture tube, a beam of electrons sweeps the screen, and the picture signal applied to the electron guns controls how bright each spot glows.","https://www.britannica.com/technology/pixel","L45 card.everyday_technology.045.c3","","","","","","","corroborated","Britannica's pixel article describes an electron beam creating the grid of pixels by tracing each line across the screen. (https://www.britannica.com/technology/pixel)","one-page"
"fact.everyday_technology.tv_baird_1926","source.brit_baird","unverified","On January 26, 1926, John Logie Baird showed his mechanical ""Televisor"" to members of the Royal Institution in London: the first public demonstration of television.","https://www.britannica.com/biography/John-Logie-Baird","L45 card.everyday_technology.045.c1; L50 card.everyday_technology.050.c2","","","","","","","corroborated","IEEE ETHW (Milestone) and English Heritage record the first public demonstration of television to Royal Institution members at 22 Frith Street, London, on 26 January 1926. (https://ethw.org/Milestones:First_Public_Demonstration_of_Television,_1926 https://www.english-heritage.org.uk/visit/blue-plaques/john-logie-baird-television/)",""
"fact.everyday_technology.tv_nipkow_disk","source.brit_tv_technology","unverified","Paul Nipkow's 1884 patent used a spinning disk punched with a spiral of holes, each hole scanning one line of the picture; mechanical systems like Baird's used such disks.","https://www.britannica.com/technology/television-technology","L45 card.everyday_technology.045.c3","L45 question.everyday_technology.045.q2","","","","","","corroborated","IEEE ETHW's 1926 Milestone describes Baird's apparatus using a disc perforated with holes in a spiral, synchronized with a scanning disc at the transmitter. (https://ethw.org/Milestones:First_Public_Demonstration_of_Television,_1926)","one-page"
"fact.everyday_technology.tv_farnsworth_1927","source.brit_farnsworth","unverified","Philo Farnsworth concluded only an electronic system could scan fast enough, and made his first all-electronic TV transmission on September 7, 1927, with his image dissector camera tube.","https://www.britannica.com/biography/Philo-Farnsworth","L45 card.everyday_technology.045.c3","L45 question.everyday_technology.045.q2","","","","","","corroborated","The Linda Hall Library and the Television Academy record Farnsworth's first electronic image transmission (a line on a slide) with the image dissector on September 7, 1927. (https://www.lindahall.org/about/news/scientist-of-the-day/philo-farnsworth/ https://interviews.televisionacademy.com/news/80-years-ago-todayinventor-philo-farnsworth-transmits-his-first-electronic-television-image)",""
"fact.everyday_technology.tv_zworykin_rca","source.brit_zworykin","unverified","Vladimir Zworykin filed for an all-electronic TV patent in 1923 and built the iconoscope camera tube at RCA after visiting Farnsworth's lab in 1930; in 1939 RCA agreed to pay Farnsworth royalties.","https://www.britannica.com/biography/Vladimir-Zworykin","L45 card.everyday_technology.045.c4","L45 question.everyday_technology.045.q2","","","","","","corroborated","The Linda Hall Library and Wikipedia (research only) describe RCA agreeing in 1939 to pay Farnsworth royalties, after Zworykin's 1930 visit to Farnsworth's lab. (https://www.lindahall.org/about/news/scientist-of-the-day/philo-farnsworth/ https://en.wikipedia.org/wiki/1939_in_American_television)",""
"fact.everyday_technology.tv_zworykin_rca","source.brit_farnsworth","unverified","Vladimir Zworykin filed for an all-electronic TV patent in 1923 and built the iconoscope camera tube at RCA after visiting Farnsworth's lab in 1930; in 1939 RCA agreed to pay Farnsworth royalties.","https://www.britannica.com/biography/Philo-Farnsworth","L45 card.everyday_technology.045.c4","L45 question.everyday_technology.045.q2","","","","","","corroborated","The Linda Hall Library and Wikipedia (research only) describe RCA agreeing in 1939 to pay Farnsworth royalties, after Zworykin's 1930 visit to Farnsworth's lab. (https://www.lindahall.org/about/news/scientist-of-the-day/philo-farnsworth/ https://en.wikipedia.org/wiki/1939_in_American_television)",""
"fact.everyday_technology.tv_bbc_1937","source.brit_baird","unverified","In February 1937 the BBC adopted the electronic Marconi-EMI system exclusively, dropping Baird's system.","https://www.britannica.com/biography/John-Logie-Baird","L45 card.everyday_technology.045.c4","L45 question.everyday_technology.045.q2","","","","","","corroborated","The National Science and Media Museum's British TV timeline records the Baird system abandoned in February 1937 in favour of Marconi-EMI's 405-line system. (https://blog.scienceandmediamuseum.org.uk/history-of-british-television-timeline/)","one-page"
"fact.everyday_technology.camera_obscura","source.brit_camera_obscura","unverified","Camera obscura is Latin for 'dark chamber': the earliest were darkened rooms where light through a single tiny hole cast an upside-down image of the outside scene on the opposite wall.","https://www.britannica.com/technology/camera-obscura-photography","L46 card.everyday_technology.046.c2","L46 question.everyday_technology.046.q1","","","","","","corroborated","The National Science and Media Museum: a small hole in the blind of a darkened room produces an inverted image of the scene outside on the opposite wall; the name means dark room. (https://blog.scienceandmediamuseum.org.uk/introduction-camera-obscura/)","one-page"
"fact.everyday_technology.camera_parts","source.brit_camera","unverified","A camera is a light-tight box with a lens that focuses light onto a light-sensitive surface (film, a plate or a sensor), plus an aperture and shutter that control how much light gets in.","https://www.britannica.com/technology/camera","L46 card.everyday_technology.046.c2","L46 question.everyday_technology.046.q1","","","","","","corroborated","Britannica's digital camera article describes light transmitted through the camera's lenses onto the sensor; the Science and Media Museum notes lenses fitted to camera obscuras from around 1550. (https://www.britannica.com/technology/digital-camera https://blog.scienceandmediamuseum.org.uk/introduction-camera-obscura/)",""
"fact.everyday_technology.camera_niepce_1827","source.hrc_niepce_first_photo","unverified","Niepce's 1827 view from his window at Le Gras, made in a camera obscura on a bitumen-coated pewter plate, is the oldest surviving camera photograph; estimates of its exposure run from about eight hours to several days.","https://www.hrc.utexas.edu/niepce-heliograph/","L46 card.everyday_technology.046.c1","","","","","","","corroborated","Britannica (Daguerre) gives about eight hours for Niepce's exposure; the Ransom Center says several days; Wikipedia (research only) gives eight hours to several days and dates it to 1827. (https://www.britannica.com/biography/Louis-Daguerre https://en.wikipedia.org/wiki/View_from_the_Window_at_Le_Gras)",""
"fact.everyday_technology.camera_niepce_1827","source.brit_daguerre","unverified","Niepce's 1827 view from his window at Le Gras, made in a camera obscura on a bitumen-coated pewter plate, is the oldest surviving camera photograph; estimates of its exposure run from about eight hours to several days.","https://www.britannica.com/biography/Louis-Daguerre","L46 card.everyday_technology.046.c1","","","","","","","corroborated","Britannica (Daguerre) gives about eight hours for Niepce's exposure; the Ransom Center says several days; Wikipedia (research only) gives eight hours to several days and dates it to 1827. (https://www.britannica.com/biography/Louis-Daguerre https://en.wikipedia.org/wiki/View_from_the_Window_at_Le_Gras)",""
"fact.everyday_technology.camera_film","source.brit_technology_of_photography","unverified","Film is coated with light-sensitive silver salts such as silver bromide; developing turns the light-struck crystals into dark metallic silver, so bright parts of a scene record dark: a negative.","https://www.britannica.com/technology/technology-of-photography","L46 card.everyday_technology.046.c3","L46 question.everyday_technology.046.q2","","","","","","corroborated","Britannica's photography overview: exposure forms a latent, reversed image called a negative, made visible by development. (https://www.britannica.com/technology/photography/Technology-of-photography)","one-page"
"fact.everyday_technology.camera_daguerre_talbot","source.brit_daguerre","unverified","Daguerre's process was announced on January 9, 1839; Britannica says that had Talbot announced his negative method a few weeks earlier, he would probably be known as photography's founder.","https://www.britannica.com/biography/Louis-Daguerre","L46 card.everyday_technology.046.c3","L46 question.everyday_technology.046.q2","","","","","","corroborated","Britannica (Daguerre) dates the announcement to January 9, 1839, at the Academy of Sciences. (https://www.britannica.com/biography/Louis-Daguerre)","one-page"
"fact.everyday_technology.camera_daguerre_talbot","source.brit_talbot","unverified","Daguerre's process was announced on January 9, 1839; Britannica says that had Talbot announced his negative method a few weeks earlier, he would probably be known as photography's founder.","https://www.britannica.com/biography/William-Henry-Fox-Talbot","L46 card.everyday_technology.046.c3","L46 question.everyday_technology.046.q2","","","","","","corroborated","Britannica (Daguerre) dates the announcement to January 9, 1839, at the Academy of Sciences. (https://www.britannica.com/biography/Louis-Daguerre)","one-page"
"fact.everyday_technology.camera_sensor","source.brit_digital_camera","unverified","A digital camera has no film: when light strikes the pixels of its sensor (a CCD or CMOS chip), it induces an electric current that is measured and stored as digital data.","https://www.britannica.com/technology/digital-camera","L46 card.everyday_technology.046.c4; L47 card.everyday_technology.047.c2","L46 question.everyday_technology.046.q3","","","","","","corroborated","Britannica (camera) lists CCD and CMOS sensors as recording media; NobelPrize.org describes the CCD turning light into electrical signals. (https://www.britannica.com/technology/camera https://www.nobelprize.org/prizes/physics/2009/illustrated-information/)",""
"fact.everyday_technology.camera_sensor","source.brit_camera","unverified","A digital camera has no film: when light strikes the pixels of its sensor (a CCD or CMOS chip), it induces an electric current that is measured and stored as digital data.","https://www.britannica.com/technology/camera","L46 card.everyday_technology.046.c4; L47 card.everyday_technology.047.c2","L46 question.everyday_technology.046.q3","","","","","","corroborated","Britannica (camera) lists CCD and CMOS sensors as recording media; NobelPrize.org describes the CCD turning light into electrical signals. (https://www.britannica.com/technology/camera https://www.nobelprize.org/prizes/physics/2009/illustrated-information/)",""
"fact.everyday_technology.camera_ccd_nobel","source.nobel_physics_2009","unverified","Willard Boyle and George Smith invented the CCD image sensor in 1969 and shared half of the 2009 Nobel Prize in Physics for it.","https://www.nobelprize.org/prizes/physics/2009/press-release/","L46 card.everyday_technology.046.c4","L46 question.everyday_technology.046.q3","","","","","","corroborated","Teledyne DALSA and historyofinformation.com record Boyle and Smith inventing the CCD at Bell Labs in 1969 and sharing the 2009 physics Nobel. (https://www.teledynedalsa.com/en/news/newsroom/ccd-inventors-awarded-nobel-prize/ https://historyofinformation.com/detail.php?id=877)",""
"fact.everyday_technology.screen_pixel_def","source.brit_pixel","unverified","A pixel is the smallest unit of a screen image, with its own brightness and color; many tiny pixels seen from a normal distance blend into one continuous picture.","https://www.britannica.com/technology/pixel","L47 card.everyday_technology.047.c2","L47 question.everyday_technology.047.q1","","","","","","corroborated","Lenovo and ScanTips glossaries define a pixel (picture element) as the smallest element of a digital image, each with a color and brightness value, which the eye sees together as a continuous image. (https://www.lenovo.com/us/en/glossary/pixel/ https://www.scantips.com/basics1b.html)",""
"fact.everyday_technology.screen_resolution","source.ebu_uhdtv_glossary","unverified","An HD screen is 1,920 x 1,080 pixels (about 2 million); a UHD '4K' screen is 3,840 x 2,160, four times as many (about 8.3 million).","https://tech.ebu.ch/uhdtv/glossary","L47 card.everyday_technology.047.c2","L47 question.everyday_technology.047.q1","","","","","","corroborated","ITU-R BT.709 specifies 1920 x 1080 for HDTV and BT.2020 3840 x 2160 for UHD (IEEE technology navigator; Samsung Display). (https://technav.ieee.org/topic/hdtv/ https://global.samsungdisplay.com/31095)",""
"fact.everyday_technology.screen_lcd","source.brit_lcd","unverified","An LCD makes no light of its own: a backlight shines through liquid crystals that change how much light passes when a voltage is applied, behind red, green and blue subpixel filters.","https://www.britannica.com/technology/liquid-crystal-display","L47 card.everyday_technology.047.c4","L47 question.everyday_technology.047.q3","","","","","","corroborated","Explain that Stuff: transistors switch the liquid crystals so backlight either passes the front polarizer or is blocked, and each pixel has red, green and blue sub-pixels. (https://www.explainthatstuff.com/lcdtv.html)","one-page"
"fact.everyday_technology.screen_rgb_subpixels","source.openstax_color_vision","unverified","Color screens build each pixel from red, green and blue subpixels, and combinations of the three produce a broad range of hues.","https://openstax.org/books/college-physics-2e/pages/26-3-color-and-color-vision","L47 card.everyday_technology.047.c1; L47 card.everyday_technology.047.c3","L47 question.everyday_technology.047.q2; L50 question.everyday_technology.050.q4","","","","","","corroborated","Science in School: combining red, green and blue light in equal proportions gives white, and screens use RGB combinations. (https://scienceinschool.org/article/2024/additive-mixing-coloured-shadows/)","one-page"
"fact.everyday_technology.screen_rgb_subpixels","source.brit_lcd","unverified","Color screens build each pixel from red, green and blue subpixels, and combinations of the three produce a broad range of hues.","https://www.britannica.com/technology/liquid-crystal-display","L47 card.everyday_technology.047.c1; L47 card.everyday_technology.047.c3","L47 question.everyday_technology.047.q2; L50 question.everyday_technology.050.q4","","","","","","corroborated","Science in School: combining red, green and blue light in equal proportions gives white, and screens use RGB combinations. (https://scienceinschool.org/article/2024/additive-mixing-coloured-shadows/)","one-page"
"fact.everyday_technology.screen_rgb_subpixels","source.webexhibits_color_mixing","unverified","Color screens build each pixel from red, green and blue subpixels, and combinations of the three produce a broad range of hues.","https://www.webexhibits.org/causesofcolor/1BA.html","L47 card.everyday_technology.047.c1; L47 card.everyday_technology.047.c3","L47 question.everyday_technology.047.q2; L50 question.everyday_technology.050.q4","","","","","","corroborated","Science in School: combining red, green and blue light in equal proportions gives white, and screens use RGB combinations. (https://scienceinschool.org/article/2024/additive-mixing-coloured-shadows/)","one-page"
"fact.everyday_technology.screen_rgb_mix","source.webexhibits_color_mixing","unverified","Mixing light is additive: red and green light together look yellow, and red, green and blue together look white.","https://www.webexhibits.org/causesofcolor/1BA.html","L47 card.everyday_technology.047.c3","L47 question.everyday_technology.047.q2; L50 question.everyday_technology.050.q4","","","","","","corroborated","Science in School: mixing any two of red, green and blue light gives the secondary colors yellow, cyan and magenta; all three give white. (https://scienceinschool.org/article/2024/additive-mixing-coloured-shadows/)","one-page"
"fact.everyday_technology.screen_cones","source.openstax_color_vision","unverified","The eye has three types of cone cells, each most sensitive to a different range of wavelengths (roughly red, green and blue); the colors we see come from combinations of their signals.","https://openstax.org/books/college-physics-2e/pages/26-3-color-and-color-vision","L47 card.everyday_technology.047.c3","L47 question.everyday_technology.047.q2; L50 question.everyday_technology.050.q4","","","","","","corroborated","NCBI Bookshelf (Neuroscience) describes three cone types with different spectral sensitivities whose relative activity sets perceived color. (https://www.ncbi.nlm.nih.gov/books/NBK11059/)","one-page"
"fact.everyday_technology.cell_cells","source.brit_mobile_telephone","unverified","A cellular network divides its area into small cells, often drawn as hexagons; phones talk by radio waves to the base station serving their cell, and a switching office connects calls onward.","https://www.britannica.com/technology/mobile-telephone","L48 card.everyday_technology.048.c2; L49 card.everyday_technology.049.c1","L48 question.everyday_technology.048.q1; L48 question.everyday_technology.048.q3","","","","","","corroborated","Engineering LibreTexts: a large area is divided into cells, shown as hexagons, with frequencies reused and handoff between cells. (https://eng.libretexts.org/Bookshelves/Electrical_Engineering/Electronics/Microwave_and_RF_Design_I_-_Radio_Systems_(Steer)/05:_RF_Systems/5.03:_Cellular_Communications)","one-page"
"fact.everyday_technology.cell_cells","source.libretexts_cellular","unverified","A cellular network divides its area into small cells, often drawn as hexagons; phones talk by radio waves to the base station serving their cell, and a switching office connects calls onward.","https://eng.libretexts.org/Bookshelves/Electrical_Engineering/Electronics/Microwave_and_RF_Design_I_-_Radio_Systems_(Steer)/05:_RF_Systems/5.03:_Cellular_Communications","L48 card.everyday_technology.048.c2; L49 card.everyday_technology.049.c1","L48 question.everyday_technology.048.q1; L48 question.everyday_technology.048.q3","","","","","","corroborated","Engineering LibreTexts: a large area is divided into cells, shown as hexagons, with frequencies reused and handoff between cells. (https://eng.libretexts.org/Bookshelves/Electrical_Engineering/Electronics/Microwave_and_RF_Design_I_-_Radio_Systems_(Steer)/05:_RF_Systems/5.03:_Cellular_Communications)","one-page"
"fact.everyday_technology.cell_reuse","source.brit_mobile_telephone","unverified","Because battery-powered phones transmit at low power, the frequencies used in one cell can be reused in other cells, multiplying the calls a network can carry.","https://www.britannica.com/technology/mobile-telephone","L48 card.everyday_technology.048.c3","L48 question.everyday_technology.048.q3","","","","","","corroborated","Engineering LibreTexts: frequencies used in one cell are reused in the corresponding cell of another cluster. (https://eng.libretexts.org/Bookshelves/Electrical_Engineering/Electronics/Microwave_and_RF_Design_I_-_Radio_Systems_(Steer)/05:_RF_Systems/5.03:_Cellular_Communications)","one-page"
"fact.everyday_technology.cell_reuse","source.libretexts_cellular","unverified","Because battery-powered phones transmit at low power, the frequencies used in one cell can be reused in other cells, multiplying the calls a network can carry.","https://eng.libretexts.org/Bookshelves/Electrical_Engineering/Electronics/Microwave_and_RF_Design_I_-_Radio_Systems_(Steer)/05:_RF_Systems/5.03:_Cellular_Communications","L48 card.everyday_technology.048.c3","L48 question.everyday_technology.048.q3","","","","","","corroborated","Engineering LibreTexts: frequencies used in one cell are reused in the corresponding cell of another cluster. (https://eng.libretexts.org/Bookshelves/Electrical_Engineering/Electronics/Microwave_and_RF_Design_I_-_Radio_Systems_(Steer)/05:_RF_Systems/5.03:_Cellular_Communications)","one-page"
"fact.everyday_technology.cell_bell_1947","source.libretexts_cellular","unverified","The cellular concept was outlined in a 1947 Bell Laboratories technical memorandum.","https://eng.libretexts.org/Bookshelves/Electrical_Engineering/Electronics/Microwave_and_RF_Design_I_-_Radio_Systems_(Steer)/05:_RF_Systems/5.03:_Cellular_Communications","L48 card.everyday_technology.048.c1","","","","","","","corroborated","Wikipedia (research only) dates D. H. Ring's Bell Labs memo proposing the cellular system to December 11, 1947. (https://en.wikipedia.org/wiki/W._Rae_Young)","one-page weak-pages"
"fact.everyday_technology.cell_cooper_1973","source.guinness_first_mobile_call","unverified","On April 3, 1973, Motorola engineer Martin Cooper made the first handheld cell phone call, to Joel Engel of rival Bell Labs, on a 2.5-pound prototype.","https://www.guinnessworldrecords.com/news/2015/8/60/1973-first-mobile-phone-call-392969","L48 card.everyday_technology.048.c1; L50 card.everyday_technology.050.c2","","","","","","","corroborated","AARP and ABC7 Chicago describe Cooper calling Joel Engel of Bell Labs from a roughly 2.5-pound Motorola prototype on April 3, 1973. (https://www.aarp.org/events-history/first-cell-phone-call/ https://abc7chicago.com/post/martin-cooper-first-cell-phone-call-motorola-april-3/13077296/)",""
"fact.everyday_technology.cell_handoff","source.brit_mobile_telephone","unverified","When a phone moves from one cell into another during a call, a central controller automatically reroutes the call to the new cell without a noticeable break: a handoff.","https://www.britannica.com/technology/mobile-telephone","L48 card.everyday_technology.048.c4","L48 question.everyday_technology.048.q2; L50 question.everyday_technology.050.q7","","","","","","corroborated","Engineering LibreTexts: mobile users move between cells, so handoff procedures transfer connections from one cell to the next. (https://eng.libretexts.org/Bookshelves/Electrical_Engineering/Electronics/Microwave_and_RF_Design_I_-_Radio_Systems_(Steer)/05:_RF_Systems/5.03:_Cellular_Communications)","one-page"
"fact.everyday_technology.cell_handoff","source.libretexts_cellular","unverified","When a phone moves from one cell into another during a call, a central controller automatically reroutes the call to the new cell without a noticeable break: a handoff.","https://eng.libretexts.org/Bookshelves/Electrical_Engineering/Electronics/Microwave_and_RF_Design_I_-_Radio_Systems_(Steer)/05:_RF_Systems/5.03:_Cellular_Communications","L48 card.everyday_technology.048.c4","L48 question.everyday_technology.048.q2; L50 question.everyday_technology.050.q7","","","","","","corroborated","Engineering LibreTexts: mobile users move between cells, so handoff procedures transfer connections from one cell to the next. (https://eng.libretexts.org/Bookshelves/Electrical_Engineering/Electronics/Microwave_and_RF_Design_I_-_Radio_Systems_(Steer)/05:_RF_Systems/5.03:_Cellular_Communications)","one-page"
"fact.everyday_technology.smartphone_definition","source.brit_smartphone","unverified","A smartphone is a mobile phone with a display screen and an operating system that lets you install software (apps); most have a touchscreen and a built-in camera.","https://www.britannica.com/technology/smartphone","L49 card.everyday_technology.049.c1","","","","","","","corroborated","TechTarget defines a smartphone as a cell phone with an operating system that can run software applications, with touchscreens and digital cameras as standard features. (https://www.techtarget.com/searchmobilecomputing/definition/smartphone)","one-page"
"fact.everyday_technology.phone_speaker","source.brit_loudspeaker","unverified","In a loudspeaker, a coil of wire in a strong magnetic field moves with the changing current and vibrates a diaphragm, which vibrates the air to make sound.","https://www.britannica.com/technology/loudspeaker","L49 card.everyday_technology.049.c3; L50 card.everyday_technology.050.c4","L49 question.everyday_technology.049.q2; L49 question.everyday_technology.049.q3; L50 question.everyday_technology.050.q5; L50 question.everyday_technology.050.q6","","","","","","corroborated","Explain that Stuff: the signal turns the speaker coil into an electromagnet that is pushed and pulled by a permanent magnet, moving the attached cone back and forth to pump sound into the air. (https://www.explainthatstuff.com/loudspeakers.html)","one-page"
"fact.everyday_technology.phone_vibration","source.uw_makeability_vibromotor","unverified","Phones buzz with tiny motors: an eccentric rotating mass motor spins an off-center weight, while a linear resonant actuator (used in iPhones) shakes a weight on a spring with a coil.","https://makeabilitylab.github.io/physcomp/advancedio/vibromotor.html","L49 card.everyday_technology.049.c3","L49 question.everyday_technology.049.q2; L49 question.everyday_technology.049.q3; L50 question.everyday_technology.050.q5","","","","","","corroborated","SamMobile describes phone vibration motors spinning an off-center weight (ERM) or moving a spring-mounted mass back and forth (LRA). (https://www.sammobile.com/news/how-do-phone-vibration-motors-work/)","one-page"
"fact.everyday_technology.phone_liion","source.nobel_chemistry_2019","unverified","Lightweight, rechargeable lithium-ion batteries power mobile phones and laptops; Goodenough, Whittingham and Yoshino shared the 2019 Nobel Prize in Chemistry for them.","https://www.nobelprize.org/prizes/chemistry/2019/press-release/","L49 card.everyday_technology.049.c4; L50 card.everyday_technology.050.c4","L50 question.everyday_technology.050.q5; L50 question.everyday_technology.050.q6","","","","","","corroborated","ScienceDaily reports the 2019 chemistry Nobel for lithium-ion batteries, now used in mobile phones, laptops and electric vehicles. (https://www.sciencedaily.com/releases/2019/10/191009082508.htm)","one-page"
"fact.everyday_technology.touch_how","source.explainthatstuff_touchscreens","unverified","On a capacitive touchscreen, your finger, which conducts electricity, alters an electric field by an amount that depends on where it is; these screens can sense several touches at once.","https://www.explainthatstuff.com/touchscreens.html","L49 card.everyday_technology.049.c2","L49 question.everyday_technology.049.q1","","","","","","corroborated","ScienceAlert and TechTarget describe a conductive finger changing the charge or field at a point on a capacitive screen, which the phone locates. (https://www.sciencealert.com/how-does-a-touchscreen-actually-work https://www.techtarget.com/whatis/definition/capacitive-touch-screen)",""
"fact.everyday_technology.touch_insulator","source.explainthatstuff_touchscreens","unverified","A plain plastic stylus does nothing on a capacitive screen, because plastic is an insulator and stops your hand from affecting the electric field.","https://www.explainthatstuff.com/touchscreens.html","L49 card.everyday_technology.049.c2","L49 question.everyday_technology.049.q1","","","","","","corroborated","TechTarget: a capacitive panel draws a small charge to the point of contact, so it must be touched with a finger, a capacitive pen or a special glove. (https://www.techtarget.com/whatis/definition/capacitive-touch-screen)","one-page"
"fact.everyday_technology.comm_signal_patterns","source.technologyuk_analogue_digital","unverified","A communication signal is a changing current, voltage or wave whose pattern stands for information: a telegraph's on-off pulses, or a telephone line's voltage that is an analogue of the sound wave.","https://www.technologyuk.net/telecommunications/telecom-principles/analogue-and-digital-signals.shtml","L50 card.everyday_technology.050.c3","L50 question.everyday_technology.050.q3","","","","","","corroborated","ScienceDirect Topics (analog signal): an analog audio signal's voltage varies continually with the pressure of the sound waves. (https://www.sciencedirect.com/topics/computer-science/analog-signal)","one-page"
"fact.everyday_technology.comm_signal_patterns","source.brit_telegraph","unverified","A communication signal is a changing current, voltage or wave whose pattern stands for information: a telegraph's on-off pulses, or a telephone line's voltage that is an analogue of the sound wave.","https://www.britannica.com/technology/telegraph","L50 card.everyday_technology.050.c3","L50 question.everyday_technology.050.q3","","","","","","corroborated","ScienceDirect Topics (analog signal): an analog audio signal's voltage varies continually with the pressure of the sound waves. (https://www.sciencedirect.com/topics/computer-science/analog-signal)","one-page"
"fact.everyday_technology.computer_word_person","source.brit_computer","unverified","Computer once meant a person who did computations; the word now almost always means automated electronic machinery.","https://www.britannica.com/technology/computer","L51 card.everyday_technology.051.c1","L51 question.everyday_technology.051.q2","","","","","","corroborated","NASA's Langley history describes the job title 'computer' for women who calculated by hand from 1935; Merriam-Webster lists 'one that computes' as the first sense. (https://www.nasa.gov/history/langleys-computers-1935-1970/ https://www.merriam-webster.com/dictionary/computer)",""
"fact.everyday_technology.computer_langley_human_computers","source.nasa_langley_computers","unverified","From 1935, the NACA's Langley lab (NASA's forerunner) employed women as computers who read wind-tunnel data, ran calculations and plotted results; later they also programmed electronic computers.","https://www.nasa.gov/history/langleys-computers-1935-1970/","L51 card.everyday_technology.051.c1; L51 card.everyday_technology.051.c4","L51 question.everyday_technology.051.q2","","","","","","corroborated","History.com and Scientific American describe NACA hiring women computers at Langley from 1935 to calculate wind-tunnel results, and West Computers going on to become programmers. (https://www.history.com/articles/human-computers-women-at-nasa https://www.scientificamerican.com/article/the-story-of-nasas-real-ldquo-hidden-figures-rdquo/)",""
"fact.everyday_technology.computer_definition","source.brit_computer","unverified","Britannica defines a computer as a programmable device for processing, storing and displaying information; programmable means it follows a changeable set of instructions, a program.","https://www.britannica.com/technology/computer","L51 card.everyday_technology.051.c2","L51 question.everyday_technology.051.q3","","","","","","corroborated","Britannica's summary page also calls a computer a 'programmable machine that can store, retrieve, and process data'; Britannica on Lovelace: a computer can follow a sequence of instructions, a program. (https://www.britannica.com/summary/computer https://www.britannica.com/biography/Ada-Lovelace)",""
"fact.everyday_technology.computer_definition","source.brit_ada_lovelace","unverified","Britannica defines a computer as a programmable device for processing, storing and displaying information; programmable means it follows a changeable set of instructions, a program.","https://www.britannica.com/biography/Ada-Lovelace","L51 card.everyday_technology.051.c2","L51 question.everyday_technology.051.q3","","","","","","corroborated","Britannica's summary page also calls a computer a 'programmable machine that can store, retrieve, and process data'; Britannica on Lovelace: a computer can follow a sequence of instructions, a program. (https://www.britannica.com/summary/computer https://www.britannica.com/biography/Ada-Lovelace)",""
"fact.everyday_technology.computer_four_jobs","source.brit_computer","unverified","A computer has input devices such as a keyboard or mouse, a central processing unit (CPU) that processes data, memory that holds data and instructions, and output devices such as a screen or printer.","https://www.britannica.com/technology/computer","L51 card.everyday_technology.051.c3; L51 card.everyday_technology.051.c4; L60 card.everyday_technology.060.c2","L51 question.everyday_technology.051.q1; L54 question.everyday_technology.054.q3; L57 question.everyday_technology.057.q3","","","","","","corroborated","Britannica on the personal computer lists a CPU, memory and peripherals such as display, keyboard, mouse and printer; the CPU entry describes processing and main memory. (https://www.britannica.com/technology/personal-computer https://www.britannica.com/technology/central-processing-unit)",""
"fact.everyday_technology.computer_four_jobs","source.brit_personal_computer","unverified","A computer has input devices such as a keyboard or mouse, a central processing unit (CPU) that processes data, memory that holds data and instructions, and output devices such as a screen or printer.","https://www.britannica.com/technology/personal-computer","L51 card.everyday_technology.051.c3; L51 card.everyday_technology.051.c4; L60 card.everyday_technology.060.c2","L51 question.everyday_technology.051.q1; L54 question.everyday_technology.054.q3; L57 question.everyday_technology.057.q3","","","","","","corroborated","Britannica on the personal computer lists a CPU, memory and peripherals such as display, keyboard, mouse and printer; the CPU entry describes processing and main memory. (https://www.britannica.com/technology/personal-computer https://www.britannica.com/technology/central-processing-unit)",""
"fact.everyday_technology.computer_four_jobs","source.brit_cpu","unverified","A computer has input devices such as a keyboard or mouse, a central processing unit (CPU) that processes data, memory that holds data and instructions, and output devices such as a screen or printer.","https://www.britannica.com/technology/central-processing-unit","L51 card.everyday_technology.051.c3; L51 card.everyday_technology.051.c4; L60 card.everyday_technology.060.c2","L51 question.everyday_technology.051.q1; L54 question.everyday_technology.054.q3; L57 question.everyday_technology.057.q3","","","","","","corroborated","Britannica on the personal computer lists a CPU, memory and peripherals such as display, keyboard, mouse and printer; the CPU entry describes processing and main memory. (https://www.britannica.com/technology/personal-computer https://www.britannica.com/technology/central-processing-unit)",""
"fact.everyday_technology.computer_binary_why_two","source.intel_digital_information","unverified","Computers use binary because the flow of electricity through a transistor switch has two states: on stands for 1 and off for 0.","https://www.intel.com/content/www/us/en/education/k12/the-journey-inside/explore-the-curriculum/digital-information.html","L52 card.everyday_technology.052.c2","L52 question.everyday_technology.052.q3; L55 question.everyday_technology.055.q3","","","","","","corroborated","Britannica's transistor entry: in switching mode the on/off states represent the binary 1s and 0s used in computers. (https://www.britannica.com/technology/transistor)","one-page"
"fact.everyday_technology.computer_binary_place_values","source.intel_digital_information","unverified","In binary each place is worth double the one before: 1, 2, 4, 8, 16, 32, 64, 128; for example 5 = 4 + 1 is written 101. Eight bits make a byte.","https://www.intel.com/content/www/us/en/education/k12/the-journey-inside/explore-the-curriculum/digital-information.html","L52 card.everyday_technology.052.c3","L52 question.everyday_technology.052.q2","","","","","","corroborated","Checked by arithmetic (powers of two; 101 = 4 + 0 + 1 = 5); the byte as 8 bits is standard (Britannica, computer). (https://www.britannica.com/technology/computer)","one-page"
"fact.everyday_technology.computer_byte_256","source.intel_digital_information","unverified","A byte's 8 bits can make 256 different patterns, from 00000000 to 11111111, standing for the numbers 0 to 255.","https://www.intel.com/content/www/us/en/education/k12/the-journey-inside/explore-the-curriculum/digital-information.html","L52 card.everyday_technology.052.c3","L52 question.everyday_technology.052.q2","","","","","","corroborated","Arithmetic: 2 to the 8th power is 256; 11111111 = 128+64+32+16+8+4+2+1 = 255. Extended 8-bit codes use 256 values 0-255 (Total Phase on ASCII). (https://www.totalphase.com/blog/2023/05/binary-ascii-relationship-differences-embedded-applications/)","one-page weak-pages"
"fact.everyday_technology.computer_binary_code","source.intel_digital_information","unverified","Computers store numbers, letters, colors, pictures and sounds in binary code, which uses only two symbols, 0 and 1; each 0 or 1 is called a bit.","https://www.intel.com/content/www/us/en/education/k12/the-journey-inside/explore-the-curriculum/digital-information.html","L52 card.everyday_technology.052.c1; L52 card.everyday_technology.052.c2","","","","","","","corroborated","Britannica: digital computers represent information as sequences of 0s and 1s (binary digits, or bits). (https://www.britannica.com/technology/computer)","one-page"
"fact.everyday_technology.computer_binary_code","source.brit_computer","unverified","Computers store numbers, letters, colors, pictures and sounds in binary code, which uses only two symbols, 0 and 1; each 0 or 1 is called a bit.","https://www.britannica.com/technology/computer","L52 card.everyday_technology.052.c1; L52 card.everyday_technology.052.c2","","","","","","","corroborated","Britannica: digital computers represent information as sequences of 0s and 1s (binary digits, or bits). (https://www.britannica.com/technology/computer)","one-page"
"fact.everyday_technology.computer_ascii_byte","source.intel_digital_information","unverified","ASCII is an 8-bit code: one byte stands for one letter, digit or punctuation mark, and lowercase a is 01100001.","https://www.intel.com/content/www/us/en/education/k12/the-journey-inside/explore-the-curriculum/digital-information.html","L52 card.everyday_technology.052.c4; L60 card.everyday_technology.060.c2","L52 question.everyday_technology.052.q1; L60 question.everyday_technology.060.q4","","","","","","corroborated","ASCII tables give lowercase a as decimal 97, binary 01100001 (RapidTables binary-to-ASCII converter; 64+32+1 = 97). (https://www.rapidtables.com/convert/number/binary-to-ascii.html)","one-page"
"fact.everyday_technology.computer_pixels_numbers","source.intel_digital_information","unverified","A digital picture is a grid of tiny dots called pixels, and each dot's color is stored as numbers in binary.","https://www.intel.com/content/www/us/en/education/k12/the-journey-inside/explore-the-curriculum/digital-information.html","L52 card.everyday_technology.052.c4; L60 card.everyday_technology.060.c2","L52 question.everyday_technology.052.q1; L60 question.everyday_technology.060.q4","","","","","","corroborated","Britannica: computers represent information in discrete form as sequences of 0s and 1s, including images. (https://www.britannica.com/technology/computer)","one-page"
"fact.everyday_technology.computer_transistor_definition","source.brit_transistor","unverified","A transistor is a semiconductor device; used as a switch, a small signal turns it on or off to control a larger current, and its on and off states stand for 1s and 0s.","https://www.britannica.com/technology/transistor","L53 card.everyday_technology.053.c2","L53 question.everyday_technology.053.q1; L53 question.everyday_technology.053.q3; L58 question.everyday_technology.058.q3","","","","","","corroborated","Electronics Tutorials and Dummies: a small base current switches a much larger collector current; on/off states model binary digits. (https://www.electronics-tutorials.ws/transistor/tran_4.html https://www.dummies.com/article/technology/electronics/circuitry/electronics-components-use-a-transistor-as-a-switch-180034/)",""
"fact.everyday_technology.computer_transistor_1947","source.brit_transistor","unverified","John Bardeen, Walter Brattain and William Shockley made the first working transistor at Bell Labs in December 1947.","https://www.britannica.com/technology/transistor","L53 card.everyday_technology.053.c2","L53 question.everyday_technology.053.q1; L53 question.everyday_technology.053.q3; L58 question.everyday_technology.058.q3","","","","","","corroborated","ETHW and Nokia Bell Labs: first point-contact transistor demonstrated December 1947; the three shared the 1956 Nobel Prize for it. (https://ethw.org/Bell_Demonstrates_Transistor https://www.nokia.com/bell-labs/about/awards/1956-nobel-prize-physics/)",""
"fact.everyday_technology.computer_transistor_1947","source.chm_point_contact_transistor","unverified","John Bardeen, Walter Brattain and William Shockley made the first working transistor at Bell Labs in December 1947.","https://www.computerhistory.org/siliconengine/invention-of-the-point-contact-transistor/","L53 card.everyday_technology.053.c2","L53 question.everyday_technology.053.q1; L53 question.everyday_technology.053.q3; L58 question.everyday_technology.058.q3","","","","","","corroborated","ETHW and Nokia Bell Labs: first point-contact transistor demonstrated December 1947; the three shared the 1956 Nobel Prize for it. (https://ethw.org/Bell_Demonstrates_Transistor https://www.nokia.com/bell-labs/about/awards/1956-nobel-prize-physics/)",""
"fact.everyday_technology.computer_billions_transistors","source.intel_digital_information","unverified","Modern processors hold billions of transistors, microscopic electronic switches that turn on and off billions of times a second.","https://www.intel.com/content/www/us/en/education/k12/the-journey-inside/explore-the-curriculum/digital-information.html","L53 card.everyday_technology.053.c3; L60 card.everyday_technology.060.c2","","","","","","","corroborated","Apple's M1 has 16 billion transistors (Apple Newsroom); Intel's clock-speed page says billions of transistors open and close each cycle. (https://www.apple.com/newsroom/2020/11/apple-unleashes-m1/ https://www.intel.com/content/www/us/en/gaming/resources/cpu-clock-speed.html)",""
"fact.everyday_technology.computer_billions_transistors","source.intel_cpu_clock_speed","unverified","Modern processors hold billions of transistors, microscopic electronic switches that turn on and off billions of times a second.","https://www.intel.com/content/www/us/en/gaming/resources/cpu-clock-speed.html","L53 card.everyday_technology.053.c3; L60 card.everyday_technology.060.c2","","","","","","","corroborated","Apple's M1 has 16 billion transistors (Apple Newsroom); Intel's clock-speed page says billions of transistors open and close each cycle. (https://www.apple.com/newsroom/2020/11/apple-unleashes-m1/ https://www.intel.com/content/www/us/en/gaming/resources/cpu-clock-speed.html)",""
"fact.everyday_technology.computer_integrated_circuit","source.brit_integrated_circuit","unverified","Jack Kilby at Texas Instruments (1958) and Robert Noyce at Fairchild (1959) independently invented the integrated circuit: many parts and their connections on one piece of semiconductor, usually silicon.","https://www.britannica.com/technology/integrated-circuit","L53 card.everyday_technology.053.c3","","","","","","","corroborated","CHM Silicon Engine and the Bullock Texas State History Museum: Kilby's 1958 IC at TI, Noyce's 1959 monolithic IC at Fairchild; both credited as co-inventors. (https://www.computerhistory.org/siliconengine/practical-monolithic-integrated-circuit-concept-patented/ https://www.thestoryoftexas.com/artifact-stories/jack-kilbys-integrated-circuit/)",""
"fact.everyday_technology.computer_intel_4004","source.chm_intel_4004","unverified","Intel's 4004 of 1971 was the first commercially available microprocessor: a whole CPU on one chip, with 2,300 transistors.","https://www.computerhistory.org/revolution/digital-logic/12/285","L53 card.everyday_technology.053.c1; L58 card.everyday_technology.058.c3","","","","","","","corroborated","Smithsonian National Museum of American History and IEEE Spectrum: Intel 4004, 1971, first commercial microprocessor, about 2,300 transistors. (https://americanhistory.si.edu/collections/object/nmah_713495 https://spectrum.ieee.org/chip-hall-of-fame-intel-4004-microprocessor)",""
"fact.everyday_technology.computer_apple_m1","source.apple_m1_2020","unverified","Apple's M1 chip, announced in November 2020, has 16 billion transistors.","https://www.apple.com/newsroom/2020/11/apple-unleashes-m1/","L53 card.everyday_technology.053.c1","","","","","","","corroborated","Business Wire copy of the Apple release (November 10, 2020) repeats the 16 billion transistor figure. (https://www.businesswire.com/news/home/20201110006071/en/Apple-Unleashes-M1)","one-page"
"fact.everyday_technology.computer_chip_growth","source.chm_intel_4004","unverified","From the 4004's 2,300 transistors (1971) to the M1's 16 billion (2020) is a rise of about 7 million times: almost 23 doublings in 49 years, about one every two years.","https://www.computerhistory.org/revolution/digital-logic/12/285","L53 card.everyday_technology.053.c1; L53 card.everyday_technology.053.c4","L53 question.everyday_technology.053.q2","","","","","","corroborated","Arithmetic from corroborated inputs: 16,000,000,000 / 2,300 = 6.96 million; log2(6.96 million) = 22.7 doublings; 49 / 22.7 = 2.2 years each. (https://spectrum.ieee.org/chip-hall-of-fame-intel-4004-microprocessor https://www.businesswire.com/news/home/20201110006071/en/Apple-Unleashes-M1)",""
"fact.everyday_technology.computer_chip_growth","source.apple_m1_2020","unverified","From the 4004's 2,300 transistors (1971) to the M1's 16 billion (2020) is a rise of about 7 million times: almost 23 doublings in 49 years, about one every two years.","https://www.apple.com/newsroom/2020/11/apple-unleashes-m1/","L53 card.everyday_technology.053.c1; L53 card.everyday_technology.053.c4","L53 question.everyday_technology.053.q2","","","","","","corroborated","Arithmetic from corroborated inputs: 16,000,000,000 / 2,300 = 6.96 million; log2(6.96 million) = 22.7 doublings; 49 / 22.7 = 2.2 years each. (https://spectrum.ieee.org/chip-hall-of-fame-intel-4004-microprocessor https://www.businesswire.com/news/home/20201110006071/en/Apple-Unleashes-M1)",""
"fact.everyday_technology.computer_moores_law","source.chm_moores_law","unverified","In 1965 Gordon Moore, who later co-founded Intel, predicted the number of components on a chip would double every year; in 1975 he revised it to every two years.","https://www.computerhistory.org/revolution/digital-logic/12/267","L53 card.everyday_technology.053.c4","L53 question.everyday_technology.053.q2","","","","","","corroborated","IEEE Spectrum ('The Multiple Lives of Moore's Law') and EBSCO Research Starters give the 1965 yearly doubling and the 1975 revision to two years. (https://spectrum.ieee.org/the-multiple-lives-of-moores-law https://www.ebsco.com/research-starters/computer-science/moores-law)",""
"fact.everyday_technology.computer_moores_law","source.brit_moores_law","unverified","In 1965 Gordon Moore, who later co-founded Intel, predicted the number of components on a chip would double every year; in 1975 he revised it to every two years.","https://www.britannica.com/technology/Moores-law","L53 card.everyday_technology.053.c4","L53 question.everyday_technology.053.q2","","","","","","corroborated","IEEE Spectrum ('The Multiple Lives of Moore's Law') and EBSCO Research Starters give the 1965 yearly doubling and the 1975 revision to two years. (https://spectrum.ieee.org/the-multiple-lives-of-moores-law https://www.ebsco.com/research-starters/computer-science/moores-law)",""
"fact.everyday_technology.computer_moores_law_observation","source.chm_moores_law","unverified","Moore's law is an observation and forecast, not a law of nature: the chip industry adopted it as a target, making it partly a self-fulfilling prophecy.","https://www.computerhistory.org/revolution/digital-logic/12/267","L53 card.everyday_technology.053.c4","L53 question.everyday_technology.053.q2","","","","","","corroborated","Wikipedia and EBSCO: Moore's law is an empirical relationship, not a physical or natural law, that became a target for the industry. (https://en.wikipedia.org/wiki/Moore%27s_law https://www.ebsco.com/research-starters/computer-science/moores-law)",""
"fact.everyday_technology.computer_moores_law_observation","source.brit_moores_law","unverified","Moore's law is an observation and forecast, not a law of nature: the chip industry adopted it as a target, making it partly a self-fulfilling prophecy.","https://www.britannica.com/technology/Moores-law","L53 card.everyday_technology.053.c4","L53 question.everyday_technology.053.q2","","","","","","corroborated","Wikipedia and EBSCO: Moore's law is an empirical relationship, not a physical or natural law, that became a target for the industry. (https://en.wikipedia.org/wiki/Moore%27s_law https://www.ebsco.com/research-starters/computer-science/moores-law)",""
"fact.everyday_technology.computer_main_memory","source.brit_computer_memory","unverified","Main memory (RAM) holds the instructions and data of the programs that are running right now.","https://www.britannica.com/technology/computer-memory","L54 card.everyday_technology.054.c2; L60 card.everyday_technology.060.c2","L54 question.everyday_technology.054.q1; L54 question.everyday_technology.054.q2; L54 question.everyday_technology.054.q3; L59 question.everyday_technology.059.q3","","","","","","corroborated","TechTarget and ScienceDirect overviews: RAM holds the data and programs currently in use by the processor. (https://www.techtarget.com/whatis/definition/volatile-memory https://www.sciencedirect.com/topics/computer-science/volatile-memory)",""
"fact.everyday_technology.computer_ram_volatile","source.brit_computer_memory","unverified","Most main memory (DRAM) is volatile: it loses its contents when the power is switched off.","https://www.britannica.com/technology/computer-memory","L54 card.everyday_technology.054.c1; L54 card.everyday_technology.054.c2; L59 card.everyday_technology.059.c4","L54 question.everyday_technology.054.q1; L54 question.everyday_technology.054.q2; L54 question.everyday_technology.054.q3; L59 question.everyday_technology.059.q3","","","","","","corroborated","TechTarget: volatile memory such as RAM loses its data when power is removed; ScienceDirect: data in RAM exist only while power is supplied. (https://www.techtarget.com/whatis/definition/volatile-memory https://www.sciencedirect.com/topics/computer-science/volatile-memory)",""
"fact.everyday_technology.computer_storage_nonvolatile","source.brit_computer_memory","unverified","Storage holds data and programs that are not in use, for the long term, and is nonvolatile: it keeps data with the power off.","https://www.britannica.com/technology/computer-memory","L54 card.everyday_technology.054.c1; L54 card.everyday_technology.054.c3","L54 question.everyday_technology.054.q2","","","","","","corroborated","IBM: HDDs and SSDs are non-volatile and retain data with no power; Crystal Group on volatile vs non-volatile memory agrees. (https://www.ibm.com/think/topics/hard-disk-drive-vs-solid-state-drive https://www.crystalrugged.com/knowledge/volatile-memory-vs-non-volatile-memory/)",""
"fact.everyday_technology.computer_storage_nonvolatile","source.ibm_hdd_vs_ssd","unverified","Storage holds data and programs that are not in use, for the long term, and is nonvolatile: it keeps data with the power off.","https://www.ibm.com/think/topics/hard-disk-drive-vs-solid-state-drive","L54 card.everyday_technology.054.c1; L54 card.everyday_technology.054.c3","L54 question.everyday_technology.054.q2","","","","","","corroborated","IBM: HDDs and SSDs are non-volatile and retain data with no power; Crystal Group on volatile vs non-volatile memory agrees. (https://www.ibm.com/think/topics/hard-disk-drive-vs-solid-state-drive https://www.crystalrugged.com/knowledge/volatile-memory-vs-non-volatile-memory/)",""
"fact.everyday_technology.computer_saving_file","source.brit_computer_memory","unverified","A file you are editing sits in RAM; saving writes a copy to long-term storage, so unsaved work is lost if the power fails.","https://www.britannica.com/technology/computer-memory","L54 card.everyday_technology.054.c1; L54 card.everyday_technology.054.c3","L54 question.everyday_technology.054.q2","","","","","","corroborated","Microsoft Q&A and data-recovery guides: unsaved changes held only in memory are lost in a power failure; saving writes the file to disk. (https://learn.microsoft.com/en-us/answers/questions/5899953/unsaved-files https://www.powerdatarecovery.com/windows-data-recovery/recover-data-after-power-outage.html)",""
"fact.everyday_technology.computer_hard_drive_magnetic","source.explainthatstuff_hard_drive","unverified","A hard drive stores bits on spinning platters, in tiny areas magnetized to store a 1 or demagnetized to store a 0; magnetism keeps the data with the power off.","https://www.explainthatstuff.com/harddrive.html","L54 card.everyday_technology.054.c4","","","","","","","corroborated","Lenovo glossary and Yale teaching notes: data are stored as magnetized regions on rapidly spinning platters, read and written by heads. (https://www.lenovo.com/us/en/glossary/platter/ https://volga.eng.yale.edu/teaching-resources/hard-drives/methods-and-materials)",""
"fact.everyday_technology.computer_hard_drive_magnetic","source.ibm_hdd_vs_ssd","unverified","A hard drive stores bits on spinning platters, in tiny areas magnetized to store a 1 or demagnetized to store a 0; magnetism keeps the data with the power off.","https://www.ibm.com/think/topics/hard-disk-drive-vs-solid-state-drive","L54 card.everyday_technology.054.c4","","","","","","","corroborated","Lenovo glossary and Yale teaching notes: data are stored as magnetized regions on rapidly spinning platters, read and written by heads. (https://www.lenovo.com/us/en/glossary/platter/ https://volga.eng.yale.edu/teaching-resources/hard-drives/methods-and-materials)",""
"fact.everyday_technology.computer_ssd_flash","source.ibm_hdd_vs_ssd","unverified","A solid-state drive (SSD) stores data in nonvolatile flash memory chips and has no moving parts.","https://www.ibm.com/think/topics/hard-disk-drive-vs-solid-state-drive","L54 card.everyday_technology.054.c4","","","","","","","corroborated","Premio and Crystal Group: SSDs use non-volatile NAND flash memory with no moving parts. (https://premioinc.com/blogs/blog/volatile-vs-nonvolatile-memory-whats-the-main-difference-1 https://www.crystalrugged.com/knowledge/volatile-memory-vs-non-volatile-memory/)",""
"fact.everyday_technology.computer_ssd_flash","source.brit_computer_memory","unverified","A solid-state drive (SSD) stores data in nonvolatile flash memory chips and has no moving parts.","https://www.britannica.com/technology/computer-memory","L54 card.everyday_technology.054.c4","","","","","","","corroborated","Premio and Crystal Group: SSDs use non-volatile NAND flash memory with no moving parts. (https://premioinc.com/blogs/blog/volatile-vs-nonvolatile-memory-whats-the-main-difference-1 https://www.crystalrugged.com/knowledge/volatile-memory-vs-non-volatile-memory/)",""
"fact.everyday_technology.computer_software_definition","source.brit_software","unverified","Software is the instructions that tell a computer what to do, its programs; the physical machine is called hardware.","https://www.britannica.com/technology/software","L55 card.everyday_technology.055.c1; L55 card.everyday_technology.055.c2","L55 question.everyday_technology.055.q1; L56 question.everyday_technology.056.q3","","","","","","corroborated","Merriam-Webster: software is the programs and related information used by a computer; hardware is the physical components. (https://www.merriam-webster.com/dictionary/software)","one-page"
"fact.everyday_technology.computer_machine_code","source.brit_programming_language","unverified","A processor runs only machine code, instructions written in binary 0s and 1s that are hard for people to read and write; high-level languages such as Python and Java are much easier.","https://www.britannica.com/technology/computer-programming-language","L55 card.everyday_technology.055.c3","L55 question.everyday_technology.055.q2; L55 question.everyday_technology.055.q3","","","","","","corroborated","GeeksforGeeks (compiler design) and Weber State course notes: computers execute only machine language; high-level code must be translated. (https://www.geeksforgeeks.org/compiler-design/introduction-of-compiler-design/ https://icarus.cs.weber.edu/~dab/cs1410/textbook/1.Basics/machine.html)",""
"fact.everyday_technology.computer_compiler","source.brit_programming_language","unverified","A compiler translates a whole program into machine code, saved to run whenever needed; an interpreter translates and runs it one instruction at a time.","https://www.britannica.com/technology/computer-programming-language","L55 card.everyday_technology.055.c4","L55 question.everyday_technology.055.q2","","","","","","corroborated","GeeksforGeeks: a compiler converts a high-level program into machine language; interpreters translate statement by statement. (https://www.geeksforgeeks.org/compiler-design/introduction-of-compiler-design/)","one-page"
"fact.everyday_technology.computer_grace_hopper","source.brit_grace_hopper","unverified","Grace Hopper designed one of the first compilers after joining the Eckert-Mauchly Computer Corporation in 1949; in 1957 her team built Flow-Matic, the first English-language data-processing compiler.","https://www.britannica.com/biography/Grace-Hopper","L55 card.everyday_technology.055.c4","L55 question.everyday_technology.055.q2","","","","","","corroborated","ETHW IEEE Milestone: Hopper's A-0 compiler at Eckert-Mauchly (1951-52), and FLOW-MATIC using English words such as MULTIPLY and WRITE. (https://ethw.org/Milestones:A-0_Compiler_and_Initial_Development_of_Automatic_Programming,_1951-1952 https://spectrum.ieee.org/from-punch-cards-to-python/about-grace-hopper)",""
"fact.everyday_technology.computer_algorithm_name","source.brit_algorithm","unverified","The word algorithm comes from Algoritmi, the Latin form of the name of al-Khwarizmi, a 9th-century mathematician, from the Latin translation of his arithmetic book.","https://www.britannica.com/science/algorithm","L56 card.everyday_technology.056.c1","","","","","","","corroborated","NPR and The Conversation: algorithm comes from the Latinized name of the 9th-century Persian mathematician Muhammad ibn Musa al-Khwarizmi, who worked in Baghdad. (https://www.npr.org/2026/06/11/nx-s1-5848013/algorithm-word-week-etymology https://theconversation.com/why-are-algorithms-called-algorithms-a-brief-history-of-the-persian-polymath-youve-likely-never-heard-of-229286)",""
"fact.everyday_technology.computer_algorithm_definition","source.brit_algorithm","unverified","An algorithm is a systematic procedure that solves a problem in a finite number of steps; long division is one.","https://www.britannica.com/science/algorithm","L56 card.everyday_technology.056.c2","L56 question.everyday_technology.056.q1; L56 question.everyday_technology.056.q3","","","","","","corroborated","Merriam-Webster: a procedure for solving a mathematical problem in a finite number of steps; a step-by-step procedure for solving a problem. (https://www.merriam-webster.com/dictionary/algorithm)","one-page"
"fact.everyday_technology.computer_algorithm_programs","source.khan_what_is_algorithm","unverified","In computer science, an algorithm is the sequence of steps a program follows; a map app's driving directions come from an algorithm.","https://www.khanacademy.org/computing/computer-science/algorithms/intro-to-algorithms/v/what-are-algorithms","L56 card.everyday_technology.056.c2","L56 question.everyday_technology.056.q1; L56 question.everyday_technology.056.q3","","","","","","corroborated","Khan Academy AP CSP: an algorithm is a sequence of instructions a computer program follows; Khan intro video cites driving directions as an algorithm example. (https://www.khanacademy.org/computing/ap-computer-science-principles/algorithms-101/building-algorithms/a/the-building-blocks-of-algorithms)","one-page"
"fact.everyday_technology.computer_selection_sort","source.khan_selection_sort_analysis","unverified","Selection sort repeatedly finds the smallest remaining item and moves it to the front; its work grows with the square of the list size, so doubling the list about quadruples it.","https://www.khanacademy.org/computing/computer-science/algorithms/sorting-algorithms/a/analysis-of-selection-sort","L56 card.everyday_technology.056.c3","L56 question.everyday_technology.056.q2","","","","","","corroborated","Weber State course notes on selection sort: O(n squared), so doubling the data quadruples the time. (https://icarus.cs.weber.edu/~dab/cs1410/textbook/7.Arrays/progexample/ssort.html)","one-page"
"fact.everyday_technology.computer_merge_sort","source.khan_merge_sort_overview","unverified","Merge sort splits a list in half, sorts each half the same way, then merges the sorted halves; its work grows as n log n, so doubling the list only slightly more than doubles it.","https://www.khanacademy.org/computing/computer-science/algorithms/merge-sort/a/overview-of-merge-sort","L56 card.everyday_technology.056.c4","","","","","","","corroborated","Codecademy cheatsheet and NVIDIA technical blog: merge sort divides, recursively sorts and merges, in O(n log n); arithmetic: 2000 x 11 / (1000 x 10) = 2.2. (https://www.codecademy.com/learn/sorting-algorithms-java/modules/merge-sort-java/cheatsheet https://developer.nvidia.com/blog/merge-sort-explained-a-data-scientists-algorithm-guide/)",""
"fact.everyday_technology.computer_difference_engine_2","source.chm_babbage_modern_sequel","unverified","London's Science Museum built Babbage's Difference Engine No. 2, designed in 1847-1849, from his plans; the calculating section, finished in 1991, works as he intended.","https://www.computerhistory.org/babbage/modernsequel/","L57 card.everyday_technology.057.c1","","","","","","","corroborated","Science Museum Group Collection: Difference Engine No. 2, designed by Babbage 1847-1849, built by the Science Museum, completed June 1991. (https://collection.sciencemuseumgroup.org.uk/objects/co526657)","one-page"
"fact.everyday_technology.computer_difference_engine_2","source.sciencemuseum_babbage_engines","unverified","London's Science Museum built Babbage's Difference Engine No. 2, designed in 1847-1849, from his plans; the calculating section, finished in 1991, works as he intended.","https://www.sciencemuseum.org.uk/objects-and-stories/charles-babbages-difference-engines-and-science-museum","L57 card.everyday_technology.057.c1","","","","","","","corroborated","Science Museum Group Collection: Difference Engine No. 2, designed by Babbage 1847-1849, built by the Science Museum, completed June 1991. (https://collection.sciencemuseumgroup.org.uk/objects/co526657)","one-page"
"fact.everyday_technology.computer_analytical_engine","source.sciencemuseum_babbage_engines","unverified","Charles Babbage conceived the Analytical Engine in 1834: a mechanical machine to be programmed with punched cards, with a store for numbers and a mill for arithmetic. It was never built.","https://www.sciencemuseum.org.uk/objects-and-stories/charles-babbages-difference-engines-and-science-museum","L57 card.everyday_technology.057.c2","L57 question.everyday_technology.057.q3","","","","","","corroborated","CHM Babbage Engine pages and Britannica (Babbage): the Analytical Engine, conceived in the 1830s, used punched cards and had a store and a mill; never completed. (https://www.computerhistory.org/babbage/ https://www.britannica.com/biography/Charles-Babbage)",""
"fact.everyday_technology.computer_lovelace_notes","source.brit_ada_lovelace","unverified","In 1843 Ada Lovelace published notes showing how the Analytical Engine could compute Bernoulli numbers, often called the first computer program; she saw it could handle letters and musical notes too.","https://www.britannica.com/biography/Ada-Lovelace","L57 card.everyday_technology.057.c3","","","","","","","corroborated","BBC Science Focus and Project Lovelace: Note G (1843) gives an algorithm for Bernoulli numbers, widely regarded as the first published computer program. (https://www.sciencefocus.com/future-technology/how-ada-lovelaces-notes-on-the-analytical-engine-created-the-first-computer-program https://projectlovelace.net/problems/ada-lovelaces-note-g/)",""
"fact.everyday_technology.computer_lovelace_notes","source.sciencemuseum_babbage_engines","unverified","In 1843 Ada Lovelace published notes showing how the Analytical Engine could compute Bernoulli numbers, often called the first computer program; she saw it could handle letters and musical notes too.","https://www.sciencemuseum.org.uk/objects-and-stories/charles-babbages-difference-engines-and-science-museum","L57 card.everyday_technology.057.c3","","","","","","","corroborated","BBC Science Focus and Project Lovelace: Note G (1843) gives an algorithm for Bernoulli numbers, widely regarded as the first published computer program. (https://www.sciencefocus.com/future-technology/how-ada-lovelaces-notes-on-the-analytical-engine-created-the-first-computer-program https://projectlovelace.net/problems/ada-lovelaces-note-g/)",""
"fact.everyday_technology.computer_abc","source.chm_atanasoff_berry","unverified","The Atanasoff-Berry Computer, built at Iowa State in 1939-1942, was electronic but not programmable.","https://www.computerhistory.org/revolution/birth-of-the-computer/4/99","L57 card.everyday_technology.057.c4","L57 question.everyday_technology.057.q1; L57 question.everyday_technology.057.q2; L60 question.everyday_technology.060.q5","","","","","","corroborated","Britannica: ABC built 1939-42, possibly the first electronic digital computer; Wikipedia: its priority is debated because it was not programmable. (https://www.britannica.com/technology/Atanasoff-Berry-Computer https://en.wikipedia.org/wiki/Atanasoff%E2%80%93Berry_computer)",""
"fact.everyday_technology.computer_z3","source.brit_konrad_zuse","unverified","Konrad Zuse's Z3, completed in Germany in 1941, was the first working program-controlled computer; it was built from electromechanical relays, not electronics.","https://www.britannica.com/biography/Konrad-Zuse","L57 card.everyday_technology.057.c4","L57 question.everyday_technology.057.q1; L57 question.everyday_technology.057.q2; L60 question.everyday_technology.060.q5","","","","","","corroborated","EBSCO Research Starters and Wikipedia: Z3 (1941), first working programmable, fully automatic digital computer, built with relays. (https://www.ebsco.com/research-starters/computer-science/z3-computer https://en.wikipedia.org/wiki/Z3_(computer))",""
"fact.everyday_technology.computer_z3","source.chm_timeline_1941","unverified","Konrad Zuse's Z3, completed in Germany in 1941, was the first working program-controlled computer; it was built from electromechanical relays, not electronics.","https://www.computerhistory.org/timeline/1941/","L57 card.everyday_technology.057.c4","L57 question.everyday_technology.057.q1; L57 question.everyday_technology.057.q2; L60 question.everyday_technology.060.q5","","","","","","corroborated","EBSCO Research Starters and Wikipedia: Z3 (1941), first working programmable, fully automatic digital computer, built with relays. (https://www.ebsco.com/research-starters/computer-science/z3-computer https://en.wikipedia.org/wiki/Z3_(computer))",""
"fact.everyday_technology.computer_colossus","source.tnmoc_colossus","unverified","Colossus, working at Bletchley Park by February 1944 to break German codes, was the first digital, programmable, electronic computer, though only in a limited way; it stayed secret for decades.","https://www.tnmoc.org/colossus","L57 card.everyday_technology.057.c4","L57 question.everyday_technology.057.q1; L57 question.everyday_technology.057.q2; L60 question.everyday_technology.060.q5","","","","","","corroborated","Historic England and Britannica: Colossus at Bletchley Park (1944), recognized as the first programmable electronic digital computer, kept classified long after the war. (https://historicengland.org.uk/listing/what-is-designation/heritage-highlights/worlds-first-programmable-computer/ https://www.britannica.com/technology/Colossus-computer)",""
"fact.everyday_technology.computer_colossus","source.brit_colossus","unverified","Colossus, working at Bletchley Park by February 1944 to break German codes, was the first digital, programmable, electronic computer, though only in a limited way; it stayed secret for decades.","https://www.britannica.com/technology/Colossus-computer","L57 card.everyday_technology.057.c4","L57 question.everyday_technology.057.q1; L57 question.everyday_technology.057.q2; L60 question.everyday_technology.060.q5","","","","","","corroborated","Historic England and Britannica: Colossus at Bletchley Park (1944), recognized as the first programmable electronic digital computer, kept classified long after the war. (https://historicengland.org.uk/listing/what-is-designation/heritage-highlights/worlds-first-programmable-computer/ https://www.britannica.com/technology/Colossus-computer)",""
"fact.everyday_technology.computer_eniac_first_general","source.brit_eniac","unverified","ENIAC, completed by February 1946 in Philadelphia, was the first programmable general-purpose electronic digital computer.","https://www.britannica.com/technology/ENIAC","L57 card.everyday_technology.057.c4","L57 question.everyday_technology.057.q1; L57 question.everyday_technology.057.q2; L60 question.everyday_technology.060.q5","","","","","","corroborated","Penn Today: on Feb. 14, 1946, the world's first general purpose electronic computer was introduced; ETHW IEEE Milestone for ENIAC, 1946. (https://penntoday.upenn.edu/news/worlds-first-general-purpose-computer-turns-75 https://ethw.org/Milestones:Electronic_Numerical_Integrator_and_Computer,_1946)",""
"fact.everyday_technology.computer_eniac_patent_1973","source.chm_atanasoff_berry","unverified","In 1973 a US court ruled the ENIAC patent invalid, finding that its inventors had derived ideas from John Atanasoff's work.","https://www.computerhistory.org/revolution/birth-of-the-computer/4/99","L57 card.everyday_technology.057.c5","L57 question.everyday_technology.057.q2","","","","","","corroborated","EDN: judge declared the ENIAC patent invalid on October 19, 1973 (Honeywell v. Sperry Rand), finding the invention was derived from Atanasoff. (https://www.edn.com/judge-declares-the-eniac-patent-invalid-october-19-1973/ https://en.wikipedia.org/wiki/Honeywell,_Inc._v._Sperry_Rand_Corp.)",""
"fact.everyday_technology.computer_eniac_patent_1973","source.iastate_abc_court_case","unverified","In 1973 a US court ruled the ENIAC patent invalid, finding that its inventors had derived ideas from John Atanasoff's work.","https://jva.cs.iastate.edu/courtcase.php","L57 card.everyday_technology.057.c5","L57 question.everyday_technology.057.q2","","","","","","corroborated","EDN: judge declared the ENIAC patent invalid on October 19, 1973 (Honeywell v. Sperry Rand), finding the invention was derived from Atanasoff. (https://www.edn.com/judge-declares-the-eniac-patent-invalid-october-19-1973/ https://en.wikipedia.org/wiki/Honeywell,_Inc._v._Sperry_Rand_Corp.)",""
"fact.everyday_technology.computer_first_disputed","source.brit_computer","unverified","Which machine was the first computer is disputed, because each early machine was first by a different measure: mechanical design, program control, electronics or general purpose.","https://www.britannica.com/technology/computer","L57 card.everyday_technology.057.c5","L57 question.everyday_technology.057.q2","","","","","","corroborated","Wikipedia (Atanasoff-Berry computer): the ABC's priority is debated among historians; TNMOC calls Colossus first digital, programmable and electronic while Britannica calls ENIAC the first general-purpose one. (https://en.wikipedia.org/wiki/Atanasoff%E2%80%93Berry_computer https://www.tnmoc.org/colossus)",""
"fact.everyday_technology.computer_first_disputed","source.chm_atanasoff_berry","unverified","Which machine was the first computer is disputed, because each early machine was first by a different measure: mechanical design, program control, electronics or general purpose.","https://www.computerhistory.org/revolution/birth-of-the-computer/4/99","L57 card.everyday_technology.057.c5","L57 question.everyday_technology.057.q2","","","","","","corroborated","Wikipedia (Atanasoff-Berry computer): the ABC's priority is debated among historians; TNMOC calls Colossus first digital, programmable and electronic while Britannica calls ENIAC the first general-purpose one. (https://en.wikipedia.org/wiki/Atanasoff%E2%80%93Berry_computer https://www.tnmoc.org/colossus)",""
"fact.everyday_technology.computer_eniac_size","source.brit_eniac","unverified","ENIAC, unveiled in February 1946, weighed about 30 tons, used about 18,000 vacuum tubes and filled a 50-by-30-foot room.","https://www.britannica.com/technology/ENIAC","L58 card.everyday_technology.058.c1; L58 card.everyday_technology.058.c3","L58 question.everyday_technology.058.q1","","","","","","corroborated","Penn Engineering and historyofinformation.com: ENIAC weighed 30 tons and held 17,468 vacuum tubes; unveiled February 14, 1946. (https://www.engineering.upenn.edu/about/history-heritage/eniac/ https://www.historyofinformation.com/detail.php?id=636)",""
"fact.everyday_technology.computer_eniac_size","source.chm_eniac","unverified","ENIAC, unveiled in February 1946, weighed about 30 tons, used about 18,000 vacuum tubes and filled a 50-by-30-foot room.","https://www.computerhistory.org/revolution/birth-of-the-computer/4/78","L58 card.everyday_technology.058.c1; L58 card.everyday_technology.058.c3","L58 question.everyday_technology.058.q1","","","","","","corroborated","Penn Engineering and historyofinformation.com: ENIAC weighed 30 tons and held 17,468 vacuum tubes; unveiled February 14, 1946. (https://www.engineering.upenn.edu/about/history-heritage/eniac/ https://www.historyofinformation.com/detail.php?id=636)",""
"fact.everyday_technology.computer_eniac_size","source.smithsonianmag_eniac","unverified","ENIAC, unveiled in February 1946, weighed about 30 tons, used about 18,000 vacuum tubes and filled a 50-by-30-foot room.","https://www.smithsonianmag.com/history/the-brief-history-of-the-eniac-computer-3889120/","L58 card.everyday_technology.058.c1; L58 card.everyday_technology.058.c3","L58 question.everyday_technology.058.q1","","","","","","corroborated","Penn Engineering and historyofinformation.com: ENIAC weighed 30 tons and held 17,468 vacuum tubes; unveiled February 14, 1946. (https://www.engineering.upenn.edu/about/history-heritage/eniac/ https://www.historyofinformation.com/detail.php?id=636)",""
"fact.everyday_technology.computer_eniac_tube_failures","source.chm_eniac","unverified","ENIAC lost a vacuum tube roughly every day or two, and with almost 18,000 tubes, finding the failed one was hard.","https://www.computerhistory.org/revolution/birth-of-the-computer/4/78","L58 card.everyday_technology.058.c2","L58 question.everyday_technology.058.q3","","","","","","corroborated","Wikipedia (ENIAC) and ed-thelen.org: several tubes burned out almost daily at first; later about one tube failure every two days. (https://en.wikipedia.org/wiki/ENIAC https://ed-thelen.org/comp-hist/LifeVacuumTubeComputers.html)",""
"fact.everyday_technology.computer_transistor_replaced_tubes","source.brit_transistor","unverified","Transistors' small size, low heat, high reliability and low power use let them largely replace vacuum tubes by the late 1950s, making far smaller circuits possible.","https://www.britannica.com/technology/transistor","L58 card.everyday_technology.058.c2; L58 card.everyday_technology.058.c3","L58 question.everyday_technology.058.q1; L58 question.everyday_technology.058.q3","","","","","","corroborated","CHM Silicon Engine and IEEE-USA InSight: transistors replaced bulky, hot, failure-prone vacuum tubes and enabled miniaturized electronics. (https://insight.ieeeusa.org/articles/your-engineering-heritage-bell-labs-and-the-transistor/ https://www.computerhistory.org/siliconengine/invention-of-the-point-contact-transistor/)",""
"fact.everyday_technology.computer_eniac_rewiring","source.chm_eniac","unverified","Setting ENIAC up for each new problem meant connecting wires and setting switches by hand, which took days.","https://www.computerhistory.org/revolution/birth-of-the-computer/4/78","L58 card.everyday_technology.058.c4","L58 question.everyday_technology.058.q2","","","","","","corroborated","Penn Today: ENIAC had no internal program storage and had to be programmed manually for each new set of calculations by adjusting switches. (https://penntoday.upenn.edu/news/worlds-first-general-purpose-computer-turns-75)","one-page"
"fact.everyday_technology.computer_eniac_rewiring","source.brit_eniac","unverified","Setting ENIAC up for each new problem meant connecting wires and setting switches by hand, which took days.","https://www.britannica.com/technology/ENIAC","L58 card.everyday_technology.058.c4","L58 question.everyday_technology.058.q2","","","","","","corroborated","Penn Today: ENIAC had no internal program storage and had to be programmed manually for each new set of calculations by adjusting switches. (https://penntoday.upenn.edu/news/worlds-first-general-purpose-computer-turns-75)","one-page"
"fact.everyday_technology.computer_pc_1977","source.brit_personal_computer","unverified","A personal computer is built for one person at a time; the market took off in 1977 with the mass-produced Apple II, TRS-80 and Commodore PET.","https://www.britannica.com/technology/personal-computer","L58 card.everyday_technology.058.c3; L58 card.everyday_technology.058.c4","L58 question.everyday_technology.058.q1; L58 question.everyday_technology.058.q2","","","","","","corroborated","CHM timeline 1977 and Byte's '1977 Trinity' coverage: Apple II, Commodore PET and TRS-80 all launched in 1977 as mass-market personal computers. (https://www.computerhistory.org/timeline/1977/)","one-page"
"fact.everyday_technology.computer_ibm_pc_1981","source.brit_personal_computer","unverified","IBM's PC of 1981, with an Intel processor and Microsoft's MS-DOS operating system, became an industry standard.","https://www.britannica.com/technology/personal-computer","L58 card.everyday_technology.058.c4","L58 question.everyday_technology.058.q2","","","","","","corroborated","IBM history page: the IBM Personal Computer was announced August 12, 1981, with an Intel 8088 and PC-DOS/MS-DOS, and set the standard. (https://www.ibm.com/history/personal-computer)","one-page"
"fact.everyday_technology.computer_smartphone_handheld","source.brit_smartphone","unverified","A smartphone is essentially a handheld computer built into a mobile phone, with an operating system that runs installed apps.","https://www.britannica.com/technology/smartphone","L58 card.everyday_technology.058.c1; L58 card.everyday_technology.058.c3","L58 question.everyday_technology.058.q1","","","","","","corroborated","Merriam-Webster: a smartphone is a cell phone that includes additional software functions (such as email or an Internet browser), i.e. computing capabilities. (https://www.merriam-webster.com/dictionary/smartphone)","one-page"
"fact.everyday_technology.computer_os_definition","source.brit_operating_system","unverified","An operating system is the program that manages a computer's resources (processor, memory, file storage, input and output devices, network connections) and shares them among other programs.","https://www.britannica.com/technology/operating-system","L59 card.everyday_technology.059.c2","L59 question.everyday_technology.059.q1","","","","","","corroborated","GCFGlobal Computer Basics: the OS manages the computer's memory and processes and all of its software and hardware; GeeksforGeeks gives the same functions. (https://edu.gcfglobal.org/en/computerbasics/understanding-operating-systems/1/ https://www.geeksforgeeks.org/operating-systems/introduction-of-operating-system-set-1/)",""
"fact.everyday_technology.computer_os_examples","source.brit_operating_system","unverified","Common operating systems include Windows, macOS and Linux on computers, and Android and iOS on phones.","https://www.britannica.com/technology/operating-system","L59 card.everyday_technology.059.c2","L59 question.everyday_technology.059.q1","","","","","","corroborated","GCFGlobal lists Microsoft Windows, macOS and Linux for computers and Android and iOS for mobile devices. (https://edu.gcfglobal.org/en/computerbasics/understanding-operating-systems/1/)","one-page"
"fact.everyday_technology.computer_multitasking","source.microsoft_multitasking","unverified","A multitasking operating system gives each program a small time slice of processor time, about 20 milliseconds in Windows, then switches: about 50 slices a second, so programs seem to run at once.","https://learn.microsoft.com/en-us/windows/win32/procthread/multitasking","L59 card.everyday_technology.059.c1; L59 card.everyday_technology.059.c3","L59 question.everyday_technology.059.q2","","","","","","corroborated","Lenovo glossary: time slices typically 1-100 ms; switching creates the illusion of simultaneous execution on one core. Arithmetic: 1,000 ms / 20 ms = 50. (https://www.lenovo.com/us/en/glossary/time-slice/ https://greenteapress.com/thinkos/html/thinkos010.html)",""
"fact.everyday_technology.computer_bios_boot","source.brit_bios","unverified","When a computer is switched on, a start-up program stored on a chip, such as the BIOS, checks which devices are present and loads the operating system into main memory.","https://www.britannica.com/technology/BIOS","L59 card.everyday_technology.059.c4","L59 question.everyday_technology.059.q3","","","","","","corroborated","TechTarget: BIOS is firmware that performs start-up (POST) and loads the boot loader, which loads the OS into memory. (https://www.techtarget.com/whatis/definition/BIOS-basic-input-output-system)","one-page"
"fact.everyday_technology.computer_fetch_decode_execute","source.uvm_fetch_decode_execute","unverified","From start-up to shutdown, a CPU repeats the instruction cycle: fetch the next instruction from memory, decode what it means, execute it.","https://www.uvm.edu/~cbcafier/cs2210/content/02_basics_of_architecture/fetch_decode_execute.html","L60 card.everyday_technology.060.c3","L60 question.everyday_technology.060.q1","","","","","","corroborated","Wikipedia (Instruction cycle) and Baeldung: the CPU follows the fetch-decode-execute cycle from boot-up until shutdown. (https://en.wikipedia.org/wiki/Instruction_cycle https://www.baeldung.com/cs/fetch-execute-cycle)",""
"fact.everyday_technology.computer_fetch_decode_execute","source.brit_cpu","unverified","From start-up to shutdown, a CPU repeats the instruction cycle: fetch the next instruction from memory, decode what it means, execute it.","https://www.britannica.com/technology/central-processing-unit","L60 card.everyday_technology.060.c3","L60 question.everyday_technology.060.q1","","","","","","corroborated","Wikipedia (Instruction cycle) and Baeldung: the CPU follows the fetch-decode-execute cycle from boot-up until shutdown. (https://en.wikipedia.org/wiki/Instruction_cycle https://www.baeldung.com/cs/fetch-execute-cycle)",""
"fact.everyday_technology.computer_cpu_alu","source.brit_cpu","unverified","A CPU's control unit fetches instructions from memory in sequence, and its arithmetic-logic unit does arithmetic and logic operations such as comparing data.","https://www.britannica.com/technology/central-processing-unit","L60 card.everyday_technology.060.c3","L60 question.everyday_technology.060.q1","","","","","","corroborated","Study Rocket GCSE revision: the control unit decodes and directs; the ALU carries out logical and mathematical operations. (https://studyrocket.co.uk/revision/gcse-computer-science-eduqas/hardware/the-fetch-decode-execute-cycle)","one-page"
"fact.everyday_technology.computer_clock_speed","source.intel_cpu_clock_speed","unverified","Clock speed counts a CPU's cycles per second in gigahertz, billions per second: a 3.2 GHz CPU runs 3.2 billion cycles a second, though chip design matters too.","https://www.intel.com/content/www/us/en/gaming/resources/cpu-clock-speed.html","L60 card.everyday_technology.060.c4","L60 question.everyday_technology.060.q2; L60 question.everyday_technology.060.q3","","","","","","corroborated","Computer Hope and TechTerms: one gigahertz is one billion cycles per second; HP notes other factors such as cores also affect performance. (https://www.computerhope.com/jargon/g/ghz.htm https://techterms.com/definition/gigahertz)",""
"fact.everyday_technology.computer_clock_vs_grid","source.intel_cpu_clock_speed","unverified","A 3.2 GHz processor clock ticks about 53 million times during each single cycle of 60-hertz grid power.","https://www.intel.com/content/www/us/en/gaming/resources/cpu-clock-speed.html","L60 card.everyday_technology.060.c4","L60 question.everyday_technology.060.q2; L60 question.everyday_technology.060.q3","","","","","","corroborated","Arithmetic from corroborated inputs: 3,200,000,000 / 60 = 53.3 million. (https://www.intel.com/content/www/us/en/gaming/resources/cpu-clock-speed.html)","one-page"
"fact.everyday_technology.computer_clock_vs_grid","source.brit_electric_generator","unverified","A 3.2 GHz processor clock ticks about 53 million times during each single cycle of 60-hertz grid power.","https://www.britannica.com/technology/electric-generator","L60 card.everyday_technology.060.c4","L60 question.everyday_technology.060.q2; L60 question.everyday_technology.060.q3","","","","","","corroborated","Arithmetic from corroborated inputs: 3,200,000,000 / 60 = 53.3 million. (https://www.intel.com/content/www/us/en/gaming/resources/cpu-clock-speed.html)","one-page"
"fact.everyday_technology.internet_first_message","source.ucla_kleinrock_first_words","unverified","On October 29, 1969, UCLA tried to log in to the Stanford Research Institute over ARPANET; ""lo"" got through before the system crashed, and the full login worked about an hour later.","https://www.lk.cs.ucla.edu/internet_first_words.html","L61 card.everyday_technology.061.c1; L61 card.everyday_technology.061.c2","L61 question.everyday_technology.061.q1","","","","","","corroborated","ICANN and The Conversation both recount the 29 October 1969 UCLA-to-SRI login attempt that crashed after ""lo"", with the full login about an hour later. (https://www.icann.org/en/blogs/details/the-first-message-transmission-29-10-2019-en https://theconversation.com/how-the-internet-was-born-a-stuttered-hello-67903)",""
"fact.everyday_technology.internet_first_message","source.brit_arpanet","unverified","On October 29, 1969, UCLA tried to log in to the Stanford Research Institute over ARPANET; ""lo"" got through before the system crashed, and the full login worked about an hour later.","https://www.britannica.com/topic/ARPANET","L61 card.everyday_technology.061.c1; L61 card.everyday_technology.061.c2","L61 question.everyday_technology.061.q1","","","","","","corroborated","ICANN and The Conversation both recount the 29 October 1969 UCLA-to-SRI login attempt that crashed after ""lo"", with the full login about an hour later. (https://www.icann.org/en/blogs/details/the-first-message-transmission-29-10-2019-en https://theconversation.com/how-the-internet-was-born-a-stuttered-hello-67903)",""
"fact.everyday_technology.internet_arpanet_funding","source.brit_arpanet","unverified","ARPANET was funded in the late 1960s by ARPA, an arm of the US Defense Department, and linked computers at universities and research sites.","https://www.britannica.com/topic/ARPANET","L61 card.everyday_technology.061.c2","L61 question.everyday_technology.061.q1","","","","","","corroborated","MDN notes the Internet began in the 1960s as a US-army-funded research project; UCLA and ICANN describe ARPANET linking university and research hosts (UCLA, SRI). (https://developer.mozilla.org/en-US/docs/Learn_web_development/Howto/Web_mechanics/How_does_the_Internet_work https://www.icann.org/en/blogs/details/the-first-message-transmission-29-10-2019-en)",""
"fact.everyday_technology.internet_arpanet_1971_nodes","source.brit_arpanet","unverified","By 1971 ARPANET had grown to 15 nodes.","https://www.britannica.com/topic/ARPANET","L61 card.everyday_technology.061.c2","L61 question.everyday_technology.061.q1","","","","","","corroborated","History of Information and Hobbes' Internet Timeline (RFC 2235) list 15 ARPANET nodes (23 hosts) by April 1971. (https://www.historyofinformation.com/detail.php?entryid=1119 https://www.rfc-editor.org/rfc/rfc2235.html)",""
"fact.everyday_technology.internet_day_clock","source.smithsonianmag_lomekwi_tools","unverified","On a 24-hour clock of the 3.3 million years of tools, ARPANET's 1969 message (57 years ago in 2026) lands about 1.5 seconds before midnight.","https://www.smithsonianmag.com/science-nature/oldest-known-stone-tools-unearthed-kenya-180955341/","L61 card.everyday_technology.061.c4","L61 question.everyday_technology.061.q3","","","","","","corroborated","Arithmetic: 57 / 3,300,000 x 86,400 s = 1.49 s. Inputs corroborated: Nature (Harmand et al. 2015) dates Lomekwi 3 tools to 3.3 million years; ICANN dates the first ARPANET message to 29 October 1969. (https://www.nature.com/articles/nature14464 https://www.icann.org/en/blogs/details/the-first-message-transmission-29-10-2019-en)",""
"fact.everyday_technology.internet_day_clock","source.ucla_kleinrock_first_words","unverified","On a 24-hour clock of the 3.3 million years of tools, ARPANET's 1969 message (57 years ago in 2026) lands about 1.5 seconds before midnight.","https://www.lk.cs.ucla.edu/internet_first_words.html","L61 card.everyday_technology.061.c4","L61 question.everyday_technology.061.q3","","","","","","corroborated","Arithmetic: 57 / 3,300,000 x 86,400 s = 1.49 s. Inputs corroborated: Nature (Harmand et al. 2015) dates Lomekwi 3 tools to 3.3 million years; ICANN dates the first ARPANET message to 29 October 1969. (https://www.nature.com/articles/nature14464 https://www.icann.org/en/blogs/details/the-first-message-transmission-29-10-2019-en)",""
"fact.everyday_technology.internet_users_2025_itu","source.itu_facts_figures_2025","unverified","The ITU estimates that about 6 billion people, about three-quarters of the world's population, were using the internet in 2025.","https://www.itu.int/en/mediacentre/Pages/PR-2025-11-17-Facts-and-Figures.aspx","L61 card.everyday_technology.061.c4","L61 question.everyday_technology.061.q3","","","","","","corroborated","EurekAlert and UN DESA summaries of ITU Facts and Figures 2025 report an estimated 6 billion Internet users (74 per cent of the world population) in 2025. (https://www.eurekalert.org/news-releases/1106204 https://social.desa.un.org/world-summit-2025/blog/progress-and-gaps-key-findings-from-itus-facts-and-figures-2025)",""
"fact.everyday_technology.internet_cerf_kahn_tcp","source.ethw_tcp_milestone","unverified","In 1974 Vinton Cerf and Robert Kahn published TCP, a design for joining separately built packet networks (including radio and satellite ones) into one network of networks.","https://ethw.org/Milestones:Transmission_Control_Protocol_(TCP)_Enables_the_Internet,_1974","L61 card.everyday_technology.061.c3; L65 card.everyday_technology.065.c2","L61 question.everyday_technology.061.q2; L62 question.everyday_technology.062.q3; L65 question.everyday_technology.065.q3","","","","","","corroborated","The Cerf-Kahn paper ""A Protocol for Packet Network Intercommunication"" (IEEE Trans. Communications, May 1974) is reproduced by Princeton; the ACM Turing Award page credits Kahn and Cerf with TCP/IP internetworking. (https://www.cs.princeton.edu/courses/archive/fall06/cos561/papers/cerf74.pdf https://amturing.acm.org/award_winners/kahn_4598637.cfm)",""
"fact.everyday_technology.internet_cerf_kahn_tcp","source.brit_internet","unverified","In 1974 Vinton Cerf and Robert Kahn published TCP, a design for joining separately built packet networks (including radio and satellite ones) into one network of networks.","https://www.britannica.com/technology/Internet","L61 card.everyday_technology.061.c3; L65 card.everyday_technology.065.c2","L61 question.everyday_technology.061.q2; L62 question.everyday_technology.062.q3; L65 question.everyday_technology.065.q3","","","","","","corroborated","The Cerf-Kahn paper ""A Protocol for Packet Network Intercommunication"" (IEEE Trans. Communications, May 1974) is reproduced by Princeton; the ACM Turing Award page credits Kahn and Cerf with TCP/IP internetworking. (https://www.cs.princeton.edu/courses/archive/fall06/cos561/papers/cerf74.pdf https://amturing.acm.org/award_winners/kahn_4598637.cfm)",""
"fact.everyday_technology.internet_tcpip_1983","source.isoc_tcpip_1983","unverified","On January 1, 1983, ARPANET switched to TCP/IP, with every connected computer converting to the protocol at the same time.","https://www.internetsociety.org/news/press-releases/2013/new-years-day-marks-30th-anniversary-of-major-milestone-for-global-internet/","L61 card.everyday_technology.061.c3","L61 question.everyday_technology.061.q2; L62 question.everyday_technology.062.q3; L65 question.everyday_technology.065.q3","","","","","","corroborated","The Register and CircleID both describe the 1 January 1983 ""flag day"" cutover of ARPANET from NCP to TCP/IP. (https://www.theregister.com/2013/01/03/operational_internet_anniversary/ https://circleid.com/posts/a_closer_look_at_the_controversy_over_the_internets_birthday_you_decide)",""
"fact.everyday_technology.internet_tcp_retransmit","source.ietf_rfc9293_tcp","unverified","TCP numbers the data it sends, so the receiver can put packets in order and spot gaps; lost packets are detected and sent again.","https://www.rfc-editor.org/rfc/rfc9293.html","L62 card.everyday_technology.062.c4; L70 card.everyday_technology.070.c2","L62 question.everyday_technology.062.q3","","","","","","corroborated","Khan Academy and GeeksforGeeks explain that TCP sequence numbers let the receiver reorder data and detect missing packets, which the sender retransmits. (https://www.khanacademy.org/computing/computers-and-internet/xcae6f4a7ff015e7d:the-internet/xcae6f4a7ff015e7d:transporting-packets/a/transmission-control-protocol--tcp https://www.geeksforgeeks.org/computer-networks/wrap-around-concept-and-tcp-sequence-number/)",""
"fact.everyday_technology.internet_packets_definition","source.brit_internet","unverified","Packet switching breaks a message into small packets that travel independently over any available route, across connected networks, and are reassembled at the destination.","https://www.britannica.com/technology/Internet","L62 card.everyday_technology.062.c1; L62 card.everyday_technology.062.c2; L68 card.everyday_technology.068.c1; L70 card.everyday_technology.070.c2","L62 question.everyday_technology.062.q2; L68 question.everyday_technology.068.q3; L70 question.everyday_technology.070.q4","","","","","","corroborated","RFC 791 describes IP carrying datagrams across interconnected packet-switched networks with fragmentation and reassembly; ETHW describes packets sent along whichever route is fastest. (https://www.rfc-editor.org/rfc/rfc791.txt https://ethw.org/Packet_Switching)",""
"fact.everyday_technology.internet_packets_definition","source.ethw_packet_switching","unverified","Packet switching breaks a message into small packets that travel independently over any available route, across connected networks, and are reassembled at the destination.","https://ethw.org/Packet_Switching","L62 card.everyday_technology.062.c1; L62 card.everyday_technology.062.c2; L68 card.everyday_technology.068.c1; L70 card.everyday_technology.070.c2","L62 question.everyday_technology.062.q2; L68 question.everyday_technology.068.q3; L70 question.everyday_technology.070.q4","","","","","","corroborated","RFC 791 describes IP carrying datagrams across interconnected packet-switched networks with fragmentation and reassembly; ETHW describes packets sent along whichever route is fastest. (https://www.rfc-editor.org/rfc/rfc791.txt https://ethw.org/Packet_Switching)",""
"fact.everyday_technology.internet_packet_address","source.ethw_packet_switching","unverified","Each packet carries the address of its destination.","https://ethw.org/Packet_Switching","L62 card.everyday_technology.062.c2","L62 question.everyday_technology.062.q2; L68 question.everyday_technology.068.q3; L70 question.everyday_technology.070.q4","","","","","","corroborated","RFC 791 says sources and destinations are hosts identified by fixed-length addresses carried in the internet header. (https://www.rfc-editor.org/rfc/rfc791.txt)","one-page"
"fact.everyday_technology.internet_circuit_switching","source.ethw_packet_switching","unverified","A traditional phone call used circuit switching, holding one dedicated line for the whole conversation; packet switching needs no dedicated circuit, so lines are shared.","https://ethw.org/Packet_Switching","L62 card.everyday_technology.062.c2","L62 question.everyday_technology.062.q2; L68 question.everyday_technology.068.q3; L70 question.everyday_technology.070.q4","","","","","","corroborated","Britannica's Internet article says packet switching does not require a single dedicated circuit between each pair of users, unlike circuit-switched telephone links; ETHW contrasts one user per line with packet sharing. (https://www.britannica.com/technology/Internet https://ethw.org/Packet_Switching)",""
"fact.everyday_technology.internet_circuit_switching","source.brit_internet","unverified","A traditional phone call used circuit switching, holding one dedicated line for the whole conversation; packet switching needs no dedicated circuit, so lines are shared.","https://www.britannica.com/technology/Internet","L62 card.everyday_technology.062.c2","L62 question.everyday_technology.062.q2; L68 question.everyday_technology.068.q3; L70 question.everyday_technology.070.q4","","","","","","corroborated","Britannica's Internet article says packet switching does not require a single dedicated circuit between each pair of users, unlike circuit-switched telephone links; ETHW contrasts one user per line with packet sharing. (https://www.britannica.com/technology/Internet https://ethw.org/Packet_Switching)",""
"fact.everyday_technology.internet_baran_rand","source.ethw_packet_switching","unverified","In the early 1960s Paul Baran at RAND worked on a US Air Force network that would not fail if one of its nodes was destroyed, routing messages along whichever path worked.","https://ethw.org/Packet_Switching","L62 card.everyday_technology.062.c3; L63 card.everyday_technology.063.c3","L62 question.everyday_technology.062.q1; L63 question.everyday_technology.063.q3","","","","","","corroborated","Britannica's Donald Davies entry and the Heidelberg Laureate Forum history both describe Baran's early-1960s RAND work on a survivable, distributed Air Force network. (https://www.britannica.com/biography/Donald-Davies https://www.newsroom.hlf-foundation.org/blog/article/the-internet-chronicles-part-2-of-12-packet-switching-and-the-first-message/)",""
"fact.everyday_technology.internet_davies_packet","source.ethw_packet_switching","unverified","Donald Davies at Britain's National Physical Laboratory developed the same idea independently and named the pieces ""packets"" in a 1966 proposal.","https://ethw.org/Packet_Switching","L62 card.everyday_technology.062.c3","L62 question.everyday_technology.062.q1; L63 question.everyday_technology.063.q3","","","","","","corroborated","Britannica credits Davies with independently inventing packet switching at the NPL; Irish Times obituary and Wikipedia note he coined ""packet"" (1965-66). (https://www.britannica.com/biography/Donald-Davies https://www.irishtimes.com/news/scientist-who-transformed-the-internet-1.285624)",""
"fact.everyday_technology.internet_cables_99_percent","source.telegeography_99_percent","unverified","Undersea cables carry over 99% of the data that travels between continents, a figure TeleGeography confirmed in 2023.","https://resources.telegeography.com/2023-mythbusting-part-3","L63 card.everyday_technology.063.c1","L63 question.everyday_technology.063.q2","","","","","","corroborated","The ITU submarine cable resilience backgrounder says submarine cables carry approximately 99% of the world's Internet traffic. (https://www.itu.int/en/mediacentre/backgrounders/Pages/submarine-cable-resilience.aspx)","one-page"
"fact.everyday_technology.internet_cable_faults","source.telegeography_cable_faq","unverified","Fishing vessels and ships dragging anchors cause about two-thirds of undersea cable faults.","https://www2.telegeography.com/submarine-cable-faqs-frequently-asked-questions","L63 card.everyday_technology.063.c3","L63 question.everyday_technology.063.q3","","","","","","corroborated","The ITU backgrounder says key vulnerabilities relate mainly to accidental human activity such as fishing and anchoring, followed by natural hazards. (https://www.itu.int/en/mediacentre/backgrounders/Pages/submarine-cable-resilience.aspx)","one-page"
"fact.everyday_technology.internet_cable_sharks","source.telegeography_cable_faq","unverified","Fish bites, sharks included, caused zero cable faults from 2007 to 2014, according to International Cable Protection Committee data.","https://www2.telegeography.com/submarine-cable-faqs-frequently-asked-questions","L63 card.everyday_technology.063.c3","L63 question.everyday_technology.063.q3","","","","","","corroborated","The ICPC news page and ITU backgrounder both point to fishing and anchoring as the main causes of damage, not marine life. (https://www.iscpc.org/news/ https://www.itu.int/en/mediacentre/backgrounders/Pages/submarine-cable-resilience.aspx)",""
"fact.everyday_technology.internet_cable_redundancy","source.telegeography_cable_faq","unverified","Countries use multiple cables and networks spread traffic across several, so when one breaks, data keeps flowing over the others.","https://www2.telegeography.com/submarine-cable-faqs-frequently-asked-questions","L63 card.everyday_technology.063.c3","L63 question.everyday_technology.063.q3","","","","","","corroborated","TeleGeography's 2024 post ""Why Does Diversity Matter for Submarine Cables?"" and the ITU resilience backgrounder stress route diversity so traffic survives a break. (https://www.itu.int/en/mediacentre/backgrounders/Pages/submarine-cable-resilience.aspx)","one-page"
"fact.everyday_technology.internet_cables_vs_satellites","source.telegeography_cable_faq","unverified","Satellites help reach places not yet wired, but cables carry far more data at a fraction of the cost; a phone is wireless only to the nearest cell tower, then fiber.","https://www2.telegeography.com/submarine-cable-faqs-frequently-asked-questions","L63 card.everyday_technology.063.c4","L63 question.everyday_technology.063.q2","","","","","","corroborated","TeleGeography's 2023 mythbusting post finds satellites carry only a tiny share of intercontinental traffic, confirming cables dominate. (https://resources.telegeography.com/2023-mythbusting-part-3)","one-page"
"fact.everyday_technology.internet_cable_count_2026","source.telegeography_cable_faq","unverified","As of 2026, TeleGeography tracks more than 600 active and planned submarine cables.","https://www2.telegeography.com/submarine-cable-faqs-frequently-asked-questions","L63 card.everyday_technology.063.c4","L63 question.everyday_technology.063.q2","","","","","","corroborated","The ITU backgrounder counted more than 500 active and planned systems as of 2024; Fujikura Europe reports over 600 active and planned cables as of 2025. (https://www.itu.int/en/mediacentre/backgrounders/Pages/submarine-cable-resilience.aspx https://www.europe.fujikura.com/insights/in-at-the-deep-end-how-subsea-fibre-optic-cables-keep-the-world-connected/)",""
"fact.everyday_technology.internet_fiber_how","source.telegeography_cable_faq","unverified","In modern undersea cables, lasers flash light down glass fibers about as thin as a human hair to receivers at the far end.","https://www2.telegeography.com/submarine-cable-faqs-frequently-asked-questions","L63 card.everyday_technology.063.c2; L70 card.everyday_technology.070.c1","L63 question.everyday_technology.063.q1","","","","","","corroborated","The ITU backgrounder describes modern submarine cables as fiber-optic; M2 Optics describes light traveling through the glass core of fiber. (https://www.itu.int/en/mediacentre/backgrounders/Pages/submarine-cable-resilience.aspx https://www.m2optics.com/blog/bid/70587/calculating-optical-fiber-latency)",""
"fact.everyday_technology.internet_cable_size","source.telegeography_cable_faq","unverified","The fibers are wrapped in plastic and sometimes steel wire; across the ocean a cable is typically about as wide as a garden hose.","https://www2.telegeography.com/submarine-cable-faqs-frequently-asked-questions","L63 card.everyday_technology.063.c2","L63 question.everyday_technology.063.q1","","","","","","corroborated","Kentik and Fujikura Europe describe unarmored deep-sea cable as about the thickness of a garden hose (about 20 mm), with fibers not much thicker than a hair. (https://www.kentik.com/blog/diving-deep-into-submarine-cables-undersea-lifelines-of-internet-connectivity/ https://www.europe.fujikura.com/insights/in-at-the-deep-end-how-subsea-fibre-optic-cables-keep-the-world-connected/)",""
"fact.everyday_technology.internet_cable_seabed","source.telegeography_cable_faq","unverified","In the deep sea, cables lie directly on the ocean floor; near shore they are buried under the seabed and given extra armor.","https://www2.telegeography.com/submarine-cable-faqs-frequently-asked-questions","L63 card.everyday_technology.063.c2","L63 question.everyday_technology.063.q1","","","","","","corroborated","Fujikura Europe and Kentik explain that deep water protects cables laid on the seabed, while near shore ploughs bury them and extra armor is added. (https://www.europe.fujikura.com/insights/in-at-the-deep-end-how-subsea-fibre-optic-cables-keep-the-world-connected/ https://www.kentik.com/blog/diving-deep-into-submarine-cables-undersea-lifelines-of-internet-connectivity/)",""
"fact.everyday_technology.wifi_name","source.brit_wifi","unverified","Wi-Fi is not short for ""wireless fidelity"": a marketing firm hired by the group now called the Wi-Fi Alliance coined it for its pleasing sound and echo of ""hi-fi.""","https://www.britannica.com/technology/Wi-Fi","L64 card.everyday_technology.064.c1; L64 card.everyday_technology.064.c4","","","","","","","corroborated","Wikipedia's Wi-Fi article states the name was coined by the brand-consulting firm Interbrand and is not an abbreviation for wireless fidelity. (https://en.wikipedia.org/wiki/Wi-Fi)","one-page weak-pages"
"fact.everyday_technology.wifi_definition","source.brit_wifi","unverified","Wi-Fi uses radio waves to transfer data over short distances, usually less than 100 meters indoors.","https://www.britannica.com/technology/Wi-Fi","L64 card.everyday_technology.064.c2; L70 card.everyday_technology.070.c1; L70 card.everyday_technology.070.c2","L64 question.everyday_technology.064.q1; L70 question.everyday_technology.070.q3","","","","","","corroborated","Intel's band guide describes Wi-Fi routers transmitting on 2.4, 5 and 6 GHz radio bands over in-home ranges. (https://www.intel.com/content/www/us/en/products/docs/wireless/2-4-vs-5ghz.html)","one-page"
"fact.everyday_technology.wifi_router_modem","source.hp_modem_vs_router","unverified","A home router creates the local Wi-Fi network for your devices; the modem connects that network to your internet provider.","https://www.hp.com/us-en/shop/tech-takes/modem-vs-router","L64 card.everyday_technology.064.c2","L64 question.everyday_technology.064.q1; L70 question.everyday_technology.070.q3","","","","","","corroborated","Verizon and Xfinity guides both explain that the modem brings the provider's connection into the home and the router spreads it to devices over Wi-Fi. (https://www.verizon.com/home/internet/guides/modem-vs-router/ https://www.xfinity.com/hub/internet/modem-vs-router)",""
"fact.everyday_technology.wifi_80211_1997","source.brit_wifi","unverified","In 1997 the IEEE approved a common Wi-Fi standard, 802.11, so equipment from different makers could work together.","https://www.britannica.com/technology/Wi-Fi","L64 card.everyday_technology.064.c4","","","","","","","corroborated","The IEEE Standards Association and Wikipedia both date the original IEEE 802.11 standard to 1997. (https://en.wikipedia.org/wiki/IEEE_802.11)","one-page weak-pages"
"fact.everyday_technology.wifi_bands_tradeoff","source.intel_wifi_bands","unverified","Most routers offer a 2.4 GHz band, which reaches farther and passes walls better, and a 5 GHz band, which is faster but covers a shorter range.","https://www.intel.com/content/www/us/en/products/docs/wireless/2-4-vs-5ghz.html","L64 card.everyday_technology.064.c3","L64 question.everyday_technology.064.q2; L64 question.everyday_technology.064.q3","","","","","","corroborated","The FCC's Home Network Tips say 2.4 GHz connections offer broader coverage but slower data, while 5 GHz is faster with shorter range. (https://www.fcc.gov/home-network-tips)","one-page"
"fact.everyday_technology.wifi_ghz_cycles","source.nist_sp330_si","unverified","A hertz is one cycle per second, so 2.4 GHz means 2.4 billion cycles a second: 40 million times US grid AC's 60.","https://nvlpubs.nist.gov/nistpubs/SpecialPublications/NIST.SP.330-2019.pdf","L64 card.everyday_technology.064.c3","L64 question.everyday_technology.064.q2; L64 question.everyday_technology.064.q3","","","","","","corroborated","Arithmetic: 2.4 x 10^9 / 60 = 4 x 10^7. The SI Brochure defines the hertz as s^-1 and giga as 10^9; Britannica lists 2.4 GHz as a Wi-Fi band. (https://www.bipm.org/en/publications/si-brochure https://www.britannica.com/technology/Wi-Fi)",""
"fact.everyday_technology.wifi_ghz_cycles","source.brit_wifi","unverified","A hertz is one cycle per second, so 2.4 GHz means 2.4 billion cycles a second: 40 million times US grid AC's 60.","https://www.britannica.com/technology/Wi-Fi","L64 card.everyday_technology.064.c3","L64 question.everyday_technology.064.q2; L64 question.everyday_technology.064.q3","","","","","","corroborated","Arithmetic: 2.4 x 10^9 / 60 = 4 x 10^7. The SI Brochure defines the hertz as s^-1 and giga as 10^9; Britannica lists 2.4 GHz as a Wi-Fi band. (https://www.bipm.org/en/publications/si-brochure https://www.britannica.com/technology/Wi-Fi)",""
"fact.everyday_technology.web_vs_internet_def","source.mdn_how_internet_works","unverified","The internet is the infrastructure, a huge network of communicating computers; the web is one service built on top of it, and email is another.","https://developer.mozilla.org/en-US/docs/Learn_web_development/Howto/Web_mechanics/How_does_the_Internet_work","L65 card.everyday_technology.065.c2","L65 question.everyday_technology.065.q2; L65 question.everyday_technology.065.q3","","","","","","corroborated","Britannica describes the World Wide Web as the leading information retrieval service of the Internet, operating within the Internet's client-server format. (https://www.britannica.com/topic/World-Wide-Web)","one-page"
"fact.everyday_technology.web_younger_than_internet","source.ucla_kleinrock_first_words","unverified","ARPANET sent its first message in 1969 and the web was invented in 1989, 20 years later.","https://www.lk.cs.ucla.edu/internet_first_words.html","L65 card.everyday_technology.065.c1","","","","","","","corroborated","Arithmetic: 1989 - 1969 = 20. ICANN dates the first ARPANET message to 1969; CERN's short history dates Berners-Lee's first proposal to March 1989. (https://www.icann.org/en/blogs/details/the-first-message-transmission-29-10-2019-en https://home.cern/science/computing/the-birth-of-the-web/short-history-web/)",""
"fact.everyday_technology.web_younger_than_internet","source.cern_birth_of_web","unverified","ARPANET sent its first message in 1969 and the web was invented in 1989, 20 years later.","https://home.cern/science/computing/the-birth-of-the-web/","L65 card.everyday_technology.065.c1","","","","","","","corroborated","Arithmetic: 1989 - 1969 = 20. ICANN dates the first ARPANET message to 1969; CERN's short history dates Berners-Lee's first proposal to March 1989. (https://www.icann.org/en/blogs/details/the-first-message-transmission-29-10-2019-en https://home.cern/science/computing/the-birth-of-the-web/short-history-web/)",""
"fact.everyday_technology.web_berners_lee_1989","source.cern_birth_of_web","unverified","Tim Berners-Lee invented the World Wide Web in 1989 at CERN, to let scientists at universities and institutes around the world share information automatically.","https://home.cern/science/computing/the-birth-of-the-web/","L65 card.everyday_technology.065.c3","L65 question.everyday_technology.065.q1","","","","","","corroborated","Britannica: development of the World Wide Web was begun in 1989 by Tim Berners-Lee and colleagues at CERN. (https://www.britannica.com/topic/World-Wide-Web)","one-page"
"fact.everyday_technology.web_berners_lee_1989","source.cern_short_history_web","unverified","Tim Berners-Lee invented the World Wide Web in 1989 at CERN, to let scientists at universities and institutes around the world share information automatically.","https://home.cern/science/computing/the-birth-of-the-web/short-history-web/","L65 card.everyday_technology.065.c3","L65 question.everyday_technology.065.q1","","","","","","corroborated","Britannica: development of the World Wide Web was begun in 1989 by Tim Berners-Lee and colleagues at CERN. (https://www.britannica.com/topic/World-Wide-Web)","one-page"
"fact.everyday_technology.web_first_server_1990","source.cern_short_history_web","unverified","By the end of 1990 Berners-Lee had the first web server and browser running; the server carried a handwritten label: ""This machine is a server. DO NOT POWER IT DOWN!!""","https://home.cern/science/computing/the-birth-of-the-web/short-history-web/","L65 card.everyday_technology.065.c3","L65 question.everyday_technology.065.q1","","","","","","corroborated","Wikimedia Commons' photo of the first web server and CERN Document Server's NeXT record show the ""This machine is a server. DO NOT POWER IT DOWN!!"" label. (https://commons.wikimedia.org/wiki/File:First_Web_Server.jpg https://cds.cern.ch/record/2266322?ln=en)",""
"fact.everyday_technology.web_three_ingredients","source.brit_world_wide_web","unverified","Web pages are written in HTML, which includes hyperlinks to related information; each page has an address called a URL; HTTP standardizes how servers and browsers talk.","https://www.britannica.com/topic/World-Wide-Web","L65 card.everyday_technology.065.c4; L66 card.everyday_technology.066.c2","L66 question.everyday_technology.066.q3","","","","","","corroborated","CERN's Web@35 page says by Christmas 1990 Berners-Lee had implemented html, http and URL. (https://home.cern/world-wide-web-35/)","one-page"
"fact.everyday_technology.web_three_ingredients","source.cern_birth_of_web","unverified","Web pages are written in HTML, which includes hyperlinks to related information; each page has an address called a URL; HTTP standardizes how servers and browsers talk.","https://home.cern/science/computing/the-birth-of-the-web/","L65 card.everyday_technology.065.c4; L66 card.everyday_technology.066.c2","L66 question.everyday_technology.066.q3","","","","","","corroborated","CERN's Web@35 page says by Christmas 1990 Berners-Lee had implemented html, http and URL. (https://home.cern/world-wide-web-35/)","one-page"
"fact.everyday_technology.web_public_domain_1993","source.cern_birth_of_web","unverified","On April 30, 1993, CERN put the World Wide Web software in the public domain, which helped the web flourish.","https://home.cern/science/computing/the-birth-of-the-web/","L65 card.everyday_technology.065.c4","L66 question.everyday_technology.066.q3","","","","","","corroborated","CERN's ""30 years of a free and open Web"" news story marks 30 April 1993 as the date the software was released into the public domain. (https://home.cern/news/news/computing/30-years-free-and-open-web)","one-page"
"fact.everyday_technology.search_index_not_live","source.google_how_search_organizes","unverified","When you search, Google looks through webpages already organized in its Search index, not the live web.","https://www.google.com/search/howsearchworks/how-search-works/organizing-information/","L66 card.everyday_technology.066.c1","","","","","","","corroborated","Google Search Central's ""How Google Search Works"" describes three stages (crawling, indexing, serving), with results served from the index. (https://developers.google.com/search/docs/fundamentals/how-search-works)","one-page"
"fact.everyday_technology.search_crawlers","source.google_how_search_organizes","unverified","Search engines use software called crawlers that automatically visit public web pages and follow the links on them, organizing what they find into an index.","https://www.google.com/search/howsearchworks/how-search-works/organizing-information/","L66 card.everyday_technology.066.c2","L66 question.everyday_technology.066.q1; L66 question.everyday_technology.066.q3","","","","","","corroborated","Google Search Central describes Googlebot discovering pages by following links from known pages and adding them to the index. (https://developers.google.com/search/docs/fundamentals/how-search-works)","one-page"
"fact.everyday_technology.search_index_book","source.google_how_search_organizes","unverified","Google's index works like the index at the back of a book, with an entry for every word on every indexed page; it covers hundreds of billions of pages.","https://www.google.com/search/howsearchworks/how-search-works/organizing-information/","L66 card.everyday_technology.066.c3","","","","","","","corroborated","Google Search Central documentation also describes the index as a large database of pages; Google's ranking page says results come in a fraction of a second. (https://developers.google.com/search/docs/fundamentals/how-search-works https://www.google.com/search/howsearchworks/how-search-works/ranking-results/)",""
"fact.everyday_technology.search_index_book","source.google_how_search_ranks","unverified","Google's index works like the index at the back of a book, with an entry for every word on every indexed page; it covers hundreds of billions of pages.","https://www.google.com/search/howsearchworks/how-search-works/ranking-results/","L66 card.everyday_technology.066.c3","","","","","","","corroborated","Google Search Central documentation also describes the index as a large database of pages; Google's ranking page says results come in a fraction of a second. (https://developers.google.com/search/docs/fundamentals/how-search-works https://www.google.com/search/howsearchworks/how-search-works/ranking-results/)",""
"fact.everyday_technology.search_backrub_links","source.brit_google","unverified","As Stanford graduate students, Sergey Brin and Larry Page built BackRub, which counted links as votes; a link from a heavily linked site was a stronger vote. It grew into Google.","https://www.britannica.com/money/Google-Inc","L66 card.everyday_technology.066.c4","L66 question.everyday_technology.066.q2","","","","","","corroborated","Brin and Page's 1998 paper ""The Anatomy of a Large-Scale Hypertextual Web Search Engine"" presents Google and PageRank, which analyzes the link structure of the web. (https://research.google/pubs/the-anatomy-of-a-large-scale-hypertextual-web-search-engine/ https://snap.stanford.edu/class/cs224w-readings/Brin98Anatomy.pdf)",""
"fact.everyday_technology.search_signals_today","source.google_how_search_ranks","unverified","Google's ranking today weighs many signals, including the meaning of your query, relevance and quality of pages, usability, and context such as your location.","https://www.google.com/search/howsearchworks/how-search-works/ranking-results/","L66 card.everyday_technology.066.c4","L66 question.everyday_technology.066.q2","","","","","","corroborated","Google Search Central documentation lists relevance, quality, usability and context (such as location) among the factors used to serve results. (https://developers.google.com/search/docs/fundamentals/how-search-works)","one-page"
"fact.everyday_technology.cloud_nist_def","source.nist_sp800_145_cloud","unverified","NIST defines cloud computing as on-demand network access to a shared pool of computing resources (servers, storage, applications) that can be quickly provisioned and released.","https://csrc.nist.gov/pubs/sp/800/145/final","L67 card.everyday_technology.067.c2","L67 question.everyday_technology.067.q1","","","","","","corroborated","The full NIST SP 800-145 PDF gives the same definition with five essential characteristics including on-demand self-service and rapid elasticity. (https://nvlpubs.nist.gov/nistpubs/Legacy/SP/nistspecialpublication800-145.pdf)","one-page"
"fact.everyday_technology.cloud_data_centers","source.doe_data_center_cooling","unverified","Cloud services run on computers and storage systems housed in data centers, buildings reached over the internet.","https://www.energy.gov/articles/doe-announces-40-million-more-efficient-cooling-data-centers","L67 card.everyday_technology.067.c1","L67 question.everyday_technology.067.q1","","","","","","corroborated","The NIST cloud definition names networks, servers and storage as the shared resources; DOE describes data centers as housing computers, storage systems and computing infrastructure. (https://csrc.nist.gov/pubs/sp/800/145/final)","one-page"
"fact.everyday_technology.cloud_data_centers","source.nist_sp800_145_cloud","unverified","Cloud services run on computers and storage systems housed in data centers, buildings reached over the internet.","https://csrc.nist.gov/pubs/sp/800/145/final","L67 card.everyday_technology.067.c1","L67 question.everyday_technology.067.q1","","","","","","corroborated","The NIST cloud definition names networks, servers and storage as the shared resources; DOE describes data centers as housing computers, storage systems and computing infrastructure. (https://csrc.nist.gov/pubs/sp/800/145/final)","one-page"
"fact.everyday_technology.cloud_iea_2024","source.iea_energy_and_ai","unverified","The IEA estimates data centers used about 415 terawatt-hours in 2024, which is 415 billion kilowatt-hours and around 1.5% of the world's electricity.","https://www.iea.org/reports/energy-and-ai/executive-summary","L67 card.everyday_technology.067.c3; L67 card.everyday_technology.067.c1","L67 question.everyday_technology.067.q3","","","","","","corroborated","S&P Global and Scientific American report the IEA's 2025 Energy and AI estimate of about 415 TWh (around 1.5% of global electricity) in 2024. 1 TWh = 1 billion kWh. (https://www.spglobal.com/energy/en/news-research/latest-news/electric-power/041025-global-data-center-power-demand-to-double-by-2030-on-ai-surge-iea https://www.scientificamerican.com/article/ai-will-drive-doubling-of-data-center-energy-demand-by-2030/)",""
"fact.everyday_technology.cloud_doe_intensity","source.doe_data_centers_servers","unverified","Per unit of floor space, data centers use 10 to 50 times the energy of a typical office building, says the US Department of Energy.","https://www.energy.gov/cmei/buildings/data-centers-and-servers","L67 card.everyday_technology.067.c3","L67 question.everyday_technology.067.q3","","","","","","corroborated","Yes Energy and the University of Wisconsin energy institute repeat the DOE figure of 10 to 50 times the energy per floor space of a typical commercial office. (https://www.yesenergy.com/blog/data-center-growth-energy-usage-and-efficiency https://energy.wisc.edu/news/data-centers-are-driving-energy-demand-nationally-what-does-mean-wisconsin)",""
"fact.everyday_technology.cloud_heat_cooling","source.doe_data_center_cooling","unverified","Most of the electricity a data center uses ends up as heat, and cooling can account for up to 40% of its energy.","https://www.energy.gov/articles/doe-announces-40-million-more-efficient-cooling-data-centers","L67 card.everyday_technology.067.c4","L67 question.everyday_technology.067.q2","","","","","","corroborated","Facility Executive notes nearly all the electricity consumed by servers ultimately becomes heat; EESI says about 40% of data center energy goes to cooling. (https://facilityexecutive.com/recycling-heat-in-data-centers/ https://www.eesi.org/articles/view/thermal-energy-networks-turn-data-center-waste-heat-into-a-hot-commodity)",""
"fact.everyday_technology.cloud_heat_cooling","source.eesi_data_center_waste_heat","unverified","Most of the electricity a data center uses ends up as heat, and cooling can account for up to 40% of its energy.","https://www.eesi.org/articles/view/thermal-energy-networks-turn-data-center-waste-heat-into-a-hot-commodity","L67 card.everyday_technology.067.c4","L67 question.everyday_technology.067.q2","","","","","","corroborated","Facility Executive notes nearly all the electricity consumed by servers ultimately becomes heat; EESI says about 40% of data center energy goes to cooling. (https://facilityexecutive.com/recycling-heat-in-data-centers/ https://www.eesi.org/articles/view/thermal-energy-networks-turn-data-center-waste-heat-into-a-hot-commodity)",""
"fact.everyday_technology.crypto_encryption_def","source.nist_glossary_encryption","unverified","Encryption uses an algorithm and a key to turn readable plaintext into ciphertext, so only the intended recipient, holding the right key, can read it.","https://csrc.nist.gov/glossary/term/encryption","L68 card.everyday_technology.068.c1; L68 card.everyday_technology.068.c2","L68 question.everyday_technology.068.q1; L68 question.everyday_technology.068.q3","","","","","","corroborated","Britannica's Caesar cipher and cryptology entries describe enciphering plaintext into ciphertext with a key that the recipient uses to decipher. (https://www.britannica.com/topic/Caesar-cipher)","one-page"
"fact.everyday_technology.crypto_caesar","source.brit_caesar_cipher","unverified","Julius Caesar replaced each letter with the one three places down the alphabet; with only 25 possible shifts, the cipher is easy to break.","https://www.britannica.com/topic/Caesar-cipher","L68 card.everyday_technology.068.c2","L68 question.everyday_technology.068.q1","","","","","","corroborated","Simon Singh's Black Chamber and Crypto Corner both describe Caesar's shift of three letters (per Suetonius) and breaking it by trying all 25 shifts. (https://www.simonsingh.net/The_Black_Chamber/caesar.html https://crypto.interactive-maths.com/caesar-shift-cipher.html)",""
"fact.everyday_technology.crypto_diffie_hellman","source.stanford_diffie_hellman_turing","unverified","Whitfield Diffie and Martin Hellman's 1976 paper gave a blueprint for communicating over an open channel, with no prearrangement, while keeping messages secret from eavesdroppers.","https://engineering.stanford.edu/news/stanford-cryptography-pioneers-win-acm-2015-am-turing-award","L68 card.everyday_technology.068.c3","L68 question.everyday_technology.068.q2","","","","","","corroborated","ACM's 2015 Turing Award announcement and the Stanford Daily report that the 1976 ""New Directions in Cryptography"" paper introduced public-key cryptography. (https://stanforddaily.com/2016/03/02/whitfield-diffie-and-martin-hellman-win-acm-2015-a-m-turing-award/ https://www.acm.org/media-center/2016/march/turing-award-2015)",""
"fact.everyday_technology.crypto_two_keys","source.nist_glossary_public_key","unverified","Public-key cryptography uses two separate keys: one to encrypt the data and a different one to decrypt it.","https://csrc.nist.gov/glossary/term/public_key_cryptography","L68 card.everyday_technology.068.c4; L70 card.everyday_technology.070.c2","L69 question.everyday_technology.069.q3; L70 question.everyday_technology.070.q5","","","","","","corroborated","IBM and the Open University explain asymmetric encryption: anyone can encrypt with the public key, only the matching private key decrypts (the open-padlock analogy). (https://www.ibm.com/think/topics/asymmetric-encryption https://www.open.edu/openlearn/mod/oucontent/view.php?id=48322&section=1.4)",""
"fact.everyday_technology.crypto_https_padlock","source.fbi_ic3_https_phishing","unverified","The ""https"" and padlock icon in a browser's address bar indicate that traffic to the site is encrypted.","https://www.ic3.gov/PSA/2019/PSA190610","L68 card.everyday_technology.068.c4; L69 card.everyday_technology.069.c2","L69 question.everyday_technology.069.q3; L70 question.everyday_technology.070.q5","","","","","","corroborated","Security vendors Progress and DNSFilter explain that the padlock certifies an encrypted connection, not the legitimacy of the site. (https://www.progress.com/blogs/https-and-a-padlock-does-not-mean-a-website-is-secure https://www.dnsfilter.com/blog/the-dangerous-illusion-of-https-why-the-padlock-isnt-enough)",""
"fact.everyday_technology.crypto_backbone","source.stanford_diffie_hellman_turing","unverified","Public-key cryptography became the backbone of modern internet security; it lets your browser check that your bank is really who it claims to be.","https://engineering.stanford.edu/news/stanford-cryptography-pioneers-win-acm-2015-am-turing-award","L68 card.everyday_technology.068.c4","L69 question.everyday_technology.069.q3; L70 question.everyday_technology.070.q5","","","","","","corroborated","ACM's Turing Award release says the Diffie-Hellman ideas are the foundation for most regularly used Internet security protocols today. (https://www.acm.org/media-center/2016/march/turing-award-2015 https://stanforddaily.com/2016/03/02/whitfield-diffie-and-martin-hellman-win-acm-2015-a-m-turing-award/)",""
"fact.everyday_technology.account_composition_predictable","source.nist_sp800_63b4_strength","unverified","NIST notes that rules demanding capitals, digits and symbols push people toward predictable passwords like ""Password1!"", which attackers are likely to guess.","https://pages.nist.gov/800-63-4/sp800-63b/passwords/","L69 card.everyday_technology.069.c1","","","","","","","corroborated","Enzoic and Security Boulevard summaries of SP 800-63B-4 explain NIST dropped composition rules because they produce predictable passwords. (https://www.enzoic.com/blog/nist-sp-800-63b-rev4/ https://securityboulevard.com/2025/09/nist-sp-800-63b-rev-4-password-updates/)",""
"fact.everyday_technology.account_phishing","source.cisa_phishing","unverified","Phishing messages try to get you to open harmful links or hand over personal information; warning signs include urgent language and look-alike addresses such as amazan.com.","https://www.cisa.gov/secure-our-world/recognize-and-report-phishing","L69 card.everyday_technology.069.c2","L69 question.everyday_technology.069.q2; L69 question.everyday_technology.069.q3","","","","","","corroborated","The FBI IC3 advisory describes phishing emails imitating trustworthy companies to lure victims to malicious sites that capture logins. (https://www.ic3.gov/PSA/2019/PSA190610)","one-page"
"fact.everyday_technology.account_credential_stuffing","source.owasp_credential_stuffing","unverified","In credential stuffing, username and password pairs leaked in one breach are tried on other websites.","https://owasp.org/www-community/attacks/Credential_stuffing","L69 card.everyday_technology.069.c2","L69 question.everyday_technology.069.q2; L69 question.everyday_technology.069.q3","","","","","","corroborated","New Jersey's cybersecurity agency (NJCCIC) and Cloudflare describe credential stuffing as testing stolen credentials on many other sites because people reuse passwords. (https://www.cyber.nj.gov/guidance-and-best-practices/account-security/credential-stuffing https://www.cloudflare.com/learning/bots/what-is-credential-stuffing/)",""
"fact.everyday_technology.account_guessing","source.nist_sp800_63b4_strength","unverified","Attackers try common passwords and ones from previous breaches first.","https://pages.nist.gov/800-63-4/sp800-63b/passwords/","L69 card.everyday_technology.069.c2","L69 question.everyday_technology.069.q2; L69 question.everyday_technology.069.q3","","","","","","corroborated","SP 800-63B-4 summaries (Enzoic) describe the required blocklist of breached and common passwords because attackers try them first. (https://www.enzoic.com/blog/nist-sp-800-63b-rev4/)","one-page weak-pages"
"fact.everyday_technology.account_padlock_phishing","source.fbi_ic3_https_phishing","unverified","Phishing sites increasingly use HTTPS certificates too, so the FBI warns not to trust a site just because it shows a padlock.","https://www.ic3.gov/PSA/2019/PSA190610","L69 card.everyday_technology.069.c2","L69 question.everyday_technology.069.q2; L69 question.everyday_technology.069.q3","","","","","","corroborated","Idwatchdog and PhishLabs report that most phishing sites now use HTTPS and repeat the FBI warning about the padlock. (https://www.idwatchdog.com/education/-/article/reduce-risk-https-phishing https://www.phishlabs.com/resources/press-releases/phishing-sites-trick-users-with-padlock-and-https)",""
"fact.everyday_technology.account_nist_length","source.nist_sp800_63b4_passwords","unverified","NIST's 2025 guidance (SP 800-63B-4) treats length as a primary factor in password strength and requires at least 15 characters when a password is used alone.","https://pages.nist.gov/800-63-4/sp800-63b/authenticators/","L69 card.everyday_technology.069.c3","L69 question.everyday_technology.069.q1","","","","","","corroborated","Enzoic and Security Boulevard report SP 800-63B Rev. 4 (August 2025) sets a 15-character minimum for single-factor passwords and emphasizes length over complexity. (https://www.enzoic.com/blog/nist-sp-800-63b-rev4/ https://securityboulevard.com/2025/09/nist-sp-800-63b-rev-4-password-updates/)",""
"fact.everyday_technology.account_nist_length","source.nist_sp800_63b4_strength","unverified","NIST's 2025 guidance (SP 800-63B-4) treats length as a primary factor in password strength and requires at least 15 characters when a password is used alone.","https://pages.nist.gov/800-63-4/sp800-63b/passwords/","L69 card.everyday_technology.069.c3","L69 question.everyday_technology.069.q1","","","","","","corroborated","Enzoic and Security Boulevard report SP 800-63B Rev. 4 (August 2025) sets a 15-character minimum for single-factor passwords and emphasizes length over complexity. (https://www.enzoic.com/blog/nist-sp-800-63b-rev4/ https://securityboulevard.com/2025/09/nist-sp-800-63b-rev-4-password-updates/)",""
"fact.everyday_technology.account_nist_no_composition","source.nist_sp800_63b4_passwords","unverified","Under NIST's 2025 rules, sites should not force mixes of character types or require password changes on a schedule, only when there is evidence of compromise.","https://pages.nist.gov/800-63-4/sp800-63b/authenticators/","L69 card.everyday_technology.069.c3","L69 question.everyday_technology.069.q1","","","","","","corroborated","Netwrix and Security Boulevard summaries of SP 800-63B-4 confirm composition rules and routine expiration are prohibited, with forced changes only after compromise. (https://netwrix.com/en/resources/blog/nist-password-guidelines/ https://securityboulevard.com/2025/09/nist-sp-800-63b-rev-4-password-updates/)",""
"fact.everyday_technology.account_cisa_passwords","source.cisa_strong_passwords","unverified","CISA recommends passwords of at least 16 characters, such as a passphrase of 4 to 7 unrelated words, and a different password for every account.","https://www.cisa.gov/secure-our-world/use-strong-passwords","L69 card.everyday_technology.069.c3","L69 question.everyday_technology.069.q1","","","","","","corroborated","CISA's small-business page ""Require Strong Passwords"" and 1Password's summary of CISA guidance repeat: at least 16 characters, 4 to 7 word passphrases, unique per account. (https://www.cisa.gov/audiences/small-and-medium-businesses/secure-your-business/require-strong-passwords https://1password.com/blog/cisa-strong-passwords)",""
"fact.everyday_technology.account_password_manager","source.cisa_strong_passwords","unverified","A password manager generates, stores and fills in your passwords, and NIST notes managers make people likelier to choose stronger passwords.","https://www.cisa.gov/secure-our-world/use-strong-passwords","L69 card.everyday_technology.069.c3","L69 question.everyday_technology.069.q1","","","","","","corroborated","NIST SP 800-63B-4 requires verifiers to allow password managers and cites evidence they increase password strength; CISA describes the same generate-store-fill role. (https://pages.nist.gov/800-63-4/sp800-63b/authenticators/ https://www.cisa.gov/secure-our-world/use-strong-passwords)",""
"fact.everyday_technology.account_password_manager","source.nist_sp800_63b4_passwords","unverified","A password manager generates, stores and fills in your passwords, and NIST notes managers make people likelier to choose stronger passwords.","https://pages.nist.gov/800-63-4/sp800-63b/authenticators/","L69 card.everyday_technology.069.c3","L69 question.everyday_technology.069.q1","","","","","","corroborated","NIST SP 800-63B-4 requires verifiers to allow password managers and cites evidence they increase password strength; CISA describes the same generate-store-fill role. (https://pages.nist.gov/800-63-4/sp800-63b/authenticators/ https://www.cisa.gov/secure-our-world/use-strong-passwords)",""
"fact.everyday_technology.account_mfa","source.cisa_mfa","unverified","Multifactor authentication requires two or more ways to prove it is you; CISA rates security keys best against phishing, and text or email codes weakest.","https://www.cisa.gov/secure-our-world/require-multifactor-authentication","L69 card.everyday_technology.069.c4","","","","","","","corroborated","CISA's MFA page says only FIDO/WebAuthn authentication is widely available phishing-resistant MFA and that users with MFA are significantly less likely to be hacked. (https://www.cisa.gov/MFA)","one-page"
"fact.everyday_technology.internet_fiber_light_speed","source.m2optics_fiber_latency","unverified","Light crosses a kilometer of vacuum in about 3.34 millionths of a second but takes about 4.9 (roughly 5) millionths in optical fiber, about two-thirds as fast.","https://www.m2optics.com/blog/bid/70587/calculating-optical-fiber-latency","L70 card.everyday_technology.070.c3","L70 question.everyday_technology.070.q2","","","","","","corroborated","MapYourTech's ""5-microsecond rule"" gives about 4.9 microseconds per km in standard single-mode fiber (group index about 1.468), about two-thirds of light speed in vacuum. (https://mapyourtech.com/the-5-microsecond-rule-fiber-propagation-latency-per-kilometer/)","one-page"
"fact.everyday_technology.internet_fiber_1000km","source.m2optics_fiber_latency","unverified","At about 5 millionths of a second per kilometer, 1,000 km of fiber takes about 5 thousandths of a second and 10,000 km about a twentieth of a second, one way.","https://www.m2optics.com/blog/bid/70587/calculating-optical-fiber-latency","L70 card.everyday_technology.070.c1; L70 card.everyday_technology.070.c4","L70 question.everyday_technology.070.q1","","","","","","corroborated","Arithmetic: 1,000 km x 5 microseconds = 5 ms; 10,000 km x 5 microseconds = 50 ms = 1/20 s. Per-km figure corroborated by MapYourTech. (https://mapyourtech.com/the-5-microsecond-rule-fiber-propagation-latency-per-kilometer/)","one-page"
"fact.everyday_technology.fridge_moves_heat_out","source.hyperphysics_refrigerator","unverified","A refrigerator takes heat from its cold inside and releases it into the room, so the area behind a running fridge feels warmer than the room.","http://hyperphysics.phy-astr.gsu.edu/hbase/thermo/refrig.html","L71 card.everyday_technology.071.c1; L71 card.everyday_technology.071.c2; L75 card.everyday_technology.075.c2; L80 card.everyday_technology.080.c2","L71 question.everyday_technology.071.q1; L75 question.everyday_technology.075.q3; L80 question.everyday_technology.080.q4","","","","","","corroborated","HyperPhysics: the refrigerator takes energy from the freezing compartment and exhausts it to the room; the area behind it is warmer. UIUC Physics Van: heat is blown out the back, which is warm while the unit runs. (https://van.physics.illinois.edu/ask/listing/1790 https://www.physlink.com/education/askexperts/ae149.cfm)",""
"fact.everyday_technology.fridge_moves_heat_out","source.uiuc_physics_van_open_fridge","unverified","A refrigerator takes heat from its cold inside and releases it into the room, so the area behind a running fridge feels warmer than the room.","https://van.physics.illinois.edu/ask/listing/1790","L71 card.everyday_technology.071.c1; L71 card.everyday_technology.071.c2; L75 card.everyday_technology.075.c2; L80 card.everyday_technology.080.c2","L71 question.everyday_technology.071.q1; L75 question.everyday_technology.075.q3; L80 question.everyday_technology.080.q4","","","","","","corroborated","HyperPhysics: the refrigerator takes energy from the freezing compartment and exhausts it to the room; the area behind it is warmer. UIUC Physics Van: heat is blown out the back, which is warm while the unit runs. (https://van.physics.illinois.edu/ask/listing/1790 https://www.physlink.com/education/askexperts/ae149.cfm)",""
"fact.everyday_technology.fridge_heat_needs_work","source.hyperphysics_refrigerator","unverified","Heat does not flow on its own from a cold place to a warmer one; a fridge forces it to by doing work on a refrigerant.","http://hyperphysics.phy-astr.gsu.edu/hbase/thermo/refrig.html","L71 card.everyday_technology.071.c2","L71 question.everyday_technology.071.q1; L75 question.everyday_technology.075.q3; L80 question.everyday_technology.080.q4","","","","","","corroborated","HyperPhysics heat-flow page: internal energy will not spontaneously flow from cold to hot but can be forced by doing work, as in refrigerators and heat pumps; UIUC Physics Van calls a fridge a heat pump driven by electrical energy. (https://van.physics.illinois.edu/ask/listing/1790)","one-page"
"fact.everyday_technology.fridge_open_door_warms","source.uiuc_physics_van_open_fridge","unverified","With the fridge door open, heat just circles from the room through the fridge and back out, while the running motor adds heat, so the room gets warmer.","https://van.physics.illinois.edu/ask/listing/1790","L71 card.everyday_technology.071.c1; L71 card.everyday_technology.071.c4","L71 question.everyday_technology.071.q3","","","","","","corroborated","UIUC Physics Van: with the door open the thermostat keeps the motor running and heat is added to the room. PhysLink: heat is recycled from the room into the fridge and back; the running motor gives a net temperature rise. (https://www.physlink.com/education/askexperts/ae149.cfm https://van.physics.illinois.edu/ask/listing/1790)",""
"fact.everyday_technology.fridge_open_door_warms","source.physlink_open_fridge","unverified","With the fridge door open, heat just circles from the room through the fridge and back out, while the running motor adds heat, so the room gets warmer.","https://www.physlink.com/education/askexperts/ae149.cfm","L71 card.everyday_technology.071.c1; L71 card.everyday_technology.071.c4","L71 question.everyday_technology.071.q3","","","","","","corroborated","UIUC Physics Van: with the door open the thermostat keeps the motor running and heat is added to the room. PhysLink: heat is recycled from the room into the fridge and back; the running motor gives a net temperature rise. (https://www.physlink.com/education/askexperts/ae149.cfm https://van.physics.illinois.edu/ask/listing/1790)",""
"fact.everyday_technology.evaporation_cools","source.brit_refrigeration","unverified","When a liquid evaporates, it draws energy from its surroundings, which cool down.","https://www.britannica.com/technology/refrigeration","L71 card.everyday_technology.071.c3","L71 question.everyday_technology.071.q2","","","","","","corroborated","Britannica: a rapidly vaporized liquid draws energy from its surroundings, which are cooled. HyperPhysics: refrigerant is forced to evaporate and extract energy from the cold area. (http://hyperphysics.phy-astr.gsu.edu/hbase/thermo/refrig.html)","one-page"
"fact.everyday_technology.refrigerant_cycle","source.hyperphysics_refrigerator","unverified","A fridge's refrigerant evaporates in pipes inside, absorbing heat; a compressor then squeezes the vapor so it condenses in coils outside the cold box and releases the heat, and the loop repeats.","http://hyperphysics.phy-astr.gsu.edu/hbase/thermo/refrig.html","L71 card.everyday_technology.071.c3; L75 card.everyday_technology.075.c2","L71 question.everyday_technology.071.q2","","","","","","corroborated","HyperPhysics: refrigerant evaporates to extract energy from the cold area, is compressed and condenses in the hot area, dumping its heat. Britannica: gas coolant is compressed and pushed into the condenser, then expanded; compressor, condenser, expansion device and evaporator form the cycle. (https://www.britannica.com/technology/refrigeration http://hyperphysics.phy-astr.gsu.edu/hbase/thermo/refrig.html)",""
"fact.everyday_technology.refrigerant_cycle","source.brit_refrigeration","unverified","A fridge's refrigerant evaporates in pipes inside, absorbing heat; a compressor then squeezes the vapor so it condenses in coils outside the cold box and releases the heat, and the loop repeats.","https://www.britannica.com/technology/refrigeration","L71 card.everyday_technology.071.c3; L75 card.everyday_technology.075.c2","L71 question.everyday_technology.071.q2","","","","","","corroborated","HyperPhysics: refrigerant evaporates to extract energy from the cold area, is compressed and condenses in the hot area, dumping its heat. Britannica: gas coolant is compressed and pushed into the condenser, then expanded; compressor, condenser, expansion device and evaporator form the cycle. (https://www.britannica.com/technology/refrigeration http://hyperphysics.phy-astr.gsu.edu/hbase/thermo/refrig.html)",""
"fact.everyday_technology.microwave_spencer_1945","source.mittr_melted_chocolate_microwave","unverified","In 1945, Raytheon engineer Percy Spencer noticed a chocolate bar in his pocket melting near a running magnetron, a radar tube, and then used it to pop corn.","https://www.technologyreview.com/1999/01/01/236818/melted-chocolate-to-microwave/","L72 card.everyday_technology.072.c1","","","","","","","corroborated","History.com: in 1945 Spencer noticed a candy bar in his pocket had melted while testing an active magnetron, then placed popcorn kernels near it and they popped. (https://www.history.com/articles/microwave-oven-invention)","one-page"
"fact.everyday_technology.microwave_radarange_1947","source.mittr_melted_chocolate_microwave","unverified","In 1947 Raytheon built the first microwave oven, the Radarange.","https://www.technologyreview.com/1999/01/01/236818/melted-chocolate-to-microwave/","L72 card.everyday_technology.072.c1","","","","","","","corroborated","History.com: in 1947 Raytheon introduced the first commercial microwave oven, named the Radarange. (https://www.history.com/articles/microwave-oven-invention)","one-page"
"fact.everyday_technology.microwave_magnetron_frequency","source.fda_microwave_ovens","unverified","A magnetron inside a microwave oven makes microwaves at about 2,450 megahertz, a field that flips about 2.45 billion times a second.","https://www.fda.gov/radiation-emitting-products/resources-you-radiation-emitting-products/microwave-ovens","L72 card.everyday_technology.072.c2","L72 question.everyday_technology.072.q1; L72 question.everyday_technology.072.q3","","","","","","corroborated","FDA: microwaves are produced by an electron tube called a magnetron. Britannica: about 2,450 megahertz. McGill OSS: water molecules flip back and forth some 2.45 billion times a second. (https://www.mcgill.ca/oss/article/general/device-causes-water-molecules-flip-back-and-forth-some-245-billion-times-second-what-it)","one-page"
"fact.everyday_technology.microwave_magnetron_frequency","source.brit_microwave_oven","unverified","A magnetron inside a microwave oven makes microwaves at about 2,450 megahertz, a field that flips about 2.45 billion times a second.","https://www.britannica.com/technology/microwave-oven","L72 card.everyday_technology.072.c2","L72 question.everyday_technology.072.q1; L72 question.everyday_technology.072.q3","","","","","","corroborated","FDA: microwaves are produced by an electron tube called a magnetron. Britannica: about 2,450 megahertz. McGill OSS: water molecules flip back and forth some 2.45 billion times a second. (https://www.mcgill.ca/oss/article/general/device-causes-water-molecules-flip-back-and-forth-some-245-billion-times-second-what-it)","one-page"
"fact.everyday_technology.microwave_magnetron_frequency","source.mcgill_oss_microwave_water","unverified","A magnetron inside a microwave oven makes microwaves at about 2,450 megahertz, a field that flips about 2.45 billion times a second.","https://www.mcgill.ca/oss/article/general/device-causes-water-molecules-flip-back-and-forth-some-245-billion-times-second-what-it","L72 card.everyday_technology.072.c2","L72 question.everyday_technology.072.q1; L72 question.everyday_technology.072.q3","","","","","","corroborated","FDA: microwaves are produced by an electron tube called a magnetron. Britannica: about 2,450 megahertz. McGill OSS: water molecules flip back and forth some 2.45 billion times a second. (https://www.mcgill.ca/oss/article/general/device-causes-water-molecules-flip-back-and-forth-some-245-billion-times-second-what-it)","one-page"
"fact.everyday_technology.microwave_water_molecules","source.mcgill_oss_microwave_water","unverified","Water molecules have a slightly negative oxygen end and a slightly positive hydrogen end; the microwaves' changing field twists them back and forth, and their jostling makes heat.","https://www.mcgill.ca/oss/article/general/device-causes-water-molecules-flip-back-and-forth-some-245-billion-times-second-what-it","L72 card.everyday_technology.072.c2; L80 card.everyday_technology.080.c2","L72 question.everyday_technology.072.q1; L72 question.everyday_technology.072.q3","","","","","","corroborated","McGill OSS: oxygen end negative, hydrogen end positive; oscillating fields tug them so they rotate and bump neighbors, producing heat. FDA: microwaves make water molecules vibrate, and the friction produces heat. Penn State: dipoles flip to align with the field; friction creates heat. (https://www.psu.edu/news/research/story/probing-question-how-do-microwaves-cook-food https://www.fda.gov/radiation-emitting-products/resources-you-radiation-emitting-products/microwave-ovens)",""
"fact.everyday_technology.microwave_water_molecules","source.fda_microwave_ovens","unverified","Water molecules have a slightly negative oxygen end and a slightly positive hydrogen end; the microwaves' changing field twists them back and forth, and their jostling makes heat.","https://www.fda.gov/radiation-emitting-products/resources-you-radiation-emitting-products/microwave-ovens","L72 card.everyday_technology.072.c2; L80 card.everyday_technology.080.c2","L72 question.everyday_technology.072.q1; L72 question.everyday_technology.072.q3","","","","","","corroborated","McGill OSS: oxygen end negative, hydrogen end positive; oscillating fields tug them so they rotate and bump neighbors, producing heat. FDA: microwaves make water molecules vibrate, and the friction produces heat. Penn State: dipoles flip to align with the field; friction creates heat. (https://www.psu.edu/news/research/story/probing-question-how-do-microwaves-cook-food https://www.fda.gov/radiation-emitting-products/resources-you-radiation-emitting-products/microwave-ovens)",""
"fact.everyday_technology.microwave_metal_glass","source.fda_microwave_ovens","unverified","Microwaves are reflected by metal, pass through glass, paper and plastic, and are absorbed by food.","https://www.fda.gov/radiation-emitting-products/resources-you-radiation-emitting-products/microwave-ovens","L72 card.everyday_technology.072.c3","","","","","","","corroborated","Madehow (Microwave Oven): microwaves pass through plastic, glass and paper; metal surfaces reflect them; foods, especially liquids, absorb them. (https://www.madehow.com/Volume-1/Microwave-Oven.html)","one-page"
"fact.everyday_technology.microwave_interlocks","source.fda_microwave_ovens","unverified","US safety rules require microwave ovens to have two independent interlocks that stop the microwaves the moment the door is opened.","https://www.fda.gov/radiation-emitting-products/resources-you-radiation-emitting-products/microwave-ovens","L72 card.everyday_technology.072.c3","","","","","","","corroborated","eCFR 21 CFR 1030.10(c)(2): microwave ovens shall have a minimum of two operative safety interlocks that stop emission when the door is opened. (https://www.ecfr.gov/current/title-21/chapter-I/subchapter-J/part-1030/section-1030.10)","one-page"
"fact.everyday_technology.microwave_nonionizing","source.fda_microwave_ovens","unverified","Microwaves, like visible light and radio waves, are non-ionizing radiation: they lack the energy to knock electrons out of atoms, unlike X-rays.","https://www.fda.gov/radiation-emitting-products/resources-you-radiation-emitting-products/microwave-ovens","L72 card.everyday_technology.072.c4; L77 card.everyday_technology.077.c2","L72 question.everyday_technology.072.q2; L77 question.everyday_technology.077.q3","","","","","","corroborated","McGill OSS: microwaves transmit little energy and cannot break chemical bonds, only make water molecules spin. MedlinePlus lists X-rays as ionizing radiation. (https://www.mcgill.ca/oss/article/general/device-causes-water-molecules-flip-back-and-forth-some-245-billion-times-second-what-it https://medlineplus.gov/ency/article/003335.htm)",""
"fact.everyday_technology.microwave_not_radioactive","source.fda_microwave_ovens","unverified","Microwave energy turns into heat as food absorbs it and does not make food radioactive.","https://www.fda.gov/radiation-emitting-products/resources-you-radiation-emitting-products/microwave-ovens","L72 card.everyday_technology.072.c4","L72 question.everyday_technology.072.q2; L77 question.everyday_technology.077.q3","","","","","","corroborated","Penn State food science: microwaves are electromagnetic radiation but should not be called 'radiation' in the scary sense; energy is converted to heat in the food. McGill OSS: microwave energy is converted to thermal energy. (https://www.psu.edu/news/research/story/probing-question-how-do-microwaves-cook-food https://www.mcgill.ca/oss/article/general/device-causes-water-molecules-flip-back-and-forth-some-245-billion-times-second-what-it)",""
"fact.everyday_technology.water_coag_floc","source.cdc_how_water_treatment_works","unverified","Coagulation adds chemicals that make dirt and small particles bind together; gentle mixing (flocculation) grows heavier clumps called flocs, which settle out (sedimentation).","https://www.cdc.gov/drinking-water/about/how-water-treatment-works.html","L73 card.everyday_technology.073.c2","L73 question.everyday_technology.073.q1","","","","","","corroborated","Safe Drinking Water Foundation: coagulant is mixed in so particles clump, and in a settling tank the heavy particles settle to the bottom. (https://www.safewater.org/fact-sheets-1/2017/1/23/conventional-water-treatment)","one-page"
"fact.everyday_technology.water_filtration","source.cdc_how_water_treatment_works","unverified","Filters of sand, gravel or charcoal with different pore sizes then remove remaining particles and germs such as parasites, bacteria and viruses.","https://www.cdc.gov/drinking-water/about/how-water-treatment-works.html","L73 card.everyday_technology.073.c3; L80 card.everyday_technology.080.c2","","","","","","","corroborated","Safe Drinking Water Foundation: coagulated water is filtered through a medium filter such as sand and gravel after settling. (https://www.safewater.org/fact-sheets-1/2017/1/23/conventional-water-treatment)","one-page"
"fact.everyday_technology.water_snow_1854","source.londonmuseum_john_snow","unverified","In 1854 John Snow mapped cholera deaths in London's Soho and found them clustered around a water pump on Broad Street; the pump's handle was then removed.","https://www.londonmuseum.org.uk/collections/london-stories/john-snow-cholera-broad-street-pump/","L73 card.everyday_technology.073.c1","L73 question.everyday_technology.073.q3; L74 question.everyday_technology.074.q3","","","","","","corroborated","yourgenome: on 7 September 1854 Snow took his map of clustered deaths to officials, who took the handle off the Broad Street pump. (https://www.yourgenome.org/theme/how-john-snow-stopped-cholera-the-broad-street-water-pump-1854/)","one-page"
"fact.everyday_technology.water_snow_miasma","source.londonmuseum_john_snow","unverified","When Snow did his work, most doctors thought disease spread through bad air, called miasma, and didn't yet understand germs; Snow showed cholera spread through water contaminated with sewage.","https://www.londonmuseum.org.uk/collections/london-stories/john-snow-cholera-broad-street-pump/","L73 card.everyday_technology.073.c1; L74 card.everyday_technology.074.c2; L80 card.everyday_technology.080.c1","L73 question.everyday_technology.073.q3; L74 question.everyday_technology.074.q3","","","","","","corroborated","Historic England: it was widely believed breathing 'miasma' caused disease; Snow put forward that cholera was water-borne. London Museum: doctors didn't understand germs. (https://heritagecalling.com/2019/03/28/the-story-of-londons-sewer-system/ https://www.yourgenome.org/theme/how-john-snow-stopped-cholera-the-broad-street-water-pump-1854/)",""
"fact.everyday_technology.water_snow_miasma","source.historicengland_london_sewers","unverified","When Snow did his work, most doctors thought disease spread through bad air, called miasma, and didn't yet understand germs; Snow showed cholera spread through water contaminated with sewage.","https://heritagecalling.com/2019/03/28/the-story-of-londons-sewer-system/","L73 card.everyday_technology.073.c1; L74 card.everyday_technology.074.c2; L80 card.everyday_technology.080.c1","L73 question.everyday_technology.073.q3; L74 question.everyday_technology.074.q3","","","","","","corroborated","Historic England: it was widely believed breathing 'miasma' caused disease; Snow put forward that cholera was water-borne. London Museum: doctors didn't understand germs. (https://heritagecalling.com/2019/03/28/the-story-of-londons-sewer-system/ https://www.yourgenome.org/theme/how-john-snow-stopped-cholera-the-broad-street-water-pump-1854/)",""
"fact.everyday_technology.water_disinfection_residual","source.cdc_how_water_treatment_works","unverified","Water plants add disinfectants such as chlorine or chloramine to kill remaining germs, including germs living in the pipes between the plant and your tap.","https://www.cdc.gov/drinking-water/about/how-water-treatment-works.html","L73 card.everyday_technology.073.c3; L80 card.everyday_technology.080.c2; L80 card.everyday_technology.080.c4","L73 question.everyday_technology.073.q2; L76 question.everyday_technology.076.q3","","","","","","corroborated","Pennsylvania DEP chloramine FAQ: a disinfectant residual is maintained throughout the distribution system so water stays safe as it travels from the treatment facility to the customer. (https://www.pa.gov/agencies/dep/programs-and-services/water/bureau-of-safe-drinking-water/public-drinking-water/public-notification/chloramine-in-drinking-water)","one-page"
"fact.everyday_technology.water_jersey_city_1908","source.cdc_history_drinking_water","unverified","In 1908 Jersey City, New Jersey, became the first US city to routinely disinfect its community drinking water, and thousands of towns followed within a decade.","https://archive.cdc.gov/www_cdc_gov/healthywater/drinking/history.html","L73 card.everyday_technology.073.c4","L73 question.everyday_technology.073.q3","","","","","","corroborated","Water Quality and Health Council, A Public Health Giant Step (2008): in 1908 in Jersey City chlorinated water was supplied for the first time on a permanent basis to a large US municipality, and typhoid fell. (https://www.dolmetsch.com/chlorination_history.pdf)","one-page"
"fact.everyday_technology.water_typhoid_1900_1920","source.cdc_history_drinking_water","unverified","US typhoid fever fell from about 100 cases per 100,000 people in 1900 to 33.8 per 100,000 in 1920 as water treatment spread.","https://archive.cdc.gov/www_cdc_gov/healthywater/drinking/history.html","L73 card.everyday_technology.073.c4","L73 question.everyday_technology.073.q3","","","","","","corroborated","CDC MMWR ""Safer and Healthier Foods"" (1999): in 1900 typhoid incidence was approximately 100 per 100,000 population; by 1920 it had decreased to 33.8. (https://stacks.cdc.gov/view/cdc/107661)","one-page"
"fact.everyday_technology.sewer_great_stink","source.historicengland_london_sewers","unverified","In the hot summer of 1858, the stench of sewage in the River Thames, the 'Great Stink', overwhelmed people nearby and disrupted Parliament's business.","https://heritagecalling.com/2019/03/28/the-story-of-londons-sewer-system/","L74 card.everyday_technology.074.c1","L74 question.everyday_technology.074.q1","","","","","","corroborated","London Museum: in 1858 a hot summer exposed and baked the sewage in the Thames, the Great Stink. Cholera and the Thames: Parliament considered abandoning the Houses of Parliament because of the smell. (https://www.choleraandthethames.co.uk/cholera-in-london/cholera-in-soho/)","one-page"
"fact.everyday_technology.sewer_great_stink","source.londonmuseum_john_snow","unverified","In the hot summer of 1858, the stench of sewage in the River Thames, the 'Great Stink', overwhelmed people nearby and disrupted Parliament's business.","https://www.londonmuseum.org.uk/collections/london-stories/john-snow-cholera-broad-street-pump/","L74 card.everyday_technology.074.c1","L74 question.everyday_technology.074.q1","","","","","","corroborated","London Museum: in 1858 a hot summer exposed and baked the sewage in the Thames, the Great Stink. Cholera and the Thames: Parliament considered abandoning the Houses of Parliament because of the smell. (https://www.choleraandthethames.co.uk/cholera-in-london/cholera-in-soho/)","one-page"
"fact.everyday_technology.sewer_bazalgette","source.historicengland_london_sewers","unverified","The Great Stink led Parliament to fund a new London-wide sewer system, overseen by the engineer Joseph Bazalgette, which London still relies on.","https://heritagecalling.com/2019/03/28/the-story-of-londons-sewer-system/","L74 card.everyday_technology.074.c2","L74 question.everyday_technology.074.q1; L74 question.everyday_technology.074.q3","","","","","","corroborated","London Museum: the Great Stink triggered the building of a modern sewage system overseen by Joseph Bazalgette. choleraandthethames: the government commissioned Bazalgette to create his sewage system. (https://www.londonmuseum.org.uk/collections/london-stories/john-snow-cholera-broad-street-pump/ https://www.choleraandthethames.co.uk/cholera-in-london/cholera-in-soho/)",""
"fact.everyday_technology.sewer_bazalgette","source.londonmuseum_john_snow","unverified","The Great Stink led Parliament to fund a new London-wide sewer system, overseen by the engineer Joseph Bazalgette, which London still relies on.","https://www.londonmuseum.org.uk/collections/london-stories/john-snow-cholera-broad-street-pump/","L74 card.everyday_technology.074.c2","L74 question.everyday_technology.074.q1; L74 question.everyday_technology.074.q3","","","","","","corroborated","London Museum: the Great Stink triggered the building of a modern sewage system overseen by Joseph Bazalgette. choleraandthethames: the government commissioned Bazalgette to create his sewage system. (https://www.londonmuseum.org.uk/collections/london-stories/john-snow-cholera-broad-street-pump/ https://www.choleraandthethames.co.uk/cholera-in-london/cholera-in-soho/)",""
"fact.everyday_technology.sewer_built_for_miasma","source.londonmuseum_john_snow","unverified","London's authorities built the sewers believing sewage caused disease-spreading bad air, before they accepted Snow's water theory.","https://www.londonmuseum.org.uk/collections/london-stories/john-snow-cholera-broad-street-pump/","L74 card.everyday_technology.074.c2","L74 question.everyday_technology.074.q1; L74 question.everyday_technology.074.q3","","","","","","corroborated","Historic England: miasma was widely believed and Snow received little attention. WorldAtlas: the prevailing miasma theory blamed foul air rather than waterborne pathogens. (https://heritagecalling.com/2019/03/28/the-story-of-londons-sewer-system/ https://www.worldatlas.com/history/the-great-stink-of-london.html)",""
"fact.everyday_technology.sewer_1866_outbreak","source.londonmuseum_john_snow","unverified","London's last cholera outbreak, in 1866, struck parts of east London that were not yet connected to Bazalgette's sewers, the final proof of Snow's theory.","https://www.londonmuseum.org.uk/collections/london-stories/john-snow-cholera-broad-street-pump/","L74 card.everyday_technology.074.c2","L74 question.everyday_technology.074.q1; L74 question.everyday_technology.074.q3","","","","","","corroborated","choleraandthethames: in 1866, before Bazalgette's system was complete, a final outbreak ravaged the one area left unprotected, east London. Geological Society: the worst-hit areas shared a contaminated reservoir supply. (https://www.choleraandthethames.co.uk/cholera-in-london/cholera-in-soho/ https://www.geolsoc.org.uk/the-library/online-exhibitions/monster-soup-water-supply-in-the-metropolis/the-blue-plague/)",""
"fact.everyday_technology.sewer_gravity_low_ground","source.usgs_wastewater_plant","unverified","Sewers mostly use gravity to carry wastewater to treatment plants, which are built on low ground, often beside a river.","https://www.usgs.gov/water-science-school/science/a-visit-a-wastewater-treatment-plant","L74 card.everyday_technology.074.c3","","","","","","","corroborated","LA County Public Works: most sewers are designed so that gravity alone carries wastewater to the treatment plants; pump stations serve low-lying areas. (https://pw.lacounty.gov/core-service-areas/water-resources/sewer/)","one-page"
"fact.everyday_technology.sewer_primary_treatment","source.usgs_wastewater_plant","unverified","Treatment plants first screen out large debris, then let sludge settle to the bottom of tanks and skim floating grease and oil off the top.","https://www.usgs.gov/water-science-school/science/a-visit-a-wastewater-treatment-plant","L74 card.everyday_technology.074.c3","","","","","","","corroborated","NYC DEP: in primary settling tanks lighter solids like grease are skimmed from the surface and heavier organic solids sink to the bottom; USGS describes screening, sludge settling and scum skimming. (https://www.nyc.gov/site/dep/water/wastewater-treatment-process.page https://www.usgs.gov/water-science-school/science/a-visit-a-wastewater-treatment-plant)",""
"fact.everyday_technology.sewer_primary_treatment","source.nycdep_wastewater_treatment","unverified","Treatment plants first screen out large debris, then let sludge settle to the bottom of tanks and skim floating grease and oil off the top.","https://www.nyc.gov/site/dep/water/wastewater-treatment-process.page","L74 card.everyday_technology.074.c3","","","","","","","corroborated","NYC DEP: in primary settling tanks lighter solids like grease are skimmed from the surface and heavier organic solids sink to the bottom; USGS describes screening, sludge settling and scum skimming. (https://www.nyc.gov/site/dep/water/wastewater-treatment-process.page https://www.usgs.gov/water-science-school/science/a-visit-a-wastewater-treatment-plant)",""
"fact.everyday_technology.sewer_secondary_microbes","source.nycdep_wastewater_treatment","unverified","In secondary treatment, air is bubbled into tanks so microorganisms naturally present in sewage can thrive and eat much of the organic material.","https://www.nyc.gov/site/dep/water/wastewater-treatment-process.page","L74 card.everyday_technology.074.c4; L80 card.everyday_technology.080.c2","L74 question.everyday_technology.074.q2; L79 question.everyday_technology.079.q3","","","","","","corroborated","USGS: secondary treatment uses biological processes to remove dissolved and suspended organic matter. NYC DEP: oxygen-loving microorganisms consume much of the organic material. (https://www.usgs.gov/water-science-school/science/a-visit-a-wastewater-treatment-plant https://www.nyc.gov/site/dep/water/wastewater-treatment-process.page)",""
"fact.everyday_technology.sewer_secondary_microbes","source.usgs_wastewater_plant","unverified","In secondary treatment, air is bubbled into tanks so microorganisms naturally present in sewage can thrive and eat much of the organic material.","https://www.usgs.gov/water-science-school/science/a-visit-a-wastewater-treatment-plant","L74 card.everyday_technology.074.c4; L80 card.everyday_technology.080.c2","L74 question.everyday_technology.074.q2; L79 question.everyday_technology.079.q3","","","","","","corroborated","USGS: secondary treatment uses biological processes to remove dissolved and suspended organic matter. NYC DEP: oxygen-loving microorganisms consume much of the organic material. (https://www.usgs.gov/water-science-school/science/a-visit-a-wastewater-treatment-plant https://www.nyc.gov/site/dep/water/wastewater-treatment-process.page)",""
"fact.everyday_technology.sewer_disinfect_release","source.usgs_wastewater_plant","unverified","Treated wastewater is disinfected with chlorine or bleach and then released into a river or the ocean.","https://www.usgs.gov/water-science-school/science/a-visit-a-wastewater-treatment-plant","L74 card.everyday_technology.074.c4; L80 card.everyday_technology.080.c2","L74 question.everyday_technology.074.q2; L79 question.everyday_technology.079.q3","","","","","","corroborated","NYC DEP adds sodium hypochlorite (household bleach chemical) and releases effluent to local waterways; USGS: chlorine contact tank, effluent discharged to a river or the ocean. (https://www.nyc.gov/site/dep/water/wastewater-treatment-process.page https://www.usgs.gov/water-science-school/science/a-visit-a-wastewater-treatment-plant)",""
"fact.everyday_technology.sewer_disinfect_release","source.nycdep_wastewater_treatment","unverified","Treated wastewater is disinfected with chlorine or bleach and then released into a river or the ocean.","https://www.nyc.gov/site/dep/water/wastewater-treatment-process.page","L74 card.everyday_technology.074.c4; L80 card.everyday_technology.080.c2","L74 question.everyday_technology.074.q2; L79 question.everyday_technology.079.q3","","","","","","corroborated","NYC DEP adds sodium hypochlorite (household bleach chemical) and releases effluent to local waterways; USGS: chlorine contact tank, effluent discharged to a river or the ocean. (https://www.nyc.gov/site/dep/water/wastewater-treatment-process.page https://www.usgs.gov/water-science-school/science/a-visit-a-wastewater-treatment-plant)",""
"fact.everyday_technology.ac_carrier_1902","source.doe_history_air_conditioning","unverified","In 1902 engineer Willis Carrier designed a system with cooling coils to fix a humidity problem spoiling printed pages at a Brooklyn printing company, the first modern electrical air conditioning.","https://www.energy.gov/articles/history-air-conditioning","L75 card.everyday_technology.075.c1","L75 question.everyday_technology.075.q1","","","","","","corroborated","History.com: in 1902 Carrier began working on a device for the Sackett & Wilhelms company in Brooklyn, whose pages printed on humid days were misaligned and smeared; his machine cooled and dehumidified air over cold coils. (https://www.history.com/articles/who-invented-air-conditioning)","one-page"
"fact.everyday_technology.ac_same_as_fridge","source.hyperphysics_refrigerator","unverified","Air conditioners and heat pumps work on the same principle as a refrigerator: refrigerant moves heat from a cooler place to a warmer one.","http://hyperphysics.phy-astr.gsu.edu/hbase/thermo/refrig.html","L75 card.everyday_technology.075.c1; L75 card.everyday_technology.075.c2","L75 question.everyday_technology.075.q1; L75 question.everyday_technology.075.q3","","","","","","corroborated","HyperPhysics heat-pump page: air conditioners and heat pumps are heat engines like the refrigerator. DOE: like your refrigerator, heat pumps use electricity to move heat from a cool space to a warm one. (http://hyperphysics.phy-astr.gsu.edu/hbase/thermo/heatpump.html https://www.energy.gov/articles/pump-your-savings-heat-pumps)",""
"fact.everyday_technology.ac_same_as_fridge","source.doe_heat_pumps_savings","unverified","Air conditioners and heat pumps work on the same principle as a refrigerator: refrigerant moves heat from a cooler place to a warmer one.","https://www.energy.gov/articles/pump-your-savings-heat-pumps","L75 card.everyday_technology.075.c1; L75 card.everyday_technology.075.c2","L75 question.everyday_technology.075.q1; L75 question.everyday_technology.075.q3","","","","","","corroborated","HyperPhysics heat-pump page: air conditioners and heat pumps are heat engines like the refrigerator. DOE: like your refrigerator, heat pumps use electricity to move heat from a cool space to a warm one. (http://hyperphysics.phy-astr.gsu.edu/hbase/thermo/heatpump.html https://www.energy.gov/articles/pump-your-savings-heat-pumps)",""
"fact.everyday_technology.heat_pump_both_ways","source.doe_heat_pumps_savings","unverified","In summer a heat pump moves heat from your home to the outdoors; in winter it collects heat from the cool outdoors and concentrates it inside.","https://www.energy.gov/articles/pump-your-savings-heat-pumps","L75 card.everyday_technology.075.c3; L80 card.everyday_technology.080.c2","L75 question.everyday_technology.075.q2","","","","","","corroborated","LADWP: heat pumps never create heat, they only move it; they move heat from inside air to the outdoors to cool, and can heat or cool with one unit. (https://www.ladwp.com/newsletters/articles/what-makes-heat-pumps-so-efficient)","one-page"
"fact.everyday_technology.heat_pump_three_kwh","source.hyperphysics_heat_pump","unverified","An electric resistance heater turns 1 kWh of electricity into 1 kWh of heat, but 1 kWh used in a heat pump can move about 3 kWh of heat into a house.","http://hyperphysics.phy-astr.gsu.edu/hbase/thermo/heatpump.html","L75 card.everyday_technology.075.c4","L75 question.everyday_technology.075.q2","","","","","","corroborated","MIT Technology Review: heat pumps reach 300% to 400% efficiency, three to four times as much heat as electricity used; LADWP: up to 300% efficient because the heat already exists. (https://www.technologyreview.com/2023/02/14/1068582/everything-you-need-to-know-about-heat-pumps/ https://www.ladwp.com/newsletters/articles/what-makes-heat-pumps-so-efficient)",""
"fact.everyday_technology.heat_pump_transfer_not_generate","source.doe_heat_pumps_savings","unverified","Because heat pumps transfer heat rather than generate it, they are much more efficient than traditional heating systems.","https://www.energy.gov/articles/pump-your-savings-heat-pumps","L75 card.everyday_technology.075.c4","L75 question.everyday_technology.075.q2","","","","","","corroborated","LADWP: unlike a furnace, heat pumps never create heat, they only move it, so they move more heat than the electricity used; even the best furnaces cannot match that. (https://www.ladwp.com/newsletters/articles/what-makes-heat-pumps-so-efficient)","one-page"
"fact.everyday_technology.vaccine_how_trains","source.who_what_is_vaccination","unverified","A vaccine contains a killed or weakened germ, a piece of one, or genetic instructions (RNA or DNA) for making a piece; the immune system recognizes it, makes antibodies and remembers it, without the illness.","https://www.who.int/news-room/questions-and-answers/item/vaccines-and-immunization-what-is-vaccination","L76 card.everyday_technology.076.c2; L80 card.everyday_technology.080.c2; L80 card.everyday_technology.080.c4","L76 question.everyday_technology.076.q2; L76 question.everyday_technology.076.q3; L78 question.everyday_technology.078.q3","","","","","","corroborated","CDC ""Explaining How Vaccines Work"": vaccines contain weakened or killed bacteria or viruses, or bits of their surface or genetic material; antibodies are proteins that identify and neutralize foreign substances. WHO ""How do vaccines work"": the body builds memory cells. (https://www.cdc.gov/vaccines/basics/explaining-how-vaccines-work.html https://www.who.int/news-room/feature-stories/detail/how-do-vaccines-work)",""
"fact.everyday_technology.vaccine_antibodies_proteins","source.who_what_is_vaccination","unverified","Antibodies are proteins the immune system makes to fight disease.","https://www.who.int/news-room/questions-and-answers/item/vaccines-and-immunization-what-is-vaccination","L76 card.everyday_technology.076.c2","L76 question.everyday_technology.076.q2; L76 question.everyday_technology.076.q3; L78 question.everyday_technology.078.q3","","","","","","corroborated","CDC: antibodies are proteins produced by white blood cells to identify and neutralize foreign substances. (https://www.cdc.gov/vaccines/basics/explaining-how-vaccines-work.html)","one-page"
"fact.everyday_technology.vaccine_memory","source.who_what_is_vaccination","unverified","If a vaccinated person later meets the real germ, the immune system can destroy it quickly before they become unwell; protection can last years, decades or a lifetime, preventing disease rather than treating it.","https://www.who.int/news-room/questions-and-answers/item/vaccines-and-immunization-what-is-vaccination","L76 card.everyday_technology.076.c3","L76 question.everyday_technology.076.q2","","","","","","corroborated","WHO ""How do vaccines work"": memory cells make the response much faster on later exposure, so the immune system can respond immediately and protect against disease. (https://www.who.int/news-room/feature-stories/detail/how-do-vaccines-work)","one-page"
"fact.everyday_technology.vaccine_jenner_1796","source.who_smallpox","unverified","In 1796 Edward Jenner created the first successful vaccine, against smallpox, after noticing that milkmaids who had caught cowpox did not catch smallpox.","https://www.who.int/health-topics/smallpox","L76 card.everyday_technology.076.c1","L76 question.everyday_technology.076.q1","","","","","","corroborated","CDC smallpox history: vaccination began in 1796 when Edward Jenner noticed that milkmaids who had gotten cowpox were protected from smallpox. (https://www.cdc.gov/smallpox/about/history.html)","one-page"
"fact.everyday_technology.vaccine_smallpox_eradicated","source.who_smallpox","unverified","After a worldwide campaign of vaccination and tracking cases, WHO declared smallpox eradicated in 1980, the only human infectious disease ever eradicated.","https://www.who.int/health-topics/smallpox","L76 card.everyday_technology.076.c1","L76 question.everyday_technology.076.q1","","","","","","corroborated","CDC: the World Health Assembly declared the world free of smallpox on 8 May 1980. ACS ""Tiny Matters"": smallpox is the only human infectious disease eradicated. (https://www.cdc.gov/smallpox/about/history.html https://www.acs.org/pressroom/tiny-matters/weve-only-eradicated-one-human-infectious-disease-why.html)",""
"fact.everyday_technology.vaccine_trials_monitoring","source.who_vaccine_safety","unverified","Before use, each vaccine goes through several phases of clinical trials involving thousands of volunteers, and once in use its safety is monitored continuously.","https://www.who.int/news-room/questions-and-answers/item/vaccines-and-immunization-vaccine-safety","L76 card.everyday_technology.076.c4","L80 question.everyday_technology.080.q3","","","","","","corroborated","FDA Vaccine Development 101: clinical development typically covers three phases under FDA oversight, Phase 3 usually with thousands of people. CDC Possible Side Effects page: vaccines are continually monitored for safety. (https://www.fda.gov/vaccines-blood-biologics/development-approval-process-cber/vaccine-development-101 https://www.cdc.gov/vaccines/basics/possible-side-effects.html)",""
"fact.everyday_technology.vaccine_trials_monitoring","source.fda_vaccine_development_101","unverified","Before use, each vaccine goes through several phases of clinical trials involving thousands of volunteers, and once in use its safety is monitored continuously.","https://www.fda.gov/vaccines-blood-biologics/development-approval-process-cber/vaccine-development-101","L76 card.everyday_technology.076.c4","L80 question.everyday_technology.080.q3","","","","","","corroborated","FDA Vaccine Development 101: clinical development typically covers three phases under FDA oversight, Phase 3 usually with thousands of people. CDC Possible Side Effects page: vaccines are continually monitored for safety. (https://www.fda.gov/vaccines-blood-biologics/development-approval-process-cber/vaccine-development-101 https://www.cdc.gov/vaccines/basics/possible-side-effects.html)",""
"fact.everyday_technology.vaccine_side_effects_rare","source.who_vaccine_safety","unverified","WHO describes vaccines as very safe: side effects are usually minor and brief, such as a sore arm or mild fever, and serious ones are extremely rare.","https://www.who.int/news-room/questions-and-answers/item/vaccines-and-immunization-vaccine-safety","L76 card.everyday_technology.076.c4","L80 question.everyday_technology.080.q3","","","","","","corroborated","CDC Possible Side Effects from Vaccines: common side effects such as a sore arm or low-grade fever are mild and go away within a few days; more serious reactions happen rarely. (https://www.cdc.gov/vaccines/basics/possible-side-effects.html)","one-page"
"fact.everyday_technology.vaccine_154_million","source.who_vaccine_safety","unverified","WHO reports that over the past 50 years, vaccines against 14 diseases have saved at least 154 million lives.","https://www.who.int/news-room/questions-and-answers/item/vaccines-and-immunization-vaccine-safety","L76 card.everyday_technology.076.c3","","","","","","","corroborated","WHO news release, 24 April 2024: global immunization efforts have saved at least 154 million lives over the past 50 years (study of vaccines against 14 diseases). (https://www.who.int/news/item/24-04-2024-global-immunization-efforts-have-saved-at-least-154-million-lives-over-the-past-50-years)","one-page"
"fact.everyday_technology.xray_rontgen_1895","source.sciencemuseum_rontgen_hand","unverified","Wilhelm Rontgen discovered X-rays in 1895, and on 22 December 1895 he made an X-ray image of his wife's hand showing her bones and a ring.","https://collection.sciencemuseumgroup.org.uk/objects/co134691/photograph-of-a-radiograph-of-hand-taken-by-wilhelm-conrad-rontgen-germany-1895","L77 card.everyday_technology.077.c1","","","","","","","corroborated","NobelPrize.org: in 1895 Rontgen found a penetrating, previously unknown radiation. Harvard Countway Library: the radiograph Hand mit Ringen is dated 22 December 1895 and depicts the hand and wedding ring of his wife, Bertha. (https://www.nobelprize.org/prizes/physics/1901/rontgen/facts/ https://collections.countway.harvard.edu/onview/items/show/6414)",""
"fact.everyday_technology.xray_doctors_adopted","source.sciencemuseum_rontgen_hand","unverified","Doctors quickly took up X-rays to look inside the body without surgery.","https://collection.sciencemuseumgroup.org.uk/objects/co134691/photograph-of-a-radiograph-of-hand-taken-by-wilhelm-conrad-rontgen-germany-1895","L77 card.everyday_technology.077.c1","","","","","","","corroborated","NobelPrize.org: X-ray radiation became a powerful tool for examining the body interior. (https://www.nobelprize.org/prizes/physics/1901/rontgen/facts/)","one-page"
"fact.everyday_technology.xray_bones_white","source.nibib_xrays_factsheet","unverified","X-rays carry more energy than visible light and pass through most of the body, but calcium-rich bones absorb more of them, so bones appear white while fat, muscle and lungs show as shades of gray.","https://www.nibib.nih.gov/sites/default/files/2022-09/Fact-Sheet-X-Rays-June-2022.pdf","L77 card.everyday_technology.077.c2","L77 question.everyday_technology.077.q1; L77 question.everyday_technology.077.q3","","","","","","corroborated","MedlinePlus X-ray: dense structures such as bone block most of the X-ray and appear white; air appears black; muscle, fat and fluid appear as shades of gray. (https://medlineplus.gov/ency/article/003337.htm)","one-page"
"fact.everyday_technology.xray_ionizing_small_risk","source.nibib_medical_xrays","unverified","X-rays are ionizing radiation, which can harm living tissue, though the cancer risk from an X-ray exposure is generally considered very small.","https://www.nibib.nih.gov/science-education/science-topics/medical-x-rays","L77 card.everyday_technology.077.c2","L77 question.everyday_technology.077.q1; L77 question.everyday_technology.077.q3","","","","","","corroborated","MedlinePlus MRI page contrasts MRI with ionizing radiation (x-rays); NIBIB MRI page: x-ray and CT emit ionizing radiation. FDA microwave page: X-rays are ionizing and can damage cells. (https://medlineplus.gov/ency/article/003335.htm https://www.fda.gov/radiation-emitting-products/resources-you-radiation-emitting-products/microwave-ovens)",""
"fact.everyday_technology.ct_slices","source.nibib_ct","unverified","A CT scanner rotates a narrow X-ray beam around the body, and a computer turns the signals into cross-sectional slices that can be stacked into a 3D image.","https://www.nibib.nih.gov/science-education/science-topics/computed-tomography-ct","L77 card.everyday_technology.077.c3","L77 question.everyday_technology.077.q3","","","","","","corroborated","MedlinePlus CT scan: the machine's x-ray beam rotates around you, a computer creates separate images called slices, and three-dimensional models can be created. (https://medlineplus.gov/ency/article/003330.htm)","one-page"
"fact.everyday_technology.mri_how","source.nibib_mri","unverified","An MRI scanner's powerful magnet lines up protons in the body's water; radio pulses knock them out of line, and sensors detect the energy they release as they realign.","https://www.nibib.nih.gov/science-education/science-topics/magnetic-resonance-imaging-mri","L77 card.everyday_technology.077.c4","L77 question.everyday_technology.077.q2","","","","","","corroborated","MedlinePlus MRI: uses powerful magnets and radio waves to create pictures of the body. (https://medlineplus.gov/ency/article/003335.htm)","one-page"
"fact.everyday_technology.mri_no_ionizing","source.nibib_mri","unverified","MRI uses no ionizing radiation and shows soft tissues such as the brain, nerves and ligaments more clearly than X-rays or CT.","https://www.nibib.nih.gov/science-education/science-topics/magnetic-resonance-imaging-mri","L77 card.everyday_technology.077.c4","L77 question.everyday_technology.077.q2","","","","","","corroborated","MedlinePlus MRI: it does not use ionizing radiation (x-rays). (https://medlineplus.gov/ency/article/003335.htm)","one-page"
"fact.everyday_technology.mri_wheelchair","source.nibib_mri","unverified","An MRI scanner's magnetic field is strong enough to fling a wheelchair across the room.","https://www.nibib.nih.gov/science-education/science-topics/magnetic-resonance-imaging-mri","L77 card.everyday_technology.077.c4","L77 question.everyday_technology.077.q2","","","","","","corroborated","mriquestions.com and a review of FDA reports list wheelchairs among the large objects pulled into MRI magnets as projectiles. (https://mriquestions.com/projectiles.html)","one-page"
"fact.everyday_technology.penicillin_fleming_1928","source.brit_penicillin","unverified","In 1928 Alexander Fleming saw that bacteria would not grow where a culture had been accidentally contaminated by Penicillium mold; the mold made penicillin.","https://www.britannica.com/science/penicillin","L78 card.everyday_technology.078.c1","","","","","","","corroborated","NobelPrize.org Fleming facts: in 1928 he saw a mold growing in a bowl of bacteria impeded their growth; the substance was named penicillin. (https://www.nobelprize.org/prizes/medicine/1945/fleming/facts/)","one-page"
"fact.everyday_technology.penicillin_cell_wall","source.brit_penicillin","unverified","Penicillin stops bacteria from building their cell walls, leaving them leaky and fragile so they burst; human cells have no such walls.","https://www.britannica.com/science/penicillin","L78 card.everyday_technology.078.c2; L80 card.everyday_technology.080.c4","L78 question.everyday_technology.078.q1; L78 question.everyday_technology.078.q3","","","","","","corroborated","University of Hawaii: penicillin inhibits peptidoglycan, making cells leaky and fragile so they burst; human cells lack peptidoglycan. Britannica: penicillin inhibits the enzymes for bacterial cell wall synthesis and does not harm human cells, which lack walls. (https://manoa.hawaii.edu/exploringourfluidearth/biological/aquatic-plants-and-algae/structure-and-function/weird-science-penicillin-and-cell-wall https://www.britannica.com/science/penicillin)",""
"fact.everyday_technology.penicillin_cell_wall","source.hawaii_penicillin_cell_wall","unverified","Penicillin stops bacteria from building their cell walls, leaving them leaky and fragile so they burst; human cells have no such walls.","https://manoa.hawaii.edu/exploringourfluidearth/biological/aquatic-plants-and-algae/structure-and-function/weird-science-penicillin-and-cell-wall","L78 card.everyday_technology.078.c2; L80 card.everyday_technology.080.c4","L78 question.everyday_technology.078.q1; L78 question.everyday_technology.078.q3","","","","","","corroborated","University of Hawaii: penicillin inhibits peptidoglycan, making cells leaky and fragile so they burst; human cells lack peptidoglycan. Britannica: penicillin inhibits the enzymes for bacterial cell wall synthesis and does not harm human cells, which lack walls. (https://manoa.hawaii.edu/exploringourfluidearth/biological/aquatic-plants-and-algae/structure-and-function/weird-science-penicillin-and-cell-wall https://www.britannica.com/science/penicillin)",""
"fact.everyday_technology.antibiotics_not_viruses","source.cdc_about_antimicrobial_resistance","unverified","Antibiotics do not work on viruses, such as those that cause colds and flu, because viruses lack the bacterial structures antibiotics attack.","https://www.cdc.gov/antimicrobial-resistance/about/index.html","L78 card.everyday_technology.078.c2","L78 question.everyday_technology.078.q1; L78 question.everyday_technology.078.q3","","","","","","corroborated","University of Hawaii: viruses are unaffected by antibiotics because they lack peptidoglycan cell walls and ribosomes. CDC: antibiotics do not work on viruses such as colds and flu. (https://manoa.hawaii.edu/exploringourfluidearth/biological/aquatic-plants-and-algae/structure-and-function/weird-science-penicillin-and-cell-wall)","one-page"
"fact.everyday_technology.antibiotics_not_viruses","source.hawaii_penicillin_cell_wall","unverified","Antibiotics do not work on viruses, such as those that cause colds and flu, because viruses lack the bacterial structures antibiotics attack.","https://manoa.hawaii.edu/exploringourfluidearth/biological/aquatic-plants-and-algae/structure-and-function/weird-science-penicillin-and-cell-wall","L78 card.everyday_technology.078.c2","L78 question.everyday_technology.078.q1; L78 question.everyday_technology.078.q3","","","","","","corroborated","University of Hawaii: viruses are unaffected by antibiotics because they lack peptidoglycan cell walls and ribosomes. CDC: antibiotics do not work on viruses such as colds and flu. (https://manoa.hawaii.edu/exploringourfluidearth/biological/aquatic-plants-and-algae/structure-and-function/weird-science-penicillin-and-cell-wall)","one-page"
"fact.everyday_technology.ar_definition","source.cdc_about_antimicrobial_resistance","unverified","Antibiotic resistance happens when germs such as bacteria develop the ability to defeat the drugs designed to kill them; it doesn't mean your body becomes resistant.","https://www.cdc.gov/antimicrobial-resistance/about/index.html","L78 card.everyday_technology.078.c3","L78 question.everyday_technology.078.q2; L80 question.everyday_technology.080.q5","","","","","","corroborated","WHO AMR fact sheet: resistance occurs when bacteria, viruses, fungi and parasites no longer respond to antimicrobial medicines. (https://www.who.int/news-room/fact-sheets/detail/antimicrobial-resistance)","one-page"
"fact.everyday_technology.ar_survivors_multiply","source.cdc_about_antimicrobial_resistance","unverified","When antibiotics are used, resistant germs survive, multiply and can pass resistance traits in their DNA to other germs.","https://www.cdc.gov/antimicrobial-resistance/about/index.html","L78 card.everyday_technology.078.c3; L78 card.everyday_technology.078.c4","L78 question.everyday_technology.078.q2; L80 question.everyday_technology.080.q5","","","","","","corroborated","WHO fact sheet: misuse and overuse drive the development and spread of drug-resistant pathogens. Fleming's 1945 lecture: microbes exposed to non-lethal doses become resistant and spread. (https://www.who.int/news-room/fact-sheets/detail/antimicrobial-resistance https://www.nobelprize.org/uploads/2018/06/fleming-lecture.pdf)",""
"fact.everyday_technology.fleming_1945_warning","source.nobel_fleming_lecture","unverified","In his 1945 Nobel lecture, Fleming warned that exposing microbes to penicillin doses too small to kill them could make them resistant.","https://www.nobelprize.org/uploads/2018/06/fleming-lecture.pdf","L78 card.everyday_technology.078.c3","L78 question.everyday_technology.078.q2; L80 question.everyday_technology.080.q5","","","","","","corroborated","NobelPrize.org 'The unseen enemy' and ReAct summarize Fleming's 1945 Nobel lecture warning about underdosage making microbes resistant. (https://www.nobelprize.org/the-unseen-enemy-navigating-antimicrobial-resistance/ https://www.reactgroup.org/antibiotic-resistance/course-antibiotic-resistance-the-silent-tsunami/part-1/the-discovery-of-antibiotics/)",""
"fact.everyday_technology.ar_who_one_in_six","source.who_amr_factsheet","unverified","WHO reports that about 1 in 6 lab-confirmed bacterial infections worldwide were resistant to antibiotics in 2023.","https://www.who.int/news-room/fact-sheets/detail/antimicrobial-resistance","L78 card.everyday_technology.078.c4","","","","","","","corroborated","WHO news release of 13 October 2025 (GLASS report) and PAHO: one in six laboratory-confirmed bacterial infections in 2023 were resistant to antibiotic treatments. (https://www.who.int/news/item/13-10-2025-who-warns-of-widespread-resistance-to-common-antibiotics-worldwide https://www.paho.org/en/news/13-10-2025-who-warns-widespread-resistance-common-antibiotics-worldwide)",""
"fact.everyday_technology.ar_cdc_us_2019","source.cdc_ar_threats_2019","unverified","CDC's 2019 report estimated more than 2.8 million antimicrobial-resistant infections and more than 35,000 deaths in the US each year.","https://www.cdc.gov/antimicrobial-resistance/data-research/threats/index.html","L78 card.everyday_technology.078.c4","","","","","","","corroborated","AHA News and CDC's 2019 press release: CDC's 2019 AR Threats Report found more than 2.8 million antibiotic-resistant infections and more than 35,000 deaths a year in the US. (https://www.aha.org/news/headline/2019-11-13-cdc-releases-updated-report-antibiotic-resistance-threats https://archive.cdc.gov/www_cdc_gov/media/releases/2019/p1113-antibiotic-resistant.html)",""
"fact.everyday_technology.ar_misuse_driver","source.who_amr_factsheet","unverified","WHO names the misuse and overuse of antibiotics as one of the main drivers of resistance.","https://www.who.int/news-room/fact-sheets/detail/antimicrobial-resistance","L78 card.everyday_technology.078.c4","","","","","","","corroborated","CDC: increases in resistance are driven by germs being exposed to antibiotics and the spread of those germs. Fleming 1945 lecture warned of misuse. (https://www.cdc.gov/antimicrobial-resistance/about/index.html)","one-page"
"fact.everyday_technology.plastic_hyatt_celluloid","source.sciencehistory_plastics_history","unverified","In the 1860s a billiards company offered a $10,000 prize for a substitute for ivory billiard balls; John Wesley Hyatt took it up, and his work led to celluloid, one of the first plastics.","https://www.sciencehistory.org/education/classroom-activities/role-playing-games/case-of-plastics/history-and-future-of-plastics/","L79 card.everyday_technology.079.c1","","","","","","","corroborated","Britannica (Hyatt biography): in 1863 he was attracted by a $10,000 reward offered by a New York billiards company for a substitute for ivory billiard balls; he and his brother patented celluloid in 1870. (https://www.britannica.com/biography/John-Wesley-Hyatt)","one-page"
"fact.everyday_technology.plastic_polymer_chains","source.sciencehistory_plastics_history","unverified","Polymer means 'of many parts': a plastic is made of long chains of repeating units, and the length of those chains makes it strong, light and flexible.","https://www.sciencehistory.org/education/classroom-activities/role-playing-games/case-of-plastics/history-and-future-of-plastics/","L79 card.everyday_technology.079.c2","L79 question.everyday_technology.079.q1","","","","","","corroborated","Britannica plastic: polymers are large molecules made of many repeating units called monomers. (https://www.britannica.com/science/plastic)","one-page"
"fact.everyday_technology.plastic_from_fossil","source.sciencehistory_plastics_history","unverified","Most synthetic polymers are made from carbon supplied by petroleum and other fossil fuels.","https://www.sciencehistory.org/education/classroom-activities/role-playing-games/case-of-plastics/history-and-future-of-plastics/","L79 card.everyday_technology.079.c2","L79 question.everyday_technology.079.q1","","","","","","corroborated","Britannica plastic: synthetic plastics are derived mainly from petroleum. Ohio State: plastic such as polypropylene is made from propylene in petroleum. (https://www.britannica.com/science/plastic https://news.osu.edu/why-isnt-plastic-biodegradable/)",""
"fact.everyday_technology.plastic_from_fossil","source.osu_why_plastic_not_biodegradable","unverified","Most synthetic polymers are made from carbon supplied by petroleum and other fossil fuels.","https://news.osu.edu/why-isnt-plastic-biodegradable/","L79 card.everyday_technology.079.c2","L79 question.everyday_technology.079.q1","","","","","","corroborated","Britannica plastic: synthetic plastics are derived mainly from petroleum. Ohio State: plastic such as polypropylene is made from propylene in petroleum. (https://www.britannica.com/science/plastic https://news.osu.edu/why-isnt-plastic-biodegradable/)",""
"fact.everyday_technology.plastic_bakelite_1907","source.sciencehistory_plastics_history","unverified","Leo Baekeland invented Bakelite in 1907, the first fully synthetic plastic, made of no molecules found in nature.","https://www.sciencehistory.org/education/classroom-activities/role-playing-games/case-of-plastics/history-and-future-of-plastics/","L79 card.everyday_technology.079.c2","L79 question.everyday_technology.079.q1","","","","","","corroborated","Science History Institute biography: Baekeland invented Bakelite, the first fully synthetic plastic. Science Museum blog: he pioneered the first fully synthetic plastic in 1907, from phenol and formaldehyde. (https://www.sciencehistory.org/education/scientific-biographies/leo-hendrik-baekeland/ https://blog.sciencemuseum.org.uk/bakelite-the-first-synthetic-plastic/)",""
"fact.everyday_technology.plastic_microbe_enzymes","source.osu_why_plastic_not_biodegradable","unverified","Microbes break down natural polymers such as lignin in plants using enzymes, but those enzymes don't recognize the bonds that hold plastic polymers together.","https://news.osu.edu/why-isnt-plastic-biodegradable/","L79 card.everyday_technology.079.c3","L79 question.everyday_technology.079.q2; L79 question.everyday_technology.079.q3","","","","","","corroborated","PLOS Biology (Bertocchini and Arias 2023): microorganisms have difficulty degrading plastics such as polyethylene, and it is an open question whether enzymes able to depolymerize untreated plastics evolved in nature. (https://journals.plos.org/plosbiology/article?id=10.1371%2Fjournal.pbio.3001979)","one-page"
"fact.everyday_technology.plastic_breaks_smaller","source.osu_why_plastic_not_biodegradable","unverified","Outdoors, plastic breaks into smaller and smaller pieces but doesn't fully biodegrade for thousands of years.","https://news.osu.edu/why-isnt-plastic-biodegradable/","L79 card.everyday_technology.079.c3","L79 question.everyday_technology.079.q2; L79 question.everyday_technology.079.q3","","","","","","corroborated","Britannica plastic: conventional plastics resist natural decay, persist for extended periods and break down into microplastics. (https://www.britannica.com/science/plastic)","one-page"
"fact.everyday_technology.plastic_microplastics","source.noaa_microplastics","unverified","Plastic pieces less than five millimeters long, about the size of a pencil eraser, are called microplastics, and most plastic in the ocean breaks up into such small particles.","https://oceanservice.noaa.gov/facts/microplastics.html","L79 card.everyday_technology.079.c4","L79 question.everyday_technology.079.q2","","","","","","corroborated","EPA microplastics research: microplastics range up to 5 millimeters, about the size of a pencil eraser. (https://www.epa.gov/water-research/microplastics-research)","one-page"
"fact.everyday_technology.germ_theory_definition","source.brit_germ_theory","unverified","Germ theory is the principle that infectious diseases are caused by microorganisms, such as bacteria and viruses, that invade the body and multiply.","https://www.britannica.com/science/germ-theory","L80 card.everyday_technology.080.c3","L80 question.everyday_technology.080.q1; L80 question.everyday_technology.080.q2","","","","","","corroborated","World History Encyclopedia: the germ theory demonstrated that microscopic germs, including bacteria and viruses, caused most human infectious diseases. (https://www.worldhistory.org/Germ_Theory/)","one-page"
"fact.everyday_technology.germ_theory_pasteur_koch","source.brit_germ_theory","unverified","In the mid-1800s Louis Pasteur showed that microbes cause fermentation and rotting; in 1882 Robert Koch showed a bacterium causes tuberculosis, and he soon identified the cholera germ too.","https://www.britannica.com/science/germ-theory","L80 card.everyday_technology.080.c3","L80 question.everyday_technology.080.q1; L80 question.everyday_technology.080.q2","","","","","","corroborated","World History Encyclopedia: Pasteur found germs cause fermentation and putrefaction. Linda Hall Library: in 1882 Koch announced TB is caused by a bacterium and in 1884 announced isolating Vibrio cholerae. Britannica: Koch identified the TB and cholera pathogens. (https://www.worldhistory.org/Germ_Theory/ https://www.lindahall.org/about/news/scientist-of-the-day/robert-koch/ https://www.britannica.com/science/germ-theory)",""
"fact.everyday_technology.germ_theory_pasteur_koch","source.lindahall_robert_koch","unverified","In the mid-1800s Louis Pasteur showed that microbes cause fermentation and rotting; in 1882 Robert Koch showed a bacterium causes tuberculosis, and he soon identified the cholera germ too.","https://www.lindahall.org/about/news/scientist-of-the-day/robert-koch/","L80 card.everyday_technology.080.c3","L80 question.everyday_technology.080.q1; L80 question.everyday_technology.080.q2","","","","","","corroborated","World History Encyclopedia: Pasteur found germs cause fermentation and putrefaction. Linda Hall Library: in 1882 Koch announced TB is caused by a bacterium and in 1884 announced isolating Vibrio cholerae. Britannica: Koch identified the TB and cholera pathogens. (https://www.worldhistory.org/Germ_Theory/ https://www.lindahall.org/about/news/scientist-of-the-day/robert-koch/ https://www.britannica.com/science/germ-theory)",""
"fact.everyday_technology.germ_theory_impact","source.brit_germ_theory","unverified","Germ theory laid the foundation for disinfection, antiseptics, vaccines and antibiotics.","https://www.britannica.com/science/germ-theory","L80 card.everyday_technology.080.c4","","","","","","","corroborated","World History Encyclopedia: among germ theory's principles, vaccines become possible once particular germs are known; the theory transformed hygiene and treatment. (https://www.worldhistory.org/Germ_Theory/)","one-page"
"fact.everyday_technology.build_load_bearing_walls","source.brit_skyscraper","unverified","In a load-bearing building the walls carry the floors above; the earliest skyscrapers rested on extremely thick masonry walls at ground level, which ate usable floor space.","https://www.britannica.com/technology/skyscraper","L81 card.everyday_technology.081.c2","L81 question.everyday_technology.081.q2; L81 question.everyday_technology.081.q3","","","","","","corroborated","Chicago Architecture Center explains the Monadnock's thick brick walls support the building's weight at its perimeter, the traditional load-bearing way. (https://www.architecture.org/online-resources/buildings-of-chicago/monadnock-building)","one-page"
"fact.everyday_technology.build_monadnock_walls","source.brit_monadnock_building","unverified","The north half of Chicago's Monadnock Building (finished 1891) is 16 stories of load-bearing brick, with walls about 2 meters (6 feet) thick at the base; it is generally regarded as the tallest office building held up by its walls.","https://www.britannica.com/topic/Monadnock-Building","L81 card.everyday_technology.081.c1; L81 card.everyday_technology.081.c2","L81 question.everyday_technology.081.q2; L81 question.everyday_technology.081.q3","","","","","","corroborated","Chicagology says the first section rose 16 full stories with solid brick walls six feet thick at the base, the highest bearing walls in a commercial building. (https://chicagology.com/goldenage/goldenage131/ https://www.architecture.org/online-resources/buildings-of-chicago/monadnock-building)",""
"fact.everyday_technology.build_home_insurance","source.brit_home_insurance_building","unverified","Chicago's 10-story Home Insurance Building (1884-85), designed by William Le Baron Jenney, is generally considered the first tall building held up by an internal iron and steel skeleton of columns and beams.","https://www.britannica.com/place/Home-Insurance-Company-Building","L81 card.everyday_technology.081.c3","L81 question.everyday_technology.081.q3; L86 question.everyday_technology.086.q3; L90 question.everyday_technology.090.q4","","","","","","corroborated","History.com and the Chicago Architecture Center describe the 1885 Home Insurance Building as a 10-story building on an internal metal frame, often called the first skyscraper. (https://www.history.com/articles/home-insurance-building https://www.architecture.org/online-resources/buildings-of-chicago/home-insurance-building)",""
"fact.everyday_technology.build_home_insurance","source.brit_skyscraper","unverified","Chicago's 10-story Home Insurance Building (1884-85), designed by William Le Baron Jenney, is generally considered the first tall building held up by an internal iron and steel skeleton of columns and beams.","https://www.britannica.com/technology/skyscraper","L81 card.everyday_technology.081.c3","L81 question.everyday_technology.081.q3; L86 question.everyday_technology.086.q3; L90 question.everyday_technology.090.q4","","","","","","corroborated","History.com and the Chicago Architecture Center describe the 1885 Home Insurance Building as a 10-story building on an internal metal frame, often called the first skyscraper. (https://www.history.com/articles/home-insurance-building https://www.architecture.org/online-resources/buildings-of-chicago/home-insurance-building)",""
"fact.everyday_technology.build_curtain_wall","source.brit_skyscraper","unverified","In a frame building the outer wall is a curtain wall: it bears only its own weight and hangs on the skeleton, so it no longer has to thicken as the building rises.","https://www.britannica.com/technology/skyscraper","L81 card.everyday_technology.081.c3","L81 question.everyday_technology.081.q3; L86 question.everyday_technology.086.q3; L90 question.everyday_technology.090.q4","","","","","","corroborated","Chicago Architecture Center notes the Monadnock's steel-framed southern half has a facade that need not bear the building's weight, unlike the load-bearing north half. (https://www.architecture.org/online-resources/buildings-of-chicago/monadnock-building)","one-page"
"fact.everyday_technology.build_burj_khalifa","source.ctbuh_burj_khalifa","unverified","As of 2026, the Council on Tall Buildings and Urban Habitat (CTBUH) ranks Dubai's Burj Khalifa, completed in 2010, as the world's tallest building at 828 meters.","https://www.skyscrapercenter.com/building/burj-khalifa/3","L81 card.everyday_technology.081.c4","L81 question.everyday_technology.081.q1","","","","","","corroborated","Britannica's list of tallest buildings and 2026 rankings pages give Burj Khalifa in Dubai at 828 m as the tallest building, holding the title since 2010. (https://www.britannica.com/topic/tallest-buildings-in-the-world-2226971 https://www.skyscrapercenter.com/buildings)",""
"fact.everyday_technology.build_ctbuh_height_rule","source.ctbuh_height_criteria","unverified","CTBUH measures a building's height to its architectural top, which counts spires but not antennas.","https://cloud.ctbuh.org/CTBUH_HeightCriteria.pdf","L81 card.everyday_technology.081.c4","L81 question.everyday_technology.081.q1","","","","","","corroborated","The Skyscraper Center's 2026 list ranks completed towers by architectural height, including spires but excluding antennas. (https://www.skyscrapercenter.com/buildings)","one-page"
"fact.everyday_technology.build_otis_1854_demo","source.brit_elisha_otis","unverified","In 1854 at the Crystal Palace in New York, Elisha Otis rode his elevator platform high above the crowd and ordered the rope cut; his safety device stopped the fall.","https://www.britannica.com/biography/Elisha-Graves-Otis","L82 card.everyday_technology.082.c1","L82 question.everyday_technology.082.q1","","","","","","corroborated","Elevator World and CultureNow describe Otis exhibiting his elevator at the New York Crystal Palace in 1854 and having the hoisting rope cut while the safety held the platform. (https://elevatorworld.com/article/elisha-otis-improved-elevator/ https://culturenow.org/site/d5d4eab1-ac5a-4b06-a35d-56d0366e37e2)",""
"fact.everyday_technology.build_otis_safety_how","source.brit_elevator","unverified","Otis's safety device clamped onto the guide rails the car ran on when tension was released from the hoist rope, so a broken rope itself set the brake.","https://www.britannica.com/technology/elevator-vertical-transport","L82 card.everyday_technology.082.c2","L82 question.everyday_technology.082.q2","","","","","","corroborated","ASME and the National Inventors Hall of Fame describe a spring held by the rope's tension that, if the rope broke, snapped out to engage ratchets on the shaft's guide rails. (https://www.asme.org/topics-resources/content/elisha-graves-otis https://www.invent.org/inductees/elisha-graves-otis)",""
"fact.everyday_technology.build_governor","source.brit_elevator","unverified","In modern elevators a speed governor trips the safety if the car moves down too fast, and brakes clamp onto the guide rails.","https://www.britannica.com/technology/elevator-vertical-transport","L82 card.everyday_technology.082.c2","L82 question.everyday_technology.082.q2","","","","","","corroborated","HowStuffWorks explains that an overspeeding car trips the governor, which activates brakes that grip the rails. (https://science.howstuffworks.com/transport/engines-equipment/elevator3.htm)","one-page"
"fact.everyday_technology.build_governor","source.explainthatstuff_elevators","unverified","In modern elevators a speed governor trips the safety if the car moves down too fast, and brakes clamp onto the guide rails.","https://www.explainthatstuff.com/how-elevators-work.html","L82 card.everyday_technology.082.c2","L82 question.everyday_technology.082.q2","","","","","","corroborated","HowStuffWorks explains that an overspeeding car trips the governor, which activates brakes that grip the rails. (https://science.howstuffworks.com/transport/engines-equipment/elevator3.htm)","one-page"
"fact.everyday_technology.build_haughwout_1857","source.brit_skyscraper","unverified","The first safe passenger elevator, installed in 1857 in the E.V. Haughwout store in New York City, made buildings of more than four or five stories practical.","https://www.britannica.com/technology/skyscraper","L82 card.everyday_technology.082.c4","L90 question.everyday_technology.090.q4","","","","","","corroborated","Wikipedia's Exhibition of the Industry of All Nations and Elevator World record the first Otis passenger safety elevator at 488 Broadway (Haughwout) on 23 March 1857. (https://en.wikipedia.org/wiki/Exhibition_of_the_Industry_of_All_Nations https://elevatorworld.com/article/elisha-otis-improved-elevator/)",""
"fact.everyday_technology.build_haughwout_1857","source.brit_elisha_otis","unverified","The first safe passenger elevator, installed in 1857 in the E.V. Haughwout store in New York City, made buildings of more than four or five stories practical.","https://www.britannica.com/biography/Elisha-Graves-Otis","L82 card.everyday_technology.082.c4","L90 question.everyday_technology.090.q4","","","","","","corroborated","Wikipedia's Exhibition of the Industry of All Nations and Elevator World record the first Otis passenger safety elevator at 488 Broadway (Haughwout) on 23 March 1857. (https://en.wikipedia.org/wiki/Exhibition_of_the_Industry_of_All_Nations https://elevatorworld.com/article/elisha-otis-improved-elevator/)",""
"fact.everyday_technology.build_sheave","source.explainthatstuff_elevators","unverified","In a traction elevator a motor turns a grooved wheel, the sheave, that moves the cables holding the car and the counterweight; as the car goes up, the counterweight goes down.","https://www.explainthatstuff.com/how-elevators-work.html","L82 card.everyday_technology.082.c3","L82 question.everyday_technology.082.q3; L90 question.everyday_technology.090.q2","","","","","","corroborated","HowStuffWorks and Britannica describe cables running over a sheave turned by the machine, with the counterweight on the other side of the car. (https://science.howstuffworks.com/transport/engines-equipment/elevator3.htm https://www.britannica.com/technology/elevator-vertical-transport)",""
"fact.everyday_technology.build_counterweight","source.explainthatstuff_elevators","unverified","An elevator's counterweight weighs roughly as much as the car loaded half full, so the motor lifts only the difference in weight, plus a little extra to overcome friction.","https://www.explainthatstuff.com/how-elevators-work.html","L82 card.everyday_technology.082.c3","L82 question.everyday_technology.082.q3; L90 question.everyday_technology.090.q2","","","","","","corroborated","HowStuffWorks: the counterweight equals the car plus about 40 percent of capacity, so the motor only has to overcome the difference; industry texts cite 40 to 50 percent balancing. (https://science.howstuffworks.com/transport/engines-equipment/elevator3.htm)","one-page"
"fact.everyday_technology.build_counterweight","source.brit_elevator","unverified","An elevator's counterweight weighs roughly as much as the car loaded half full, so the motor lifts only the difference in weight, plus a little extra to overcome friction.","https://www.britannica.com/technology/elevator-vertical-transport","L82 card.everyday_technology.082.c3","L82 question.everyday_technology.082.q3; L90 question.everyday_technology.090.q2","","","","","","corroborated","HowStuffWorks: the counterweight equals the car plus about 40 percent of capacity, so the motor only has to overcome the difference; industry texts cite 40 to 50 percent balancing. (https://science.howstuffworks.com/transport/engines-equipment/elevator3.htm)","one-page"
"fact.everyday_technology.build_tension_compression","source.brit_bridge_engineering","unverified","Structures such as bridges must resist two basic forces: tension, which pulls and stretches, and compression, which pushes and squeezes.","https://www.britannica.com/technology/bridge-engineering","L83 card.everyday_technology.083.c1; L90 card.everyday_technology.090.c4","L83 question.everyday_technology.083.q1","","","","","","corroborated","Britannica's arch and suspension bridge articles describe loads carried by compression (arches, towers) and by cables in tension. (https://www.britannica.com/technology/arch-bridge https://www.britannica.com/technology/suspension-bridge)",""
"fact.everyday_technology.build_beam_bridge","source.brit_bridge_engineering","unverified","When a beam bridge bends under a load, its top is squeezed in compression and its bottom is stretched in tension.","https://www.britannica.com/technology/bridge-engineering","L83 card.everyday_technology.083.c1; L83 card.everyday_technology.083.c2; L84 card.everyday_technology.084.c3","L83 question.everyday_technology.083.q1; L83 question.everyday_technology.083.q2; L84 question.everyday_technology.084.q3","","","","","","corroborated","PBS Building Big and engineering explainers describe a loaded beam compressing along its top edge and stretching along its bottom edge. (https://www.pbs.org/wgbh/buildingbig/bridge/basics.html)","one-page"
"fact.everyday_technology.build_arch_bridge","source.brit_arch_bridge","unverified","An arch bridge carries loads mainly by compression, pressing down and outward (thrust) into supports massive enough to take it.","https://www.britannica.com/technology/arch-bridge","L83 card.everyday_technology.083.c3; L90 card.everyday_technology.090.c4","L83 question.everyday_technology.083.q3","","","","","","corroborated","Britannica's bridge article and PBS Building Big describe the arch squeezing its load outward along the curve to the abutments. (https://www.britannica.com/technology/bridge-engineering https://www.pbs.org/wgbh/buildingbig/bridge/basics.html)",""
"fact.everyday_technology.build_suspension_bridge","source.brit_suspension_bridge","unverified","In a suspension bridge the deck hangs from curved cables in tension; the cables pass the load to towers, which carry it to the ground in compression, and to anchorages at the ends.","https://www.britannica.com/technology/suspension-bridge","L83 card.everyday_technology.083.c3; L90 card.everyday_technology.090.c4","L83 question.everyday_technology.083.q3","","","","","","corroborated","Britannica's bridge engineering article: suspension bridges support loads with curved cables under tension, transferred to towers as vertical compression. (https://www.britannica.com/technology/bridge-engineering)","one-page"
"fact.everyday_technology.build_suspension_bridge","source.brit_bridge_engineering","unverified","In a suspension bridge the deck hangs from curved cables in tension; the cables pass the load to towers, which carry it to the ground in compression, and to anchorages at the ends.","https://www.britannica.com/technology/bridge-engineering","L83 card.everyday_technology.083.c3; L90 card.everyday_technology.090.c4","L83 question.everyday_technology.083.q3","","","","","","corroborated","Britannica's bridge engineering article: suspension bridges support loads with curved cables under tension, transferred to towers as vertical compression. (https://www.britannica.com/technology/bridge-engineering)","one-page"
"fact.everyday_technology.build_canakkale_record","source.dezeen_canakkale_bridge","unverified","As of 2026, the world's longest suspension bridge span is 2,023 meters: Turkey's 1915 Canakkale Bridge, opened in 2022.","https://www.dezeen.com/2022/03/23/1915-canakkale-suspension-bridge-turkey/","L83 card.everyday_technology.083.c4","","","","","","","corroborated","Popular Science and Global Highways report the 2,023 m main span, opened in March 2022, as the longest of any suspension bridge; China's Zhangjinggao bridge, due 2028, has not yet opened. (https://www.popsci.com/technology/1915-canakkale-bridge-turkey/ https://www.globalhighways.com/wh10/feature/worlds-longest-suspension-bridge)",""
"fact.everyday_technology.build_span_record_history","source.dezeen_canakkale_bridge","unverified","The 1915 Canakkale Bridge took the longest-span record from Japan's Akashi Kaikyo Bridge (1998); China's Zhangjinggao Yangtze River Bridge, with a planned 2,300-meter span, is due around 2028.","https://www.dezeen.com/2022/03/23/1915-canakkale-suspension-bridge-turkey/","L83 card.everyday_technology.083.c4","","","","","","","corroborated","Wikipedia's Zhangjinggao article gives a 2,300 m span and 2028 completion, surpassing Canakkale; Popular Science notes Canakkale beat Akashi Kaikyo. (https://en.wikipedia.org/wiki/Zhangjinggao_Yangtze_River_Bridge https://www.popsci.com/technology/1915-canakkale-bridge-turkey/)",""
"fact.everyday_technology.build_span_record_history","source.brit_suspension_bridge","unverified","The 1915 Canakkale Bridge took the longest-span record from Japan's Akashi Kaikyo Bridge (1998); China's Zhangjinggao Yangtze River Bridge, with a planned 2,300-meter span, is due around 2028.","https://www.britannica.com/technology/suspension-bridge","L83 card.everyday_technology.083.c4","","","","","","","corroborated","Wikipedia's Zhangjinggao article gives a 2,300 m span and 2028 completion, surpassing Canakkale; Popular Science notes Canakkale beat Akashi Kaikyo. (https://en.wikipedia.org/wiki/Zhangjinggao_Yangtze_River_Bridge https://www.popsci.com/technology/1915-canakkale-bridge-turkey/)",""
"fact.everyday_technology.build_span_record_history","source.chinadaily_zhangjinggao_bridge","unverified","The 1915 Canakkale Bridge took the longest-span record from Japan's Akashi Kaikyo Bridge (1998); China's Zhangjinggao Yangtze River Bridge, with a planned 2,300-meter span, is due around 2028.","https://regional.chinadaily.com.cn/en/2024-12/09/c_1051603.htm","L83 card.everyday_technology.083.c4","","","","","","","corroborated","Wikipedia's Zhangjinggao article gives a 2,300 m span and 2028 completion, surpassing Canakkale; Popular Science notes Canakkale beat Akashi Kaikyo. (https://en.wikipedia.org/wiki/Zhangjinggao_Yangtze_River_Bridge https://www.popsci.com/technology/1915-canakkale-bridge-turkey/)",""
"fact.everyday_technology.build_cement_hydration","source.brit_cement","unverified","Cement sets and hardens by hydration, a chemical combination of its compounds with water, not by drying; construction cements will even set and harden under water.","https://www.britannica.com/technology/cement-building-material","L84 card.everyday_technology.084.c1","L84 question.everyday_technology.084.q1","","","","","","corroborated","FHWA's report on hydration and setting of portland cement and materials-science explainers describe hardening as a chemical reaction with water; concrete that dries out stops gaining strength. (https://www.fhwa.dot.gov/publications/research/ear/17102/17102.pdf https://precast.org/blog/cement-hydration-kinetics/)",""
"fact.everyday_technology.build_concrete_ingredients","source.brit_concrete","unverified","Concrete is aggregate, usually sand and gravel, bonded together by cement and water; all else equal, less water makes stronger concrete.","https://www.britannica.com/technology/concrete-building-material","L84 card.everyday_technology.084.c2","L84 question.everyday_technology.084.q1","","","","","","corroborated","The American Cement Association says concrete forms when portland cement makes a paste with water that binds with sand and rock to harden. (https://www.cement.org/cement-concrete/how-concrete-is-made)","one-page"
"fact.everyday_technology.build_concrete_most_used","source.mit_sustainability_concrete","unverified","Concrete is the second most-used substance in the world, after water.","https://sustainability.mit.edu/article/cleaning-one-worlds-most-commonly-used-substances","L84 card.everyday_technology.084.c2","L84 question.everyday_technology.084.q1","","","","","","corroborated","Giatec and Milestone both describe concrete as the second most consumed material on Earth after water and the most widely used building material. (https://www.giatecscientific.com/concrete-fundamentals/ https://milestonelp.com/news/the-worlds-2nd-most-consumed-resource-concrete/)",""
"fact.everyday_technology.build_reinforced_concrete","source.brit_reinforced_concrete","unverified","Plain concrete handles compression but not tension, which makes it unsuitable for most structures on its own; reinforced concrete embeds steel, whose tensile strength works with concrete's compressive strength.","https://www.britannica.com/technology/reinforced-concrete","L84 card.everyday_technology.084.c3; L86 card.everyday_technology.086.c2; L90 card.everyday_technology.090.c3; L90 card.everyday_technology.090.c4","L84 question.everyday_technology.084.q3","","","","","","corroborated","Britannica's concrete article notes reinforcing with steel creates a composite able to resist tensile stresses plain concrete cannot. (https://www.britannica.com/technology/concrete-building-material)","one-page"
"fact.everyday_technology.build_pantheon_dome","source.mit_concrete","unverified","Rome's Pantheon, built around 128 CE and almost 1,900 years old, still has the world's largest unreinforced concrete dome.","https://news.mit.edu/2023/roman-concrete-durability-lime-casts-0106","L84 card.everyday_technology.084.c4","L84 question.everyday_technology.084.q2","","","","","","corroborated","IET Engineering and Technology magazine calls the Pantheon still the world's largest unreinforced concrete dome, built under Hadrian in the 2nd century CE. (https://eandt.theiet.org/2022/03/15/pantheon-still-worlds-largest-unreinforced-concrete-dome)","one-page"
"fact.everyday_technology.build_pantheon_dome","source.brit_pantheon","unverified","Rome's Pantheon, built around 128 CE and almost 1,900 years old, still has the world's largest unreinforced concrete dome.","https://www.britannica.com/topic/Pantheon-building-Rome-Italy","L84 card.everyday_technology.084.c4","L84 question.everyday_technology.084.q2","","","","","","corroborated","IET Engineering and Technology magazine calls the Pantheon still the world's largest unreinforced concrete dome, built under Hadrian in the 2nd century CE. (https://eandt.theiet.org/2022/03/15/pantheon-still-worlds-largest-unreinforced-concrete-dome)","one-page"
"fact.everyday_technology.build_roman_lime_clasts","source.mit_concrete","unverified","A 2023 MIT-led study of Roman concrete from Privernum found that its white lime clasts formed by hot mixing with quicklime; when cracks reach them and water gets in, dissolved calcium refills the crack as calcium carbonate.","https://news.mit.edu/2023/roman-concrete-durability-lime-casts-0106","L84 card.everyday_technology.084.c4","L84 question.everyday_technology.084.q2","","","","","","corroborated","The Science Advances paper (Seymour et al., 2023) and Phys.org describe hot mixing, lime clasts in Privernum mortar, and cracks refilled by recrystallized calcium carbonate. (https://www.science.org/doi/10.1126/sciadv.add1602 https://phys.org/news/2023-01-secrets-self-healing-roman-concrete.html)",""
"fact.everyday_technology.build_lime_clast_test","source.mit_concrete","unverified","In the 2023 study, deliberately cracked concrete made by hot mixing healed its cracks within two weeks, while matching concrete made without quicklime did not.","https://news.mit.edu/2023/roman-concrete-durability-lime-casts-0106","L84 card.everyday_technology.084.c4","L84 question.everyday_technology.084.q2","","","","","","corroborated","Dezeen and the American Ceramic Society report the hot-mixed test samples' cracks sealed within two weeks while control samples kept leaking. (https://www.dezeen.com/2023/01/17/self-healing-roman-concrete-mit-harvard/ https://ceramics.org/ceramic-tech-today/relict-no-more-purposeful-inclusion-of-lime-clasts-gives-roman-concretes-self-healing-properties/)",""
"fact.everyday_technology.build_brunel_shipworm","source.rmg_brunel_shipworm","unverified","Around 1812 Marc Brunel saw ship's timber riddled with tunnels bored by shipworms and took them as the inspiration for a protected way of tunnelling.","https://www.rmg.co.uk/stories/art-culture/library-archive/musing-on-mollusc-brunels-inspiration-thames-tunnel","L85 card.everyday_technology.085.c1","L85 question.everyday_technology.085.q1","","","","","","corroborated","The Brunel Museum and Wikipedia's tunnelling shield article both credit the shipworm (Teredo navalis) with inspiring the shield. (https://thebrunelmuseum.com/in-defence-of-pests-terredo-navalis/ https://en.wikipedia.org/wiki/Tunnelling_shield)",""
"fact.everyday_technology.build_brunel_shipworm","source.smithsonianmag_thames_tunnel","unverified","Around 1812 Marc Brunel saw ship's timber riddled with tunnels bored by shipworms and took them as the inspiration for a protected way of tunnelling.","https://www.smithsonianmag.com/history/the-epic-struggle-to-tunnel-under-the-thames-14638810/","L85 card.everyday_technology.085.c1","L85 question.everyday_technology.085.q1","","","","","","corroborated","The Brunel Museum and Wikipedia's tunnelling shield article both credit the shipworm (Teredo navalis) with inspiring the shield. (https://thebrunelmuseum.com/in-defence-of-pests-terredo-navalis/ https://en.wikipedia.org/wiki/Tunnelling_shield)",""
"fact.everyday_technology.build_shield_legacy","source.smithsonianmag_thames_tunnel","unverified","Versions of Brunel's tunnelling shield have been used in almost every major tunnel built since.","https://www.smithsonianmag.com/history/the-epic-struggle-to-tunnel-under-the-thames-14638810/","L85 card.everyday_technology.085.c1","L85 question.everyday_technology.085.q1","","","","","","corroborated","Britannica's tunnel article traces the Greathead shield and later machines back to Brunel's shield, with lining segments erected under the shield tail. (https://www.britannica.com/technology/tunnel)","one-page"
"fact.everyday_technology.build_shield_how","source.brit_marc_brunel","unverified","Brunel patented the tunnelling shield in 1818: miners in separate cells dug the face a patch at a time, then the shield moved forward while masons lined the new tunnel with brick behind it.","https://www.britannica.com/biography/Marc-Isambard-Brunel","L85 card.everyday_technology.085.c2","L85 question.everyday_technology.085.q2; L85 question.everyday_technology.085.q3","","","","","","corroborated","World History Encyclopedia and Wikipedia describe the iron shield with 36 cells, each holding a miner, protecting workers while the tunnel behind was bricked. (https://www.worldhistory.org/image/17151/tunnelling-shield/ https://en.wikipedia.org/wiki/Tunnelling_shield)",""
"fact.everyday_technology.build_shield_how","source.smithsonianmag_thames_tunnel","unverified","Brunel patented the tunnelling shield in 1818: miners in separate cells dug the face a patch at a time, then the shield moved forward while masons lined the new tunnel with brick behind it.","https://www.smithsonianmag.com/history/the-epic-struggle-to-tunnel-under-the-thames-14638810/","L85 card.everyday_technology.085.c2","L85 question.everyday_technology.085.q2; L85 question.everyday_technology.085.q3","","","","","","corroborated","World History Encyclopedia and Wikipedia describe the iron shield with 36 cells, each holding a miner, protecting workers while the tunnel behind was bricked. (https://www.worldhistory.org/image/17151/tunnelling-shield/ https://en.wikipedia.org/wiki/Tunnelling_shield)",""
"fact.everyday_technology.build_thames_tunnel","source.brit_marc_brunel","unverified","The Thames Tunnel in London, begun in 1825 and opened in 1843, was the world's first tunnel under a navigable river.","https://www.britannica.com/biography/Marc-Isambard-Brunel","L85 card.everyday_technology.085.c2","L85 question.everyday_technology.085.q2; L85 question.everyday_technology.085.q3","","","","","","corroborated","Wikipedia and Royal Museums Greenwich describe the Thames Tunnel, completed in 1843, as the first successful tunnel beneath a navigable river. (https://en.wikipedia.org/wiki/Thames_Tunnel https://www.rmg.co.uk/stories/art-culture/library-archive/musing-on-mollusc-brunels-inspiration-thames-tunnel)",""
"fact.everyday_technology.build_thames_tunnel","source.smithsonianmag_thames_tunnel","unverified","The Thames Tunnel in London, begun in 1825 and opened in 1843, was the world's first tunnel under a navigable river.","https://www.smithsonianmag.com/history/the-epic-struggle-to-tunnel-under-the-thames-14638810/","L85 card.everyday_technology.085.c2","L85 question.everyday_technology.085.q2; L85 question.everyday_technology.085.q3","","","","","","corroborated","Wikipedia and Royal Museums Greenwich describe the Thames Tunnel, completed in 1843, as the first successful tunnel beneath a navigable river. (https://en.wikipedia.org/wiki/Thames_Tunnel https://www.rmg.co.uk/stories/art-culture/library-archive/musing-on-mollusc-brunels-inspiration-thames-tunnel)",""
"fact.everyday_technology.build_tbm_how","source.hs2_euston_tbm","unverified","A tunnel boring machine cuts the face with a rotating cutterhead and, behind it, installs precast concrete segments in rings to line the tunnel as it advances.","https://mediacentre.hs2.org.uk/news/hs2-launches-final-giant-tunnelling-machine-towards-euston-station","L85 card.everyday_technology.085.c3; L90 card.everyday_technology.090.c3","L85 question.everyday_technology.085.q3","","","","","","corroborated","Enerpac's engineering explainer describes the rotating cutterhead, thrust against the installed lining, and precast concrete segments assembled into rings. (https://blog.enerpac.com/tunnel-boring-machines-engineering-marvels-shaping-infrastructure/)","one-page"
"fact.everyday_technology.build_hs2_tbm","source.hs2_euston_tbm","unverified","HS2's Euston tunnel boring machine is 198 meters long and works around the clock as an underground factory; HS2's machines average about 16 meters a day.","https://mediacentre.hs2.org.uk/news/hs2-launches-final-giant-tunnelling-machine-towards-euston-station","L85 card.everyday_technology.085.c3","L85 question.everyday_technology.085.q3","","","","","","corroborated","Ground Engineering and RailAdvent (March 2026) report the launch of the final HS2 TBM towards Euston, describing it as a 24/7 underground factory lining the tunnel with segments. (https://www.geplus.co.uk/news/hs2-final-tbm-starts-its-journey-to-euston-20-03-2026/ https://www.railadvent.co.uk/2026/03/https-www-railadvent-co-uk-2026-01-hs2-begins-tunnelling-to-euston-html.html)",""
"fact.everyday_technology.build_gotthard_record","source.brit_gotthard_base_tunnel","unverified","As of 2026, Switzerland's 57 km Gotthard Base Tunnel, opened in 2016, is the world's longest railway tunnel; tunnel boring machines dug most of it.","https://www.britannica.com/topic/Gotthard-Base-Tunnel","L85 card.everyday_technology.085.c4","","","","","","","corroborated","Swissinfo (June 2026) marks ten years of the 57 km Gotthard Base Tunnel as still the world's longest rail tunnel; Herrenknecht documents its TBMs. (https://www.swissinfo.ch/eng/various/gotthard-ten-years-of-the-worlds-longest-rail-tunnel/91506152 https://www.herrenknecht.com/en/references/referencesdetail/gotthard-base-tunnel/)",""
"fact.everyday_technology.build_channel_tunnel","source.brit_channel_tunnel","unverified","The Channel Tunnel between Britain and France, opened in 1994, is 50 km long, with about 38 km (37.8 km) under the sea, the longest undersea stretch of any tunnel.","https://www.britannica.com/topic/Channel-Tunnel","L85 card.everyday_technology.085.c4","","","","","","","corroborated","Getlink and ICE describe the 50 km tunnel with about 38 km under the Channel, the longest undersea section in the world, opened in 1994. (https://www.ice.org.uk/what-is-civil-engineering/infrastructure-projects/channel-tunnel)","one-page"
"fact.everyday_technology.build_steel_definition","source.brit_steel","unverified","Steel is iron alloyed with carbon, up to about 2 percent; pure iron is soft, and carbon makes it much harder.","https://www.britannica.com/technology/steel","L86 card.everyday_technology.086.c2; L90 card.everyday_technology.090.c3","L86 question.everyday_technology.086.q1","","","","","","corroborated","Britannica's cast iron article sets the boundary: iron with more than about 2 percent carbon is cast iron rather than steel. (https://www.britannica.com/technology/cast-iron)","one-page"
"fact.everyday_technology.build_cast_iron","source.brit_cast_iron","unverified","Cast iron has 2 to 4 percent carbon; it bears loads well in compression but is brittle and weak in tension.","https://www.britannica.com/technology/cast-iron","L86 card.everyday_technology.086.c2; L90 card.everyday_technology.090.c4","L86 question.everyday_technology.086.q1","","","","","","corroborated","Britannica's steel article notes above about 2 percent carbon the alloy is classed as cast iron; engineering references describe cast iron as strong in compression and brittle in tension. (https://www.britannica.com/technology/steel)","one-page"
"fact.everyday_technology.build_steel_most_used","source.brit_steel","unverified","Steel is by far the most widely used material for building the world's infrastructure and industries.","https://www.britannica.com/technology/steel","L86 card.everyday_technology.086.c4","","","","","","","corroborated","worldsteel's World Steel in Figures reports about 1.9 billion tonnes of crude steel made in 2024, far more than any other metal. (https://worldsteel.org/data/world-steel-in-figures/world-steel-in-figures-2024/ https://gmk.center/en/news/the-share-of-eaf-in-global-steel-production-in-2024-increased-to-29-1/)",""
"fact.everyday_technology.build_bessemer_1856","source.brit_bessemer_process","unverified","In 1856 Henry Bessemer patented a process that made steel from molten iron in minutes and far more cheaply than before, turning steel from a costly material into one for mass use.","https://www.britannica.com/technology/Bessemer-process","L86 card.everyday_technology.086.c1","","","","","","","corroborated","Science Museum and history-of-technology sources describe Bessemer's 1856 converter making steel quickly and cheaply for the first time. (https://www.sciencemuseum.org.uk/objects-and-stories/bessemer-process)","one-page"
"fact.everyday_technology.build_bessemer_how","source.brit_bessemer_process","unverified","In the Bessemer process air is blown through molten pig iron, and its oxygen burns out extra carbon and other impurities; the heat of those reactions keeps the metal molten with no added fuel.","https://www.britannica.com/technology/Bessemer-process","L86 card.everyday_technology.086.c3; L90 card.everyday_technology.090.c2","L86 question.everyday_technology.086.q2; L90 question.everyday_technology.090.q3","","","","","","corroborated","Wikipedia's Bessemer process article: oxidation of impurities by air raises the temperature and keeps the mass molten, without external heating. (https://en.wikipedia.org/wiki/Bessemer_process)","one-page weak-pages"
"fact.everyday_technology.build_bessemer_construction","source.brit_bessemer_process","unverified","Cheap Bessemer steel revolutionized building construction and replaced iron in railroad rails and many other uses.","https://www.britannica.com/technology/Bessemer-process","L86 card.everyday_technology.086.c3; L86 card.everyday_technology.086.c4","L86 question.everyday_technology.086.q2; L86 question.everyday_technology.086.q3; L90 question.everyday_technology.090.q3","","","","","","corroborated","Wikipedia's Bessemer process article notes the process made steel the dominant material for rails and structural use in the later 19th century. (https://en.wikipedia.org/wiki/Bessemer_process)","one-page weak-pages"
"fact.everyday_technology.build_home_insurance_steel","source.brit_home_insurance_building","unverified","While the Home Insurance Building was going up, rolled-steel beams were substituted for some of its iron.","https://www.britannica.com/place/Home-Insurance-Company-Building","L86 card.everyday_technology.086.c4","L86 question.everyday_technology.086.q3","","","","","","corroborated","The Chicago Architecture Center and History.com describe the Home Insurance Building frame as iron and steel, with steel beams used in its upper floors. (https://www.architecture.org/online-resources/buildings-of-chicago/home-insurance-building https://www.history.com/articles/home-insurance-building)",""
"fact.everyday_technology.build_highland_park_1913","source.ford_moving_assembly_line","unverified","In 1913 at Ford's Highland Park plant, the moving assembly line pulled each car along, at first by a rope and later by a moving chain, past workers who built it step by step.","https://corporate.ford.com/articles/history/moving-assembly-line.html","L87 card.everyday_technology.087.c1","L87 question.everyday_technology.087.q1; L90 question.everyday_technology.090.q5","","","","","","corroborated","History.com and the Library of Congress describe the October 1913 Highland Park chassis line where assemblers stood in place as the work came to them. (https://www.history.com/this-day-in-history/october-7/moving-assembly-line-at-ford https://guides.loc.gov/this-month-in-business-history/October/Ford)",""
"fact.everyday_technology.build_highland_park_1913","source.thehenryford_assembly_line","unverified","In 1913 at Ford's Highland Park plant, the moving assembly line pulled each car along, at first by a rope and later by a moving chain, past workers who built it step by step.","https://www.thehenryford.org/collections/explore/sets/detail/henry-ford-assembly-line","L87 card.everyday_technology.087.c1","L87 question.everyday_technology.087.q1; L90 question.everyday_technology.090.q5","","","","","","corroborated","History.com and the Library of Congress describe the October 1913 Highland Park chassis line where assemblers stood in place as the work came to them. (https://www.history.com/this-day-in-history/october-7/moving-assembly-line-at-ford https://guides.loc.gov/this-month-in-business-history/October/Ford)",""
"fact.everyday_technology.build_disassembly_inspiration","source.thehenryford_assembly_line","unverified","Ford's engineers adapted the ""disassembly line"" that slaughterhouses used to take carcasses apart step by step, running the idea in reverse to build cars.","https://www.thehenryford.org/collections/explore/sets/detail/henry-ford-assembly-line","L87 card.everyday_technology.087.c1; L87 card.everyday_technology.087.c2","L87 question.everyday_technology.087.q1; L88 question.everyday_technology.088.q3; L90 question.everyday_technology.090.q5","","","","","","corroborated","Assembly Magazine's centenary history traces Ford's line to the overhead trolleys of Chicago meatpacking disassembly lines. (https://www.assemblymag.com/articles/91581-the-moving-assembly-line-turns-100)","one-page"
"fact.everyday_technology.build_assembly_line_ingredients","source.thehenryford_assembly_line","unverified","Ford combined interchangeable parts with work split into small repeated tasks and a steady flow of materials to create the moving assembly line; each worker did one or two tasks.","https://www.thehenryford.org/collections/explore/sets/detail/henry-ford-assembly-line","L87 card.everyday_technology.087.c2; L90 card.everyday_technology.090.c3","L88 question.everyday_technology.088.q3","","","","","","corroborated","The Library of Congress business history guide describes Ford's line combining interchangeable parts, division of labor and continuous flow. (https://guides.loc.gov/this-month-in-business-history/October/Ford)","one-page"
"fact.everyday_technology.build_assembly_line_ingredients","source.ford_moving_assembly_line","unverified","Ford combined interchangeable parts with work split into small repeated tasks and a steady flow of materials to create the moving assembly line; each worker did one or two tasks.","https://corporate.ford.com/articles/history/moving-assembly-line.html","L87 card.everyday_technology.087.c2; L90 card.everyday_technology.090.c3","L88 question.everyday_technology.088.q3","","","","","","corroborated","The Library of Congress business history guide describes Ford's line combining interchangeable parts, division of labor and continuous flow. (https://guides.loc.gov/this-month-in-business-history/October/Ford)","one-page"
"fact.everyday_technology.build_model_t_time","source.ford_moving_assembly_line","unverified","The moving assembly line cut the time to build a Model T from more than 12 hours to about 90 minutes.","https://corporate.ford.com/articles/history/moving-assembly-line.html","L87 card.everyday_technology.087.c3","","","","","","","corroborated","History.com says the line cut the time to build a car from more than 12 hours to one hour and 33 minutes. (https://www.history.com/this-day-in-history/fords-assembly-line-starts-rolling)","one-page"
"fact.everyday_technology.build_model_t_price","source.thehenryford_assembly_line","unverified","Mass production let Ford cut the Model T's price from $850 to as little as $260; the company built over 15 million Model Ts from 1908 to 1927.","https://www.thehenryford.org/collections/explore/sets/detail/henry-ford-assembly-line","L87 card.everyday_technology.087.c3; L89 card.everyday_technology.089.c4","L87 question.everyday_technology.087.q2; L87 question.everyday_technology.087.q3; L89 question.everyday_technology.089.q3","","","","","","corroborated","Ford's corporate history of the moving line gives the Model T price falling to $260 by 1925, making cars affordable to ordinary workers. (https://corporate.ford.com/articles/history/moving-assembly-line.html)","one-page"
"fact.everyday_technology.build_model_t_price","source.ford_model_t_history","unverified","Mass production let Ford cut the Model T's price from $850 to as little as $260; the company built over 15 million Model Ts from 1908 to 1927.","https://corporate.ford.com/articles/history/the-model-t/","L87 card.everyday_technology.087.c3; L89 card.everyday_technology.089.c4","L87 question.everyday_technology.087.q2; L87 question.everyday_technology.087.q3; L89 question.everyday_technology.089.q3","","","","","","corroborated","Ford's corporate history of the moving line gives the Model T price falling to $260 by 1925, making cars affordable to ordinary workers. (https://corporate.ford.com/articles/history/moving-assembly-line.html)","one-page"
"fact.everyday_technology.build_five_dollar_day","source.thehenryford_assembly_line","unverified","Doing one or two tasks over and over drove workers to quit, so in 1914 Ford announced $5 for an eight-hour day, up from $2.34 for a nine-hour day.","https://www.thehenryford.org/collections/explore/sets/detail/henry-ford-assembly-line","L87 card.everyday_technology.087.c4","","","","","","","corroborated","History.com and the Library of Congress describe high turnover on Ford's line and the January 1914 five-dollar day. (https://www.history.com/this-day-in-history/fords-assembly-line-starts-rolling https://guides.loc.gov/this-month-in-business-history/October/Ford)",""
"fact.everyday_technology.build_five_dollar_day","source.ford_moving_assembly_line","unverified","Doing one or two tasks over and over drove workers to quit, so in 1914 Ford announced $5 for an eight-hour day, up from $2.34 for a nine-hour day.","https://corporate.ford.com/articles/history/moving-assembly-line.html","L87 card.everyday_technology.087.c4","","","","","","","corroborated","History.com and the Library of Congress describe high turnover on Ford's line and the January 1914 five-dollar day. (https://www.history.com/this-day-in-history/fords-assembly-line-starts-rolling https://guides.loc.gov/this-month-in-business-history/October/Ford)",""
"fact.everyday_technology.build_robot_word","source.brit_robot_technology","unverified","The word robot comes from Karel Capek's 1920 play R.U.R.; the Czech robota means forced labor.","https://www.britannica.com/technology/robot-technology","L88 card.everyday_technology.088.c1","","","","","","","corroborated","Merriam-Webster's etymology traces robot to Czech robota, compulsory labor, from Capek's play R.U.R. (https://www.merriam-webster.com/dictionary/robot)","one-page"
"fact.everyday_technology.build_unimate_1961","source.ieee_robots_unimate","unverified","Unimate, the first industrial robot, started work in 1961 at a General Motors plant in Ewing Township, New Jersey, lifting hot metal parts from a die-casting machine and stacking them.","https://robotsguide.com/robots/unimate","L88 card.everyday_technology.088.c2","L88 question.everyday_technology.088.q1; L90 question.everyday_technology.090.q5","","","","","","corroborated","Guinness World Records and Community News (Ewing) describe the first Unimate at GM's Ewing plant in 1961 unloading hot die-cast parts. (https://www.guinnessworldrecords.com/world-records/411563-first-industrial-production-robot https://communitynews.org/towns/ewing-observer/ewing-gm-plant-first-industrial-robot-history/)",""
"fact.everyday_technology.build_unimate_1961","source.brit_robot_technology","unverified","Unimate, the first industrial robot, started work in 1961 at a General Motors plant in Ewing Township, New Jersey, lifting hot metal parts from a die-casting machine and stacking them.","https://www.britannica.com/technology/robot-technology","L88 card.everyday_technology.088.c2","L88 question.everyday_technology.088.q1; L90 question.everyday_technology.090.q5","","","","","","corroborated","Guinness World Records and Community News (Ewing) describe the first Unimate at GM's Ewing plant in 1961 unloading hot die-cast parts. (https://www.guinnessworldrecords.com/world-records/411563-first-industrial-production-robot https://communitynews.org/towns/ewing-observer/ewing-gm-plant-first-industrial-robot-history/)",""
"fact.everyday_technology.build_unimate_memory","source.ieee_robots_unimate","unverified","Unimate followed step-by-step commands stored on a magnetic drum and could repeat a sequence of motions again and again; George Devol invented it and Joseph Engelberger helped build the company.","https://robotsguide.com/robots/unimate","L88 card.everyday_technology.088.c2","L88 question.everyday_technology.088.q1; L90 question.everyday_technology.090.q5","","","","","","corroborated","Wikipedia's Unimate and Unimation articles describe drum-memory commands and Devol's 1954 patent, with Engelberger co-founding Unimation. (https://en.wikipedia.org/wiki/Unimate https://en.wikipedia.org/wiki/Unimation)","weak-pages"
"fact.everyday_technology.build_unimate_memory","source.brit_robot_technology","unverified","Unimate followed step-by-step commands stored on a magnetic drum and could repeat a sequence of motions again and again; George Devol invented it and Joseph Engelberger helped build the company.","https://www.britannica.com/technology/robot-technology","L88 card.everyday_technology.088.c2","L88 question.everyday_technology.088.q1; L90 question.everyday_technology.090.q5","","","","","","corroborated","Wikipedia's Unimate and Unimation articles describe drum-memory commands and Devol's 1954 patent, with Engelberger co-founding Unimation. (https://en.wikipedia.org/wiki/Unimate https://en.wikipedia.org/wiki/Unimation)","weak-pages"
"fact.everyday_technology.build_ifr_robot_count","source.ifr_five_million_robots","unverified","The International Federation of Robotics counted about 5 million industrial robots operating in factories worldwide in 2025.","https://ifr.org/ifr-press-releases/news/five-million-robots-now-operate-in-factories-globally","L88 card.everyday_technology.088.c4","","","","","","","corroborated","The Robot Report and Supply Chain Xchange report the IFR figure of a record 5 million robots in factories in 2025. (https://www.therobotreport.com/5-million-robots-now-working-factories-worldwide-ifr-reports/ https://www.thescxchange.com/move/produce/ifr-global-operational-stock-of-industrial-robots-rose-9-to-a-record-5-million-units-in-2025)",""
"fact.everyday_technology.build_teach_pendant","source.osha_industrial_robots","unverified","A trained programmer typically uses a handheld teach pendant to teach an industrial robot its task, guiding it through the moves; the robot then repeats them with high accuracy.","https://www.osha.gov/otm/section-4-safety-hazards/chapter-4","L88 card.everyday_technology.088.c3; L90 card.everyday_technology.090.c3","L88 question.everyday_technology.088.q2; L88 question.everyday_technology.088.q3","","","","","","corroborated","GlobalSpec and robotics guides describe teach-and-repeat programming: the operator guides the arm to positions, records them, and the robot replays the sequence. (https://www.globalspec.com/learnmore/motion_controls/operator_interfaces/teach_pendants)","one-page"
"fact.everyday_technology.build_robot_tasks","source.osha_industrial_robots","unverified","Industrial robots take the place of workers in dangerous or repetitive tasks such as moving materials, welding, painting and loading machine tools.","https://www.osha.gov/otm/section-4-safety-hazards/chapter-4","L88 card.everyday_technology.088.c3","L88 question.everyday_technology.088.q2; L88 question.everyday_technology.088.q3","","","","","","corroborated","GlobalSpec lists arc and spot welding, paint spraying, assembly and material handling as typical industrial robot jobs. (https://www.globalspec.com/learnmore/motion_controls/operator_interfaces/teach_pendants)","one-page"
"fact.everyday_technology.build_robot_safeguards","source.osha_industrial_robots","unverified","Workers are kept out of an industrial robot's restricted space by safeguards such as fixed barriers, interlocked gates and presence-sensing devices.","https://www.osha.gov/otm/section-4-safety-hazards/chapter-4","L88 card.everyday_technology.088.c3","L88 question.everyday_technology.088.q2; L88 question.everyday_technology.088.q3","","","","","","corroborated","OSHA's robotics safety page and ISO 10218 guidance describe perimeter guarding and presence-sensing devices around robot cells. (https://www.osha.gov/robotics)","one-page"
"fact.everyday_technology.build_additive_vs_subtractive","source.asme_stereolithography","unverified","Additive manufacturing (3D printing) builds objects layer upon layer from a digital 3D model, unlike subtractive methods such as drilling, cutting and milling that remove material.","https://www.asme.org/wwwasmeorg/media/resourcefiles/aboutasme/who%20we%20are/engineering%20history/landmarks/261-stereolithography.pdf","L89 card.everyday_technology.089.c2; L90 card.everyday_technology.090.c3","L89 question.everyday_technology.089.q1","","","","","","corroborated","Britannica and industry histories define 3D printing as additive manufacturing that deposits material in successive layers, the reverse of machining. (https://ultimaker.com/learn/the-complete-history-of-3d-printing/)","one-page"
"fact.everyday_technology.build_3d_complex_parts","source.asme_stereolithography","unverified","3D printers are widely used to make complex components in a wide variety of materials.","https://www.asme.org/wwwasmeorg/media/resourcefiles/aboutasme/who%20we%20are/engineering%20history/landmarks/261-stereolithography.pdf","L89 card.everyday_technology.089.c2","L89 question.everyday_technology.089.q1","","","","","","corroborated","UltiMaker's history of 3D printing describes printers producing complex prototypes and end-use parts in plastics, resins and metals. (https://ultimaker.com/learn/the-complete-history-of-3d-printing/)","one-page"
"fact.everyday_technology.build_3d_uses","source.asme_stereolithography","unverified","3D printing is a leading technology for rapid prototyping and is used for custom, patient-specific items such as hearing aids, dental aligners, implants and prosthetics.","https://www.asme.org/wwwasmeorg/media/resourcefiles/aboutasme/who%20we%20are/engineering%20history/landmarks/261-stereolithography.pdf","L89 card.everyday_technology.089.c4","L89 question.everyday_technology.089.q3","","","","","","corroborated","UltiMaker and Sculpteo describe 3D printing's main uses in prototyping and in custom medical and dental products. (https://ultimaker.com/learn/the-complete-history-of-3d-printing/ https://www.sculpteo.com/blog/2017/03/01/whos-behind-the-three-main-3d-printing-technologies/)",""
"fact.everyday_technology.build_crump_frog","source.encyclopedia_stratasys","unverified","In 1988 Scott Crump tried to make a toy frog for his young daughter with a glue gun loaded with polyethylene and candle wax, building the shape layer by layer.","https://www.encyclopedia.com/books/politics-and-business-magazines/stratasys-inc","L89 card.everyday_technology.089.c1","","","","","","","corroborated","Wikipedia's S. Scott Crump article and WhiteClouds 3Dpedia give the same 1988 toy-frog and glue-gun story. (https://en.wikipedia.org/wiki/S._Scott_Crump https://www.whiteclouds.com/3dpedia/crump-scott/)",""
"fact.everyday_technology.build_hull_stereolithography","source.asme_stereolithography","unverified","In 1983 Chuck Hull developed stereolithography, which hardens liquid photopolymer with ultraviolet light one layer at a time.","https://www.asme.org/wwwasmeorg/media/resourcefiles/aboutasme/who%20we%20are/engineering%20history/landmarks/261-stereolithography.pdf","L89 card.everyday_technology.089.c3","L89 question.everyday_technology.089.q2; L90 question.everyday_technology.090.q5","","","","","","corroborated","Wikipedia's Chuck Hull article says he conceived the process in 1983 while using UV light to harden coatings; his patent describes UV light on a vat of liquid photopolymer. (https://en.wikipedia.org/wiki/Chuck_Hull https://en.wikipedia.org/wiki/Stereolithography)","weak-pages"
"fact.everyday_technology.build_hull_patent_sla1","source.asme_stereolithography","unverified","Hull's stereolithography patent was issued in 1986, the year he co-founded 3D Systems, which introduced the SLA-1, the first 3D printer made for commercial sale, in 1987.","https://www.asme.org/wwwasmeorg/media/resourcefiles/aboutasme/who%20we%20are/engineering%20history/landmarks/261-stereolithography.pdf","L89 card.everyday_technology.089.c3","L89 question.everyday_technology.089.q2; L90 question.everyday_technology.090.q5","","","","","","corroborated","3D Printing Journal records patent US 4,575,330 granted on 11 March 1986; Wikipedia notes 3D Systems' first commercial SLA machine in 1987. (https://www.3dprintingjournal.com/p/03-11-1986-chuck-hull-was-granted https://en.wikipedia.org/wiki/Chuck_Hull)",""
"fact.everyday_technology.build_fdm","source.encyclopedia_stratasys","unverified","Crump patented fused deposition modeling in 1989; it squeezes melted plastic through a moving head, building a model from the bottom up, and Stratasys produced the first FDM machine in 1991.","https://www.encyclopedia.com/books/politics-and-business-magazines/stratasys-inc","L89 card.everyday_technology.089.c3","L89 question.everyday_technology.089.q2; L90 question.everyday_technology.090.q5","","","","","","corroborated","Stratasys's own press release says Crump invented FDM and patented it in 1989; UltiMaker's history describes extruding thermoplastic layer by layer. (https://investors.stratasys.com/news-events/press-releases/detail/418/inventor-of-fdm-3d-printing-and-co-founder-of-stratasys https://ultimaker.com/learn/the-complete-history-of-3d-printing/)",""
"fact.everyday_technology.build_fdm","source.asme_stereolithography","unverified","Crump patented fused deposition modeling in 1989; it squeezes melted plastic through a moving head, building a model from the bottom up, and Stratasys produced the first FDM machine in 1991.","https://www.asme.org/wwwasmeorg/media/resourcefiles/aboutasme/who%20we%20are/engineering%20history/landmarks/261-stereolithography.pdf","L89 card.everyday_technology.089.c3","L89 question.everyday_technology.089.q2; L90 question.everyday_technology.090.q5","","","","","","corroborated","Stratasys's own press release says Crump invented FDM and patented it in 1989; UltiMaker's history describes extruding thermoplastic layer by layer. (https://investors.stratasys.com/news-events/press-releases/detail/418/inventor-of-fdm-3d-printing-and-co-founder-of-stratasys https://ultimaker.com/learn/the-complete-history-of-3d-printing/)",""
"fact.everyday_technology.build_crane_climbing","source.howstuffworks_tower_crane","unverified","A tower crane grows one mast section at a time: a climbing frame jacks the top of the crane up about 6 meters (20 feet), and the crane lifts a new mast section into the gap to be bolted in.","https://science.howstuffworks.com/transport/engines-equipment/tower-crane.htm","L90 card.everyday_technology.090.c1; L90 card.everyday_technology.090.c2","L90 question.everyday_technology.090.q1; L90 question.everyday_technology.090.q2","","","","","","corroborated","Corfix and Maxim Crane describe a climbing frame lifting the upper crane so a new mast section can be inserted, letting the crane climb as the building rises. (https://www.corfix.com/blog/how-are-tower-cranes-erected/ https://www.maximcrane.com/blog/everything-you-need-to-know-about-tower-cranes/)","weak-pages"
"fact.everyday_technology.build_crane_counterweight","source.howstuffworks_tower_crane","unverified","A tower crane's short machinery arm carries large concrete counterweights that balance the loads its long working arm lifts.","https://science.howstuffworks.com/transport/engines-equipment/tower-crane.htm","L90 card.everyday_technology.090.c2","L90 question.everyday_technology.090.q1; L90 question.everyday_technology.090.q2","","","","","","corroborated","OSHA 1926.1401 defines a counterweight as a weight that provides stability for lifting loads by counterbalancing them. (https://www.osha.gov/laws-regs/regulations/standardnumber/1926/1926.1401)","one-page"
"fact.everyday_technology.ai_britannica_definition","source.brit_artificial_intelligence","unverified","Britannica defines artificial intelligence as the ability of a digital computer or computer-controlled robot to perform tasks commonly associated with intelligent beings.","https://www.britannica.com/technology/artificial-intelligence","L91 card.everyday_technology.091.c2","L100 question.everyday_technology.100.q9","","","","","","corroborated","IBM describes AI as technology that enables computers and machines to simulate human learning, comprehension, problem solving and decision making. (https://www.ibm.com/think/topics/artificial-intelligence)","one-page"
"fact.everyday_technology.ai_term_1955","source.brit_john_mccarthy","unverified","John McCarthy coined the term ""artificial intelligence"" in 1955.","https://www.britannica.com/biography/John-McCarthy","L91 card.everyday_technology.091.c2","L100 question.everyday_technology.100.q9","","","","","","corroborated","Dartmouth College's history of the 1956 workshop notes the term was coined in McCarthy's 1955 proposal for the Dartmouth Summer Research Project on Artificial Intelligence. (https://home.dartmouth.edu/about/artificial-intelligence-ai-coined-dartmouth)","one-page"
"fact.everyday_technology.deep_blue_1997","source.ibm_deep_blue","unverified","In May 1997, IBM's Deep Blue beat world chess champion Garry Kasparov 3.5 to 2.5, winning by brute-force computing power: it could evaluate 200 million chess positions per second.","https://www.ibm.com/history/deep-blue","L91 card.everyday_technology.091.c1; L91 card.everyday_technology.091.c2","L91 question.everyday_technology.091.q1; L100 question.everyday_technology.100.q9","","","","","","corroborated","History.com and IEEE Spectrum report Deep Blue beat Kasparov on May 11, 1997 (two wins, one loss, three draws) and could evaluate 200 million positions per second. (https://www.history.com/this-day-in-history/may-11/deep-blue-defeats-garry-kasparov-in-chess-match https://spectrum.ieee.org/how-ibms-deep-blue-beat-world-champion-chess-player-garry-kasparov)",""
"fact.everyday_technology.ml_learns_from_examples","source.google_ml_what_is_ml","unverified","Machine learning trains software called a model to make predictions from data: shown examples labeled with the right answers, such as emails marked spam or not spam, it learns the patterns linking inputs to answers and applies them to new cases.","https://developers.google.com/machine-learning/intro-to-ml/what-is-ml","L91 card.everyday_technology.091.c3","L91 question.everyday_technology.091.q2; L91 question.everyday_technology.091.q3; L92 question.everyday_technology.092.q3; L100 question.everyday_technology.100.q10","","","","","","corroborated","Britannica describes machine learning as software that can learn autonomously; tutorials contrast hand-coded spam rules with models that learn patterns from already classified emails. (https://www.britannica.com/technology/machine-learning https://arunpandianm.medium.com/traditional-programming-vs-machine-learning-spam-email-filtering-9d2a8baf37bd)",""
"fact.everyday_technology.ai_data_bias","source.nist_sp1270_ai_bias","unverified","NIST warned in 2022 that biases embedded in the data used to train AI become embedded in the AI, and that algorithms trained on one type of data often cannot extrapolate beyond it.","https://www.nist.gov/publications/towards-standard-identifying-and-managing-bias-artificial-intelligence","L91 card.everyday_technology.091.c4","L91 question.everyday_technology.091.q3; L100 question.everyday_technology.100.q3","","","","","","corroborated","The Montreal AI Ethics Institute summary of NIST SP 1270 (March 2022) describes systemic, statistical and human biases entering AI through training data. (https://montrealethics.ai/nist-special-publication-1270-towards-a-standard-for-identifying-and-managing-bias-in-artificial-intelligence/)","one-page"
"fact.everyday_technology.llm_predictive_text","source.brit_large_language_model","unverified","Britannica describes large language models as advanced versions of predictive text: they aim to produce the most probable words for a given prompt.","https://www.britannica.com/topic/large-language-model","L92 card.everyday_technology.092.c1; L92 card.everyday_technology.092.c4","","","","","","","corroborated","Sebastian Raschka explains that LLMs are trained to assign high probability to the token that actually follows, and generate text by repeatedly predicting the next token. (https://sebastianraschka.com/faq/docs/next-token-prediction.html)","one-page"
"fact.everyday_technology.llm_tokens","source.brit_large_language_model","unverified","Language models process text as tokens, basic units usually a few characters long, and write a reply by predicting a likely next token, adding it and repeating.","https://www.britannica.com/topic/large-language-model","L92 card.everyday_technology.092.c2","L92 question.everyday_technology.092.q1","","","","","","corroborated","Raschka: a token can be a word, part of a word or punctuation; models iteratively predict the next token from the sequence so far. (https://sebastianraschka.com/faq/docs/next-token-prediction.html)","one-page"
"fact.everyday_technology.llm_training_text","source.brit_large_language_model","unverified","Large language models are trained on huge amounts of text, trillions of tokens, and the first ones followed the introduction of the transformer design in 2017.","https://www.britannica.com/topic/large-language-model","L92 card.everyday_technology.092.c3","L92 question.everyday_technology.092.q3","","","","","","corroborated","The transformer was introduced in the 2017 paper ""Attention Is All You Need"" (arXiv, June 2017; NeurIPS 2017). (https://arxiv.org/abs/1706.03762)","one-page"
"fact.everyday_technology.chatgpt_human_feedback","source.openai_introducing_chatgpt","unverified","On November 30, 2022, OpenAI introduced ChatGPT, a model fine-tuned with reinforcement learning from human feedback to interact in a conversational way.","https://openai.com/index/chatgpt/","L92 card.everyday_technology.092.c3","L92 question.everyday_technology.092.q3","","","","","","corroborated","History.com and TechCrunch date the public release of ChatGPT to November 30, 2022. (https://www.history.com/this-day-in-history/november-30/chatgpt-released-openai https://techcrunch.com/2025/11/30/chatgpt-launched-three-years-ago-today/)",""
"fact.everyday_technology.llm_hallucination","source.brit_large_language_model","unverified","Large language models sometimes present false or misleading information as fact, which is called a hallucination.","https://www.britannica.com/topic/large-language-model","L92 card.everyday_technology.092.c4","L92 question.everyday_technology.092.q2; L100 question.everyday_technology.100.q4","","","","","","corroborated","In Mata v. Avianca (2023) a chatbot produced citations to court cases that did not exist, which the court found fabricated. (https://caselaw.findlaw.com/court/us-dis-crt-sd-new-yor/2335142.html)","one-page"
"fact.everyday_technology.mata_avianca_2023","source.findlaw_mata_v_avianca","unverified","On June 22, 2023, a US federal judge in New York fined two lawyers and their firm $5,000 after they filed a brief citing six court cases that did not exist; ChatGPT had fabricated them.","https://caselaw.findlaw.com/court/us-dis-crt-sd-new-yor/2335142.html","L92 card.everyday_technology.092.c4","L92 question.everyday_technology.092.q2; L100 question.everyday_technology.100.q4","","","","","","corroborated","Seyfarth Shaw and the Association of Corporate Counsel report the June 22, 2023 $5,000 sanction over six fabricated cases produced by ChatGPT. (https://www.seyfarth.com/news-insights/update-on-the-chatgpt-case-counsel-who-submitted-fake-cases-are-sanctioned.html https://www.acc.com/resource-library/practical-lessons-attorney-ai-missteps-mata-v-avianca)",""
"fact.everyday_technology.vr_sword_of_damocles","source.chm_sword_of_damocles","unverified","In the late 1960s, Harvard's Ivan Sutherland built a head-mounted display jokingly called the Sword of Damocles because of the large overhead beam needed to support its weight; users explored a 3D wire-frame room by moving their heads.","https://www.computerhistory.org/revolution/input-output/14/356/1888","L93 card.everyday_technology.093.c1","","","","","","","corroborated","Guinness World Records and historyofinformation.com date the Sutherland/Sproull head-mounted display to 1968 and note it hung from the ceiling. (https://www.guinnessworldrecords.com/world-records/515907-first-virtual-reality-vr-headset https://www.historyofinformation.com/detail.php?id=861)",""
"fact.everyday_technology.vr_sword_of_damocles","source.brit_virtual_reality","unverified","In the late 1960s, Harvard's Ivan Sutherland built a head-mounted display jokingly called the Sword of Damocles because of the large overhead beam needed to support its weight; users explored a 3D wire-frame room by moving their heads.","https://www.britannica.com/technology/virtual-reality","L93 card.everyday_technology.093.c1","","","","","","","corroborated","Guinness World Records and historyofinformation.com date the Sutherland/Sproull head-mounted display to 1968 and note it hung from the ceiling. (https://www.guinnessworldrecords.com/world-records/515907-first-virtual-reality-vr-headset https://www.historyofinformation.com/detail.php?id=861)",""
"fact.everyday_technology.vr_stereo_images","source.brit_virtual_reality","unverified","VR headsets show each eye its own, slightly offset image, and the brain fuses the two into one picture with depth, as it does with the two views from our eyes; lenses let the eyes focus on screens so close.","https://www.britannica.com/technology/virtual-reality","L93 card.everyday_technology.093.c2","L93 question.everyday_technology.093.q1; L93 question.everyday_technology.093.q3","","","","","","corroborated","Wareable explains that headsets angle two 2D images to mimic how each eye sees the world slightly differently, with lenses that focus and reshape the picture for each eye. (https://www.wareable.com/vr/how-does-vr-work-explained)","one-page"
"fact.everyday_technology.vr_head_tracking","source.brit_virtual_reality","unverified","VR systems use motion sensors to track the user's movements and adjust the view accordingly, usually in real time.","https://www.britannica.com/technology/virtual-reality","L93 card.everyday_technology.093.c3","L93 question.everyday_technology.093.q2","","","","","","corroborated","LP-Research describes headset IMUs and cameras tracking head motion so the rendered view follows the head. (https://www.lp-research.com/vr-headset-tracking-explained)","one-page"
"fact.everyday_technology.vr_motion_sickness","source.clevelandclinic_motion_sickness","unverified","Motion sickness comes from conflicting signals: the eyes report motion while the inner ear senses stillness; some people get it from video games and virtual reality.","https://my.clevelandclinic.org/health/diseases/12782-motion-sickness","L93 card.everyday_technology.093.c3","L93 question.everyday_technology.093.q2","","","","","","corroborated","Research on cybersickness (PMC) attributes it to a mismatch between visual motion and vestibular (inner ear) signals when the user is not actually moving. (https://pmc.ncbi.nlm.nih.gov/articles/PMC10684476/)","one-page"
"fact.everyday_technology.augmented_reality_definition","source.brit_pokemon_go","unverified","Augmented reality overlays computer-generated images on the real scene, viewed through devices such as smartphones, tablets, smart glasses and headsets; virtual reality instead creates an artificial environment.","https://www.britannica.com/topic/Pokemon-GO","L93 card.everyday_technology.093.c4","L93 question.everyday_technology.093.q3; L100 question.everyday_technology.100.q5","","","","","","corroborated","The Fleet Science Center explains AR as layering digital content onto the real-world view through a device's camera and screen. (https://www.fleetscience.org/blog/2016/07/pokemon-go-and-augmented-reality)","one-page weak-pages"
"fact.everyday_technology.augmented_reality_definition","source.brit_augmented_reality","unverified","Augmented reality overlays computer-generated images on the real scene, viewed through devices such as smartphones, tablets, smart glasses and headsets; virtual reality instead creates an artificial environment.","https://www.britannica.com/technology/augmented-reality","L93 card.everyday_technology.093.c4","L93 question.everyday_technology.093.q3; L100 question.everyday_technology.100.q5","","","","","","corroborated","The Fleet Science Center explains AR as layering digital content onto the real-world view through a device's camera and screen. (https://www.fleetscience.org/blog/2016/07/pokemon-go-and-augmented-reality)","one-page weak-pages"
"fact.everyday_technology.ar_first_down_line","source.brit_augmented_reality","unverified","Among the earliest mainstream uses of augmented reality was the yellow first-down marker added to American football broadcasts in the mid-1990s.","https://www.britannica.com/technology/augmented-reality","L93 card.everyday_technology.093.c4","L93 question.everyday_technology.093.q3; L100 question.everyday_technology.100.q5","","","","","","corroborated","Sportvision's ""1st and Ten"" line debuted in 1998 broadcasts; Britannica groups it with mid-1990s Fox broadcast overlays as early mainstream AR. (https://en.wikipedia.org/wiki/1st_%26_Ten_(graphics_system))","one-page weak-pages"
"fact.everyday_technology.ar_pokemon_go_2016","source.brit_pokemon_go","unverified","Pokemon GO, launched in 2016, used GPS data and the phone's camera to place Pokemon in real-world locations: augmented reality.","https://www.britannica.com/topic/Pokemon-GO","L93 card.everyday_technology.093.c4","L93 question.everyday_technology.093.q3; L100 question.everyday_technology.100.q5","","","","","","corroborated","The Fleet Science Center (July 2016) and a PMC review describe Pokemon Go as a 2016 augmented reality game using the phone camera and location. (https://www.fleetscience.org/blog/2016/07/pokemon-go-and-augmented-reality https://pmc.ncbi.nlm.nih.gov/articles/PMC7194320/)",""
"fact.everyday_technology.quad_push_air_down","source.nasa_quadcopters_reader","unverified","A quadcopter's four spinning propellers push air downward, and by Newton's third law the air pushes the quadcopter up.","https://www.nasa.gov/sites/default/files/atoms/files/aam-science-behind-quadcopters-reader-student-guide_0.pdf","L94 card.everyday_technology.094.c2","L94 question.everyday_technology.094.q3","","","","","","corroborated","Oscar Liang and DroneBot Workshop explain that quadcopter propellers generate thrust by pushing air downward. (https://oscarliang.com/what-is-quadcopter/ https://dronebotworkshop.com/how-does-a-quadcopter-work/)",""
"fact.everyday_technology.quad_torque_cancel","source.nasa_quadcopters_reader","unverified","A spinning rotor twists an aircraft's body the opposite way (torque), so helicopters need a tail rotor; a quadcopter instead spins two propellers clockwise and two counterclockwise so the twists cancel.","https://www.nasa.gov/sites/default/files/atoms/files/aam-science-behind-quadcopters-reader-student-guide_0.pdf","L94 card.everyday_technology.094.c1; L94 card.everyday_technology.094.c2","L94 question.everyday_technology.094.q3","","","","","","corroborated","DroneBot Workshop and Oscar Liang: diagonal propellers spin the same way, adjacent ones opposite, so reaction torques cancel and no tail rotor is needed. (https://dronebotworkshop.com/how-does-a-quadcopter-work/ https://oscarliang.com/what-is-quadcopter/)",""
"fact.everyday_technology.quad_steer_by_speed","source.nasa_quadcopters_reader","unverified","A quadcopter steers with its propellers alone: speeding up the propellers on one side lifts that side, so it tilts and moves toward the side with less lift; speeding up one spinning pair over the other makes it rotate.","https://www.nasa.gov/sites/default/files/atoms/files/aam-science-behind-quadcopters-reader-student-guide_0.pdf","L94 card.everyday_technology.094.c3","L94 question.everyday_technology.094.q2","","","","","","corroborated","Oscar Liang explains pitch and roll by raising two motors on one side and yaw by speeding one diagonal pair and slowing the other. (https://oscarliang.com/what-is-quadcopter/)","one-page"
"fact.everyday_technology.drone_flight_controller","source.nasa_t2_flight_controller","unverified","A drone's flight controller is an onboard computer that reads sensors such as gyroscopes and accelerometers, compares the drone's position, heading and orientation with its programmed plan, and applies control inputs to hold its course.","https://technology.nasa.gov/patent/LAR-TOPS-33","L94 card.everyday_technology.094.c4","","","","","","","corroborated","Jameco Electronics explains that gyroscopes and sensors relay data to the drone's computer, which instructs the motors to counteract unwanted movement. (https://www.jameco.com/Jameco/workshop/ProductNews/howitworks-drone.html)","one-page"
"fact.everyday_technology.zipline_rwanda_2016","source.gavi_zipline_rwanda","unverified","On October 14, 2016, Rwanda launched the world's first national drone delivery service, flying blood to 21 transfusing facilities with drones built and operated by the US company Zipline.","https://www.gavi.org/news/media-room/rwanda-launches-worlds-first-national-drone-delivery-service-powered-zipline","L94 card.everyday_technology.094.c5","L94 question.everyday_technology.094.q1","","","","","","corroborated","ITIF (2017) and IEEE Spectrum report Zipline began delivering blood by drone in Rwanda in October 2016. (https://itif.org/publications/2017/08/07/zipline-enables-real-time-delivery-essential-medical-supplies-rwanda/ https://spectrum.ieee.org/africa-leads-the-world-on-drone-delivery)",""
"fact.everyday_technology.usgs_drone_missions","source.usgs_uas_uses","unverified","The US Geological Survey uses drones for missions such as estimating migratory bird populations and monitoring volcanoes.","https://www.usgs.gov/faqs/how-does-usgs-use-uncrewed-aircraft-systems","L94 card.everyday_technology.094.c5","L94 question.everyday_technology.094.q1","","","","","","corroborated","The USGS UAS roadmap and USGS pages describe bird counts and the 2018 Kilauea eruption response as drone missions. (https://www.usgs.gov/faqs/why-does-usgs-use-unmanned-aircraft-systems)","one-page"
"fact.everyday_technology.crispr_from_bacteria","source.medlineplus_genome_editing","unverified","CRISPR-Cas9 comes from a bacterial immune defense: bacteria store pieces of viral DNA in CRISPR arrays, make RNA that recognizes the virus if it returns, and use the enzyme Cas9 to cut the virus's DNA.","https://medlineplus.gov/genetics/understanding/genomicresearch/genomeediting/","L95 card.everyday_technology.095.c1","","","","","","","corroborated","Britannica: CRISPR elements in bacteria and archaea act as a genetic memory that lets cells detect and destroy pathogens. (https://www.britannica.com/technology/CRISPR)","one-page"
"fact.everyday_technology.crispr_guide_cut_repair","source.medlineplus_genome_editing","unverified","In CRISPR gene editing, a short guide RNA matches a target DNA sequence and leads Cas9 there to cut the DNA; researchers then use the cell's own repair machinery to delete, add or change genetic material.","https://medlineplus.gov/genetics/understanding/genomicresearch/genomeediting/","L95 card.everyday_technology.095.c2","L95 question.everyday_technology.095.q1","","","","","","corroborated","NHGRI (genome.gov) describes guide RNA matching a target sequence and Cas9 cutting DNA so sequences can be removed or added. (https://www.genome.gov/about-genomics/policy-issues/Genome-Editing/How-genome-editing-works)","one-page"
"fact.everyday_technology.crispr_doudna_charpentier","source.brit_crispr","unverified","Jennifer Doudna, Emmanuelle Charpentier and colleagues showed CRISPR could be used for gene editing in 2012; Doudna and Charpentier shared the 2020 Nobel Prize in Chemistry.","https://www.britannica.com/technology/CRISPR","L95 card.everyday_technology.095.c2","L95 question.everyday_technology.095.q1","","","","","","corroborated","NobelPrize.org and UNESCO report the 2020 Chemistry prize to Charpentier and Doudna for the CRISPR/Cas9 genetic scissors, discovered in 2012. (https://www.nobelprize.org/prizes/chemistry/2020/popular-information/ https://www.unesco.org/en/articles/jennifer-doudna-and-emmanuelle-charpentier-win-2020-nobel-prize-chemistry)",""
"fact.everyday_technology.casgevy_mhra_2023","source.nhs_genomics_casgevy","unverified","In November 2023, the UK's medicines regulator (MHRA) authorized Casgevy, the world's first approval of a CRISPR-based therapy.","https://www.genomicseducation.hee.nhs.uk/blog/gene-therapy-casgevy-approved-for-nhs-use/","L95 card.everyday_technology.095.c3","L95 question.everyday_technology.095.q2; L95 question.everyday_technology.095.q3; L100 question.everyday_technology.100.q6; L100 question.everyday_technology.100.q9","","","","","","corroborated","Vertex/CRISPR Therapeutics, CBC and Medical News Today report the MHRA authorization on November 16, 2023 as the first approval of a CRISPR therapy anywhere. (https://news.vrtx.com/news-releases/news-release-details/vertex-and-crispr-therapeutics-announce-authorization-first https://www.cbc.ca/lite/story/1.7030109)",""
"fact.everyday_technology.casgevy_fda_2023","source.fda_casgevy_2023","unverified","On December 8, 2023, the US FDA approved Casgevy for sickle cell disease in patients 12 and older: the patient's own blood stem cells are edited with CRISPR/Cas9 to make more fetal hemoglobin, then returned after high-dose chemotherapy.","https://www.fda.gov/news-events/press-announcements/fda-approves-first-gene-therapies-treat-patients-sickle-cell-disease","L95 card.everyday_technology.095.c3","L95 question.everyday_technology.095.q2; L95 question.everyday_technology.095.q3; L100 question.everyday_technology.100.q6; L100 question.everyday_technology.100.q9","","","","","","corroborated","STAT News (December 8, 2023) reports the FDA approval of Casgevy, which raises fetal hemoglobin, a form not affected by sickle cell mutations. (https://www.statnews.com/2023/12/08/fda-approves-casgevy-crispr-based-medicine-for-treatment-of-sickle-cell-disease/)","one-page"
"fact.everyday_technology.germline_vs_somatic","source.medlineplus_genome_editing","unverified","Most genome editing changes somatic (body) cells; changes to egg or sperm cells or to an embryo could be passed to future generations, and such editing is illegal in the United States and many other countries.","https://medlineplus.gov/genetics/understanding/genomicresearch/genomeediting/","L95 card.everyday_technology.095.c4","L95 question.everyday_technology.095.q3; L100 question.everyday_technology.100.q6","","","","","","corroborated","Britannica notes critics worry embryo editing could introduce permanent changes in human DNA. (https://www.britannica.com/technology/CRISPR)","one-page"
"fact.everyday_technology.he_jiankui_2018","source.mittr_he_jiankui_sentence","unverified","In 2018, He Jiankui announced twin girls born from gene-edited embryos in China; in December 2019 a Chinese court sentenced him to three years in prison.","https://www.technologyreview.com/2019/12/30/131061/he-jiankui-sentenced-to-three-years-in-prison-for-crispr-babies/","L95 card.everyday_technology.095.c4","L95 question.everyday_technology.095.q3; L100 question.everyday_technology.100.q6","","","","","","corroborated","CBS News, NPR and Science report the December 30, 2019 three-year sentence for illegal medical practice. (https://www.cbsnews.com/news/chinese-scientist-he-jiankui-who-touted-crispr-editing-sentenced-three-years-prison-today-2019-12-30/ https://www.npr.org/2019/12/30/792340177/chinese-researcher-who-created-gene-edited-babies-sentenced-to-3-years-in-prison)",""
"fact.everyday_technology.he_jiankui_2018","source.brit_crispr","unverified","In 2018, He Jiankui announced twin girls born from gene-edited embryos in China; in December 2019 a Chinese court sentenced him to three years in prison.","https://www.britannica.com/technology/CRISPR","L95 card.everyday_technology.095.c4","L95 question.everyday_technology.095.q3; L100 question.everyday_technology.100.q6","","","","","","corroborated","CBS News, NPR and Science report the December 30, 2019 three-year sentence for illegal medical practice. (https://www.cbsnews.com/news/chinese-scientist-he-jiankui-who-touted-crispr-editing-sentenced-three-years-prison-today-2019-12-30/ https://www.npr.org/2019/12/30/792340177/chinese-researcher-who-created-gene-edited-babies-sentenced-to-3-years-in-prison)",""
"fact.everyday_technology.genome_summit_2023","source.royalsociety_genome_summit_2023","unverified","In March 2023, the organizers of the Third International Summit on Human Genome Editing, including the Royal Society and the US National Academies, stated: ""Heritable human genome editing remains unacceptable at this time.""","https://royalsociety.org/news/2023/03/statement-third-international-summit-human-genome-editing/","L95 card.everyday_technology.095.c4","L95 question.everyday_technology.095.q3; L100 question.everyday_technology.100.q6","","","","","","corroborated","The US National Academies proceedings and Impact Ethics report the same closing statement from the March 2023 London summit. (https://nap.nationalacademies.org/catalog/27066/third-international-summit-on-human-genome-editing-expanding-capabilities-participation https://impactethics.ca/2023/03/22/human-genome-editing-from-the-first-to-the-third-international-summit/)",""
"fact.everyday_technology.fusion_joins_light_nuclei","source.brit_nuclear_fusion","unverified","Nuclear fusion joins light nuclei, such as hydrogen, into heavier ones, releasing a lot of energy; it powers the Sun and other stars. Fission, by contrast, splits heavy nuclei such as uranium.","https://www.britannica.com/science/nuclear-fusion","L96 card.everyday_technology.096.c2","L96 question.everyday_technology.096.q1","","","","","","corroborated","EUROfusion and LibreTexts contrast fusion (light nuclei combining) with fission (heavy nuclei such as uranium splitting). (https://euro-fusion.org/fusion/fusion-vs-fission/ https://chem.libretexts.org/Bookshelves/Physical_and_Theoretical_Chemistry_Textbook_Maps/Supplemental_Modules_(Physical_and_Theoretical_Chemistry)/Nuclear_Chemistry/Fission_and_Fusion/Fission_and_Fusion)",""
"fact.everyday_technology.fusion_dt_helium","source.iter_what_is_fusion","unverified","The most efficient fusion reaction in the lab joins two hydrogen isotopes, deuterium and tritium, producing helium.","https://www.iter.org/fusion-energy/what-fusion","L96 card.everyday_technology.096.c2","L96 question.everyday_technology.096.q1","","","","","","corroborated","LLNL describes NIF fusing deuterium (one neutron, one proton) and tritium (two neutrons, one proton). (https://lasers.llnl.gov/science/achieving-fusion-ignition)","one-page"
"fact.everyday_technology.fusion_no_runaway","source.brit_nuclear_fusion","unverified","Unlike fission, fusion cannot undergo a runaway chain reaction or meltdown: if control of the plasma is lost, the reaction stops.","https://www.britannica.com/science/nuclear-fusion","L96 card.everyday_technology.096.c2","L96 question.everyday_technology.096.q1","","","","","","corroborated","EUROfusion notes that any disturbance cools the fusion plasma and the reaction stops, so a runaway reaction is not possible. (https://euro-fusion.org/fusion/fusion-vs-fission/)","one-page"
"fact.everyday_technology.fusion_repulsion_heat","source.brit_nuclear_fusion","unverified","For fusion, nuclei must have enough energy to overcome the electrostatic repulsion between their positive charges, which requires heating the fuel to extreme temperatures, where it becomes a plasma.","https://www.britannica.com/science/nuclear-fusion","L96 card.everyday_technology.096.c3","L96 question.everyday_technology.096.q3","","","","","","corroborated","LLNL: fusion occurs when nuclei overcome the repulsive electrostatic force that keeps them apart, under extremes of temperature and pressure. (https://lasers.llnl.gov/science/achieving-fusion-ignition)","one-page"
"fact.everyday_technology.fusion_150_million","source.iter_what_is_fusion","unverified","ITER says deuterium-tritium fusion in the laboratory needs temperatures of 150,000,000 °C, 10 times hotter than the core of the Sun.","https://www.iter.org/fusion-energy/what-fusion","L96 card.everyday_technology.096.c3","L96 question.everyday_technology.096.q3","","","","","","corroborated","Consorzio RFX and other tokamak explainers cite plasma heated to about 150 million degrees Celsius, about ten times the Sun core temperature. (https://www.igi.cnr.it/en/research/magnetic-confinement-research-in-padova/tokamak-physics/)","one-page"
"fact.everyday_technology.fusion_confinement","source.brit_nuclear_fusion","unverified","Fusion experiments contain the hot plasma either with magnetic fields, as in a tokamak, or by inertial confinement, squeezing fuel with lasers as the National Ignition Facility does.","https://www.britannica.com/science/nuclear-fusion","L96 card.everyday_technology.096.c3","L96 question.everyday_technology.096.q3","","","","","","corroborated","Consorzio RFX explains that a tokamak magnetic field keeps the plasma suspended away from the walls; LLNL describes laser-driven inertial fusion at NIF. (https://www.igi.cnr.it/en/research/magnetic-confinement-research-in-padova/tokamak-physics/ https://lasers.llnl.gov/science/achieving-fusion-ignition)",""
"fact.everyday_technology.nif_ignition_2022","source.llnl_fusion_ignition_2022","unverified","On December 5, 2022, 192 laser beams at the National Ignition Facility (Lawrence Livermore National Laboratory, California) delivered 2.05 MJ of energy to a fusion target, and fusion released 3.15 MJ: more energy out than the laser energy in, a gain above 1.5.","https://www.llnl.gov/article/49306/lawrence-livermore-national-laboratory-achieves-fusion-ignition","L96 card.everyday_technology.096.c1; L96 card.everyday_technology.096.c4","L96 question.everyday_technology.096.q2; L100 question.everyday_technology.100.q7","","","","","","corroborated","AIP FYI and LLNL (Physical Review Letters highlight) report the December 5, 2022 shot: 2.05 MJ laser energy in, 3.15 MJ fusion yield. (https://www.aip.org/fyi/2022/national-ignition-facility-achieves-long-sought-fusion-goal https://lasers.llnl.gov/news/llnls-breakthrough-ignition-experiment-highlighted-in-physical-review-letters)",""
"fact.everyday_technology.nif_ignition_2022","source.optica_nif_ignition","unverified","On December 5, 2022, 192 laser beams at the National Ignition Facility (Lawrence Livermore National Laboratory, California) delivered 2.05 MJ of energy to a fusion target, and fusion released 3.15 MJ: more energy out than the laser energy in, a gain above 1.5.","https://www.optica-opn.org/home/newsroom/2022/december/ignition_accomplished_nif_looks_to_the_future/","L96 card.everyday_technology.096.c1; L96 card.everyday_technology.096.c4","L96 question.everyday_technology.096.q2; L100 question.everyday_technology.100.q7","","","","","","corroborated","AIP FYI and LLNL (Physical Review Letters highlight) report the December 5, 2022 shot: 2.05 MJ laser energy in, 3.15 MJ fusion yield. (https://www.aip.org/fyi/2022/national-ignition-facility-achieves-long-sought-fusion-goal https://lasers.llnl.gov/news/llnls-breakthrough-ignition-experiment-highlighted-in-physical-review-letters)",""
"fact.everyday_technology.nif_facility_energy","source.optica_nif_ignition","unverified","NIF's lasers need about 300 MJ of electricity from the grid to make each shot of about 2 MJ, so the December 2022 result was a gain on the target, not net energy for the facility.","https://www.optica-opn.org/home/newsroom/2022/december/ignition_accomplished_nif_looks_to_the_future/","L96 card.everyday_technology.096.c4","L96 question.everyday_technology.096.q2; L100 question.everyday_technology.100.q7","","","","","","corroborated","Science (AAAS) coverage notes the lasers drew roughly 300 MJ from the grid for the shot, so there was no net gain for the facility as a whole. (https://www.science.org/content/article/laser-fusion-experiment-squeezes-out-even-more-energy)","one-page"
"fact.everyday_technology.nif_yield_in_kwh","source.llnl_fusion_ignition_2022","unverified","NIF's 3.15 MJ fusion yield is under one kilowatt-hour (3.15 / 3.6 = about 0.875 kWh), since a kilowatt-hour is 3.6 million joules.","https://www.llnl.gov/article/49306/lawrence-livermore-national-laboratory-achieves-fusion-ignition","L96 card.everyday_technology.096.c4","L96 question.everyday_technology.096.q2; L100 question.everyday_technology.100.q7","","","","","","corroborated","NIST SP 811 gives 1 kWh = 3.6 MJ; LLNL gives the 3.15 MJ yield; the division is exact arithmetic. (https://www.nist.gov/pml/special-publication-811)","one-page"
"fact.everyday_technology.nif_yield_in_kwh","source.nist_sp811_conversion","unverified","NIF's 3.15 MJ fusion yield is under one kilowatt-hour (3.15 / 3.6 = about 0.875 kWh), since a kilowatt-hour is 3.6 million joules.","https://www.nist.gov/pml/special-publication-811/nist-guide-si-appendix-b-conversion-factors/nist-guide-si-appendix-b8","L96 card.everyday_technology.096.c4","L96 question.everyday_technology.096.q2; L100 question.everyday_technology.100.q7","","","","","","corroborated","NIST SP 811 gives 1 kWh = 3.6 MJ; LLNL gives the 3.15 MJ yield; the division is exact arithmetic. (https://www.nist.gov/pml/special-publication-811)","one-page"
"fact.everyday_technology.qubit_superposition","source.nist_quantum_explained","unverified","A classical bit is either 0 or 1, but a qubit can be in state 0, state 1 or a mix of the two (a superposition); when measured, it gives either 0 or 1.","https://www.nist.gov/quantum-information-science/quantum-computing-explained","L97 card.everyday_technology.097.c2","L97 question.everyday_technology.097.q3","","","","","","corroborated","Britannica: a qubit exists in a wavelike superposition of values from 0 to 1, and measuring a quantum system disturbs its state. (https://www.britannica.com/technology/quantum-computer)","one-page"
"fact.everyday_technology.quantum_supremacy_2019","source.sciencenews_quantum_supremacy_2019","unverified","In 2019, Google researchers reported that their Sycamore quantum processor did a calculation in 200 seconds that they estimated would take a top supercomputer 10,000 years; IBM researchers argued a better classical method could do it in 2.5 days.","https://www.sciencenews.org/article/google-quantum-supremacy-claim-controversy-top-science-stories-2019-yir","L97 card.everyday_technology.097.c1","","","","","","","corroborated","Google's 2019 Nature paper reports the 200-second sampling task and 10,000-year estimate; IBM's reply proposed about 2.5 days. (https://www.nature.com/articles/s41586-019-1666-5 https://www.nature.com/articles/s41567-019-0721-3)",""
"fact.everyday_technology.quantum_expected_uses","source.nist_quantum_explained","unverified","NIST expects quantum computers to be useful for specific problems, such as simulating the quantum rules that govern molecules, chemicals and materials, and says quantum and classical machines could work together rather than one replacing the other.","https://www.nist.gov/quantum-information-science/quantum-computing-explained","L97 card.everyday_technology.097.c3; L97 card.everyday_technology.097.c4","L97 question.everyday_technology.097.q1; L97 question.everyday_technology.097.q2; L100 question.everyday_technology.100.q8","","","","","","corroborated","NIST theorist Alexey Gorshkov (2022) names simulation in chemistry, materials science and nuclear physics as a key hoped-for use. (https://www.nist.gov/blogs/taking-measure/whats-so-great-about-quantum-computing-qa-nist-theorist-alexey-gorshkov)","one-page"
"fact.everyday_technology.shor_1994","source.brit_quantum_computer","unverified","In 1994, Peter Shor described a quantum algorithm that could quickly factor the huge numbers that protect much of today's encryption.","https://www.britannica.com/technology/quantum-computer","L97 card.everyday_technology.097.c3","L97 question.everyday_technology.097.q2; L100 question.everyday_technology.100.q8","","","","","","corroborated","NIST's Quantum Computing Explained describes Shor's paper as a quantum algorithm that could quickly factor the immense numbers used in encryption. (https://www.nist.gov/quantum-information-science/quantum-computing-explained)","one-page"
"fact.everyday_technology.shor_1994","source.nist_quantum_explained","unverified","In 1994, Peter Shor described a quantum algorithm that could quickly factor the huge numbers that protect much of today's encryption.","https://www.nist.gov/quantum-information-science/quantum-computing-explained","L97 card.everyday_technology.097.c3","L97 question.everyday_technology.097.q2; L100 question.everyday_technology.100.q8","","","","","","corroborated","NIST's Quantum Computing Explained describes Shor's paper as a quantum algorithm that could quickly factor the immense numbers used in encryption. (https://www.nist.gov/quantum-information-science/quantum-computing-explained)","one-page"
"fact.everyday_technology.nist_pqc_2024","source.nist_pqc_standards_2024","unverified","In August 2024, NIST released its first finalized encryption standards designed to withstand attacks by quantum computers.","https://www.nist.gov/news-events/news/2024/08/nist-releases-first-3-finalized-post-quantum-encryption-standards","L97 card.everyday_technology.097.c3","L97 question.everyday_technology.097.q2; L100 question.everyday_technology.100.q8","","","","","","corroborated","NIST CSRC announced FIPS 203, 204 and 205, the first post-quantum cryptography standards, on August 13, 2024. (https://csrc.nist.gov/news/2024/postquantum-cryptography-fips-approved)","one-page"
"fact.everyday_technology.qubit_fragile","source.nist_quantum_explained","unverified","Qubits are fragile: many must be kept at temperatures near absolute zero, and quantum computers make an error roughly once in every thousand operations, far more often than classical computers.","https://www.nist.gov/quantum-information-science/quantum-computing-explained","L97 card.everyday_technology.097.c4","L97 question.everyday_technology.097.q1; L97 question.everyday_technology.097.q2; L100 question.everyday_technology.100.q8","","","","","","corroborated","Britannica lists decoherence, the need for error correction and very low operating temperatures as major obstacles. (https://www.britannica.com/technology/quantum-computer)","one-page"
"fact.everyday_technology.supremacy_benchmark","source.google_research_quantum_supremacy","unverified","The 2019 test task was sampling the output of random quantum circuits, a benchmark chosen because it grows exponentially harder for classical computers.","https://research.google/blog/quantum-supremacy-using-a-programmable-superconducting-processor/","L97 card.everyday_technology.097.c4","L97 question.everyday_technology.097.q1; L97 question.everyday_technology.097.q2; L100 question.everyday_technology.100.q8","","","","","","corroborated","Science News notes the milestone lacked immediate practical applications, and Nature describes the task as random circuit sampling. (https://www.sciencenews.org/article/google-quantum-supremacy-claim-controversy-top-science-stories-2019-yir https://www.nature.com/articles/s41586-019-1666-5)",""
"fact.everyday_technology.cmos_sensor_jpl","source.nasa_spinoff_cmos_2017","unverified","In the 1990s, Eric Fossum's team at NASA's Jet Propulsion Laboratory developed CMOS active pixel image sensors, a camera on a chip that was smaller and used far less power than older sensors; cell phones became their killer application.","https://spinoff.nasa.gov/Spinoff2017/cg_1.html","L98 card.everyday_technology.098.c2","L98 question.everyday_technology.098.q1","","","","","","corroborated","The National Inventors Hall of Fame credits Fossum with inventing the CMOS active pixel sensor camera-on-a-chip at JPL, now used in most phone cameras. (https://www.invent.org/inductees/eric-r-fossum)","one-page"
"fact.everyday_technology.spinoff_since_1976","source.nasa_spinoff_40_years","unverified","NASA has published Spinoff, profiling space technologies that benefit life on Earth, every year since 1976.","https://www.nasa.gov/image-article/40-years-of-nasa-spinoff/","L98 card.everyday_technology.098.c1","","","","","","","corroborated","NASA's About Spinoff page and the 1976 back issue confirm the first Spinoff appeared in 1976 and has been published annually since. (https://spinoff.nasa.gov/spinoff https://spinoff.nasa.gov/back_issues_archives/1976.pdf)",""
"fact.everyday_technology.memory_foam_1966","source.nasa_spinoff_temper_foam_2005","unverified","Memory foam began in 1966, when Charles Yost, working with NASA's Ames Research Center, developed a ""slow spring back"" foam for airplane seats that gave better crash protection; it later padded football helmets, helped prevent bedsores and cushioned shoe insoles.","https://spinoff.nasa.gov/Spinoff2005/ch_6.html","L98 card.everyday_technology.098.c3","L98 question.everyday_technology.098.q3","","","","","","corroborated","Space.com and Wikipedia report memory foam was developed in 1966 under a NASA Ames contract to improve aircraft seat cushioning and crash protection. (https://www.space.com/10783-space-spinoff-technology-memory-foam.html https://en.wikipedia.org/wiki/Memory_foam)",""
"fact.everyday_technology.nasa_myths_tang_teflon_velcro","source.nasa_spinoff_faq","unverified","NASA did not invent Tang, Teflon or Velcro: General Foods developed Tang in 1957, DuPont invented Teflon in 1938, and a Swiss engineer invented Velcro in the 1940s.","https://spinoff.nasa.gov/faq","L98 card.everyday_technology.098.c4","L98 question.everyday_technology.098.q2","","","","","","corroborated","NASA's Tang, Teflon, Velcro myth page and its Small Steps, Giant Leaps podcast say all three predate NASA use. (https://www.nasa.gov/offices/ipp/home/myth_tang.html)","one-page"
"fact.everyday_technology.nasa_myths_why","source.nasa_spinoff_faq","unverified","The myths grew from use in space: John Glenn drank Tang in orbit in 1962, and Apollo missions used Velcro extensively to anchor equipment.","https://spinoff.nasa.gov/faq","L98 card.everyday_technology.098.c4","L98 question.everyday_technology.098.q2","","","","","","corroborated","NASA's Apollo Lunar Surface Journal describes Velcro used throughout Apollo spacecraft to secure equipment. (https://www.nasa.gov/history/alsj/WOTM/WOTM-Velcro.html)","one-page"
"fact.everyday_technology.leaded_petrol_1922_2021","source.unep_leaded_petrol_2021","unverified","From 1922, tetraethyllead was added to petrol to improve engine performance; it harmed health, including heart disease, stroke and children's brain development, and its use ended worldwide when Algeria stopped selling it in July 2021, 99 years later.","https://www.unep.org/news-and-stories/press-release/era-leaded-petrol-over-eliminating-major-threat-human-and-planetary","L99 card.everyday_technology.099.c1","L99 question.everyday_technology.099.q1","","","","","","corroborated","NPR and UN News (August 30, 2021) report that Algeria used up the last leaded gasoline in July 2021, ending a century of use. (https://npr.org/2021/08/30/1031429212/the-world-has-finally-stopped-using-leaded-gasoline-algeria-used-the-last-stockp https://news.un.org/en/story/2021/08/1098792)",""
"fact.everyday_technology.leaded_petrol_phaseout","source.unep_leaded_petrol_2021","unverified","Most high-income countries had banned leaded petrol by the 1980s, but as late as 2002 almost all low- and middle-income countries still used it; UNEP estimates ending it prevents more than 1.2 million premature deaths a year.","https://www.unep.org/news-and-stories/press-release/era-leaded-petrol-over-eliminating-major-threat-human-and-planetary","L99 card.everyday_technology.099.c2","L99 question.everyday_technology.099.q1","","","","","","corroborated","Al Jazeera and E&T report the UNEP estimate of more than 1.2 million premature deaths prevented per year. (https://www.aljazeera.com/news/2021/8/30/un-hails-milestone-as-use-of-leaded-petrol-ended-globally https://eandt.theiet.org/2021/08/31/world-finally-rid-leaded-petrol-unep-announces)",""
"fact.everyday_technology.collingridge_dilemma","source.researchpolicy_collingridge","unverified","In his 1980 book The Social Control of Technology, David Collingridge described a dilemma: a technology's effects are hard to predict until it is widely used, but by then it is entrenched and hard to change.","https://www.sciencedirect.com/science/article/pii/S0048733317301622","L99 card.everyday_technology.099.c3","L99 question.everyday_technology.099.q2","","","","","","corroborated","Edge.org and Wikipedia summarize Collingridge: ""When change is easy, the need for it cannot be foreseen; when the need for change is apparent, change has become expensive, difficult, and time-consuming."" (https://www.edge.org/response-detail/10898 https://en.wikipedia.org/wiki/Collingridge_dilemma)",""
"fact.everyday_technology.eu_ai_act_2024","source.ec_ai_act","unverified","The European Union's AI Act entered into force on 1 August 2024; it bans a few AI practices such as social scoring, sets strict obligations for high-risk uses such as hiring, and places no obligations on minimal-risk AI such as spam filters.","https://digital-strategy.ec.europa.eu/en/policies/regulatory-framework-ai","L99 card.everyday_technology.099.c4","L100 question.everyday_technology.100.q10","","","","","","corroborated","RAND and IBM describe the Act's risk tiers (unacceptable, high, limited, minimal) and its entry into force in August 2024. (https://www.rand.org/pubs/research_reports/RRA3243-3.html https://www.ibm.com/think/topics/eu-ai-act)",""
