fact_id,source_id,status,claim,source_url,appears_in,tested_by,supporting_quote,checked_by,checked_at,notes,pre_check,fact_check,fact_check_evidence,weak_evidence
"fact.how_money_works.money_three_jobs","source.imf_what_is_money","unverified","Money does three jobs: it is a medium of exchange, a unit of account and a store of value.","https://www.imf.org/external/pubs/ft/fandd/2012/09/basics.htm","L1 card.how_money_works.001.c1; L1 card.how_money_works.001.c2; L1 card.how_money_works.001.c3; L1 card.how_money_works.001.c4; L2 card.how_money_works.002.c3; L3 card.how_money_works.003.c1; L10 card.how_money_works.010.c4","L1 question.how_money_works.001.q1; L1 question.how_money_works.001.q2; L1 question.how_money_works.001.q3; L10 question.how_money_works.010.q3; L31 question.how_money_works.031.q3; L50 question.how_money_works.050.q6; L61 question.how_money_works.061.q3; L71 question.how_money_works.071.q3; L99 question.how_money_works.099.q3; L100 question.how_money_works.100.q1","","","","","","corroborated","IMF F&D, OpenStax and the St. Louis Fed each list the same three functions: store of value, unit of account and medium of exchange. The Bank of England's 2014 introduction lists the same three roles. (https://www.imf.org/external/pubs/ft/fandd/2012/09/basics.htm https://openstax.org/books/principles-economics-3e/pages/27-1-defining-money-by-its-functions https://www.stlouisfed.org/open-vault/2021/december/what-is-money)",""
"fact.how_money_works.money_three_jobs","source.openstax_money_functions","unverified","Money does three jobs: it is a medium of exchange, a unit of account and a store of value.","https://openstax.org/books/principles-economics-3e/pages/27-1-defining-money-by-its-functions","L1 card.how_money_works.001.c1; L1 card.how_money_works.001.c2; L1 card.how_money_works.001.c3; L1 card.how_money_works.001.c4; L2 card.how_money_works.002.c3; L3 card.how_money_works.003.c1; L10 card.how_money_works.010.c4","L1 question.how_money_works.001.q1; L1 question.how_money_works.001.q2; L1 question.how_money_works.001.q3; L10 question.how_money_works.010.q3; L31 question.how_money_works.031.q3; L50 question.how_money_works.050.q6; L61 question.how_money_works.061.q3; L71 question.how_money_works.071.q3; L99 question.how_money_works.099.q3; L100 question.how_money_works.100.q1","","","","","","corroborated","IMF F&D, OpenStax and the St. Louis Fed each list the same three functions: store of value, unit of account and medium of exchange. The Bank of England's 2014 introduction lists the same three roles. (https://www.imf.org/external/pubs/ft/fandd/2012/09/basics.htm https://openstax.org/books/principles-economics-3e/pages/27-1-defining-money-by-its-functions https://www.stlouisfed.org/open-vault/2021/december/what-is-money)",""
"fact.how_money_works.money_three_jobs","source.stlouisfed_what_is_money","unverified","Money does three jobs: it is a medium of exchange, a unit of account and a store of value.","https://www.stlouisfed.org/open-vault/2021/december/what-is-money","L1 card.how_money_works.001.c1; L1 card.how_money_works.001.c2; L1 card.how_money_works.001.c3; L1 card.how_money_works.001.c4; L2 card.how_money_works.002.c3; L3 card.how_money_works.003.c1; L10 card.how_money_works.010.c4","L1 question.how_money_works.001.q1; L1 question.how_money_works.001.q2; L1 question.how_money_works.001.q3; L10 question.how_money_works.010.q3; L31 question.how_money_works.031.q3; L50 question.how_money_works.050.q6; L61 question.how_money_works.061.q3; L71 question.how_money_works.071.q3; L99 question.how_money_works.099.q3; L100 question.how_money_works.100.q1","","","","","","corroborated","IMF F&D, OpenStax and the St. Louis Fed each list the same three functions: store of value, unit of account and medium of exchange. The Bank of England's 2014 introduction lists the same three roles. (https://www.imf.org/external/pubs/ft/fandd/2012/09/basics.htm https://openstax.org/books/principles-economics-3e/pages/27-1-defining-money-by-its-functions https://www.stlouisfed.org/open-vault/2021/december/what-is-money)",""
"fact.how_money_works.money_medium_of_exchange","source.openstax_money_functions","unverified","As a medium of exchange, money sits between buyer and seller: people accept it as payment so they can spend it on something else.","https://openstax.org/books/principles-economics-3e/pages/27-1-defining-money-by-its-functions","L1 card.how_money_works.001.c2; L41 card.how_money_works.041.c3; L71 card.how_money_works.071.c3","L1 question.how_money_works.001.q1; L1 question.how_money_works.001.q2; L71 question.how_money_works.071.q3","","","","","","corroborated","OpenStax: a medium of exchange acts as an intermediary between buyer and seller. The St. Louis Fed: money is widely accepted as a method of payment. (https://www.stlouisfed.org/open-vault/2021/december/what-is-money https://www.imf.org/external/pubs/ft/fandd/2012/09/basics.htm)",""
"fact.how_money_works.money_unit_of_account","source.openstax_money_functions","unverified","As a unit of account, money is the common ruler for measuring value, so prices are stated and compared in one unit, usually a currency.","https://openstax.org/books/principles-economics-3e/pages/27-1-defining-money-by-its-functions","L1 card.how_money_works.001.c3; L50 card.how_money_works.050.c3","L1 question.how_money_works.001.q1; L1 question.how_money_works.001.q3; L50 question.how_money_works.050.q6; L100 question.how_money_works.100.q1","","","","","","corroborated","OpenStax calls the unit of account 'the ruler by which we measure values'; IMF F&D: it provides a common base for prices. The Bank of England notes the unit of account is usually a currency, such as the pound. (https://www.stlouisfed.org/open-vault/2021/december/what-is-money https://www.bankofengland.co.uk/quarterly-bulletin/2014/q1/money-in-the-modern-economy-an-introduction)",""
"fact.how_money_works.money_unit_of_account","source.imf_what_is_money","unverified","As a unit of account, money is the common ruler for measuring value, so prices are stated and compared in one unit, usually a currency.","https://www.imf.org/external/pubs/ft/fandd/2012/09/basics.htm","L1 card.how_money_works.001.c3; L50 card.how_money_works.050.c3","L1 question.how_money_works.001.q1; L1 question.how_money_works.001.q3; L50 question.how_money_works.050.q6; L100 question.how_money_works.100.q1","","","","","","corroborated","OpenStax calls the unit of account 'the ruler by which we measure values'; IMF F&D: it provides a common base for prices. The Bank of England notes the unit of account is usually a currency, such as the pound. (https://www.stlouisfed.org/open-vault/2021/december/what-is-money https://www.bankofengland.co.uk/quarterly-bulletin/2014/q1/money-in-the-modern-economy-an-introduction)",""
"fact.how_money_works.money_store_of_value","source.imf_what_is_money","unverified","As a store of value, money can be saved and used later.","https://www.imf.org/external/pubs/ft/fandd/2012/09/basics.htm","L1 card.how_money_works.001.c4; L31 card.how_money_works.031.c4; L61 card.how_money_works.061.c3","L1 question.how_money_works.001.q1; L10 question.how_money_works.010.q3; L31 question.how_money_works.031.q3; L61 question.how_money_works.061.q3; L99 question.how_money_works.099.q3","","","","","","corroborated","IMF F&D: as a store of value people can save money and use it later. The St. Louis Fed makes the same point, contrasting money with corn that might rot. (https://www.stlouisfed.org/open-vault/2021/december/what-is-money)","one-page"
"fact.how_money_works.money_store_of_value","source.openstax_money_functions","unverified","As a store of value, money can be saved and used later.","https://openstax.org/books/principles-economics-3e/pages/27-1-defining-money-by-its-functions","L1 card.how_money_works.001.c4; L31 card.how_money_works.031.c4; L61 card.how_money_works.061.c3","L1 question.how_money_works.001.q1; L10 question.how_money_works.010.q3; L31 question.how_money_works.031.q3; L61 question.how_money_works.061.q3; L99 question.how_money_works.099.q3","","","","","","corroborated","IMF F&D: as a store of value people can save money and use it later. The St. Louis Fed makes the same point, contrasting money with corn that might rot. (https://www.stlouisfed.org/open-vault/2021/december/what-is-money)","one-page"
"fact.how_money_works.pow_radford_camp","source.economica_radford_pow_camp","unverified","Economist R. A. Radford, a prisoner of war in World War II, described his camp's economy in a 1945 paper.","https://www.jstor.org/stable/2550133","L1 card.how_money_works.001.c1; L57 card.how_money_works.057.c1; L61 card.how_money_works.061.c1","L57 question.how_money_works.057.q1","","","","","","corroborated","Finance Watch and other accounts: Radford studied economics at Cambridge, was captured in 1942, and published 'The Economic Organisation of a P.O.W. Camp' in Economica in November 1945. (https://www.finance-watch.org/blog/the-perfect-draw-when-cigarettes-became-a-war-camp-currency/ https://syncopate.us/articles/2006/n24a)",""
"fact.how_money_works.pow_cigarettes_currency","source.economica_radford_pow_camp","unverified","In Radford's camp, cigarettes became the normal currency: everyone, including non-smokers, would sell for cigarettes and use them to buy later.","https://www.jstor.org/stable/2550133","L1 card.how_money_works.001.c1; L1 card.how_money_works.001.c2; L6 card.how_money_works.006.c3","L1 question.how_money_works.001.q2","","","","","","corroborated","The paper's text (reproduced on syncopate.us): 'everyone, including non-smokers, was willing to sell for cigarettes, using them to buy at another time and place. Cigarettes became the normal currency'. Finance Watch: cigarettes rose to the status of currency. (https://syncopate.us/articles/2006/n24a https://www.finance-watch.org/blog/the-perfect-draw-when-cigarettes-became-a-war-camp-currency/)",""
"fact.how_money_works.pow_barter_first","source.economica_radford_pow_camp","unverified","Trade in Radford's camp started as direct barter before cigarettes took over as currency.","https://www.jstor.org/stable/2550133","L1 card.how_money_works.001.c2","L1 question.how_money_works.001.q2","","","","","","corroborated","Radford's text: 'Starting with simple direct barter ... more complex exchanges soon became an accepted custom', before cigarettes became the currency. (https://syncopate.us/articles/2006/n24a)","one-page"
"fact.how_money_works.pow_prices_in_cigarettes","source.economica_radford_pow_camp","unverified","Camp prices were quoted in cigarettes: prisoners called out offers like 'cheese for seven', and laundry cost two cigarettes a garment.","https://www.jstor.org/stable/2550133","L1 card.how_money_works.001.c3; L50 card.how_money_works.050.c3","L1 question.how_money_works.001.q3","","","","","","corroborated","Radford's text: relative values were 'expressed ... in terms of cigarettes'; offers such as 'cheese for seven' (cigarettes); 'Laundrymen advertised at two cigarettes a garment.' (https://syncopate.us/articles/2006/n24a https://courses.cit.cornell.edu/econ4260/out/radford_pow.pdf)",""
"fact.how_money_works.pow_cigarette_reserves","source.economica_radford_pow_camp","unverified","Prisoners held reserves of cigarettes, but cigarettes were also smoked, so when deliveries stopped, stocks ran out and prices fell.","https://www.jstor.org/stable/2550133","L1 card.how_money_works.001.c4; L3 card.how_money_works.003.c3; L31 card.how_money_works.031.c4; L64 card.how_money_works.064.c1","L2 question.how_money_works.002.q3; L3 question.how_money_works.003.q3","","","","","","corroborated","Radford's text: 'many people held reserves'; cigarettes had strong non-monetary demand, and 'when the issue was interrupted, stocks soon ran out, prices fell'. Finance Watch notes cigarettes served as a store of value. (https://syncopate.us/articles/2006/n24a https://www.finance-watch.org/blog/the-perfect-draw-when-cigarettes-became-a-war-camp-currency/)",""
"fact.how_money_works.barter_definition","source.openstax_money_functions","unverified","Barter is trading one good or service directly for another, without money.","https://openstax.org/books/principles-economics-3e/pages/27-1-defining-money-by-its-functions","L2 card.how_money_works.002.c1; L2 card.how_money_works.002.c2","L2 question.how_money_works.002.q1; L35 question.how_money_works.035.q3; L41 question.how_money_works.041.q3; L100 question.how_money_works.100.q2","","","","","","corroborated","OpenStax: barter is 'literally trading one good or service for another'. IMF F&D: without money we would be reduced to a barter economy of direct swaps. (https://www.imf.org/external/pubs/ft/fandd/2012/09/basics.htm)","one-page"
"fact.how_money_works.barter_double_coincidence","source.openstax_money_functions","unverified","Barter needs a double coincidence of wants: each person must want something the other can provide.","https://openstax.org/books/principles-economics-3e/pages/27-1-defining-money-by-its-functions","L2 card.how_money_works.002.c2; L35 card.how_money_works.035.c2; L41 card.how_money_works.041.c3","L2 question.how_money_works.002.q1; L35 question.how_money_works.035.q3; L41 question.how_money_works.041.q3; L100 question.how_money_works.100.q2","","","","","","corroborated","OpenStax defines the double coincidence of wants as each of two people wanting something the other can provide; Britannica's money article says money frees trade from barter's double coincidence. (https://www.britannica.com/money/money https://www.imf.org/external/pubs/ft/fandd/2012/09/basics.htm)",""
"fact.how_money_works.barter_mechanic_farmer","source.imf_what_is_money","unverified","Without money, a car mechanic who wanted food would have to find a farmer with a broken car.","https://www.imf.org/external/pubs/ft/fandd/2012/09/basics.htm","L2 card.how_money_works.002.c1; L2 card.how_money_works.002.c2","L2 question.how_money_works.002.q1; L35 question.how_money_works.035.q3; L41 question.how_money_works.041.q3; L100 question.how_money_works.100.q2","","","","","","corroborated","IMF F&D: 'a person who specialized in fixing cars and needed to trade for food would have to find a farmer with a broken car.' OpenStax gives a parallel example of an accountant who must find someone with shoes who wants accounting. (https://openstax.org/books/principles-economics-3e/pages/27-1-defining-money-by-its-functions)","one-page"
"fact.how_money_works.barter_no_index_of_value","source.man_humphrey_barter","unverified","Barter with no established measures has no underlying index of value: each exchange stands virtually on its own.","https://www.jstor.org/stable/2802221","L2 card.how_money_works.002.c3","L2 question.how_money_works.002.q2","","","","","","corroborated","Humphrey's paper (full text copy): barter 'with no established measures of weight and volume means that there can be no underlying index of value / numeraire. Each transaction exists virtually on its own.' OpenStax contrasts this with money as the common ruler. (https://voidnetwork.gr/wp-content/uploads/2016/09/Barter-and-economic-disintegration-by-Caroline-Humphrey.pdf https://openstax.org/books/principles-economics-3e/pages/27-1-defining-money-by-its-functions)",""
"fact.how_money_works.barter_perishable_future","source.openstax_money_functions","unverified","Barter makes it hard to buy things later with perishable goods, like a farmer hoping to pay for a tractor in six months with fresh strawberries.","https://openstax.org/books/principles-economics-3e/pages/27-1-defining-money-by-its-functions","L2 card.how_money_works.002.c3","L2 question.how_money_works.002.q2","","","","","","corroborated","OpenStax: 'if the goods are perishable it may be difficult to exchange them for other goods in the future. Imagine a farmer wanting to buy a tractor in six months using a fresh crop of strawberries.' The St. Louis Fed contrasts money with corn that might rot. (https://www.stlouisfed.org/open-vault/2021/december/what-is-money)","one-page"
"fact.how_money_works.barter_textbook_story","source.man_humphrey_barter","unverified","Economists since Adam Smith have told a story in which barter came first and money replaced it once people saw it was more efficient.","https://www.jstor.org/stable/2802221","L2 card.how_money_works.002.c4","L2 question.how_money_works.002.q3; L91 question.how_money_works.091.q3","","","","","","corroborated","Humphrey: orthodox economics, 'which stems at least from Adam Smith', places barter at the most primitive stage, superseded by money. The IMF's basics article also frames money as the escape from barter. (https://voidnetwork.gr/wp-content/uploads/2016/09/Barter-and-economic-disintegration-by-Caroline-Humphrey.pdf https://www.imf.org/external/pubs/ft/fandd/2012/09/basics.htm)",""
"fact.how_money_works.barter_no_pure_economy","source.man_humphrey_barter","unverified","In 1985, anthropologist Caroline Humphrey concluded that no pure barter economy has ever been described.","https://www.jstor.org/stable/2802221","L2 card.how_money_works.002.c4","L2 question.how_money_works.002.q3; L91 question.how_money_works.091.q3","","","","","","corroborated","Humphrey (Man, 1985): 'No example of a barter economy, pure and simple, has ever been described, let alone the emergence from it of money.' Semantic Scholar lists the paper (Man 20, 48-72). (https://voidnetwork.gr/wp-content/uploads/2016/09/Barter-and-economic-disintegration-by-Caroline-Humphrey.pdf https://www.semanticscholar.org/paper/Barter-and-Economic-Disintegration-Humphrey/d3ad38ad3326bafa731013e23283cd9f8c9858cb)",""
"fact.how_money_works.barter_between_acquaintances","source.man_humphrey_barter","unverified","Barter tends to take place between people who know one another.","https://www.jstor.org/stable/2802221","L2 card.how_money_works.002.c4","L2 question.how_money_works.002.q3; L91 question.how_money_works.091.q3","","","","","","corroborated","Humphrey's abstract: 'Barter tends to take place between people who know one another'. (https://voidnetwork.gr/wp-content/uploads/2016/09/Barter-and-economic-disintegration-by-Caroline-Humphrey.pdf)","one-page"
"fact.how_money_works.pow_barter_when_short","source.economica_radford_pow_camp","unverified","In Radford's camp, when cigarette deliveries were interrupted, trade became increasingly a matter of barter.","https://www.jstor.org/stable/2550133","L2 card.how_money_works.002.c4; L64 card.how_money_works.064.c1","L2 question.how_money_works.002.q3; L91 question.how_money_works.091.q3","","","","","","corroborated","Radford's text: when the issue was interrupted, 'trading declined in volume and became increasingly a matter of barter.' (https://syncopate.us/articles/2006/n24a https://courses.cit.cornell.edu/econ4260/out/radford_pow.pdf)",""
"fact.how_money_works.cowrie_qualities","source.carlos_cash_cowries","unverified","Cowrie shells were small, light, durable and difficult to counterfeit.","https://carlos.emory.edu/cash-cowries","L3 card.how_money_works.003.c2; L10 card.how_money_works.010.c3","L3 question.how_money_works.003.q1; L4 question.how_money_works.004.q3","","","","","","corroborated","The Carlos Museum: 'Small, lightweight, easy to handle and difficult to counterfeit, these durable shells had all the qualities necessary for use as currency.' History Facts: cowries 'are durable, portable, and hard to counterfeit.' The Marginalian: small, durable shells, easy to transport, impossible to forge. (https://historyfacts.com/world-history/fact/seashells-used-as-money/ https://www.themarginalian.org/2022/09/02/monetaria-moneta/)",""
"fact.how_money_works.cowrie_africa_use","source.carlos_cash_cowries","unverified","Cowrie shells served as money in Africa, in places until the late 19th century.","https://carlos.emory.edu/cash-cowries","L3 card.how_money_works.003.c2","L3 question.how_money_works.003.q1; L4 question.how_money_works.004.q3","","","","","","corroborated","Britannica: the money cowrie 'has served as currency in Africa and elsewhere'. The Carlos Museum: up until the late 19th century they were used as money. The British Museum shows shells valued as money in West and Central Africa. (https://www.britannica.com/animal/cowrie https://www.britishmuseum.org/sites/default/files/2021-05/Money_Gallery_LPG_2020_Room_68.pdf)",""
"fact.how_money_works.cowrie_africa_use","source.brit_cowrie","unverified","Cowrie shells served as money in Africa, in places until the late 19th century.","https://www.britannica.com/animal/cowrie","L3 card.how_money_works.003.c2","L3 question.how_money_works.003.q1; L4 question.how_money_works.004.q3","","","","","","corroborated","Britannica: the money cowrie 'has served as currency in Africa and elsewhere'. The Carlos Museum: up until the late 19th century they were used as money. The British Museum shows shells valued as money in West and Central Africa. (https://www.britannica.com/animal/cowrie https://www.britishmuseum.org/sites/default/files/2021-05/Money_Gallery_LPG_2020_Room_68.pdf)",""
"fact.how_money_works.cowrie_china_payments","source.britishmuseum_money_gallery","unverified","In China, strings of cowrie shells were used in royal gifts and payments from around 1000 BCE.","https://www.britishmuseum.org/sites/default/files/2021-05/Money_Gallery_LPG_2020_Room_68.pdf","L3 card.how_money_works.003.c2","L3 question.how_money_works.003.q1; L4 question.how_money_works.004.q3","","","","","","corroborated","British Museum Money Gallery: 'strings of shells were used in royal gifts and payments from around 1000 BC.' Wikipedia's Radical 154 page notes bei (shell) was also an Old Chinese term for money. (https://www.britishmuseum.org/sites/default/files/2021-05/Money_Gallery_LPG_2020_Room_68.pdf https://en.wikipedia.org/wiki/Radical_154)",""
"fact.how_money_works.cowrie_chinese_characters","source.britishmuseum_money_gallery","unverified","Many modern Chinese characters about money, such as those for buy, loan and tax, include the ancient symbol for a cowrie shell.","https://www.britishmuseum.org/sites/default/files/2021-05/Money_Gallery_LPG_2020_Room_68.pdf","L3 card.how_money_works.003.c2","L3 question.how_money_works.003.q1; L4 question.how_money_works.004.q3","","","","","","corroborated","British Museum Money Gallery lists 貝 (cowrie shell) inside 買 buy, 貸 loan and 賦 tax. Wikipedia's Radical 154 page: characters concerning money, property or wealth usually have the shell radical. (https://www.britishmuseum.org/sites/default/files/2021-05/Money_Gallery_LPG_2020_Room_68.pdf https://en.wikipedia.org/wiki/Radical_154)",""
"fact.how_money_works.salt_ethiopia_bars","source.persee_pankhurst_primitive_money","unverified","In Ethiopia, bars of salt were used as money for many hundreds of years, until the 1930s.","https://www.persee.fr/doc/jafr_0037-9166_1962_num_32_2_1358","L3 card.how_money_works.003.c3","L3 question.how_money_works.003.q3","","","","","","corroborated","Pankhurst (1962): 'bars of salt, pieces of cloth and bars of iron' served as money 'for many hundred years prior to the Italian invasion of 1935.' MoneyMuseum: salt bars were still in use in Ethiopia at the beginning of the 20th century. (https://www.persee.fr/doc/jafr_0037-9166_1962_num_32_2_1358 https://www.moneymuseum.com/en/coins?id=1613)",""
"fact.how_money_works.salt_dual_use","source.moneymuseum_amole_salt","unverified","Salt made good money partly because it is a commodity that nearly everyone needs.","https://www.moneymuseum.com/en/coins?id=1613","L3 card.how_money_works.003.c3; L39 card.how_money_works.039.c4","L3 question.how_money_works.003.q3","","","","","","corroborated","MoneyMuseum: amole salt bar money 'owes its popularity to its double use as means of exchange and as raw material.' The Encyclopedia of Money: salt is 'one of those commodities universally in demand'. (https://www.moneymuseum.com/en/coins?id=1613 https://encyclopedia-of-money.blogspot.com/2011/10/salt-currency.html)",""
"fact.how_money_works.yap_stones_from_palau","source.smithsonian_yap_okeefe","unverified","Yap's stone money discs were quarried on Palau, hundreds of kilometers away, and carried back across the sea.","https://www.smithsonianmag.com/history/david-okeefe-the-king-of-hard-currency-37051930/","L3 card.how_money_works.003.c4","L3 question.how_money_works.003.q2; L6 question.how_money_works.006.q3; L8 question.how_money_works.008.q3; L33 question.how_money_works.033.q3","","","","","","corroborated","Smithsonian: the coins were quarried 250 miles away on Palau and carried in canoes. NPR: explorers from Yap carved limestone found on an island hundreds of miles away. The University of Oregon: islanders sailed hundreds of kilometers to quarry the stone. (https://www.smithsonianmag.com/history/david-okeefe-the-king-of-hard-currency-37051930/ https://www.npr.org/sections/money/2011/02/15/131934618/the-island-of-stone-money https://news.uoregon.edu/content/researchers-turn-stones-find-ancient-origin-bitcoin)",""
"fact.how_money_works.yap_stones_from_palau","source.npr_island_of_stone_money","unverified","Yap's stone money discs were quarried on Palau, hundreds of kilometers away, and carried back across the sea.","https://www.npr.org/sections/money/2011/02/15/131934618/the-island-of-stone-money","L3 card.how_money_works.003.c4","L3 question.how_money_works.003.q2; L6 question.how_money_works.006.q3; L8 question.how_money_works.008.q3; L33 question.how_money_works.033.q3","","","","","","corroborated","Smithsonian: the coins were quarried 250 miles away on Palau and carried in canoes. NPR: explorers from Yap carved limestone found on an island hundreds of miles away. The University of Oregon: islanders sailed hundreds of kilometers to quarry the stone. (https://www.smithsonianmag.com/history/david-okeefe-the-king-of-hard-currency-37051930/ https://www.npr.org/sections/money/2011/02/15/131934618/the-island-of-stone-money https://news.uoregon.edu/content/researchers-turn-stones-find-ancient-origin-bitcoin)",""
"fact.how_money_works.yap_stone_size","source.smithsonian_yap_okeefe","unverified","The largest Yap stones are more than 3.5 meters across.","https://www.smithsonianmag.com/history/david-okeefe-the-king-of-hard-currency-37051930/","L3 card.how_money_works.003.c1; L3 card.how_money_works.003.c4; L10 card.how_money_works.010.c3","L3 question.how_money_works.003.q2; L6 question.how_money_works.006.q3; L8 question.how_money_works.008.q3; L33 question.how_money_works.033.q3","","","","","","corroborated","Smithsonian: coins 'as much as 12 feet in diameter' (about 3.7 m). The St. Louis Fed says up to 13 feet; Furness (quoted by Friedman) says a foot to twelve feet. All exceed 3.5 m. (https://www.smithsonianmag.com/history/david-okeefe-the-king-of-hard-currency-37051930/ https://www.stlouisfed.org/open-vault/2021/december/what-is-money https://archive.org/stream/IslandOfStoneMoney/island%20of%20stone%20money_djvu.txt)",""
"fact.how_money_works.yap_stone_size","source.stlouisfed_what_is_money","unverified","The largest Yap stones are more than 3.5 meters across.","https://www.stlouisfed.org/open-vault/2021/december/what-is-money","L3 card.how_money_works.003.c1; L3 card.how_money_works.003.c4; L10 card.how_money_works.010.c3","L3 question.how_money_works.003.q2; L6 question.how_money_works.006.q3; L8 question.how_money_works.008.q3; L33 question.how_money_works.033.q3","","","","","","corroborated","Smithsonian: coins 'as much as 12 feet in diameter' (about 3.7 m). The St. Louis Fed says up to 13 feet; Furness (quoted by Friedman) says a foot to twelve feet. All exceed 3.5 m. (https://www.smithsonianmag.com/history/david-okeefe-the-king-of-hard-currency-37051930/ https://www.stlouisfed.org/open-vault/2021/december/what-is-money https://archive.org/stream/IslandOfStoneMoney/island%20of%20stone%20money_djvu.txt)",""
"fact.how_money_works.yap_ownership_without_moving","source.npr_island_of_stone_money","unverified","Large Yap stones usually stayed put when they changed hands; everyone simply knew who the new owner was.","https://www.npr.org/sections/money/2011/02/15/131934618/the-island-of-stone-money","L3 card.how_money_works.003.c4; L8 card.how_money_works.008.c4; L33 card.how_money_works.033.c4","L3 question.how_money_works.003.q2; L6 question.how_money_works.006.q3; L8 question.how_money_works.008.q3; L33 question.how_money_works.033.q3","","","","","","corroborated","NPR: the stone doesn't move; 'everybody in the village knows the stone now has a new owner.' Furness via Friedman: the new owner accepts 'the bare acknowledgment of ownership' and the stone stays on the former owner's premises. (https://www.npr.org/sections/money/2011/02/15/131934618/the-island-of-stone-money https://archive.org/stream/IslandOfStoneMoney/island%20of%20stone%20money_djvu.txt https://www.smithsonianmag.com/history/david-okeefe-the-king-of-hard-currency-37051930/)",""
"fact.how_money_works.yap_ownership_without_moving","source.hoover_friedman_stone_money","unverified","Large Yap stones usually stayed put when they changed hands; everyone simply knew who the new owner was.","https://miltonfriedman.hoover.org/objects/56723/the-island-of-stone-money","L3 card.how_money_works.003.c4; L8 card.how_money_works.008.c4; L33 card.how_money_works.033.c4","L3 question.how_money_works.003.q2; L6 question.how_money_works.006.q3; L8 question.how_money_works.008.q3; L33 question.how_money_works.033.q3","","","","","","corroborated","NPR: the stone doesn't move; 'everybody in the village knows the stone now has a new owner.' Furness via Friedman: the new owner accepts 'the bare acknowledgment of ownership' and the stone stays on the former owner's premises. (https://www.npr.org/sections/money/2011/02/15/131934618/the-island-of-stone-money https://archive.org/stream/IslandOfStoneMoney/island%20of%20stone%20money_djvu.txt https://www.smithsonianmag.com/history/david-okeefe-the-king-of-hard-currency-37051930/)",""
"fact.how_money_works.yap_sunken_stone","source.hoover_friedman_stone_money","unverified","According to Yap tradition, recorded by visitor William Furness, one stone sank in a storm on its way home, and islanders agreed it still counted as its owners' wealth.","https://miltonfriedman.hoover.org/objects/56723/the-island-of-stone-money","L3 card.how_money_works.003.c4; L6 card.how_money_works.006.c4","L3 question.how_money_works.003.q2; L6 question.how_money_works.006.q3; L8 question.how_money_works.008.q3; L33 question.how_money_works.033.q3","","","","","","corroborated","Friedman quotes Furness: a family's wealth was an enormous stone lying at the bottom of the sea after a storm, its purchasing power 'as valid as if it were leaning visibly against the side of the owner's house.' NPR and Smithsonian recount the same story. (https://archive.org/stream/IslandOfStoneMoney/island%20of%20stone%20money_djvu.txt https://www.npr.org/sections/money/2011/02/15/131934618/the-island-of-stone-money https://www.smithsonianmag.com/history/david-okeefe-the-king-of-hard-currency-37051930/)",""
"fact.how_money_works.yap_sunken_stone","source.npr_island_of_stone_money","unverified","According to Yap tradition, recorded by visitor William Furness, one stone sank in a storm on its way home, and islanders agreed it still counted as its owners' wealth.","https://www.npr.org/sections/money/2011/02/15/131934618/the-island-of-stone-money","L3 card.how_money_works.003.c4; L6 card.how_money_works.006.c4","L3 question.how_money_works.003.q2; L6 question.how_money_works.006.q3; L8 question.how_money_works.008.q3; L33 question.how_money_works.033.q3","","","","","","corroborated","Friedman quotes Furness: a family's wealth was an enormous stone lying at the bottom of the sea after a storm, its purchasing power 'as valid as if it were leaning visibly against the side of the owner's house.' NPR and Smithsonian recount the same story. (https://archive.org/stream/IslandOfStoneMoney/island%20of%20stone%20money_djvu.txt https://www.npr.org/sections/money/2011/02/15/131934618/the-island-of-stone-money https://www.smithsonianmag.com/history/david-okeefe-the-king-of-hard-currency-37051930/)",""
"fact.how_money_works.lydia_first_coins_650","source.britishmuseum_money_gallery","unverified","The first coins were probably made in Lydia, in what is now Turkey, around 650 BCE.","https://www.britishmuseum.org/sites/default/files/2021-05/Money_Gallery_LPG_2020_Room_68.pdf","L4 card.how_money_works.004.c1; L4 card.how_money_works.004.c3; L23 card.how_money_works.023.c1","L4 question.how_money_works.004.q1; L10 question.how_money_works.010.q4; L23 question.how_money_works.023.q3","","","","","","corroborated","British Museum: 'The first coins were probably produced and used in Lydia, now central Turkey', with electrum coins of about 650 BC. World History Encyclopedia dates the earliest staters to the second half of the 7th century BCE. (https://www.britishmuseum.org/sites/default/files/2021-05/Money_Gallery_LPG_2020_Room_68.pdf https://www.worldhistory.org/article/797/the-importance-of-the-lydian-stater-as-the-worlds/)",""
"fact.how_money_works.lydia_first_coins_650","source.worldhistory_lydian_stater","unverified","The first coins were probably made in Lydia, in what is now Turkey, around 650 BCE.","https://www.worldhistory.org/article/797/the-importance-of-the-lydian-stater-as-the-worlds/","L4 card.how_money_works.004.c1; L4 card.how_money_works.004.c3; L23 card.how_money_works.023.c1","L4 question.how_money_works.004.q1; L10 question.how_money_works.010.q4; L23 question.how_money_works.023.q3","","","","","","corroborated","British Museum: 'The first coins were probably produced and used in Lydia, now central Turkey', with electrum coins of about 650 BC. World History Encyclopedia dates the earliest staters to the second half of the 7th century BCE. (https://www.britishmuseum.org/sites/default/files/2021-05/Money_Gallery_LPG_2020_Room_68.pdf https://www.worldhistory.org/article/797/the-importance-of-the-lydian-stater-as-the-worlds/)",""
"fact.how_money_works.lydia_electrum_weight","source.britishmuseum_money_gallery","unverified","Lydia's first coins were made of electrum, a natural mix of gold and silver, to strict weight standards.","https://www.britishmuseum.org/sites/default/files/2021-05/Money_Gallery_LPG_2020_Room_68.pdf","L4 card.how_money_works.004.c3","L4 question.how_money_works.004.q1","","","","","","corroborated","British Museum: early coins 'made from electrum, a naturally occurring mixture of gold and silver ... produced according to a strict weight standard.' World History Encyclopedia describes the stater's fairly consistent weight. (https://www.britishmuseum.org/sites/default/files/2021-05/Money_Gallery_LPG_2020_Room_68.pdf https://www.worldhistory.org/article/797/the-importance-of-the-lydian-stater-as-the-worlds/)",""
"fact.how_money_works.lydia_lion_royal","source.britishmuseum_money_gallery","unverified","Many early Lydian coins carried a lion's head, which seems to have been a royal symbol.","https://www.britishmuseum.org/sites/default/files/2021-05/Money_Gallery_LPG_2020_Room_68.pdf","L4 card.how_money_works.004.c3","L4 question.how_money_works.004.q1","","","","","","corroborated","British Museum: 'The lion's head seems to have been a royal symbol, so we assume that the coins were authorised by the kings of Lydia.' World History Encyclopedia: the 'Lydian Lion' hallmark showed coins were the king's official tender. (https://www.britishmuseum.org/sites/default/files/2021-05/Money_Gallery_LPG_2020_Room_68.pdf https://www.worldhistory.org/article/797/the-importance-of-the-lydian-stater-as-the-worlds/)",""
"fact.how_money_works.croesus_gold_silver","source.britishmuseum_money_gallery","unverified","Lydia was the first place to mint separate gold and silver coins; they are often credited to the legendarily wealthy King Croesus, but were probably made before and after his reign too.","https://www.britishmuseum.org/sites/default/files/2021-05/Money_Gallery_LPG_2020_Room_68.pdf","L4 card.how_money_works.004.c4","","","","","","","corroborated","British Museum: Lydia was 'the first place to mint coins in gold and in silver separately'; the coins 'are often attributed to the legendarily wealthy King Croesus ... but were probably produced both earlier and later.' World History Encyclopedia credits Croesus with pure gold and silver staters. (https://www.britishmuseum.org/sites/default/files/2021-05/Money_Gallery_LPG_2020_Room_68.pdf https://www.worldhistory.org/article/797/the-importance-of-the-lydian-stater-as-the-worlds/)",""
"fact.how_money_works.croesus_gold_silver","source.worldhistory_lydian_stater","unverified","Lydia was the first place to mint separate gold and silver coins; they are often credited to the legendarily wealthy King Croesus, but were probably made before and after his reign too.","https://www.worldhistory.org/article/797/the-importance-of-the-lydian-stater-as-the-worlds/","L4 card.how_money_works.004.c4","","","","","","","corroborated","British Museum: Lydia was 'the first place to mint coins in gold and in silver separately'; the coins 'are often attributed to the legendarily wealthy King Croesus ... but were probably produced both earlier and later.' World History Encyclopedia credits Croesus with pure gold and silver staters. (https://www.britishmuseum.org/sites/default/files/2021-05/Money_Gallery_LPG_2020_Room_68.pdf https://www.worldhistory.org/article/797/the-importance-of-the-lydian-stater-as-the-worlds/)",""
"fact.how_money_works.electrum_value_hard","source.worldhistory_lydian_stater","unverified","Electrum's worth was harder to calculate than pure gold's or silver's because it mixed metals.","https://www.worldhistory.org/article/797/the-importance-of-the-lydian-stater-as-the-worlds/","L4 card.how_money_works.004.c4","","","","","","","corroborated","World History Encyclopedia: pure gold and silver staters had 'a more definite intrinsic value ... whereas electrum's worth was more difficult to calculate due to the mix of metals.' The British Museum notes electrum is a natural gold-silver mix. (https://www.worldhistory.org/article/797/the-importance-of-the-lydian-stater-as-the-worlds/ https://www.britishmuseum.org/sites/default/files/2021-05/Money_Gallery_LPG_2020_Room_68.pdf)",""
"fact.how_money_works.coinage_spread","source.britishmuseum_money_gallery","unverified","The idea of gold and silver coinage spread rapidly around the Mediterranean.","https://www.britishmuseum.org/sites/default/files/2021-05/Money_Gallery_LPG_2020_Room_68.pdf","L4 card.how_money_works.004.c4","","","","","","","corroborated","British Museum: 'the idea of issuing coinage in gold and silver spread rapidly'; silver coinage spread rapidly across the Mediterranean. World History Encyclopedia: surrounding cultures began to imitate the Lydian model. (https://www.britishmuseum.org/sites/default/files/2021-05/Money_Gallery_LPG_2020_Room_68.pdf https://www.worldhistory.org/article/797/the-importance-of-the-lydian-stater-as-the-worlds/)",""
"fact.how_money_works.china_bronze_tool_coins","source.britishmuseum_money_gallery","unverified","China's earliest coins were cast in bronze in the shapes of tools such as spades and knives.","https://www.britishmuseum.org/sites/default/files/2021-05/Money_Gallery_LPG_2020_Room_68.pdf","L4 card.how_money_works.004.c4","","","","","","","corroborated","British Museum: 'The first coins in China were cast in bronze ... in shapes including spades, knives, cowrie shells and round coins'; 'The earliest money in China was shaped like tools, including spades and knives.' (https://www.britishmuseum.org/sites/default/files/2021-05/Money_Gallery_LPG_2020_Room_68.pdf)","one-page"
"fact.how_money_works.china_coinage_independent","source.worldhistory_lydian_stater","unverified","Most historians think coinage arose in China independently of Lydia.","https://www.worldhistory.org/article/797/the-importance-of-the-lydian-stater-as-the-worlds/","L4 card.how_money_works.004.c4","","","","","","","corroborated","World History Encyclopedia: 'most historians have concluded that although coinage likely sprung up in China and India independently from Lydia', the evidence places it after the stater. The British Museum presents Chinese coinage as a separate East Asian tradition. (https://www.worldhistory.org/article/797/the-importance-of-the-lydian-stater-as-the-worlds/ https://www.britishmuseum.org/sites/default/files/2021-05/Money_Gallery_LPG_2020_Room_68.pdf)",""
"fact.how_money_works.metal_weighed_before_coins","source.worldhistory_lydian_stater","unverified","Before coins, traders paid with rings or bars of precious metal that had to be weighed and checked in every deal.","https://www.worldhistory.org/article/797/the-importance-of-the-lydian-stater-as-the-worlds/","L4 card.how_money_works.004.c2","L4 question.how_money_works.004.q2","","","","","","corroborated","World History Encyclopedia: rings or ingots of precious metal 'had to be weighed and verified each time a transaction took place'. The British Museum shows an Egyptian painting of a man weighing gold rings. (https://www.worldhistory.org/article/797/the-importance-of-the-lydian-stater-as-the-worlds/ https://www.britishmuseum.org/sites/default/files/2021-05/Money_Gallery_LPG_2020_Room_68.pdf)",""
"fact.how_money_works.coins_skip_weighing","source.worldhistory_lydian_stater","unverified","Coins with standard weights removed the need to weigh metal in every deal.","https://www.worldhistory.org/article/797/the-importance-of-the-lydian-stater-as-the-worlds/","L4 card.how_money_works.004.c3","L4 question.how_money_works.004.q2","","","","","","corroborated","World History Encyclopedia: 'Coins, with their standardized weights, eliminated this time-consuming problem'. The British Museum: early coins' value was calculated by their fixed metal weight. (https://www.worldhistory.org/article/797/the-importance-of-the-lydian-stater-as-the-worlds/ https://www.britishmuseum.org/sites/default/files/2021-05/Money_Gallery_LPG_2020_Room_68.pdf)",""
"fact.how_money_works.coin_stamp_official","source.worldhistory_lydian_stater","unverified","Stamping a piece of precious metal marked it as official money that the state was willing to accept as payment.","https://www.worldhistory.org/article/797/the-importance-of-the-lydian-stater-as-the-worlds/","L4 card.how_money_works.004.c3","L4 question.how_money_works.004.q2","","","","","","corroborated","World History Encyclopedia: stamping metal with a 'State seal' conferred 'official status on it as money, indicating the State's willingness to accept the piece as payment.' British Museum: the royal lion suggests coins were authorised by the kings. (https://www.worldhistory.org/article/797/the-importance-of-the-lydian-stater-as-the-worlds/ https://www.britishmuseum.org/sites/default/files/2021-05/Money_Gallery_LPG_2020_Room_68.pdf)",""
"fact.how_money_works.metal_money_qualities","source.worldhistory_lydian_stater","unverified","To work as money, coins need to be portable, non-perishable and hard to counterfeit, which is why they are made of metal.","https://www.worldhistory.org/article/797/the-importance-of-the-lydian-stater-as-the-worlds/","L4 card.how_money_works.004.c2","L4 question.how_money_works.004.q3; L5 question.how_money_works.005.q3","","","","","","corroborated","World History Encyclopedia: metal is 'largely unavoidable' because a coin 'must be portable, non-perishable, difficult to counterfeit'. The St. Louis Fed lists durability and portability among money's key traits. (https://www.worldhistory.org/article/797/the-importance-of-the-lydian-stater-as-the-worlds/ https://www.stlouisfed.org/open-vault/2021/december/what-is-money)",""
"fact.how_money_works.feiqian_flying_money","source.britishmuseum_money_gallery","unverified","In Tang dynasty China (618–907), merchants used paper drafts called 'flying money' (feiqian) instead of carrying heavy coins over long distances.","https://www.britishmuseum.org/sites/default/files/2021-05/Money_Gallery_LPG_2020_Room_68.pdf","L5 card.how_money_works.005.c2","L5 question.how_money_works.005.q2","","","","","","corroborated","British Museum: in the Tang dynasty (AD 618–907) paper 'flying coins' (feiqian) were convenient compared with heavy coins and for sending money long distances. Britannica calls feiqian drafts for transmitting funds; World History Encyclopedia describes merchants' receipts called flying money. (https://www.britishmuseum.org/sites/default/files/2021-05/Money_Gallery_LPG_2020_Room_68.pdf https://www.britannica.com/topic/feiqian https://www.worldhistory.org/article/1120/paper-in-ancient-china/)",""
"fact.how_money_works.feiqian_flying_money","source.brit_feiqian","unverified","In Tang dynasty China (618–907), merchants used paper drafts called 'flying money' (feiqian) instead of carrying heavy coins over long distances.","https://www.britannica.com/topic/feiqian","L5 card.how_money_works.005.c2","L5 question.how_money_works.005.q2","","","","","","corroborated","British Museum: in the Tang dynasty (AD 618–907) paper 'flying coins' (feiqian) were convenient compared with heavy coins and for sending money long distances. Britannica calls feiqian drafts for transmitting funds; World History Encyclopedia describes merchants' receipts called flying money. (https://www.britishmuseum.org/sites/default/files/2021-05/Money_Gallery_LPG_2020_Room_68.pdf https://www.britannica.com/topic/feiqian https://www.worldhistory.org/article/1120/paper-in-ancient-china/)",""
"fact.how_money_works.feiqian_flying_money","source.worldhistory_paper_china","unverified","In Tang dynasty China (618–907), merchants used paper drafts called 'flying money' (feiqian) instead of carrying heavy coins over long distances.","https://www.worldhistory.org/article/1120/paper-in-ancient-china/","L5 card.how_money_works.005.c2","L5 question.how_money_works.005.q2","","","","","","corroborated","British Museum: in the Tang dynasty (AD 618–907) paper 'flying coins' (feiqian) were convenient compared with heavy coins and for sending money long distances. Britannica calls feiqian drafts for transmitting funds; World History Encyclopedia describes merchants' receipts called flying money. (https://www.britishmuseum.org/sites/default/files/2021-05/Money_Gallery_LPG_2020_Room_68.pdf https://www.britannica.com/topic/feiqian https://www.worldhistory.org/article/1120/paper-in-ancient-china/)",""
"fact.how_money_works.feiqian_debate","source.britishmuseum_money_gallery","unverified","Historians differ on flying money: the British Museum calls it the first paper money, while others describe it as drafts for moving funds.","https://www.britishmuseum.org/sites/default/files/2021-05/Money_Gallery_LPG_2020_Room_68.pdf","L5 card.how_money_works.005.c2","L5 question.how_money_works.005.q2","","","","","","corroborated","British Museum: 'The world's first paper money was also introduced in Tang Dynasty China', naming feiqian. Britannica: feiqian were 'drafts for transmitting funds'. World History Encyclopedia calls it 'paper money of a sort'. (https://www.britishmuseum.org/sites/default/files/2021-05/Money_Gallery_LPG_2020_Room_68.pdf https://www.britannica.com/topic/feiqian https://www.worldhistory.org/article/1120/paper-in-ancient-china/)",""
"fact.how_money_works.feiqian_debate","source.brit_feiqian","unverified","Historians differ on flying money: the British Museum calls it the first paper money, while others describe it as drafts for moving funds.","https://www.britannica.com/topic/feiqian","L5 card.how_money_works.005.c2","L5 question.how_money_works.005.q2","","","","","","corroborated","British Museum: 'The world's first paper money was also introduced in Tang Dynasty China', naming feiqian. Britannica: feiqian were 'drafts for transmitting funds'. World History Encyclopedia calls it 'paper money of a sort'. (https://www.britishmuseum.org/sites/default/files/2021-05/Money_Gallery_LPG_2020_Room_68.pdf https://www.britannica.com/topic/feiqian https://www.worldhistory.org/article/1120/paper-in-ancient-china/)",""
"fact.how_money_works.sichuan_iron_coins","source.worldhistory_paper_china","unverified","In 11th-century Sichuan, heavy iron coins led people to leave their coins on deposit and use paper certificates instead.","https://www.worldhistory.org/article/1120/paper-in-ancient-china/","L5 card.how_money_works.005.c1; L5 card.how_money_works.005.c3","L5 question.how_money_works.005.q1; L5 question.how_money_works.005.q3; L10 question.how_money_works.010.q4","","","","","","corroborated","World History Encyclopedia: in 11th-century Sichuan 'the use of heavy iron coinage' led people to leave money in deposit houses and use paper certificates in transactions. Britannica: Sichuan shops issued certificates of deposit, the ancestors of paper money. (https://www.worldhistory.org/article/1120/paper-in-ancient-china/ https://www.britannica.com/topic/feiqian https://en.wikipedia.org/wiki/Jiaozi_(currency))",""
"fact.how_money_works.sichuan_iron_coins","source.brit_feiqian","unverified","In 11th-century Sichuan, heavy iron coins led people to leave their coins on deposit and use paper certificates instead.","https://www.britannica.com/topic/feiqian","L5 card.how_money_works.005.c1; L5 card.how_money_works.005.c3","L5 question.how_money_works.005.q1; L5 question.how_money_works.005.q3; L10 question.how_money_works.010.q4","","","","","","corroborated","World History Encyclopedia: in 11th-century Sichuan 'the use of heavy iron coinage' led people to leave money in deposit houses and use paper certificates in transactions. Britannica: Sichuan shops issued certificates of deposit, the ancestors of paper money. (https://www.worldhistory.org/article/1120/paper-in-ancient-china/ https://www.britannica.com/topic/feiqian https://en.wikipedia.org/wiki/Jiaozi_(currency))",""
"fact.how_money_works.song_notes_1023","source.worldhistory_paper_china","unverified","Around 1023, the Song government took over issuing Sichuan's paper certificates.","https://www.worldhistory.org/article/1120/paper-in-ancient-china/","L5 card.how_money_works.005.c3","L5 question.how_money_works.005.q1; L10 question.how_money_works.010.q4","","","","","","corroborated","World History Encyclopedia: 'Around 1023 CE ... people were issued with a paper certificate by the Song government.' Wikipedia's Jiaozi article: the government founded the Jiaozi office in 1023 to manage paper money. (https://www.worldhistory.org/article/1120/paper-in-ancient-china/ https://en.wikipedia.org/wiki/Jiaozi_(currency))",""
"fact.how_money_works.jiaozi_first","source.chinadaily_jiaozi_museum","unverified","The Song-era notes of Sichuan, called jiaozi, are widely described as the world's first paper currency.","https://govt.chinadaily.com.cn/s/202205/12/WS627cba00498e6a12c122bf7e/museum-dedicated-to-worlds-first-banknote-opens-in-sichuan.html","L5 card.how_money_works.005.c3","L5 question.how_money_works.005.q1; L10 question.how_money_works.010.q4","","","","","","corroborated","China Daily: 'The Jiaozi was the world's first paper currency. It appeared in Chengdu, Sichuan province during the Northern Song Dynasty.' Wikipedia's Jiaozi article gives the same description. (https://govt.chinadaily.com.cn/s/202205/12/WS627cba00498e6a12c122bf7e/museum-dedicated-to-worlds-first-banknote-opens-in-sichuan.html https://en.wikipedia.org/wiki/Jiaozi_(currency))",""
"fact.how_money_works.marco_polo_paper_money","source.worldhistory_paper_china","unverified","Marco Polo gave one of the earliest European accounts of Chinese paper money after his travels in the 13th century.","https://www.worldhistory.org/article/1120/paper-in-ancient-china/","L5 card.how_money_works.005.c4; L76 card.how_money_works.076.c2","L5 question.how_money_works.005.q3; L55 question.how_money_works.055.q3; L76 question.how_money_works.076.q3","","","","","","corroborated","World History Encyclopedia: 'Marco Polo gave one of the earliest accounts of Chinese paper money following his travels in Asia in the 13th century'. Lumen Learning's world civilization text: 'Marco Polo documented the Yuan printing of paper money'. (https://www.worldhistory.org/article/1120/paper-in-ancient-china/ https://courses.lumenlearning.com/suny-hccc-worldcivilization/chapter/trade-and-currency-under-the-yuan/)",""
"fact.how_money_works.stockholms_banco_1661","source.riksbank_first_banknotes","unverified","Europe's first real banknotes were issued in 1661 by Stockholms Banco in Sweden.","https://www.riksbank.se/en-gb/about-the-riksbank/history/historical-timeline/1600-1699/first-banknotes-in-europe/","L5 card.how_money_works.005.c4; L55 card.how_money_works.055.c1","L5 question.how_money_works.005.q3; L55 question.how_money_works.055.q3; L76 question.how_money_works.076.q3","","","","","","corroborated","Riksbank: '1661 - First banknotes in Europe ... Stockholms Banco issued the first real banknotes in Europe.' Wikipedia: Stockholms Banco began printing banknotes in 1661, the first European bank to do so. (https://www.riksbank.se/en-gb/about-the-riksbank/history/historical-timeline/1600-1699/first-banknotes-in-europe/ https://en.wikipedia.org/wiki/Stockholms_Banco)",""
"fact.how_money_works.sweden_heavy_copper","source.riksbank_first_banknotes","unverified","Sweden's first banknotes caught on because they were more convenient than heavy, cumbersome copper coins.","https://www.riksbank.se/en-gb/about-the-riksbank/history/historical-timeline/1600-1699/first-banknotes-in-europe/","L5 card.how_money_works.005.c1; L5 card.how_money_works.005.c4","L5 question.how_money_works.005.q3; L55 question.how_money_works.055.q3; L76 question.how_money_works.076.q3","","","","","","corroborated","Riksbank: 'The banknotes quickly became popular as they were more convenient than the heavy and cumbersome coins made of copper.' Wikipedia's Stockholms Banco article describes the same reason. (https://www.riksbank.se/en-gb/about-the-riksbank/history/historical-timeline/1600-1699/first-banknotes-in-europe/ https://en.wikipedia.org/wiki/Stockholms_Banco)",""
"fact.how_money_works.stockholms_banco_confidence","source.riksbank_first_banknotes","unverified","Stockholms Banco failed after the public lost confidence in its notes.","https://www.riksbank.se/en-gb/about-the-riksbank/history/historical-timeline/1600-1699/first-banknotes-in-europe/","L5 card.how_money_works.005.c4; L6 card.how_money_works.006.c4; L55 card.how_money_works.055.c1","L5 question.how_money_works.005.q3; L55 question.how_money_works.055.q3; L76 question.how_money_works.076.q3","","","","","","corroborated","Riksbank: 'Confidence was finally lost among the general public ... It ended with a bank failure.' Wikipedia: the bank ran into financial difficulties and was liquidated in 1667. (https://www.riksbank.se/en-gb/about-the-riksbank/history/historical-timeline/1600-1699/first-banknotes-in-europe/ https://en.wikipedia.org/wiki/Stockholms_Banco)",""
"fact.how_money_works.fiat_definition","source.openstax_money_functions","unverified","Fiat money has no intrinsic value and no commodity backing; a government declares it legal tender.","https://openstax.org/books/principles-economics-3e/pages/27-1-defining-money-by-its-functions","L6 card.how_money_works.006.c2","L6 question.how_money_works.006.q1; L7 question.how_money_works.007.q3; L100 question.how_money_works.100.q3","","","","","","corroborated","OpenStax: 'Fiat money has no intrinsic value, but is declared by a government to be a country's legal tender.' The St. Louis Fed: fiat money's value comes from being declared legal tender by the government. (https://openstax.org/books/principles-economics-3e/pages/27-1-defining-money-by-its-functions https://www.stlouisfed.org/open-vault/2021/december/what-is-money)",""
"fact.how_money_works.us_legal_tender_text","source.openstax_money_functions","unverified","US paper money carries the statement: 'This note is legal tender for all debts, public and private.'","https://openstax.org/books/principles-economics-3e/pages/27-1-defining-money-by-its-functions","L6 card.how_money_works.006.c2","L6 question.how_money_works.006.q1; L7 question.how_money_works.007.q3; L100 question.how_money_works.100.q3","","","","","","corroborated","OpenStax quotes the statement printed on US paper money: 'THIS NOTE IS LEGAL TENDER FOR ALL DEBTS, PUBLIC AND PRIVATE.' Wikipedia's Federal Reserve Note article quotes the same wording, in use since 1963. (https://openstax.org/books/principles-economics-3e/pages/27-1-defining-money-by-its-functions https://en.wikipedia.org/wiki/Federal_Reserve_Note)",""
"fact.how_money_works.us_dollar_fiat","source.openstax_money_functions","unverified","Today's US dollars are fiat money, not backed by gold or any other commodity.","https://openstax.org/books/principles-economics-3e/pages/27-1-defining-money-by-its-functions","L6 card.how_money_works.006.c2","L6 question.how_money_works.006.q1; L7 question.how_money_works.007.q3; L100 question.how_money_works.100.q3","","","","","","corroborated","OpenStax: 'Today, the Federal Reserve backs U.S. bills, but as fiat money (inconvertible paper money made legal tender by a government decree).' Federal Reserve History: after 1971 the monetary system in effect became a fiat one. (https://openstax.org/books/principles-economics-3e/pages/27-1-defining-money-by-its-functions https://www.federalreservehistory.org/essays/gold-convertibility-ends)",""
"fact.how_money_works.fed_100_note_cost","source.fed_currency_costs","unverified","In 2025, printing a US $100 note cost about 11 cents: 11.3 cents in paper, ink, labor and direct overhead.","https://www.federalreserve.gov/faqs/currency_12771.htm","L6 card.how_money_works.006.c1","L6 question.how_money_works.006.q2","","","","","","corroborated","Federal Reserve FAQ (updated November 2025): variable printing cost of $100 notes is 11.3 cents per note, covering paper, ink, labor and direct overhead. Numismatic News reported the same 2025 figures. (https://www.federalreserve.gov/faqs/currency_12771.htm https://www.numismaticnews.net/paper-money-market-federal-reserve-board-releases-2025-figures)",""
"fact.how_money_works.fiat_backed_by_trust","source.openstax_money_functions","unverified","The only backing of fiat money is people's shared faith and trust that it has value.","https://openstax.org/books/principles-economics-3e/pages/27-1-defining-money-by-its-functions","L6 card.how_money_works.006.c2; L6 card.how_money_works.006.c3; L10 card.how_money_works.010.c2","L6 question.how_money_works.006.q2; L10 question.how_money_works.010.q5; L29 question.how_money_works.029.q3","","","","","","corroborated","OpenStax: 'The only backing of our money is universal faith and trust that the currency has value'. IMF F&D: fiat money 'has value simply because a nation collectively agrees to ascribe a value to it.' (https://openstax.org/books/principles-economics-3e/pages/27-1-defining-money-by-its-functions https://www.imf.org/external/pubs/ft/fandd/2012/09/basics.htm)",""
"fact.how_money_works.fiat_backed_by_trust","source.imf_what_is_money","unverified","The only backing of fiat money is people's shared faith and trust that it has value.","https://www.imf.org/external/pubs/ft/fandd/2012/09/basics.htm","L6 card.how_money_works.006.c2; L6 card.how_money_works.006.c3; L10 card.how_money_works.010.c2","L6 question.how_money_works.006.q2; L10 question.how_money_works.010.q5; L29 question.how_money_works.029.q3","","","","","","corroborated","OpenStax: 'The only backing of our money is universal faith and trust that the currency has value'. IMF F&D: fiat money 'has value simply because a nation collectively agrees to ascribe a value to it.' (https://openstax.org/books/principles-economics-3e/pages/27-1-defining-money-by-its-functions https://www.imf.org/external/pubs/ft/fandd/2012/09/basics.htm)",""
"fact.how_money_works.money_works_by_belief","source.imf_what_is_money","unverified","Money works because people believe that it will.","https://www.imf.org/external/pubs/ft/fandd/2012/09/basics.htm","L6 card.how_money_works.006.c3; L10 card.how_money_works.010.c4; L29 card.how_money_works.029.c3; L30 card.how_money_works.030.c4","L6 question.how_money_works.006.q2; L10 question.how_money_works.010.q5; L29 question.how_money_works.029.q3","","","","","","corroborated","IMF F&D: 'In short, money works because people believe that it will.' The Bank of England describes money as a special IOU that everyone in the economy trusts. (https://www.imf.org/external/pubs/ft/fandd/2012/09/basics.htm https://www.bankofengland.co.uk/quarterly-bulletin/2014/q1/money-in-the-modern-economy-an-introduction)",""
"fact.how_money_works.friedman_yap_belief","source.hoover_friedman_stone_money","unverified","In 1991, economist Milton Friedman used Yap's stone money to show how important unquestioned belief is in monetary matters, including for our own money.","https://miltonfriedman.hoover.org/objects/56723/the-island-of-stone-money","L6 card.how_money_works.006.c4; L93 card.how_money_works.093.c4","L6 question.how_money_works.006.q3; L63 question.how_money_works.063.q3","","","","","","corroborated","Friedman's 1991 Hoover working paper: the examples 'illustrate how important ""myth,"" unquestioned belief, is in monetary matters. Our own money ... appear[s] ""real"" and ""rational"" to us.' Neomano's essay summarizes the same argument. (https://archive.org/stream/IslandOfStoneMoney/island%20of%20stone%20money_djvu.txt https://neomano.com/en/the-giant-stones-of-yap-and-what-money-really-is/)",""
"fact.how_money_works.gold_standard_definition","source.brit_gold_standard","unverified","Under a gold standard, a currency's unit is a fixed quantity of gold, or is kept at the value of one.","https://www.britannica.com/money/gold-standard","L7 card.how_money_works.007.c1; L7 card.how_money_works.007.c2","L7 question.how_money_works.007.q1","","","","","","corroborated","Britannica: 'the standard unit of currency is a fixed quantity of gold or is kept at the value of a fixed quantity of gold.' Federal Reserve History describes the US dollar's fixed gold price under the gold standard. (https://www.britannica.com/money/gold-standard https://www.federalreservehistory.org/essays/roosevelts-gold-program)",""
"fact.how_money_works.gold_standard_adoption","source.brit_gold_standard","unverified","Britain adopted the gold standard in 1821, and by the 1870s other big economies, including Germany and France, had followed.","https://www.britannica.com/money/gold-standard","L7 card.how_money_works.007.c2","L7 question.how_money_works.007.q1","","","","","","corroborated","Britannica: Britain implemented the gold standard in 1821; by the 1870s Germany, France and the United States had adopted gold standards. (https://www.britannica.com/money/gold-standard)","one-page"
"fact.how_money_works.us_fed_gold_convertibility","source.fedhistory_roosevelt_gold","unverified","Under the US gold standard, the Federal Reserve had to convert dollars into gold at a fixed price.","https://www.federalreservehistory.org/essays/roosevelts-gold-program","L7 card.how_money_works.007.c2","L7 question.how_money_works.007.q1","","","","","","corroborated","Federal Reserve History: the law required the Fed 'to convert those dollars into gold at a fixed price of $20.67 per ounce'. Friedman's essay also cites the traditional $20.67 an ounce. (https://www.federalreservehistory.org/essays/roosevelts-gold-program https://archive.org/stream/IslandOfStoneMoney/island%20of%20stone%20money_djvu.txt)",""
"fact.how_money_works.gold_supply_inflexible","source.brit_gold_standard","unverified","The supply of newly mined gold isn't closely related to how much money a growing economy needs, which made the gold standard inflexible.","https://www.britannica.com/money/gold-standard","L7 card.how_money_works.007.c3","L7 question.how_money_works.007.q2","","","","","","corroborated","Britannica: 'the supply of newly mined gold is not closely related to the growing needs of the world economy for a commensurate supply of money.' The FRED Blog: on gold, the US had no means to manage the supply of dollars. (https://www.britannica.com/money/gold-standard https://fredblog.stlouisfed.org/2022/07/inflation-and-deflation-with-a-fixed-money-supply/)",""
"fact.how_money_works.gold_abandoned_1930s","source.brit_gold_standard","unverified","World War I pushed countries to suspend gold convertibility, and after the Great Depression, no country kept a full gold standard by 1937.","https://www.britannica.com/money/gold-standard","L7 card.how_money_works.007.c3","L7 question.how_money_works.007.q2","","","","","","corroborated","Britannica: World War I forced nations to suspend convertibility; the Great Depression dealt the fatal blow, and by 1937 no country maintained a full gold standard. Federal Reserve History describes the US suspension in 1933. (https://www.britannica.com/money/gold-standard https://www.federalreservehistory.org/essays/roosevelts-gold-program)",""
"fact.how_money_works.us_1933_gold_suspension","source.fedhistory_roosevelt_gold","unverified","In 1933, the US stopped converting currency and bank deposits into gold coins and bars.","https://www.federalreservehistory.org/essays/roosevelts-gold-program","L7 card.how_money_works.007.c3","L7 question.how_money_works.007.q2","","","","","","corroborated","Federal Reserve History: an April 1933 proclamation 'prohibited the Treasury and financial institutions from converting currency and deposits into gold coins and ingots.' Britannica notes the Depression ended full gold standards. (https://www.federalreservehistory.org/essays/roosevelts-gold-program https://www.britannica.com/money/gold-standard)",""
"fact.how_money_works.bretton_woods_35","source.fedhistory_gold_convertibility_ends","unverified","After World War II, under the Bretton Woods system, other currencies were fixed to the dollar, and dollars were convertible to gold at $35 an ounce.","https://www.federalreservehistory.org/essays/gold-convertibility-ends","L7 card.how_money_works.007.c4; L75 card.how_money_works.075.c4","L7 question.how_money_works.007.q3; L10 question.how_money_works.010.q4; L79 question.how_money_works.079.q3; L93 question.how_money_works.093.q3; L100 question.how_money_works.100.q4","","","","","","corroborated","Federal Reserve History: under Bretton Woods, countries fixed their currencies to the dollar, and 'U.S. dollars were convertible to gold at a fixed exchange rate of $35 an ounce.' Britannica's gold standard article describes the US ending Bretton Woods convertibility in 1971. (https://www.federalreservehistory.org/essays/gold-convertibility-ends https://www.britannica.com/money/gold-standard)",""
"fact.how_money_works.nixon_1971_gold_window","source.fedhistory_gold_convertibility_ends","unverified","On August 15, 1971, President Nixon closed the gold window: foreign governments could no longer exchange their dollars for gold.","https://www.federalreservehistory.org/essays/gold-convertibility-ends","L7 card.how_money_works.007.c1; L7 card.how_money_works.007.c4","L7 question.how_money_works.007.q3; L10 question.how_money_works.010.q4; L79 question.how_money_works.079.q3; L93 question.how_money_works.093.q3; L100 question.how_money_works.100.q4","","","","","","corroborated","Federal Reserve History: on the evening of August 15, 1971, Nixon addressed the nation; 'Foreign governments could no longer exchange their dollars for gold.' The address text (UCSB) directs suspension of the dollar's convertibility into gold. (https://www.federalreservehistory.org/essays/gold-convertibility-ends https://www.presidency.ucsb.edu/documents/address-the-nation-outlining-new-economic-policy-the-challenge-peace)",""
"fact.how_money_works.nixon_1971_gold_window","source.ucsb_nixon_1971_address","unverified","On August 15, 1971, President Nixon closed the gold window: foreign governments could no longer exchange their dollars for gold.","https://www.presidency.ucsb.edu/documents/address-the-nation-outlining-new-economic-policy-the-challenge-peace","L7 card.how_money_works.007.c1; L7 card.how_money_works.007.c4","L7 question.how_money_works.007.q3; L10 question.how_money_works.010.q4; L79 question.how_money_works.079.q3; L93 question.how_money_works.093.q3; L100 question.how_money_works.100.q4","","","","","","corroborated","Federal Reserve History: on the evening of August 15, 1971, Nixon addressed the nation; 'Foreign governments could no longer exchange their dollars for gold.' The address text (UCSB) directs suspension of the dollar's convertibility into gold. (https://www.federalreservehistory.org/essays/gold-convertibility-ends https://www.presidency.ucsb.edu/documents/address-the-nation-outlining-new-economic-policy-the-challenge-peace)",""
"fact.how_money_works.nixon_suspend_temporarily","source.ucsb_nixon_1971_address","unverified","Nixon said he had directed the Treasury to 'suspend temporarily' the dollar's convertibility into gold.","https://www.presidency.ucsb.edu/documents/address-the-nation-outlining-new-economic-policy-the-challenge-peace","L7 card.how_money_works.007.c4","L7 question.how_money_works.007.q3; L10 question.how_money_works.010.q4; L79 question.how_money_works.079.q3; L93 question.how_money_works.093.q3; L100 question.how_money_works.100.q4","","","","","","corroborated","Nixon's address: 'I have directed Secretary Connally to suspend temporarily the convertibility of the dollar into gold or other reserve assets'. BullionStar's history of the Nixon shock quotes the same 'suspend temporarily' wording. (https://www.presidency.ucsb.edu/documents/address-the-nation-outlining-new-economic-policy-the-challenge-peace https://www.bullionstar.com/blogs/bullionstar/the-day-the-dollar-lost-its-gold-the-nixon-shock/)",""
"fact.how_money_works.post_1971_fiat","source.fedhistory_gold_convertibility_ends","unverified","After 1971, the Bretton Woods system soon ended, and the international monetary system in effect became a fiat one.","https://www.federalreservehistory.org/essays/gold-convertibility-ends","L7 card.how_money_works.007.c4","L7 question.how_money_works.007.q3; L10 question.how_money_works.010.q4; L79 question.how_money_works.079.q3; L93 question.how_money_works.093.q3; L100 question.how_money_works.100.q4","","","","","","corroborated","Federal Reserve History: 'in effect, the international monetary system turned into a fiat one ... the Bretton Woods system ended soon thereafter.' Britannica: the US suspended free convertibility of dollars into gold in 1971. (https://www.federalreservehistory.org/essays/gold-convertibility-ends https://www.britannica.com/money/gold-standard)",""
"fact.how_money_works.uk_97_percent_deposits","source.boe_money_modern_economy","unverified","In the UK, 97% of the money held by the public is bank deposits rather than notes and coins (Bank of England, 2014); the other 3% is currency.","https://www.bankofengland.co.uk/quarterly-bulletin/2014/q1/money-in-the-modern-economy-an-introduction","L8 card.how_money_works.008.c1; L22 card.how_money_works.022.c3; L57 card.how_money_works.057.c4","L8 question.how_money_works.008.q1; L22 question.how_money_works.022.q3","","","","","","corroborated","Bank of England (2014): the UK is an economy 'where 97% of the money held by the public is in the form of deposits with banks, rather than currency.' Positive Money and other summaries repeat the 97% figure. (https://www.bankofengland.co.uk/quarterly-bulletin/2014/q1/money-in-the-modern-economy-an-introduction https://positivemoney.org/uk/archive/bank-england-money-money-creation-modern-economy/)",""
"fact.how_money_works.deposit_is_iou","source.boe_money_modern_economy","unverified","A bank deposit is an IOU from the bank: a record of what the bank owes its customer.","https://www.bankofengland.co.uk/quarterly-bulletin/2014/q1/money-in-the-modern-economy-an-introduction","L8 card.how_money_works.008.c2; L34 card.how_money_works.034.c2","L9 question.how_money_works.009.q3; L11 question.how_money_works.011.q3","","","","","","corroborated","Bank of England: each type of money 'represents an IOU'; bank deposits are what banks owe their customers. Friedman's essay likewise calls bank balances 'entries in a bank account'. (https://www.bankofengland.co.uk/quarterly-bulletin/2014/q1/money-in-the-modern-economy-an-introduction https://archive.org/stream/IslandOfStoneMoney/island%20of%20stone%20money_djvu.txt)",""
"fact.how_money_works.money_special_iou","source.boe_money_modern_economy","unverified","Money today is a special kind of IOU that everyone in the economy trusts.","https://www.bankofengland.co.uk/quarterly-bulletin/2014/q1/money-in-the-modern-economy-an-introduction","L8 card.how_money_works.008.c2","L9 question.how_money_works.009.q3; L11 question.how_money_works.011.q3","","","","","","corroborated","Bank of England: 'Money today is a type of IOU, but one that is special because everyone in the economy trusts' it. IMF F&D: money works because people believe it will. (https://www.bankofengland.co.uk/quarterly-bulletin/2014/q1/money-in-the-modern-economy-an-introduction https://www.imf.org/external/pubs/ft/fandd/2012/09/basics.htm)",""
"fact.how_money_works.paid_in_deposits","source.boe_money_modern_economy","unverified","Most people now receive their pay as bank deposits, and many never swap those deposits back into cash.","https://www.bankofengland.co.uk/quarterly-bulletin/2014/q1/money-in-the-modern-economy-an-introduction","L8 card.how_money_works.008.c2; L11 card.how_money_works.011.c4","L9 question.how_money_works.009.q3; L11 question.how_money_works.011.q3","","","","","","corroborated","Bank of England: 'Most people now receive payment of their salary in bank deposits rather than currency. And rather than swapping those deposits back into currency, many consumers use them' directly. (https://www.bankofengland.co.uk/quarterly-bulletin/2014/q1/money-in-the-modern-economy-an-introduction)","one-page"
"fact.how_money_works.debit_card_balances","source.boe_money_modern_economy","unverified","When you pay a shop by debit card, the banks reduce your deposit and increase the shop's; no cash changes hands.","https://www.bankofengland.co.uk/quarterly-bulletin/2014/q1/money-in-the-modern-economy-an-introduction","L8 card.how_money_works.008.c3; L17 card.how_money_works.017.c2","L8 question.how_money_works.008.q2; L17 question.how_money_works.017.q3","","","","","","corroborated","Bank of England: when a consumer pays by debit card, 'the consumer's deposits are reduced' and 'the shop's deposits are increased', without converting them into currency. (https://www.bankofengland.co.uk/quarterly-bulletin/2014/q1/money-in-the-modern-economy-an-introduction)","one-page"
"fact.how_money_works.fed_france_gold_drawers","source.hoover_friedman_stone_money","unverified","In the early 1930s, the New York Fed transferred gold to the Bank of France by moving it into drawers in its own vault labeled as French property; the gold never crossed the ocean.","https://miltonfriedman.hoover.org/objects/56723/the-island-of-stone-money","L8 card.how_money_works.008.c4","L8 question.how_money_works.008.q3","","","","","","corroborated","Friedman (1991): in 1932-33, to avoid shipping gold across the ocean, the New York Fed put gold ingots in separate drawers marked as the property of the French. Neomano's essay recounts the same episode. (https://archive.org/stream/IslandOfStoneMoney/island%20of%20stone%20money_djvu.txt https://neomano.com/en/the-giant-stones-of-yap-and-what-money-really-is/)",""
"fact.how_money_works.friedman_bank_entries","source.hoover_friedman_stone_money","unverified","Friedman noted that much of what people count as wealth, such as entries in a bank account, is never directly seen by its owners.","https://miltonfriedman.hoover.org/objects/56723/the-island-of-stone-money","L8 card.how_money_works.008.c4","L8 question.how_money_works.008.q3","","","","","","corroborated","Friedman: 'how many of us have literal personal direct assurance of the existence of most of the items we regard as constituting our wealth? Entries in a bank account...' Neomano: a bank balance is an entry the bank acknowledges. (https://archive.org/stream/IslandOfStoneMoney/island%20of%20stone%20money_djvu.txt https://neomano.com/en/the-giant-stones-of-yap-and-what-money-really-is/)",""
"fact.how_money_works.bitcoin_nakamoto","source.brit_bitcoin","unverified","Bitcoin was proposed in October 2008 in a paper by Satoshi Nakamoto, a pseudonym for an unknown person or group, and launched in 2009.","https://www.britannica.com/money/bitcoin","L9 card.how_money_works.009.c2","L9 question.how_money_works.009.q3; L10 question.how_money_works.010.q4","","","","","","corroborated","Britannica: created by 'an anonymous computer programmer or group of programmers known as Satoshi Nakamoto in 2009'; the proposal was made in October 2008. CFR: launched in 2009 by the pseudonymous Satoshi Nakamoto. (https://www.britannica.com/money/bitcoin https://www.cfr.org/backgrounders/crypto-question-bitcoin-digital-dollars-and-future-money https://news.uoregon.edu/content/researchers-turn-stones-find-ancient-origin-bitcoin)",""
"fact.how_money_works.bitcoin_nakamoto","source.cfr_crypto_question","unverified","Bitcoin was proposed in October 2008 in a paper by Satoshi Nakamoto, a pseudonym for an unknown person or group, and launched in 2009.","https://www.cfr.org/backgrounders/crypto-question-bitcoin-digital-dollars-and-future-money","L9 card.how_money_works.009.c2","L9 question.how_money_works.009.q3; L10 question.how_money_works.010.q4","","","","","","corroborated","Britannica: created by 'an anonymous computer programmer or group of programmers known as Satoshi Nakamoto in 2009'; the proposal was made in October 2008. CFR: launched in 2009 by the pseudonymous Satoshi Nakamoto. (https://www.britannica.com/money/bitcoin https://www.cfr.org/backgrounders/crypto-question-bitcoin-digital-dollars-and-future-money https://news.uoregon.edu/content/researchers-turn-stones-find-ancient-origin-bitcoin)",""
"fact.how_money_works.nakamoto_no_institutions","source.brit_bitcoin","unverified","Nakamoto designed bitcoin to work as a medium of exchange without relying on financial institutions or governments.","https://www.britannica.com/money/bitcoin","L9 card.how_money_works.009.c2","L9 question.how_money_works.009.q3; L10 question.how_money_works.010.q4","","","","","","corroborated","Britannica: bitcoin 'could serve as a medium of exchange without relying on any financial institutions or governments.' CFR: cryptocurrencies eliminate the need for a central authority such as a bank. (https://www.britannica.com/money/bitcoin https://www.cfr.org/backgrounders/crypto-question-bitcoin-digital-dollars-and-future-money)",""
"fact.how_money_works.bitcoin_network_no_issuer","source.ecb_what_is_bitcoin","unverified","Bitcoin is a digital token with no physical form, created and tracked by a network of computers rather than issued by a bank, company or government.","https://www.ecb.europa.eu/ecb-and-you/explainers/tell-me/html/what-is-bitcoin.en.html","L9 card.how_money_works.009.c1; L9 card.how_money_works.009.c2","L9 question.how_money_works.009.q3; L10 question.how_money_works.010.q4","","","","","","corroborated","ECB: bitcoin 'is a digital token ... It does not exist in physical form. Bitcoins are created and kept track of by a network of computers ... rather than by a single authority'. NIST: blockchains usually have no central authority such as a bank, company or government. (https://www.ecb.europa.eu/ecb-and-you/explainers/tell-me/html/what-is-bitcoin.en.html https://csrc.nist.gov/pubs/ir/8202/final)",""
"fact.how_money_works.crypto_named_cryptography","source.nist_blockchain_overview","unverified","Cryptocurrencies are named for their heavy use of cryptography.","https://csrc.nist.gov/pubs/ir/8202/final","L9 card.how_money_works.009.c2","L9 question.how_money_works.009.q3; L10 question.how_money_works.010.q4","","","","","","corroborated","NIST: 'modern cryptocurrencies, so named because of the heavy usage of cryptographic functions.' CFR: 'So called for their use of cryptography principles'. (https://nvlpubs.nist.gov/nistpubs/ir/2018/NIST.IR.8202.pdf https://www.cfr.org/backgrounders/crypto-question-bitcoin-digital-dollars-and-future-money)",""
"fact.how_money_works.blockchain_shared_ledger","source.nist_blockchain_overview","unverified","A blockchain is a digital ledger of transactions shared across a network, usually with no central authority.","https://csrc.nist.gov/pubs/ir/8202/final","L9 card.how_money_works.009.c3","L9 question.how_money_works.009.q1","","","","","","corroborated","NIST: 'Blockchains are tamper evident and tamper resistant digital ledgers implemented in a distributed fashion ... and usually without a central authority'. CFR: transactions are recorded on distributed ledgers known as blockchains. (https://csrc.nist.gov/pubs/ir/8202/final https://www.cfr.org/backgrounders/crypto-question-bitcoin-digital-dollars-and-future-money)",""
"fact.how_money_works.blockchain_linked_blocks","source.nist_blockchain_overview","unverified","Each block carries a cryptographic link (a hash) to the block before, so changing an old block changes every later one, which makes tampering easy to detect.","https://csrc.nist.gov/pubs/ir/8202/final","L9 card.how_money_works.009.c3","L9 question.how_money_works.009.q1","","","","","","corroborated","NIST IR 8202: 'If a previously published block were changed, it would have a different hash. This in turn would cause all subsequent blocks to also have different hashes ... This makes it possible to easily detect and reject altered blocks.' CFR calls blockchains tamper-proof ledgers. (https://nvlpubs.nist.gov/nistpubs/ir/2018/NIST.IR.8202.pdf https://www.cfr.org/backgrounders/crypto-question-bitcoin-digital-dollars-and-future-money)",""
"fact.how_money_works.private_key_loss","source.nist_blockchain_overview","unverified","Crypto is spent by signing with a secret private key; if the key is lost, the coins it controls are lost, because the key can't be regenerated.","https://csrc.nist.gov/pubs/ir/8202/final","L9 card.how_money_works.009.c3","L9 question.how_money_works.009.q1","","","","","","corroborated","NIST IR 8202: 'If a user loses a private key, then any digital asset associated with that key is lost, because it is computationally infeasible to regenerate the same private key.' The ECB warns there is no legal protection if bitcoin is stolen. (https://nvlpubs.nist.gov/nistpubs/ir/2018/NIST.IR.8202.pdf https://www.ecb.europa.eu/ecb-and-you/explainers/tell-me/html/what-is-bitcoin.en.html)",""
"fact.how_money_works.yap_blockchain_comparison","source.uoregon_stone_money_bitcoin","unverified","Anthropologist Scott Fitzpatrick and finance professor Stephen McKeon have compared Yap's shared oral record of stone ownership to a blockchain.","https://news.uoregon.edu/content/researchers-turn-stones-find-ancient-origin-bitcoin","L9 card.how_money_works.009.c3","L9 question.how_money_works.009.q1","","","","","","corroborated","University of Oregon: the paper 'Banking on Stone Money: Ancient Antecedents to Bitcoin' (Economic Anthropology, 2020) says the blockchain 'has much in common with the ledgers Yapese islanders used'. Neomano: they called it a blockchain without electricity. (https://news.uoregon.edu/content/researchers-turn-stones-find-ancient-origin-bitcoin https://neomano.com/en/the-giant-stones-of-yap-and-what-money-really-is/)",""
"fact.how_money_works.bitcoin_price_swings","source.ecb_what_is_bitcoin","unverified","Bitcoin's value has skyrocketed and tumbled dramatically within the space of a few days.","https://www.ecb.europa.eu/ecb-and-you/explainers/tell-me/html/what-is-bitcoin.en.html","L9 card.how_money_works.009.c4","L9 question.how_money_works.009.q2","","","","","","corroborated","ECB: 'Its value has both skyrocketed and tumbled dramatically within the space of just a few days.' FINRA: crypto assets are often extremely volatile, with dramatic, unpredictable price swings. (https://www.ecb.europa.eu/ecb-and-you/explainers/tell-me/html/what-is-bitcoin.en.html https://www.finra.org/investors/investing/investment-products/crypto-assets/risks)",""
"fact.how_money_works.bitcoin_supply_demand_price","source.cfr_crypto_question","unverified","Bitcoin's price is set by global supply and demand.","https://www.cfr.org/backgrounders/crypto-question-bitcoin-digital-dollars-and-future-money","L9 card.how_money_works.009.c4","L9 question.how_money_works.009.q2","","","","","","corroborated","CFR: 'The prices of bitcoin and many other cryptocurrencies vary based on global supply and demand.' The FRED Blog explains price moves in terms of fluctuating demand against a fixed supply. (https://www.cfr.org/backgrounders/crypto-question-bitcoin-digital-dollars-and-future-money https://fredblog.stlouisfed.org/2022/07/inflation-and-deflation-with-a-fixed-money-supply/)",""
"fact.how_money_works.bitcoin_21_million","source.brit_bitcoin","unverified","The number of bitcoins is capped at slightly less than 21 million.","https://www.britannica.com/money/bitcoin","L9 card.how_money_works.009.c4","L9 question.how_money_works.009.q2","","","","","","corroborated","Britannica: 'The number of maximum allowable Bitcoins is slightly less than 21 million.' CFR: some proponents note the supply is permanently fixed. (https://www.britannica.com/money/bitcoin https://www.cfr.org/backgrounders/crypto-question-bitcoin-digital-dollars-and-future-money)",""
"fact.how_money_works.bitcoin_fixed_supply_volatility","source.fred_fixed_money_supply","unverified","Bitcoin's more-or-less fixed supply cannot respond to changes in demand, so, as under the gold standard, its price is bound to swing more than the dollar's.","https://fredblog.stlouisfed.org/2022/07/inflation-and-deflation-with-a-fixed-money-supply/","L9 card.how_money_works.009.c4","L9 question.how_money_works.009.q2","","","","","","corroborated","FRED Blog (St. Louis Fed): under gold there was no way to manage the dollar supply; 'Bitcoin is similar in that it also has a more-or-less fixed quantity that cannot respond to fluctuations in demand. Thus, its price is bound to fluctuate more than the U.S. dollar'. (https://fredblog.stlouisfed.org/2022/07/inflation-and-deflation-with-a-fixed-money-supply/ https://www.cfr.org/backgrounders/crypto-question-bitcoin-digital-dollars-and-future-money)",""
"fact.how_money_works.bitcoin_supporters_critics","source.cfr_crypto_question","unverified","Some supporters see bitcoin's fixed supply as a hedge against inflation; critics point to its drastic price volatility.","https://www.cfr.org/backgrounders/crypto-question-bitcoin-digital-dollars-and-future-money","L9 card.how_money_works.009.c4","L9 question.how_money_works.009.q2","","","","","","corroborated","CFR: 'Some bitcoin proponents view the cryptocurrency as a hedge against inflation because the supply is permanently fixed'; critics cite 'drastic market volatility'. The ECB argues bitcoin is too unstable to be a reliable store of value. (https://www.cfr.org/backgrounders/crypto-question-bitcoin-digital-dollars-and-future-money https://www.ecb.europa.eu/ecb-and-you/explainers/tell-me/html/what-is-bitcoin.en.html)",""
"fact.how_money_works.bitcoin_not_store_of_value","source.ecb_what_is_bitcoin","unverified","The European Central Bank argues that bitcoin is too unstable to be a reliable store of value.","https://www.ecb.europa.eu/ecb-and-you/explainers/tell-me/html/what-is-bitcoin.en.html","L9 card.how_money_works.009.c4","L9 question.how_money_works.009.q2","","","","","","corroborated","ECB: 'A currency is a reliable store of value ... Bitcoin is not stable.' CFR summarizes critics' concerns about volatility. (https://www.ecb.europa.eu/ecb-and-you/explainers/tell-me/html/what-is-bitcoin.en.html https://www.cfr.org/backgrounders/crypto-question-bitcoin-digital-dollars-and-future-money)",""
"fact.how_money_works.money_six_traits","source.stlouisfed_what_is_money","unverified","Economists list six traits of useful money: durability, portability, divisibility, uniformity, limited supply and acceptability.","https://www.stlouisfed.org/open-vault/2021/december/what-is-money","L10 card.how_money_works.010.c1; L10 card.how_money_works.010.c2","L10 question.how_money_works.010.q1; L10 question.how_money_works.010.q2; L95 question.how_money_works.095.q3","","","","","","corroborated","St. Louis Fed: six characteristics make money useful: durability, portability, divisibility, uniformity, limited supply and acceptability. The Federal Reserve's education lesson on characteristics of money lists the same six. (https://www.stlouisfed.org/open-vault/2021/december/what-is-money https://www.federalreserveeducation.org/resources/lessons/lesson--fref-elem-characteristics-of-money.pdf)",""
"fact.how_money_works.yap_scorecard","source.stlouisfed_what_is_money","unverified","Yap's stones are durable, scarce and accepted, but not portable or uniform.","https://www.stlouisfed.org/open-vault/2021/december/what-is-money","L10 card.how_money_works.010.c3","L10 question.how_money_works.010.q2","","","","","","corroborated","St. Louis Fed: Yap stones were durable, scarce and accepted but lacked portability and uniformity. Smithsonian: the stones varied in size and value. (https://www.stlouisfed.org/open-vault/2021/december/what-is-money https://www.smithsonianmag.com/history/david-okeefe-the-king-of-hard-currency-37051930/)",""
"fact.how_money_works.twenty_bill_scorecard","source.stlouisfed_what_is_money","unverified","A US $20 bill scores well on all six traits of useful money.","https://www.stlouisfed.org/open-vault/2021/december/what-is-money","L10 card.how_money_works.010.c3","L10 question.how_money_works.010.q2","","","","","","corroborated","St. Louis Fed: the US $20 bill rates well on all six characteristics compared with alternatives such as stones and cattle. (https://www.stlouisfed.org/open-vault/2021/december/what-is-money)","one-page"
"fact.how_money_works.income_four_factors","source.stlouisfed_factors_of_production","unverified","Economists group the resources used to produce goods and services into four factors of production: land, labor, capital and entrepreneurship.","https://www.federalreserveeducation.org/teaching-resources/economics/scarcity/factors-of-production-podcast","L11 card.how_money_works.011.c2","L11 question.how_money_works.011.q2","","","","","","corroborated","Federal Reserve Education (St. Louis Fed) names the four factors as land, labor, capital and entrepreneurship; tutor2u and EconLearn list the same four. (https://www.federalreserveeducation.org/teaching-resources/economics/scarcity/factors-of-production-podcast https://www.tutor2u.net/economics/reference/what-are-the-main-factor-incomes https://www.econlearn.org/blog/factors-of-production-explained)",""
"fact.how_money_works.income_four_factors","source.tutor2u_factor_incomes","unverified","Economists group the resources used to produce goods and services into four factors of production: land, labor, capital and entrepreneurship.","https://www.tutor2u.net/economics/reference/what-are-the-main-factor-incomes","L11 card.how_money_works.011.c2","L11 question.how_money_works.011.q2","","","","","","corroborated","Federal Reserve Education (St. Louis Fed) names the four factors as land, labor, capital and entrepreneurship; tutor2u and EconLearn list the same four. (https://www.federalreserveeducation.org/teaching-resources/economics/scarcity/factors-of-production-podcast https://www.tutor2u.net/economics/reference/what-are-the-main-factor-incomes https://www.econlearn.org/blog/factors-of-production-explained)",""
"fact.how_money_works.income_land_meaning","source.stlouisfed_factors_of_production","unverified","In economics, land means any natural resource used to produce goods and services, such as water, oil or forests.","https://www.federalreserveeducation.org/teaching-resources/economics/scarcity/factors-of-production-podcast","L11 card.how_money_works.011.c2","L11 question.how_money_works.011.q2","","","","","","corroborated","St. Louis Fed: land is any natural resource used to produce goods and services, including water, oil, copper, natural gas, coal and forests. tutor2u describes rent as income to owners of land or other natural resources. (https://www.federalreserveeducation.org/teaching-resources/economics/scarcity/factors-of-production-podcast https://www.tutor2u.net/economics/reference/what-are-the-main-factor-incomes)",""
"fact.how_money_works.income_capital_meaning","source.stlouisfed_factors_of_production","unverified","In economics, capital means the tools, machinery and buildings used to produce goods and services, such as hammers, computers and delivery vans.","https://www.federalreserveeducation.org/teaching-resources/economics/scarcity/factors-of-production-podcast","L11 card.how_money_works.011.c2","L11 question.how_money_works.011.q2","","","","","","corroborated","St. Louis Fed: capital is the machinery, tools and buildings used to produce goods and services, such as hammers, forklifts, computers and delivery vans. Other economics primers define physical capital as manufactured tools and equipment such as machines, ovens and delivery trucks. (https://www.federalreserveeducation.org/teaching-resources/economics/scarcity/factors-of-production-podcast https://inflateyourmind.com/microeconomics/unit-4-microeconomics/section-1-factors-of-production/)",""
"fact.how_money_works.income_entrepreneur_meaning","source.stlouisfed_factors_of_production","unverified","An entrepreneur combines the other factors of production (land, labor and capital) to earn a profit.","https://www.federalreserveeducation.org/teaching-resources/economics/scarcity/factors-of-production-podcast","L11 card.how_money_works.011.c2","L11 question.how_money_works.011.q2","","","","","","corroborated","St. Louis Fed: an entrepreneur combines land, labor and capital to earn a profit. tutor2u treats profit as the entrepreneur's return after other factor payments. (https://www.federalreserveeducation.org/teaching-resources/economics/scarcity/factors-of-production-podcast https://www.tutor2u.net/economics/reference/what-are-the-main-factor-incomes)",""
"fact.how_money_works.income_factor_payments","source.stlouisfed_factors_of_production","unverified","Each factor of production earns its own kind of income: land earns rent, labor earns wages, capital earns interest and entrepreneurship earns profit.","https://www.federalreserveeducation.org/teaching-resources/economics/scarcity/factors-of-production-podcast","L11 card.how_money_works.011.c1; L11 card.how_money_works.011.c3; L11 card.how_money_works.011.c4; L20 card.how_money_works.020.c4","L11 question.how_money_works.011.q1; L11 question.how_money_works.011.q3; L12 question.how_money_works.012.q3; L15 question.how_money_works.015.q3","","","","","","corroborated","St. Louis Fed lists rent for land, wages for labor, interest for capital and profit for entrepreneurship; tutor2u defines the same four factor incomes. (https://www.federalreserveeducation.org/teaching-resources/economics/scarcity/factors-of-production-podcast https://www.tutor2u.net/economics/reference/what-are-the-main-factor-incomes)",""
"fact.how_money_works.income_factor_payments","source.tutor2u_factor_incomes","unverified","Each factor of production earns its own kind of income: land earns rent, labor earns wages, capital earns interest and entrepreneurship earns profit.","https://www.tutor2u.net/economics/reference/what-are-the-main-factor-incomes","L11 card.how_money_works.011.c1; L11 card.how_money_works.011.c3; L11 card.how_money_works.011.c4; L20 card.how_money_works.020.c4","L11 question.how_money_works.011.q1; L11 question.how_money_works.011.q3; L12 question.how_money_works.012.q3; L15 question.how_money_works.015.q3","","","","","","corroborated","St. Louis Fed lists rent for land, wages for labor, interest for capital and profit for entrepreneurship; tutor2u defines the same four factor incomes. (https://www.federalreserveeducation.org/teaching-resources/economics/scarcity/factors-of-production-podcast https://www.tutor2u.net/economics/reference/what-are-the-main-factor-incomes)",""
"fact.how_money_works.income_profit_residual","source.tutor2u_factor_incomes","unverified","Profit is the income left over after all costs, including wages, rent and interest, have been paid.","https://www.tutor2u.net/economics/reference/what-are-the-main-factor-incomes","L11 card.how_money_works.011.c3","L11 question.how_money_works.011.q1; L12 question.how_money_works.012.q3; L15 question.how_money_works.015.q3","","","","","","corroborated","tutor2u: profit is the residual income left after deducting all costs, including wages, rent and interest, from total revenue. BA Notes describes profit the same way. (https://www.tutor2u.net/economics/reference/what-are-the-main-factor-incomes https://banotes.org/microeconomics-ii/returns-factors-production-rent-wages-interest-profits/)",""
"fact.how_money_works.income_wages_largest","source.stlouisfed_factors_of_production","unverified","Wages, the income earned by labor, are the largest source of income for most people.","https://www.federalreserveeducation.org/teaching-resources/economics/scarcity/factors-of-production-podcast","L11 card.how_money_works.011.c4","L11 question.how_money_works.011.q3","","","","","","corroborated","St. Louis Fed: the income earned by labor is wages, the largest source of income for most people. A Congressional Research Service primer reports employee compensation as the largest share of US personal income. (https://www.federalreserveeducation.org/teaching-resources/economics/scarcity/factors-of-production-podcast https://www.congress.gov/crs-product/IF10501)",""
"fact.how_money_works.pay_gross_definition","source.cfpb_paycheck_deductions","unverified","Gross pay is what you earn from your wages or salary before any deductions are taken out.","https://files.consumerfinance.gov/f/documents/cfpb_building_block_activities_understanding-paycheck-deductions_handout.pdf","L12 card.how_money_works.012.c2; L20 card.how_money_works.020.c4","L12 question.how_money_works.012.q1; L12 question.how_money_works.012.q3; L13 question.how_money_works.013.q3; L20 question.how_money_works.020.q3","","","","","","corroborated","CFPB: what you earn based on wages or salary is gross income. CFPB pay-stub materials and payroll glossaries define gross pay as earnings before deductions. (https://files.consumerfinance.gov/f/documents/cfpb_building_block_activities_understanding-paycheck-deductions_handout.pdf https://files.consumerfinance.gov/f/documents/cfpb_parents_pay-stub-activity.pdf)",""
"fact.how_money_works.pay_net_definition","source.cfpb_paycheck_deductions","unverified","Net pay, or take-home pay, is what you actually receive after tax withholding and other deductions are taken out.","https://files.consumerfinance.gov/f/documents/cfpb_building_block_activities_understanding-paycheck-deductions_handout.pdf","L12 card.how_money_works.012.c2; L13 card.how_money_works.013.c3; L20 card.how_money_works.020.c4","L12 question.how_money_works.012.q1; L12 question.how_money_works.012.q3; L13 question.how_money_works.013.q3; L20 question.how_money_works.020.q3","","","","","","corroborated","CFPB: the amount you actually receive after tax withholding and other deductions is net income, or take-home pay. CFPB pay-stub guide: net pay is gross pay minus all deductions. (https://files.consumerfinance.gov/f/documents/cfpb_building_block_activities_understanding-paycheck-deductions_handout.pdf https://files.consumerfinance.gov/f/documents/cfpb_parents_pay-stub-activity.pdf)",""
"fact.how_money_works.pay_withholding","source.cfpb_paycheck_deductions","unverified","Employers withhold part of employees' pay to cover payroll taxes and income tax and send it to the government; money may also be deducted for retirement or health benefits.","https://files.consumerfinance.gov/f/documents/cfpb_building_block_activities_understanding-paycheck-deductions_handout.pdf","L12 card.how_money_works.012.c1; L12 card.how_money_works.012.c3; L12 card.how_money_works.012.c4","L12 question.how_money_works.012.q2","","","","","","corroborated","CFPB: employers withhold some pay to cover payroll taxes and income tax, and money may be deducted for retirement or health benefits. IRS Topic 751 describes employer withholding of Social Security and Medicare taxes. (https://files.consumerfinance.gov/f/documents/cfpb_building_block_activities_understanding-paycheck-deductions_handout.pdf https://www.irs.gov/taxtopics/tc751)",""
"fact.how_money_works.pay_fica_rates","source.irs_topic_751_fica","unverified","US payroll taxes, called FICA, take 6.2% of an employee's pay for Social Security and 1.45% for Medicare: 7.65% in total.","https://www.irs.gov/taxtopics/tc751","L12 card.how_money_works.012.c3; L12 card.how_money_works.012.c4","L12 question.how_money_works.012.q2","","","","","","corroborated","IRS Topic 751: employee rates are 6.2% for Social Security and 1.45% for Medicare. The CFPB handout totals them as 7.65% and names them FICA taxes; payroll firms (Paychex, OnPay) give the same 2026 rates. (https://www.irs.gov/taxtopics/tc751 https://files.consumerfinance.gov/f/documents/cfpb_building_block_activities_understanding-paycheck-deductions_handout.pdf https://www.paychex.com/articles/payroll-taxes/how-to-calculate-fica-rate)",""
"fact.how_money_works.pay_fica_rates","source.cfpb_paycheck_deductions","unverified","US payroll taxes, called FICA, take 6.2% of an employee's pay for Social Security and 1.45% for Medicare: 7.65% in total.","https://files.consumerfinance.gov/f/documents/cfpb_building_block_activities_understanding-paycheck-deductions_handout.pdf","L12 card.how_money_works.012.c3; L12 card.how_money_works.012.c4","L12 question.how_money_works.012.q2","","","","","","corroborated","IRS Topic 751: employee rates are 6.2% for Social Security and 1.45% for Medicare. The CFPB handout totals them as 7.65% and names them FICA taxes; payroll firms (Paychex, OnPay) give the same 2026 rates. (https://www.irs.gov/taxtopics/tc751 https://files.consumerfinance.gov/f/documents/cfpb_building_block_activities_understanding-paycheck-deductions_handout.pdf https://www.paychex.com/articles/payroll-taxes/how-to-calculate-fica-rate)",""
"fact.how_money_works.pay_fica_1000_example","source.cfpb_paycheck_deductions","unverified","On a $1,000 paycheck, 7.65% payroll taxes come to $76.50: $62.00 for Social Security and $14.50 for Medicare.","https://files.consumerfinance.gov/f/documents/cfpb_building_block_activities_understanding-paycheck-deductions_handout.pdf","L12 card.how_money_works.012.c4","L12 question.how_money_works.012.q2","","","","","","corroborated","CFPB worked example: on a $1,000 paycheck, Social Security tax is $62.00 and Medicare $14.50, totaling $76.50. This is exact arithmetic from the IRS rates (6.2% and 1.45%). (https://files.consumerfinance.gov/f/documents/cfpb_building_block_activities_understanding-paycheck-deductions_handout.pdf https://www.irs.gov/taxtopics/tc751)",""
"fact.how_money_works.pay_employer_match","source.irs_topic_751_fica","unverified","Employers also pay their own matching share of Social Security and Medicare taxes, on top of what they withhold from employees.","https://www.irs.gov/taxtopics/tc751","L12 card.how_money_works.012.c4","L12 question.how_money_works.012.q2","","","","","","corroborated","IRS Topic 751: 6.2% for the employee plus a matching employer share (12.4% total), and 1.45% each for Medicare (2.9% total). CFPB: employers pay part of these payroll taxes. (https://www.irs.gov/taxtopics/tc751 https://files.consumerfinance.gov/f/documents/cfpb_building_block_activities_understanding-paycheck-deductions_handout.pdf)",""
"fact.how_money_works.pay_employer_match","source.cfpb_paycheck_deductions","unverified","Employers also pay their own matching share of Social Security and Medicare taxes, on top of what they withhold from employees.","https://files.consumerfinance.gov/f/documents/cfpb_building_block_activities_understanding-paycheck-deductions_handout.pdf","L12 card.how_money_works.012.c4","L12 question.how_money_works.012.q2","","","","","","corroborated","IRS Topic 751: 6.2% for the employee plus a matching employer share (12.4% total), and 1.45% each for Medicare (2.9% total). CFPB: employers pay part of these payroll taxes. (https://www.irs.gov/taxtopics/tc751 https://files.consumerfinance.gov/f/documents/cfpb_building_block_activities_understanding-paycheck-deductions_handout.pdf)",""
"fact.how_money_works.pay_state_income_tax","source.cfpb_paycheck_deductions","unverified","Federal income tax rates are the same across the US, and some states and localities also have their own income taxes.","https://files.consumerfinance.gov/f/documents/cfpb_building_block_activities_understanding-paycheck-deductions_handout.pdf","L12 card.how_money_works.012.c3","L12 question.how_money_works.012.q2","","","","","","corroborated","CFPB handout: federal income tax rates are the same across the country; some states and localities also have state and local income tax. CFPB deduction lists include state tax alongside federal income tax. (https://files.consumerfinance.gov/f/documents/cfpb_building_block_activities_understanding-paycheck-deductions_handout.pdf https://files.consumerfinance.gov/f/documents/cfpb_building_blocks_activities_how-read-pay-stub_poster.pdf)",""
"fact.how_money_works.budget_word_origin","source.etymonline_budget","unverified","The word budget comes from the Old French bougette, a small leather bag; its money sense dates from 1733, from a treasury minister keeping his financial plans in a bag.","https://www.etymonline.com/word/budget","L13 card.how_money_works.013.c1","","","","","","","corroborated","Etymonline: from Old French bougette, a leather pouch or small bag; the financial sense (1733) comes from the treasury minister keeping his fiscal plans in a wallet. World Wide Words and Word Histories give the same derivation and date. (https://www.etymonline.com/word/budget https://www.worldwidewords.org/tw-bud1.html https://wordhistories.net/2016/08/14/budget/)",""
"fact.how_money_works.budget_definition","source.consumergov_making_budget","unverified","A budget is a plan you write down to decide how you will spend your money each month.","https://consumer.gov/your-money/making-budget","L13 card.how_money_works.013.c2","L13 question.how_money_works.013.q2","","","","","","corroborated","consumer.gov (FTC): a budget is a plan you write down to decide how you will spend your money each month. CFPB budgeting materials define a budget as a plan for spending and saving. (https://consumer.gov/your-money/making-budget https://files.consumerfinance.gov/f/documents/cfpb_building_block_activities_learning-about-budgets_guide.pdf)",""
"fact.how_money_works.budget_steps","source.consumergov_making_budget","unverified","To make a budget, list your bills and other expenses, write down your monthly income, then subtract expenses from income; the result should be more than zero.","https://consumer.gov/your-money/making-budget","L13 card.how_money_works.013.c2","L13 question.how_money_works.013.q2","","","","","","corroborated","consumer.gov lists the steps: list bills and expenses, use pay stubs to write monthly income, subtract; the number should be more than zero. The FTC Make a Budget worksheet follows the same steps. (https://consumer.gov/your-money/making-budget https://consumer.gov/sites/default/files/pdf-1020-make-budget-worksheet_form.pdf)",""
"fact.how_money_works.budget_below_zero","source.consumergov_making_budget","unverified","If income minus expenses comes out below zero, you are spending more money than you make and need to change something in the budget.","https://consumer.gov/your-money/making-budget","L13 card.how_money_works.013.c2","L13 question.how_money_works.013.q2","","","","","","corroborated","consumer.gov: if the number is less than zero, you are spending more money than you make; look for things in your budget you can change. CFPB spending tips give the same reading. (https://consumer.gov/your-money/making-budget https://files.consumerfinance.gov/f/documents/201702_cfpb_Consumer-Tips-on-Managing-Spending.pdf)",""
"fact.how_money_works.budget_monthly_loop","source.consumergov_making_budget","unverified","A budget is used every month: plan at the start, write down what you spend each day, and check at the end of the month whether you spent what you planned.","https://consumer.gov/your-money/making-budget","L13 card.how_money_works.013.c4","","","","","","","corroborated","consumer.gov: at the beginning of the month make a plan, each day write down what you spent, at the end of the month see if you spent what you planned. CFPB guidance on budgeting describes the same track-and-review cycle. (https://consumer.gov/your-money/making-budget https://www.consumerfinance.gov/archive/blog/budgeting-how-to-create-a-budget-and-stick-with-it/)",""
"fact.how_money_works.budget_50_30_20_split","source.britannica_50_30_20","unverified","The 50/30/20 rule puts 50% of after-tax income toward needs, 30% toward wants and 20% toward saving or paying down debt.","https://www.britannica.com/money/what-is-the-50-30-20-rule","L13 card.how_money_works.013.c3; L14 card.how_money_works.014.c2; L20 card.how_money_works.020.c4","L13 question.how_money_works.013.q1; L13 question.how_money_works.013.q3; L14 question.how_money_works.014.q3; L20 question.how_money_works.020.q3","","","","","","corroborated","Britannica Money: 50% of after-tax income toward necessities, 30% toward things you do not need, 20% toward paying down debt and/or saving. TIME and Forbes Advisor describe the same split. (https://www.britannica.com/money/what-is-the-50-30-20-rule https://time.com/6916834/how-to-budget-60-30-10/ https://www.forbes.com/advisor/banking/guide-to-50-30-20-budget/)",""
"fact.how_money_works.budget_50_30_20_split","source.time_50_30_20_warren","unverified","The 50/30/20 rule puts 50% of after-tax income toward needs, 30% toward wants and 20% toward saving or paying down debt.","https://time.com/6916834/how-to-budget-60-30-10/","L13 card.how_money_works.013.c3; L14 card.how_money_works.014.c2; L20 card.how_money_works.020.c4","L13 question.how_money_works.013.q1; L13 question.how_money_works.013.q3; L14 question.how_money_works.014.q3; L20 question.how_money_works.020.q3","","","","","","corroborated","Britannica Money: 50% of after-tax income toward necessities, 30% toward things you do not need, 20% toward paying down debt and/or saving. TIME and Forbes Advisor describe the same split. (https://www.britannica.com/money/what-is-the-50-30-20-rule https://time.com/6916834/how-to-budget-60-30-10/ https://www.forbes.com/advisor/banking/guide-to-50-30-20-budget/)",""
"fact.how_money_works.budget_warren_tyagi","source.time_50_30_20_warren","unverified","Elizabeth Warren and her daughter Amelia Warren Tyagi popularized the 50/30/20 rule in their book All Your Worth.","https://time.com/6916834/how-to-budget-60-30-10/","L13 card.how_money_works.013.c3","L13 question.how_money_works.013.q1; L13 question.how_money_works.013.q3; L14 question.how_money_works.014.q3; L20 question.how_money_works.020.q3","","","","","","corroborated","TIME: Warren popularized the 50/30/20 rule in All Your Worth: The Ultimate Lifetime Money Plan, co-written with her daughter Amelia Warren Tyagi. HuffPost says she popularized it with the book, though whether she invented it is debated. (Sources differ on 2005 or 2006, so no year is stated.) (https://time.com/6916834/how-to-budget-60-30-10/ https://www.huffpost.com/entry/elizabeth-warren-book-all-your-worth-lessons_l_5cbe4b4ae4b0f7a84a73f5a9)",""
"fact.how_money_works.budget_rule_guideline","source.britannica_50_30_20","unverified","The 50/30/20 rule is meant as a general guideline for dividing up a paycheck, not a precise law.","https://www.britannica.com/money/what-is-the-50-30-20-rule","L13 card.how_money_works.013.c4","","","","","","","corroborated","Britannica Money: the 50-30-20 rule is not meant to be a budgetary precision law, but a general guideline. Acorns and other explainers call it a flexible starting point. (https://www.britannica.com/money/what-is-the-50-30-20-rule https://www.acorns.com/learn/saving/50-30-20-budget-rule/)",""
"fact.how_money_works.needs_wants_definition","source.experian_needs_vs_wants","unverified","Needs are expenses essential to survival and basic living, such as food, shelter, clothing and utilities; wants are things you desire for enjoyment or lifestyle.","https://www.experian.com/blogs/ask-experian/budgeting-needs-vs-wants/","L14 card.how_money_works.014.c2; L20 card.how_money_works.020.c2","L14 question.how_money_works.014.q1; L14 question.how_money_works.014.q3","","","","","","corroborated","Experian: needs are expenses essential to survival (food, shelter, clothing, utilities and more); wants are for lifestyle or enjoyment. Britannica Money separates necessities (rent, utilities, groceries) from creature comforts in the same way. (https://www.experian.com/blogs/ask-experian/budgeting-needs-vs-wants/ https://www.britannica.com/money/what-is-the-50-30-20-rule)",""
"fact.how_money_works.needs_want_sized_version","source.experian_needs_vs_wants","unverified","Within a need there can be a want: you need food, but dining out every night is a want.","https://www.experian.com/blogs/ask-experian/budgeting-needs-vs-wants/","L14 card.how_money_works.014.c2","L14 question.how_money_works.014.q1; L14 question.how_money_works.014.q3","","","","","","corroborated","Experian: you need food, but dining out every night is a desire, not an essential expense. Britannica Money puts groceries under necessities and dining out under wants. (https://www.experian.com/blogs/ask-experian/budgeting-needs-vs-wants/ https://www.britannica.com/money/what-is-the-50-30-20-rule)",""
"fact.how_money_works.smith_necessaries_custom","source.econlib_smith_wealth_of_nations","unverified","In The Wealth of Nations (1776), Adam Smith defined necessaries as not only what is needed to support life, but whatever local custom makes it shameful for respectable people to be without.","https://www.econlib.org/library/Smith/smWN.html","L14 card.how_money_works.014.c1; L14 card.how_money_works.014.c3","L14 question.how_money_works.014.q2","","","","","","corroborated","Wealth of Nations, Book V, Ch. 2: necessaries include not only what is indispensably necessary for life but whatever the custom of the country renders it indecent for creditable people to be without. Quoted identically by marxists.org and the Adam Smith Institute. (https://www.marxists.org/reference/archive/smith-adam/works/wealth-of-nations/book05/ch02b-4.htm https://www.adamsmith.org/blog/on-the-subject-of-linen-shirts)",""
"fact.how_money_works.smith_linen_shirt","source.econlib_smith_wealth_of_nations","unverified","Smith noted that a linen shirt is not strictly necessary for life, since the ancient Greeks and Romans lived comfortably without linen, yet a respectable day-labourer of his time would be ashamed to appear in public without one.","https://www.econlib.org/library/Smith/smWN.html","L14 card.how_money_works.014.c3","L14 question.how_money_works.014.q2","","","","","","corroborated","Wealth of Nations, Book V, Ch. 2: a linen shirt is strictly speaking not a necessary of life; the Greeks and Romans lived comfortably without linen, but through most of Europe a creditable day-labourer would be ashamed to appear in public without one. (https://www.marxists.org/reference/archive/smith-adam/works/wealth-of-nations/book05/ch02b-4.htm https://www.adamsmith.org/blog/on-the-subject-of-linen-shirts)",""
"fact.how_money_works.smith_leather_shoes","source.econlib_smith_wealth_of_nations","unverified","Smith wrote that custom made leather shoes a necessity in England for men and women, in Scotland for men but not women, and in France for neither, where people could go in wooden shoes or barefoot without shame.","https://www.econlib.org/library/Smith/smWN.html","L14 card.how_money_works.014.c4","","","","","","","corroborated","Wealth of Nations, Book V, Ch. 2: leather shoes a necessary in England for both sexes; in Scotland for the lowest order of men but not women; in France for neither, who appear sometimes in wooden shoes and sometimes barefooted without discredit. (https://www.marxists.org/reference/archive/smith-adam/works/wealth-of-nations/book05/ch02b-4.htm https://economistsview.typepad.com/economistsview/2006/03/adam_smith_on_r.html)",""
"fact.how_money_works.oppcost_definition","source.openstax_opportunity_cost","unverified","Opportunity cost is the value of the next best alternative: what you give up when you make a choice.","https://openstax.org/books/principles-economics-3e/pages/2-1-how-individuals-make-choices-based-on-their-budget-constraint","L15 card.how_money_works.015.c2; L18 card.how_money_works.018.c4; L20 card.how_money_works.020.c4","L15 question.how_money_works.015.q1; L16 question.how_money_works.016.q3; L18 question.how_money_works.018.q3","","","","","","corroborated","OpenStax: in short, opportunity cost is the value of the next best alternative. St. Louis Fed: the value of the next-best alternative when a decision is made; it is what is given up. Econlib defines it the same way. (https://openstax.org/books/principles-economics-3e/pages/2-1-how-individuals-make-choices-based-on-their-budget-constraint https://www.stlouisfed.org/open-vault/2020/january/real-life-examples-opportunity-cost https://www.econlib.org/library/Topics/College/opportunitycost.html)",""
"fact.how_money_works.oppcost_definition","source.stlouisfed_opportunity_cost","unverified","Opportunity cost is the value of the next best alternative: what you give up when you make a choice.","https://www.stlouisfed.org/open-vault/2020/january/real-life-examples-opportunity-cost","L15 card.how_money_works.015.c2; L18 card.how_money_works.018.c4; L20 card.how_money_works.020.c4","L15 question.how_money_works.015.q1; L16 question.how_money_works.016.q3; L18 question.how_money_works.018.q3","","","","","","corroborated","OpenStax: in short, opportunity cost is the value of the next best alternative. St. Louis Fed: the value of the next-best alternative when a decision is made; it is what is given up. Econlib defines it the same way. (https://openstax.org/books/principles-economics-3e/pages/2-1-how-individuals-make-choices-based-on-their-budget-constraint https://www.stlouisfed.org/open-vault/2020/january/real-life-examples-opportunity-cost https://www.econlib.org/library/Topics/College/opportunitycost.html)",""
"fact.how_money_works.oppcost_every_choice","source.openstax_opportunity_cost","unverified","Every choice has an opportunity cost: if you sleep through a class, the opportunity cost is the learning you miss.","https://openstax.org/books/principles-economics-3e/pages/2-1-how-individuals-make-choices-based-on-their-budget-constraint","L15 card.how_money_works.015.c2","L15 question.how_money_works.015.q1; L16 question.how_money_works.016.q3; L18 question.how_money_works.018.q3","","","","","","corroborated","OpenStax: every choice has an opportunity cost; if you sleep through your economics class, the opportunity cost is the learning you miss. The St. Louis Fed gives a similar student example (lost study time). (https://openstax.org/books/principles-economics-3e/pages/2-1-how-individuals-make-choices-based-on-their-budget-constraint https://www.stlouisfed.org/open-vault/2020/january/real-life-examples-opportunity-cost)",""
"fact.how_money_works.oppcost_college","source.openstax_opportunity_cost","unverified","College has out-of-pocket costs such as tuition and books, plus the opportunity cost of earnings you give up because you cannot work a paying job while in class and studying; that opportunity cost exceeds the money cost.","https://openstax.org/books/principles-economics-3e/pages/2-1-how-individuals-make-choices-based-on-their-budget-constraint","L15 card.how_money_works.015.c3","L15 question.how_money_works.015.q3","","","","","","corroborated","OpenStax: attending college is a case where the opportunity cost exceeds the monetary cost; out-of-pocket costs include tuition and books, and during class and study hours you cannot work at a paying job. Econlib notes that most of the private cost of college is income students give up. (https://openstax.org/books/principles-economics-3e/pages/2-1-how-individuals-make-choices-based-on-their-budget-constraint https://www.econlib.org/library/Topics/College/opportunitycost.html)",""
"fact.how_money_works.oppcost_movies_time","source.stlouisfed_opportunity_cost","unverified","A student who spends 3 hours and $20 at the movies the night before an exam gives up study time as well as the money.","https://www.stlouisfed.org/open-vault/2020/january/real-life-examples-opportunity-cost","L15 card.how_money_works.015.c4","L15 question.how_money_works.015.q2","","","","","","corroborated","St. Louis Fed: a student spends 3 hours and $20 at the movies the night before an exam; the opportunity costs include lost study time and the $20. OpenStax makes the same point about time with its missed-class example. (https://www.stlouisfed.org/open-vault/2020/january/real-life-examples-opportunity-cost https://openstax.org/books/principles-economics-3e/pages/2-1-how-individuals-make-choices-based-on-their-budget-constraint)",""
"fact.how_money_works.saloon_free_lunch","source.quoteinvestigator_free_lunch","unverified","In the 1800s and early 1900s, American saloons offered a free lunch to customers who bought drinks.","https://quoteinvestigator.com/2016/08/27/free-lunch/","L15 card.how_money_works.015.c1","L15 question.how_money_works.015.q2","","","","","","corroborated","Quote Investigator: in the 1800s and early 1900s American saloonkeepers offered complimentary food to customers who purchased drinks. Wikipedia (Free lunch) and VinePair describe the same practice. (https://quoteinvestigator.com/2016/08/27/free-lunch/ https://en.wikipedia.org/wiki/Free_lunch https://vinepair.com/articles/history-no-free-lunch/)",""
"fact.how_money_works.free_lunch_saying","source.quoteinvestigator_free_lunch","unverified","The saying that there is no such thing as a free lunch appeared as an economic maxim by 1938, and Milton Friedman used a version of it as a book title in 1975.","https://quoteinvestigator.com/2016/08/27/free-lunch/","L15 card.how_money_works.015.c1; L15 card.how_money_works.015.c4","L15 question.how_money_works.015.q2","","","","","","corroborated","Quote Investigator: Walter Morrow's 1938 fable is the earliest known use as an economic maxim; Friedman published There's No Such Thing as a Free Lunch in 1975. The Internet Archive holds the 1975 book; Wikipedia gives the same history. (https://quoteinvestigator.com/2016/08/27/free-lunch/ https://archive.org/details/theresnosuchthin00frie https://en.wikipedia.org/wiki/No_such_thing_as_a_free_lunch)",""
"fact.how_money_works.pricing_dress_39","source.hbr_mind_your_pricing_cues","unverified","In a catalog study by Eric Anderson and Duncan Simester, raising a dress's price from $34 to $39 increased demand by about a third.","https://hbr.org/2003/09/mind-your-pricing-cues","L16 card.how_money_works.016.c1; L16 card.how_money_works.016.c2","L16 question.how_money_works.016.q1; L16 question.how_money_works.016.q3; L20 question.how_money_works.020.q4","","","","","","corroborated","HBR abstract of Mind Your Pricing Cues (2003): changing a dress price from $34 to $39 increased demand by roughly a third in a catalog study. Researchers' summaries (ResearchGate) report the same result. (https://store.hbr.org/product/mind-your-pricing-cues/r0309g?sku=R0309G-PDF-ENG https://www.researchgate.net/publication/10576316_Mind_Your_Pricing_Cues)",""
"fact.how_money_works.pricing_shoppers_unsure","source.hbr_mind_your_pricing_cues","unverified","For most items, shoppers don't have an accurate sense of what the price should be, so they rely on cues such as sale signs and prices ending in 9.","https://hbr.org/2003/09/mind-your-pricing-cues","L16 card.how_money_works.016.c2; L16 card.how_money_works.016.c3; L20 card.how_money_works.020.c4","L16 question.how_money_works.016.q3; L20 question.how_money_works.020.q4","","","","","","corroborated","HBR: for most items consumers do not have an accurate sense of what the price should be; retailers use cues such as sale signs and prices ending in 9. The Kellogg research page describes the same cues. (https://store.hbr.org/product/mind-your-pricing-cues/r0309g?sku=R0309G-PDF-ENG https://www.kellogg.northwestern.edu/faculty/research/detail/2003/mind-your-pricing-cues/)",""
"fact.how_money_works.pricing_sale_word","source.hbr_mind_your_pricing_cues","unverified","In catalog tests, adding the word ""sale"" beside a price increased demand by more than 50%.","https://hbr.org/2003/09/mind-your-pricing-cues","L16 card.how_money_works.016.c3","","","","","","","corroborated","HBR abstract: tests of mail-order catalogs showed that including the word ""sale"" beside a price can increase demand by more than 50%. Search summaries of the Kellogg research page repeat the finding. (https://store.hbr.org/product/mind-your-pricing-cues/r0309g?sku=R0309G-PDF-ENG https://www.kellogg.northwestern.edu/faculty/research/detail/2003/mind-your-pricing-cues/)",""
"fact.how_money_works.pricing_decoy_definition","source.decisionlab_decoy_effect","unverified","The decoy effect is when adding a third, less attractive option changes how people choose between the original two.","https://thedecisionlab.com/biases/decoy-effect","L16 card.how_money_works.016.c4","L16 question.how_money_works.016.q2","","","","","","corroborated","The Decision Lab: adding a third, less attractive option (the decoy) can influence perception of the original two. Wikipedia (Decoy effect) gives the same definition. (https://thedecisionlab.com/biases/decoy-effect https://en.wikipedia.org/wiki/Decoy_effect)",""
"fact.how_money_works.card_four_parties","source.gao_interchange_fees_2009","unverified","A Visa or Mastercard payment involves four parties: the cardholder, the bank that issued the card, the merchant and the merchant's bank, called the acquirer.","https://www.gao.gov/assets/a298669.html","L17 card.how_money_works.017.c1; L17 card.how_money_works.017.c2","L17 question.how_money_works.017.q3","","","","","","corroborated","GAO-10-45: Visa and MasterCard transactions involve the issuing institution, the cardholder, the merchant and an acquiring institution. A Connecticut OLR report and Britannica Money describe the same parties. (https://www.gao.gov/assets/a298669.html https://www.cga.ct.gov/2013/rpt/2013-R-0015.htm)",""
"fact.how_money_works.card_authorization","source.gao_interchange_fees_2009","unverified","To authorize a card payment, the acquirer sends the request through the card network to the cardholder's issuing bank, which checks that the account is valid.","https://www.gao.gov/assets/a298669.html","L17 card.how_money_works.017.c2","L17 question.how_money_works.017.q3","","","","","","corroborated","GAO-10-45: acquirers forward the authorization request through the card network to the issuing institution, which authorizes it by verifying the account is valid. Payment-industry explainers (Stripe, Adyen) describe the same flow. (https://www.gao.gov/assets/a298669.html https://stripe.com/resources/more/interchange-fees-101-what-they-are-how-they-work-and-how-to-cut-costs)",""
"fact.how_money_works.card_settlement","source.gao_interchange_fees_2009","unverified","The acquirer then settles the purchase, paying the merchant's account with money from the issuer, minus the interchange fee and its own service fees.","https://www.gao.gov/assets/a298669.html","L17 card.how_money_works.017.c2; L17 card.how_money_works.017.c3","L17 question.how_money_works.017.q3","","","","","","corroborated","GAO-10-45: acquirers clear and settle card purchases by providing payment from the issuing institution to the merchant's account, except for the interchange fees and their own service fees. Britannica Money: the customer's bank collects the fee during settlement. (https://www.gao.gov/assets/a298669.html https://www.britannica.com/money/credit-card-interchange-fees)",""
"fact.how_money_works.card_merchant_discount","source.gao_interchange_fees_2009","unverified","Merchants pay a merchant discount fee on card sales, and most of it goes from the acquirer to the card issuer as an interchange fee.","https://www.gao.gov/assets/a298669.html","L17 card.how_money_works.017.c1; L17 card.how_money_works.017.c3","L17 question.how_money_works.017.q1","","","","","","corroborated","GAO-10-45: the majority of the merchant discount fee is paid from the acquirer to the issuer as interchange, the largest portion of card acceptance fees. Britannica Money: merchants pay, and the customer's bank collects the fees. (https://www.gao.gov/assets/a298669.html https://www.britannica.com/money/credit-card-interchange-fees)",""
"fact.how_money_works.card_merchant_discount","source.britannica_interchange_fees","unverified","Merchants pay a merchant discount fee on card sales, and most of it goes from the acquirer to the card issuer as an interchange fee.","https://www.britannica.com/money/credit-card-interchange-fees","L17 card.how_money_works.017.c1; L17 card.how_money_works.017.c3","L17 question.how_money_works.017.q1","","","","","","corroborated","GAO-10-45: the majority of the merchant discount fee is paid from the acquirer to the issuer as interchange, the largest portion of card acceptance fees. Britannica Money: merchants pay, and the customer's bank collects the fees. (https://www.gao.gov/assets/a298669.html https://www.britannica.com/money/credit-card-interchange-fees)",""
"fact.how_money_works.card_network_sets_fee","source.gao_interchange_fees_2009","unverified","Card networks set interchange fees, which for credit cards generally range from about 1 to 3 percent of the purchase price.","https://www.gao.gov/assets/a298669.html","L17 card.how_money_works.017.c3","L17 question.how_money_works.017.q1","","","","","","corroborated","GAO-10-45: the card networks set the fees, which generally range from 1 to 3 percent of the purchase price. Britannica Money: the network creates the fee structure, typically 1.5% to 3% plus a small fixed fee. (https://www.gao.gov/assets/a298669.html https://www.britannica.com/money/credit-card-interchange-fees)",""
"fact.how_money_works.card_network_sets_fee","source.britannica_interchange_fees","unverified","Card networks set interchange fees, which for credit cards generally range from about 1 to 3 percent of the purchase price.","https://www.britannica.com/money/credit-card-interchange-fees","L17 card.how_money_works.017.c3","L17 question.how_money_works.017.q1","","","","","","corroborated","GAO-10-45: the card networks set the fees, which generally range from 1 to 3 percent of the purchase price. Britannica Money: the network creates the fee structure, typically 1.5% to 3% plus a small fixed fee. (https://www.gao.gov/assets/a298669.html https://www.britannica.com/money/credit-card-interchange-fees)",""
"fact.how_money_works.card_cost_in_prices","source.gao_interchange_fees_2009","unverified","Merchants generally pass the costs of accepting cards on to all their customers through higher retail prices.","https://www.gao.gov/assets/a298669.html","L17 card.how_money_works.017.c4; L20 card.how_money_works.020.c4","L17 question.how_money_works.017.q2; L20 question.how_money_works.020.q4","","","","","","corroborated","GAO-10-45: merchants said they generally passed increased costs, including card acceptance costs, on to consumers through higher retail prices. Britannica Money: costs are passed along through higher retail prices and surcharges. (https://www.gao.gov/assets/a298669.html https://www.britannica.com/money/credit-card-interchange-fees)",""
"fact.how_money_works.card_cost_in_prices","source.britannica_interchange_fees","unverified","Merchants generally pass the costs of accepting cards on to all their customers through higher retail prices.","https://www.britannica.com/money/credit-card-interchange-fees","L17 card.how_money_works.017.c4; L20 card.how_money_works.020.c4","L17 question.how_money_works.017.q2; L20 question.how_money_works.020.q4","","","","","","corroborated","GAO-10-45: merchants said they generally passed increased costs, including card acceptance costs, on to consumers through higher retail prices. Britannica Money: costs are passed along through higher retail prices and surcharges. (https://www.gao.gov/assets/a298669.html https://www.britannica.com/money/credit-card-interchange-fees)",""
"fact.how_money_works.card_cash_users_pay","source.bostonfed_credit_card_payments","unverified","A 2010 Boston Fed study found that because merchants generally charge card and cash users the same price, cash users in effect pay part of the cost of card fees and rewards.","https://www.bostonfed.org/publications/public-policy-discussion-paper/2010/who-gains-and-who-loses-from-credit-card-payments-theory-and-calibrations.aspx","L17 card.how_money_works.017.c4","L17 question.how_money_works.017.q2; L20 question.how_money_works.020.q4","","","","","","corroborated","Boston Fed PPDP 10-3 abstract: merchant fees and rewards generate an implicit transfer to card users from cash users because merchants generally do not set different prices for card users. The paper is also hosted by the ECB and RePEc; a later PERC reexamination disputes the size of the transfer, not the mechanism. (https://www.bostonfed.org/publications/public-policy-discussion-paper/2010/who-gains-and-who-loses-from-credit-card-payments-theory-and-calibrations.aspx https://ideas.repec.org/p/fip/fedbpp/10-3.html https://www.perc.net/wp-content/uploads/2013/08/A-Reexamination-of-Who-Gains-and-Who-Loses-from-Credit-Card-Payments.pdf)",""
"fact.how_money_works.subs_guess_vs_actual","source.crresearch_subscription_costs","unverified","In a 2022 C+R Research survey of 1,000 US consumers, people guessed they spent $86 a month on subscriptions; itemized, the average was $219.","https://www.crresearch.com/blog/subscription-service-statistics-and-costs/","L18 card.how_money_works.018.c1","L18 question.how_money_works.018.q1","","","","","","corroborated","C+R Research: consumers first estimated $86 a month, but itemized spending averaged $219; 1,000 consumers surveyed April 22 to May 2, 2022. CNBC and NBC4 reported the same figures. (https://www.crresearch.com/blog/subscription-service-statistics-and-costs/ https://www.cnbc.com/2022/06/02/consumers-spend-133-more-monthly-on-subscriptions-than-they-realize.html)",""
"fact.how_money_works.subs_easy_forget","source.crresearch_subscription_costs","unverified","In the same survey, 74% said recurring subscription charges were easy to forget, and 42% had stopped using a subscription but forgot they were still paying for it.","https://www.crresearch.com/blog/subscription-service-statistics-and-costs/","L18 card.how_money_works.018.c2","","","","","","","corroborated","C+R Research: 74% said it was easy to forget recurring monthly subscription charges; 42% stopped using a service but forgot they were still paying. CNBC reported both figures. (https://www.crresearch.com/blog/subscription-service-statistics-and-costs/ https://www.cnbc.com/2022/06/02/consumers-spend-133-more-monthly-on-subscriptions-than-they-realize.html)",""
"fact.how_money_works.subs_gap_yearly","source.crresearch_subscription_costs","unverified","The survey's gap of $133 a month between guessed and actual subscription spending adds up to $1,596 over 12 months.","https://www.crresearch.com/blog/subscription-service-statistics-and-costs/","L18 card.how_money_works.018.c3; L20 card.how_money_works.020.c4","L18 question.how_money_works.018.q2","","","","","","corroborated","C+R Research: the gap between the $86 estimate and $219 actual is $133 a month (also reported by CNBC). $133 x 12 = $1,596 is exact arithmetic. (https://www.crresearch.com/blog/subscription-service-statistics-and-costs/ https://www.cnbc.com/2022/06/02/consumers-spend-133-more-monthly-on-subscriptions-than-they-realize.html)",""
"fact.how_money_works.lunch_5_a_day","source.openstax_opportunity_cost","unverified","Spending $5 a day more on a bought lunch than a lunch from home adds up to $1,250 over 250 workdays, perhaps the cost of a decent vacation.","https://openstax.org/books/principles-economics-3e/pages/2-1-how-individuals-make-choices-based-on-their-budget-constraint","L18 card.how_money_works.018.c4","L18 question.how_money_works.018.q3","","","","","","corroborated","OpenStax: $8 bought lunch vs $3 from home is a $5 daily opportunity cost; 250 days x $5 = $1,250, the cost perhaps of a decent vacation. The St. Louis Fed makes the same add-it-up point with a daily coffee. (https://openstax.org/books/principles-economics-3e/pages/2-1-how-individuals-make-choices-based-on-their-budget-constraint https://www.stlouisfed.org/open-vault/2020/january/real-life-examples-opportunity-cost)",""
"fact.how_money_works.lunch_framing","source.openstax_opportunity_cost","unverified","Describing a small daily cost by what it adds up to, such as ""a nice vacation"" instead of ""$5 a day"", might lead you to make different choices.","https://openstax.org/books/principles-economics-3e/pages/2-1-how-individuals-make-choices-based-on-their-budget-constraint","L18 card.how_money_works.018.c4","L18 question.how_money_works.018.q3","","","","","","corroborated","OpenStax: if you describe the opportunity cost as a nice vacation instead of $5 a day, you might make different choices. The St. Louis Fed urges the same reframing (what else the money could buy outright). (https://openstax.org/books/principles-economics-3e/pages/2-1-how-individuals-make-choices-based-on-their-budget-constraint https://www.stlouisfed.org/open-vault/2020/january/real-life-examples-opportunity-cost)",""
"fact.how_money_works.scam_gift_card","source.ftc_gift_card_scams","unverified","No real business or government agency will ever tell you to buy a gift card to pay them.","https://consumer.ftc.gov/articles/avoiding-and-reporting-gift-card-scams","L19 card.how_money_works.019.c1","","","","","","","corroborated","FTC gift card guidance: no real business or government agency will ever tell you to buy a gift card to pay them. The FTC's How to Avoid a Scam lists gift cards among scammers' payment demands; bank fraud pages repeat the rule. (https://consumer.ftc.gov/articles/avoiding-and-reporting-gift-card-scams https://consumer.ftc.gov/articles/how-avoid-scam)",""
"fact.how_money_works.scam_four_signs","source.ftc_how_to_avoid_scam","unverified","The FTC lists four signs of a scam: scammers pretend to be from an organization you know, say there is a problem or a prize, pressure you to act immediately, and tell you to pay in a specific way.","https://consumer.ftc.gov/articles/how-avoid-scam","L19 card.how_money_works.019.c2; L19 card.how_money_works.019.c3; L20 card.how_money_works.020.c4","L19 question.how_money_works.019.q2; L19 question.how_money_works.019.q3; L20 question.how_money_works.020.q5","","","","","","corroborated","FTC How to Avoid a Scam lists the four signs (pretend, problem or prize, pressure, pay). The VA privacy office and Peach State FCU present the same four Ps. (https://consumer.ftc.gov/articles/how-avoid-scam https://department.va.gov/privacy/fact-sheet/the-four-ps-of-spotting-fraud/ https://www.peachstatefcu.org/blog/pretend-problem-or-prize-pressure-and-payment-common-signs-of-a-scam)",""
"fact.how_money_works.scam_pretend","source.ftc_how_to_avoid_scam","unverified","Scammers often pretend to be contacting you from the government or from a business you know, such as a utility or tech company.","https://consumer.ftc.gov/articles/how-avoid-scam","L19 card.how_money_works.019.c1; L19 card.how_money_works.019.c2","L19 question.how_money_works.019.q3; L20 question.how_money_works.020.q5","","","","","","corroborated","FTC: scammers often pretend to contact you on behalf of the government, or from a business you know like a utility company, a tech company or a charity. The VA four Ps sheet says the same. (https://consumer.ftc.gov/articles/how-avoid-scam https://department.va.gov/privacy/fact-sheet/the-four-ps-of-spotting-fraud/)",""
"fact.how_money_works.scam_problem_prize","source.ftc_how_to_avoid_scam","unverified","Scammers say there is a problem, such as money you owe or an account that needs verifying, or a prize you have won.","https://consumer.ftc.gov/articles/how-avoid-scam","L19 card.how_money_works.019.c2","L19 question.how_money_works.019.q3; L20 question.how_money_works.020.q5","","","","","","corroborated","FTC: scammers say you are in trouble with the government, owe money, need to verify an account, or have won a lottery or sweepstakes. The four Ps summaries repeat the problem-or-prize sign. (https://consumer.ftc.gov/articles/how-avoid-scam https://www.peachstatefcu.org/blog/pretend-problem-or-prize-pressure-and-payment-common-signs-of-a-scam)",""
"fact.how_money_works.scam_pressure","source.ftc_how_to_avoid_scam","unverified","Scammers pressure you to act immediately, before you have time to think, sometimes with threats such as arrest or a lawsuit.","https://consumer.ftc.gov/articles/how-avoid-scam","L19 card.how_money_works.019.c3","L19 question.how_money_works.019.q2; L19 question.how_money_works.019.q3; L20 question.how_money_works.020.q5","","","","","","corroborated","FTC: scammers want you to act before you have time to think, and may threaten arrest, a lawsuit or other consequences. The VA four Ps sheet describes the same pressure tactic. (https://consumer.ftc.gov/articles/how-avoid-scam https://department.va.gov/privacy/fact-sheet/the-four-ps-of-spotting-fraud/)",""
"fact.how_money_works.scam_pay_specific","source.ftc_how_to_avoid_scam","unverified","Scammers tell you to pay in a specific way: with cryptocurrency, by wiring money, through a payment app or with a gift card.","https://consumer.ftc.gov/articles/how-avoid-scam","L19 card.how_money_works.019.c3; L19 card.how_money_works.019.c4","L19 question.how_money_works.019.q2; L19 question.how_money_works.019.q3; L20 question.how_money_works.020.q5","","","","","","corroborated","FTC: scammers insist you pay with cryptocurrency, by wiring money through a company like MoneyGram or Western Union, using a payment app, or putting money on a gift card. The VA four Ps sheet lists the same methods. (https://consumer.ftc.gov/articles/how-avoid-scam https://department.va.gov/privacy/fact-sheet/the-four-ps-of-spotting-fraud/)",""
"fact.how_money_works.scam_losses_2024","source.ftc_fraud_losses_2024","unverified","People reported losing more than $12.5 billion to fraud in 2024, according to FTC data.","https://www.ftc.gov/news-events/news/press-releases/2025/03/new-ftc-data-show-big-jump-reported-losses-fraud-125-billion-2024","L19 card.how_money_works.019.c4","L19 question.how_money_works.019.q1","","","","","","corroborated","FTC press release (March 2025): consumers reported losing more than $12.5 billion to fraud in 2024, up 25%. Insurance Journal and FinTech Futures reported the same figure. (https://www.ftc.gov/news-events/news/press-releases/2025/03/new-ftc-data-show-big-jump-reported-losses-fraud-125-billion-2024 https://www.insurancejournal.com/news/national/2025/03/10/815001.htm)",""
"fact.how_money_works.scam_impostor_top","source.ftc_fraud_losses_2024","unverified","Impostor scams were the most commonly reported type of scam in 2024.","https://www.ftc.gov/news-events/news/press-releases/2025/03/new-ftc-data-show-big-jump-reported-losses-fraud-125-billion-2024","L19 card.how_money_works.019.c4","L19 question.how_money_works.019.q1","","","","","","corroborated","FTC: the most commonly reported scam category in 2024 was imposter scams. Insurance Journal reported the same. (https://www.ftc.gov/news-events/news/press-releases/2025/03/new-ftc-data-show-big-jump-reported-losses-fraud-125-billion-2024 https://www.insurancejournal.com/news/national/2025/03/10/815001.htm)",""
"fact.how_money_works.scam_transfer_crypto_losses","source.ftc_fraud_losses_2024","unverified","In 2024, people reported losing more money to scams paid by bank transfer or cryptocurrency than by all other payment methods combined.","https://www.ftc.gov/news-events/news/press-releases/2025/03/new-ftc-data-show-big-jump-reported-losses-fraud-125-billion-2024","L19 card.how_money_works.019.c4","L19 question.how_money_works.019.q1","","","","","","corroborated","FTC: consumers reported losing more to scams paid with bank transfers or cryptocurrency than all other payment methods combined. The FTC 2024 Consumer Sentinel Data Book and news coverage agree. (https://www.ftc.gov/news-events/news/press-releases/2025/03/new-ftc-data-show-big-jump-reported-losses-fraud-125-billion-2024 https://www.fintechfutures.com/cybersecurity/ftc-data-reveals-us-consumers-lost-12-5bn-to-scams-in-2024)",""
"fact.how_money_works.engel_law","source.britannica_ernst_engel","unverified","Statistician Ernst Engel, studying the budgets of 153 Belgian families, found that the lower a family's income, the greater the share of it spent on food.","https://www.britannica.com/biography/Ernst-Engel","L20 card.how_money_works.020.c2","L20 question.how_money_works.020.q1","","","","","","corroborated","Britannica: Engel's law, based on a budget study of 153 Belgian families, states that the lower a family's income, the greater the proportion spent on food. Wikipedia (Engel's law) and BYU Studies describe the same finding. (https://www.britannica.com/biography/Ernst-Engel https://en.wikipedia.org/wiki/Engel%27s_law https://byustudies.byu.edu/article/engels-law)",""
"fact.how_money_works.engel_us_2024_shares","source.usda_ers_food_spending","unverified","In 2024, the lowest-income fifth of US households spent 33.0% of before-tax income on food; the highest-income fifth spent 6.4%.","https://www.ers.usda.gov/data-products/ag-and-food-statistics-charting-the-essentials/food-prices-and-spending","L20 card.how_money_works.020.c3","L20 question.how_money_works.020.q2","","","","","","corroborated","USDA ERS Charting the Essentials: in 2024 the lowest quintile spent 33.0% of before-tax income on food and the highest 6.4%. Repeated in ERS chart-of-note summaries returned by search. (https://www.ers.usda.gov/data-products/ag-and-food-statistics-charting-the-essentials/food-prices-and-spending https://www.ers.usda.gov/data-products/charts-of-note/95572)",""
"fact.how_money_works.engel_us_2024_dollars","source.usda_ers_food_spending","unverified","In 2024, the highest-income fifth of US households spent more dollars on food ($16,989 on average) than the lowest-income fifth ($5,498), but a much smaller share of income.","https://www.ers.usda.gov/data-products/ag-and-food-statistics-charting-the-essentials/food-prices-and-spending","L20 card.how_money_works.020.c3","L20 question.how_money_works.020.q2","","","","","","corroborated","USDA ERS: lowest quintile $5,498 (33.0%), highest quintile $16,989 (6.4%) in 2024. The 2018 ERS chart shows the same pattern: more dollars, smaller share, as income rises. (https://www.ers.usda.gov/data-products/ag-and-food-statistics-charting-the-essentials/food-prices-and-spending https://www.ers.usda.gov/data-products/charts-of-note/95572)",""
"fact.how_money_works.banking_bench_word","source.nbb_money_changers_bench","unverified","The word bank comes from the Italian banco (Old Italian banca), the bench or table at which medieval money changers did business.","https://museum.nbb.be/en/resources/money-changers-bench-very-special-table","L21 card.how_money_works.021.c1","","","","","","","corroborated","The NBB Museum says 'bank' was taken from the Italian banco; Etymonline traces it to Old Italian banca, a money-dealer's table or counter. Wikipedia's history of Italian banking gives the same bench origin. (https://museum.nbb.be/en/resources/money-changers-bench-very-special-table https://www.etymonline.com/word/bank https://en.wikipedia.org/wiki/History_of_banking_in_Italy)",""
"fact.how_money_works.banking_bench_word","source.etymonline_bank","unverified","The word bank comes from the Italian banco (Old Italian banca), the bench or table at which medieval money changers did business.","https://www.etymonline.com/word/bank","L21 card.how_money_works.021.c1","","","","","","","corroborated","The NBB Museum says 'bank' was taken from the Italian banco; Etymonline traces it to Old Italian banca, a money-dealer's table or counter. Wikipedia's history of Italian banking gives the same bench origin. (https://museum.nbb.be/en/resources/money-changers-bench-very-special-table https://www.etymonline.com/word/bank https://en.wikipedia.org/wiki/History_of_banking_in_Italy)",""
"fact.how_money_works.banking_lombard_changers","source.nbb_money_changers_bench","unverified","Medieval Lombard money changers mainly exchanged coins for foreign merchants and travelers, then began taking deposits and lending them out.","https://museum.nbb.be/en/resources/money-changers-bench-very-special-table","L21 card.how_money_works.021.c2","L21 question.how_money_works.021.q3","","","","","","corroborated","NBB Museum: changers' main activity was exchanging coin types for foreign merchants and travelers; they came to receive deposits and used them to lend. Other histories of medieval money changers describe the same path to deposit banking. (https://museum.nbb.be/en/resources/money-changers-bench-very-special-table https://en.wikipedia.org/wiki/History_of_banking_in_Italy)",""
"fact.how_money_works.banking_deposits_and_loans","source.brit_bank","unverified","A bank accepts deposits and makes loans, acting as a financial intermediary between savers who deposit money and borrowers who take loans.","https://www.britannica.com/topic/bank","L21 card.how_money_works.021.c2; L21 card.how_money_works.021.c3","L21 question.how_money_works.021.q1; L21 question.how_money_works.021.q3","","","","","","corroborated","Britannica: 'A bank accepts deposits and makes loans' as a financial intermediary. OpenStax 27.3: banks are 'an institution that operates between a saver who deposits money in a bank and a borrower who receives a loan'. (https://www.britannica.com/topic/bank https://openstax.org/books/principles-economics-3e/pages/27-3-the-role-of-banks)",""
"fact.how_money_works.banking_deposits_and_loans","source.openstax_role_of_banks","unverified","A bank accepts deposits and makes loans, acting as a financial intermediary between savers who deposit money and borrowers who take loans.","https://openstax.org/books/principles-economics-3e/pages/27-3-the-role-of-banks","L21 card.how_money_works.021.c2; L21 card.how_money_works.021.c3","L21 question.how_money_works.021.q1; L21 question.how_money_works.021.q3","","","","","","corroborated","Britannica: 'A bank accepts deposits and makes loans' as a financial intermediary. OpenStax 27.3: banks are 'an institution that operates between a saver who deposits money in a bank and a borrower who receives a loan'. (https://www.britannica.com/topic/bank https://openstax.org/books/principles-economics-3e/pages/27-3-the-role-of-banks)",""
"fact.how_money_works.banking_saver_no_hunt","source.openstax_role_of_banks","unverified","With a bank, savers can deposit spare money instead of looking for an individual who will borrow it and repay them later.","https://openstax.org/books/principles-economics-3e/pages/27-3-the-role-of-banks","L21 card.how_money_works.021.c3","L21 question.how_money_works.021.q1; L21 question.how_money_works.021.q3","","","","","","corroborated","OpenStax 27.3: people with extra money can store it in a bank rather than look for an individual willing to borrow it and repay later. Britannica describes the bank's intermediary role the same way. (https://openstax.org/books/principles-economics-3e/pages/27-3-the-role-of-banks https://www.britannica.com/topic/bank)",""
"fact.how_money_works.banking_spread_profit","source.boe_money_creation","unverified","A bank's business relies on charging a higher interest rate on loans than it pays on deposits; the difference, the spread, covers its costs and profit.","https://www.bankofengland.co.uk/quarterly-bulletin/2014/q1/money-creation-in-the-modern-economy","L21 card.how_money_works.021.c4; L23 card.how_money_works.023.c4","L21 question.how_money_works.021.q2","","","","","","corroborated","Bank of England 2014: a bank's business model relies on a higher rate on loans than on deposits, using the spread to cover operating costs and make profits. Britannica: profit comes from the difference between deposit costs and interest charged to borrowers. (https://www.bankofengland.co.uk/quarterly-bulletin/2014/q1/money-creation-in-the-modern-economy https://www.britannica.com/topic/bank)",""
"fact.how_money_works.banking_spread_profit","source.brit_bank","unverified","A bank's business relies on charging a higher interest rate on loans than it pays on deposits; the difference, the spread, covers its costs and profit.","https://www.britannica.com/topic/bank","L21 card.how_money_works.021.c4; L23 card.how_money_works.023.c4","L21 question.how_money_works.021.q2","","","","","","corroborated","Bank of England 2014: a bank's business model relies on a higher rate on loans than on deposits, using the spread to cover operating costs and make profits. Britannica: profit comes from the difference between deposit costs and interest charged to borrowers. (https://www.bankofengland.co.uk/quarterly-bulletin/2014/q1/money-creation-in-the-modern-economy https://www.britannica.com/topic/bank)",""
"fact.how_money_works.banking_loan_creates_deposit","source.boe_money_creation","unverified","Whenever a bank makes a loan, it credits the borrower's account with a matching new deposit, creating new money.","https://www.bankofengland.co.uk/quarterly-bulletin/2014/q1/money-creation-in-the-modern-economy","L22 card.how_money_works.022.c1; L22 card.how_money_works.022.c2; L30 card.how_money_works.030.c3","L22 question.how_money_works.022.q1; L27 question.how_money_works.027.q3; L30 question.how_money_works.030.q2","","","","","","corroborated","Bank of England 2014: 'Whenever a bank makes a loan, it simultaneously creates a matching deposit in the borrower's bank account, thereby creating new money.' The Bundesbank's 'How money is created' says banks create book money by granting loans. (https://www.bankofengland.co.uk/quarterly-bulletin/2014/q1/money-creation-in-the-modern-economy https://www.bundesbank.de/en/tasks/topics/how-money-is-created-667392)",""
"fact.how_money_works.banking_mortgage_example","source.boe_money_creation","unverified","When a bank lends to someone taking out a mortgage to buy a house, it doesn't hand over banknotes; it credits their account with a deposit the size of the mortgage.","https://www.bankofengland.co.uk/quarterly-bulletin/2014/q1/money-creation-in-the-modern-economy","L22 card.how_money_works.022.c2","L22 question.how_money_works.022.q1; L27 question.how_money_works.027.q3","","","","","","corroborated","Bank of England 2014 uses exactly this example: the bank credits the borrower's account with a bank deposit of the size of the mortgage, and at that moment new money is created. The Bundesbank describes loans creating deposits by an accounting entry. (https://www.bankofengland.co.uk/quarterly-bulletin/2014/q1/money-creation-in-the-modern-economy https://www.bundesbank.de/en/tasks/topics/how-money-is-created-667392)",""
"fact.how_money_works.banking_fountain_pen_money","source.boe_money_creation","unverified","Because deposits are created when loans are approved, some economists have called them 'fountain pen money', made at the stroke of a banker's pen.","https://www.bankofengland.co.uk/quarterly-bulletin/2014/q1/money-creation-in-the-modern-economy","L22 card.how_money_works.022.c2","L22 question.how_money_works.022.q1; L27 question.how_money_works.027.q3","","","","","","corroborated","Bank of England 2014: 'some economists have referred to bank deposits as fountain pen money, created at the stroke of bankers' pens when they approve loans.' The phrase goes back to James Tobin, whom the article cites. (https://www.bankofengland.co.uk/quarterly-bulletin/2014/q1/money-creation-in-the-modern-economy)","one-page"
"fact.how_money_works.banking_most_money_from_loans","source.boe_money_creation","unverified","Most money in the modern economy is created by commercial banks making loans.","https://www.bankofengland.co.uk/quarterly-bulletin/2014/q1/money-creation-in-the-modern-economy","L22 card.how_money_works.022.c1; L22 card.how_money_works.022.c3","L22 question.how_money_works.022.q3","","","","","","corroborated","Bank of England 2014 page summary: 'the majority of money in the modern economy is created by commercial banks making loans.' The Bundesbank describes commercial bank lending as the main source of book money. (https://www.bankofengland.co.uk/quarterly-bulletin/2014/q1/money-creation-in-the-modern-economy https://www.bundesbank.de/en/tasks/topics/how-money-is-created-667392)",""
"fact.how_money_works.banking_textbook_reversed","source.boe_money_creation","unverified","Rather than lending out deposits that savers place with them, banks create deposits by lending: the reverse of the order typically described in textbooks.","https://www.bankofengland.co.uk/quarterly-bulletin/2014/q1/money-creation-in-the-modern-economy","L22 card.how_money_works.022.c3","L22 question.how_money_works.022.q3","","","","","","corroborated","Bank of England 2014: 'rather than banks lending out deposits that are placed with them, the act of lending creates deposits, the reverse of the sequence typically described in textbooks.' The Bundesbank rejects the pure intermediary view in the same way. (https://www.bankofengland.co.uk/quarterly-bulletin/2014/q1/money-creation-in-the-modern-economy https://www.bundesbank.de/en/tasks/topics/how-money-is-created-667392)",""
"fact.how_money_works.banking_repayment_destroys","source.boe_money_creation","unverified","Repaying a bank loan destroys money: the deposit that lending created disappears.","https://www.bankofengland.co.uk/quarterly-bulletin/2014/q1/money-creation-in-the-modern-economy","L22 card.how_money_works.022.c4; L30 card.how_money_works.030.c3","L30 question.how_money_works.030.q2","","","","","","corroborated","Bank of England 2014: 'Just as taking out a new loan creates money, the repayment of bank loans destroys money.' The Bundesbank: book money is destroyed when a borrower pays back the loan. (https://www.bankofengland.co.uk/quarterly-bulletin/2014/q1/money-creation-in-the-modern-economy https://www.bundesbank.de/en/tasks/topics/how-money-is-created-667392)",""
"fact.how_money_works.banking_creation_limits","source.boe_money_creation","unverified","Banks can't create money without limit: they must lend profitably and manage risk, regulation constrains them, and central bank interest rates are the ultimate limit.","https://www.bankofengland.co.uk/quarterly-bulletin/2014/q1/money-creation-in-the-modern-economy","L22 card.how_money_works.022.c4","L22 question.how_money_works.022.q2","","","","","","corroborated","Bank of England 2014: banks 'cannot do so freely without limit'; they must lend profitably in a competitive market, manage risk, and face prudential regulation; monetary policy 'acts as the ultimate limit on money creation'. The Bundesbank also notes banks must fund the loans they create. (https://www.bankofengland.co.uk/quarterly-bulletin/2014/q1/money-creation-in-the-modern-economy https://www.bundesbank.de/en/tasks/topics/how-money-is-created-667392)",""
"fact.how_money_works.interest_definition","source.brit_interest","unverified","Interest is the price or fee a borrower pays a lender for the use of money; it can be stated as a rate.","https://www.britannica.com/money/interest-economics","L23 card.how_money_works.023.c2; L30 card.how_money_works.030.c2","L23 question.how_money_works.023.q1; L25 question.how_money_works.025.q3","","","","","","corroborated","Britannica: interest is 'the price paid for the use of credit or money' and may be expressed 'as a rate of payment'. CFPB's glossary: 'A fee charged by a lender, and paid by a borrower, for the use of money.' (https://www.britannica.com/money/interest-economics https://files.consumerfinance.gov/f/documents/cfpb_building_block_activities_differentiating-secured-unsecured-loans_guide.pdf)",""
"fact.how_money_works.interest_definition","source.cfpb_secured_unsecured","unverified","Interest is the price or fee a borrower pays a lender for the use of money; it can be stated as a rate.","https://files.consumerfinance.gov/f/documents/cfpb_building_block_activities_differentiating-secured-unsecured-loans_guide.pdf","L23 card.how_money_works.023.c2; L30 card.how_money_works.030.c2","L23 question.how_money_works.023.q1; L25 question.how_money_works.025.q3","","","","","","corroborated","Britannica: interest is 'the price paid for the use of credit or money' and may be expressed 'as a rate of payment'. CFPB's glossary: 'A fee charged by a lender, and paid by a borrower, for the use of money.' (https://www.britannica.com/money/interest-economics https://files.consumerfinance.gov/f/documents/cfpb_building_block_activities_differentiating-secured-unsecured-loans_guide.pdf)",""
"fact.how_money_works.interest_five_percent_example","source.brit_interest","unverified","At an interest rate of 5% a year, borrowing $100 for a year costs $5 in interest.","https://www.britannica.com/money/interest-economics","L23 card.how_money_works.023.c2","L23 question.how_money_works.023.q1; L25 question.how_money_works.025.q3","","","","","","corroborated","Direct arithmetic from the definition of an annual interest rate as a percentage of the amount borrowed (5% of $100 is $5). Britannica's own example uses a $5 difference on $100 over a year. (https://www.britannica.com/money/interest-economics)","one-page"
"fact.how_money_works.interest_waiting_example","source.brit_interest","unverified","If someone would pay $95 today for a promise of $100 in a year, the $5 difference is interest: payment for giving up the use of money now.","https://www.britannica.com/money/interest-economics","L23 card.how_money_works.023.c3","L23 question.how_money_works.023.q2","","","","","","corroborated","Britannica's interest article uses this example: $95 paid now for a promise of $100 in a year implies $5 of interest, compensation for giving up present money. The CFPB describes interest as the fee for the use of money. (https://www.britannica.com/money/interest-economics https://files.consumerfinance.gov/f/documents/cfpb_building_block_activities_differentiating-secured-unsecured-loans_guide.pdf)",""
"fact.how_money_works.interest_depositors_paid","source.cfpb_secured_unsecured","unverified","A bank or credit union may also pay you interest when you deposit money in certain accounts.","https://files.consumerfinance.gov/f/documents/cfpb_building_block_activities_differentiating-secured-unsecured-loans_guide.pdf","L23 card.how_money_works.023.c4","","","","","","","corroborated","CFPB glossary in its Building Blocks guide: 'A bank or credit union may also pay you interest if you deposit money in certain types of accounts.' Britannica's bank article describes interest paid on deposits. (https://files.consumerfinance.gov/f/documents/cfpb_building_block_activities_differentiating-secured-unsecured-loans_guide.pdf https://www.britannica.com/topic/bank)",""
"fact.how_money_works.interest_hammurabi_rates","source.bancaditalia_mesopotamian_tablets","unverified","Mesopotamian laws, including Hammurabi's code in the 18th century BCE, set interest rates on loans: 20% for silver and a higher rate for barley.","https://www.bancaditalia.it/servizi-cittadino/musei-e-visite/museo-moneta/tavolette-mesopotamiche/index.html?com.dotmarketing.htmlpage.language=1","L23 card.how_money_works.023.c1; L23 card.how_money_works.023.c3","L23 question.how_money_works.023.q2; L23 question.how_money_works.023.q3; L24 question.how_money_works.024.q3; L26 question.how_money_works.026.q3","","","","","","corroborated","Banca d'Italia's Money Museum: loans of silver or barley at legal rates set by the Ana-Ittisu laws, the code of Eshnunna and the code of Hammurabi (18th century BCE): 20% for silver and 30% for barley. Hanover College's excerpt of Hammurabi law 88 gives 20% silver and 33 1/3% grain. (https://www.bancaditalia.it/servizi-cittadino/musei-e-visite/museo-moneta/tavolette-mesopotamiche/index.html?com.dotmarketing.htmlpage.language=1 https://history.hanover.edu/courses/excerpts/165hammurabi.html)",""
"fact.how_money_works.interest_barley_riskier","source.bancaditalia_mesopotamian_tablets","unverified","Barley loans, usually made to the poor, were seen as riskier than silver loans, which is why the law allowed them a higher rate.","https://www.bancaditalia.it/servizi-cittadino/musei-e-visite/museo-moneta/tavolette-mesopotamiche/index.html?com.dotmarketing.htmlpage.language=1","L23 card.how_money_works.023.c3; L26 card.how_money_works.026.c2","L23 question.how_money_works.023.q2; L24 question.how_money_works.024.q3; L26 question.how_money_works.026.q3","","","","","","corroborated","Banca d'Italia: 'loans of barleycorn, a commodity critical to survival and usually lent to the poor, were deemed riskier than loans of silver'. Economic histories of Mesopotamian lending give the same explanation for the higher barley rate. (https://www.bancaditalia.it/servizi-cittadino/musei-e-visite/museo-moneta/tavolette-mesopotamiche/index.html?com.dotmarketing.htmlpage.language=1)","one-page"
"fact.how_money_works.interest_older_than_coins","source.bancaditalia_mesopotamian_tablets","unverified","Hammurabi's interest laws (18th century BCE) came more than 1,000 years before Lydia's first coins (around 650 BCE).","https://www.bancaditalia.it/servizi-cittadino/musei-e-visite/museo-moneta/tavolette-mesopotamiche/index.html?com.dotmarketing.htmlpage.language=1","L23 card.how_money_works.023.c1","L23 question.how_money_works.023.q3","","","","","","corroborated","Banca d'Italia dates Hammurabi's code to the 18th century BCE; World History Encyclopedia and the British Museum date the first Lydian coins to around 650 BCE. The gap is at least 1,050 years. (https://www.bancaditalia.it/servizi-cittadino/musei-e-visite/museo-moneta/tavolette-mesopotamiche/index.html?com.dotmarketing.htmlpage.language=1 https://www.worldhistory.org/article/797/the-importance-of-the-lydian-stater-as-the-worlds/)",""
"fact.how_money_works.interest_older_than_coins","source.worldhistory_lydian_stater","unverified","Hammurabi's interest laws (18th century BCE) came more than 1,000 years before Lydia's first coins (around 650 BCE).","https://www.worldhistory.org/article/797/the-importance-of-the-lydian-stater-as-the-worlds/","L23 card.how_money_works.023.c1","L23 question.how_money_works.023.q3","","","","","","corroborated","Banca d'Italia dates Hammurabi's code to the 18th century BCE; World History Encyclopedia and the British Museum date the first Lydian coins to around 650 BCE. The gap is at least 1,050 years. (https://www.bancaditalia.it/servizi-cittadino/musei-e-visite/museo-moneta/tavolette-mesopotamiche/index.html?com.dotmarketing.htmlpage.language=1 https://www.worldhistory.org/article/797/the-importance-of-the-lydian-stater-as-the-worlds/)",""
"fact.how_money_works.interest_simple_vs_compound","source.stlouisfed_compound_interest","unverified","Simple interest is calculated only on the original amount; compound interest is calculated on the original amount plus the interest already earned.","https://www.stlouisfed.org/open-vault/2018/september/how-compound-interest-works","L24 card.how_money_works.024.c2","L24 question.how_money_works.024.q1; L24 question.how_money_works.024.q2; L30 question.how_money_works.030.q3","","","","","","corroborated","St. Louis Fed: compound interest is interest on the original principal plus on the interest it generates. Corporate Finance Institute: simple interest uses a fixed principal and accrued interest is not added to it. (https://www.stlouisfed.org/open-vault/2018/september/how-compound-interest-works https://corporatefinanceinstitute.com/learn/resources/commercial-lending/simple-interest-vs-compound-interest https://www.westernsouthern.com/investments/simple-interest-vs-compound-interest)",""
"fact.how_money_works.interest_simple_vs_compound","source.cfi_simple_vs_compound","unverified","Simple interest is calculated only on the original amount; compound interest is calculated on the original amount plus the interest already earned.","https://corporatefinanceinstitute.com/learn/resources/commercial-lending/simple-interest-vs-compound-interest","L24 card.how_money_works.024.c2","L24 question.how_money_works.024.q1; L24 question.how_money_works.024.q2; L30 question.how_money_works.030.q3","","","","","","corroborated","St. Louis Fed: compound interest is interest on the original principal plus on the interest it generates. Corporate Finance Institute: simple interest uses a fixed principal and accrued interest is not added to it. (https://www.stlouisfed.org/open-vault/2018/september/how-compound-interest-works https://corporatefinanceinstitute.com/learn/resources/commercial-lending/simple-interest-vs-compound-interest https://www.westernsouthern.com/investments/simple-interest-vs-compound-interest)",""
"fact.how_money_works.interest_compound_debt","source.stlouisfed_compound_interest","unverified","On a debt, compounding means interest is charged on the unpaid balance plus earlier unpaid interest, which is how credit card debt can balloon.","https://www.stlouisfed.org/open-vault/2018/september/how-compound-interest-works","L25 card.how_money_works.025.c3","L25 question.how_money_works.025.q2; L30 question.how_money_works.030.q3","","","","","","corroborated","St. Louis Fed: 'owed interest is being calculated on your unpaid balance, plus on previous interest charges left unpaid. This is how credit card debt can balloon if left unchecked.' Wikipedia's compound interest material describes the same effect. (https://www.stlouisfed.org/open-vault/2018/september/how-compound-interest-works)","one-page"
"fact.how_money_works.interest_rule_of_72","source.stlouisfed_compound_interest","unverified","The Rule of 72 estimates how long money takes to double with compounding: divide 72 by the yearly rate. At 8% it takes about 9 years; at 2%, about 36.","https://www.stlouisfed.org/open-vault/2018/september/how-compound-interest-works","L24 card.how_money_works.024.c4","L24 question.how_money_works.024.q3","","","","","","corroborated","St. Louis Fed: divide 72 by the interest rate; at 2% money doubles in 36 years, at 8% in 9 years. Wikipedia's Rule of 72 article gives the same method. (https://www.stlouisfed.org/open-vault/2018/september/how-compound-interest-works https://en.wikipedia.org/wiki/Rule_of_72)",""
"fact.how_money_works.card_debt_doubling","source.stlouisfed_compound_interest","unverified","By the Rule of 72, a balance growing at about 22% a year would double in a little over 3 years if nothing were paid.","https://www.stlouisfed.org/open-vault/2018/september/how-compound-interest-works","L25 card.how_money_works.025.c3","","","","","","","corroborated","Arithmetic from two registered facts: 72 divided by 22 is about 3.3 (St. Louis Fed's Rule of 72; Federal Reserve G.19 rate of about 22% in 2026). (https://www.stlouisfed.org/open-vault/2018/september/how-compound-interest-works https://www.federalreserve.gov/releases/g19/current/default.htm)",""
"fact.how_money_works.card_debt_doubling","source.fed_g19_consumer_credit","unverified","By the Rule of 72, a balance growing at about 22% a year would double in a little over 3 years if nothing were paid.","https://www.federalreserve.gov/releases/g19/current/default.htm","L25 card.how_money_works.025.c3","","","","","","","corroborated","Arithmetic from two registered facts: 72 divided by 22 is about 3.3 (St. Louis Fed's Rule of 72; Federal Reserve G.19 rate of about 22% in 2026). (https://www.stlouisfed.org/open-vault/2018/september/how-compound-interest-works https://www.federalreserve.gov/releases/g19/current/default.htm)",""
"fact.how_money_works.franklin_bequest","source.boston_franklin_fund","unverified","In a 1789 codicil to his will, Benjamin Franklin left £1,000 each to Boston and Philadelphia, to be lent at 5% interest to young tradesmen in a plan lasting 200 years.","https://www.cityofboston.gov/images_documents/Guide%20to%20the%20Franklin%20Fund%20records_tcm3-20691.pdf","L24 card.how_money_works.024.c1; L24 card.how_money_works.024.c3","L24 question.how_money_works.024.q2","","","","","","corroborated","City of Boston archives: a bequest of one thousand pounds in a codicil dated June 23, 1789, for loans to 'young married artificers'. HistoryNet: 1,000 pounds each to Boston and Philadelphia, loans at 5% a year, trusts designed to last 200 years. (https://www.cityofboston.gov/images_documents/Guide%20to%20the%20Franklin%20Fund%20records_tcm3-20691.pdf https://historynet.com/ben-franklins-gift-keeps-giving/ https://cs.appstate.edu/sjg/class/1010/wc/finance/benf1a.html)",""
"fact.how_money_works.franklin_bequest","source.historynet_franklin_gift","unverified","In a 1789 codicil to his will, Benjamin Franklin left £1,000 each to Boston and Philadelphia, to be lent at 5% interest to young tradesmen in a plan lasting 200 years.","https://historynet.com/ben-franklins-gift-keeps-giving/","L24 card.how_money_works.024.c1; L24 card.how_money_works.024.c3","L24 question.how_money_works.024.q2","","","","","","corroborated","City of Boston archives: a bequest of one thousand pounds in a codicil dated June 23, 1789, for loans to 'young married artificers'. HistoryNet: 1,000 pounds each to Boston and Philadelphia, loans at 5% a year, trusts designed to last 200 years. (https://www.cityofboston.gov/images_documents/Guide%20to%20the%20Franklin%20Fund%20records_tcm3-20691.pdf https://historynet.com/ben-franklins-gift-keeps-giving/ https://cs.appstate.edu/sjg/class/1010/wc/finance/benf1a.html)",""
"fact.how_money_works.franklin_131000","source.boston_franklin_fund","unverified","Franklin calculated that after 100 years at 5%, Boston's £1,000 would have grown to £131,000.","https://www.cityofboston.gov/images_documents/Guide%20to%20the%20Franklin%20Fund%20records_tcm3-20691.pdf","L24 card.how_money_works.024.c3","L24 question.how_money_works.024.q2","","","","","","corroborated","Boston archives quote the codicil: after 100 years the managers should lay out £100,000 and keep £31,000 lending (£131,000 in all). Appalachian State's reading quotes 'one hundred and thirty-one thousand pounds'. 1.05 to the 100th power is about 131.5. (https://www.cityofboston.gov/images_documents/Guide%20to%20the%20Franklin%20Fund%20records_tcm3-20691.pdf https://cs.appstate.edu/sjg/class/1010/wc/finance/benf1a.html)",""
"fact.how_money_works.franklin_simple_comparison","source.boston_franklin_fund","unverified","At 5% simple interest, £1,000 earns £50 a year, or £5,000 over 100 years: £6,000 in all, about £125,000 less than Franklin's compounded £131,000.","https://www.cityofboston.gov/images_documents/Guide%20to%20the%20Franklin%20Fund%20records_tcm3-20691.pdf","L24 card.how_money_works.024.c3","L24 question.how_money_works.024.q2","","","","","","corroborated","Arithmetic from registered facts: 5% of £1,000 is £50; times 100 years is £5,000; plus the £1,000 is £6,000; £131,000 minus £6,000 is £125,000. Simple interest on a fixed principal per Corporate Finance Institute. (https://www.cityofboston.gov/images_documents/Guide%20to%20the%20Franklin%20Fund%20records_tcm3-20691.pdf https://corporatefinanceinstitute.com/learn/resources/commercial-lending/simple-interest-vs-compound-interest)",""
"fact.how_money_works.franklin_simple_comparison","source.cfi_simple_vs_compound","unverified","At 5% simple interest, £1,000 earns £50 a year, or £5,000 over 100 years: £6,000 in all, about £125,000 less than Franklin's compounded £131,000.","https://corporatefinanceinstitute.com/learn/resources/commercial-lending/simple-interest-vs-compound-interest","L24 card.how_money_works.024.c3","L24 question.how_money_works.024.q2","","","","","","corroborated","Arithmetic from registered facts: 5% of £1,000 is £50; times 100 years is £5,000; plus the £1,000 is £6,000; £131,000 minus £6,000 is £125,000. Simple interest on a fixed principal per Corporate Finance Institute. (https://www.cityofboston.gov/images_documents/Guide%20to%20the%20Franklin%20Fund%20records_tcm3-20691.pdf https://corporatefinanceinstitute.com/learn/resources/commercial-lending/simple-interest-vs-compound-interest)",""
"fact.how_money_works.franklin_1990_value","source.historynet_franklin_gift","unverified","The funds were badly managed and fell short of Franklin's estimates, but by 1990 Boston's had grown to about $4.5 million.","https://historynet.com/ben-franklins-gift-keeps-giving/","L24 card.how_money_works.024.c3","L24 question.how_money_works.024.q2","","","","","","corroborated","HistoryNet: the trusts were badly managed and produced only a fraction of Franklin's estimates; by 1990 the compounded value was $4.5 million in Boston and $2 million in Philadelphia. Mental Floss reports the same 1990 figures. (https://historynet.com/ben-franklins-gift-keeps-giving/ https://www.mentalfloss.com/article/627475/200-year-old-gift-from-benjamin-franklin-to-boston-and-philadelphia)",""
"fact.how_money_works.revolving_credit_limit","source.fed_g19_about","unverified","Revolving credit, most of which is credit card lending, lets a consumer borrow up to a set limit and repay in one or more installments.","https://www.federalreserve.gov/releases/g19/about.htm","L25 card.how_money_works.025.c2","L25 question.how_money_works.025.q1","","","","","","corroborated","Federal Reserve G.19 'About': revolving credit plans 'allow a consumer to borrow up to a prearranged limit and repay the debt in one or more installments'; credit card loans comprise most of it. A CFPB report describes card balances repaid in full or in part the same way. (https://www.federalreserve.gov/releases/g19/about.htm https://www.consumerfinance.gov/about-us/blog/report-revolving-us-credit-card-market/)",""
"fact.how_money_works.revolving_grace_period","source.cfpb_grace_period","unverified","If you pay a credit card balance in full by the due date, you may not be charged interest on purchases; any unpaid portion is charged interest.","https://www.consumerfinance.gov/ask-cfpb/what-is-a-grace-period-for-a-credit-card-en-47/","L25 card.how_money_works.025.c2","L25 question.how_money_works.025.q1","","","","","","corroborated","CFPB: during the grace period 'you may not be charged interest as long as you pay your balance in full by the due date'; otherwise 'you will be charged interest on the unpaid portion of the balance'. A CFPB revolving-market report describes the same split between paying in full and revolving. (https://www.consumerfinance.gov/ask-cfpb/what-is-a-grace-period-for-a-credit-card-en-47/ https://www.consumerfinance.gov/about-us/blog/report-revolving-us-credit-card-market/)",""
"fact.how_money_works.revolving_card_rate_2026","source.fed_g19_consumer_credit","unverified","In 2026, US credit card accounts that were charged interest paid an average rate of about 22% a year.","https://www.federalreserve.gov/releases/g19/current/default.htm","L25 card.how_money_works.025.c3","L25 question.how_money_works.025.q2; L25 question.how_money_works.025.q3; L30 question.how_money_works.030.q3","","","","","","corroborated","Federal Reserve G.19 (September 8, 2026): accounts assessed interest 21.52% in 2026 Q1 and 22.15% in Q2. FRED series TERMCBCCINTNS shows the same values. (https://www.federalreserve.gov/releases/g19/current/default.htm https://fred.stlouisfed.org/series/TERMCBCCINTNS)",""
"fact.how_money_works.revolving_min_payment_warning","source.cfpb_reg_z_periodic_statement","unverified","US card statements must carry a Minimum Payment Warning: paying only the minimum means paying more interest and taking longer to pay off the balance.","https://www.consumerfinance.gov/rules-policy/regulations/1026/7/","L25 card.how_money_works.025.c1; L25 card.how_money_works.025.c4","","","","","","","corroborated","Regulation Z 1026.7(b)(12): 'Minimum Payment Warning: If you make only the minimum payment each period, you will pay more in interest and it will take you longer to pay off your balance.' Debt.org and Wikipedia describe this CARD Act requirement. (https://www.consumerfinance.gov/rules-policy/regulations/1026/7/ https://www.debt.org/credit/your-consumer-rights/act-of-2009/ https://en.wikipedia.org/wiki/Credit_CARD_Act_of_2009)",""
"fact.how_money_works.revolving_payoff_estimate","source.cfpb_reg_z_periodic_statement","unverified","Card statements must also estimate how long paying only the minimum would take to clear the balance, and the total it would cost.","https://www.consumerfinance.gov/rules-policy/regulations/1026/7/","L25 card.how_money_works.025.c4","","","","","","","corroborated","Regulation Z 1026.7(b)(12) requires the minimum-payment repayment period and total cost estimate on each periodic statement. Debt.org's summary of the CARD Act lists the same disclosures. (https://www.consumerfinance.gov/rules-policy/regulations/1026/7/ https://www.debt.org/credit/your-consumer-rights/act-of-2009/)",""
"fact.how_money_works.credit_score_prediction","source.cfpb_credit_score","unverified","A credit score is a prediction of your credit behavior, such as how likely you are to pay a loan back on time, based on your credit reports.","https://www.consumerfinance.gov/ask-cfpb/what-is-a-credit-score-en-315/","L26 card.how_money_works.026.c1; L26 card.how_money_works.026.c2; L30 card.how_money_works.030.c2","L26 question.how_money_works.026.q3","","","","","","corroborated","CFPB: 'A credit score is a prediction of your credit behavior, such as how likely you are to pay a loan back on time, based on information from your credit reports.' myFICO likewise says the score is calculated from the credit report. (https://www.consumerfinance.gov/ask-cfpb/what-is-a-credit-score-en-315/ https://www.myfico.com/credit-education/whats-in-your-credit-score)",""
"fact.how_money_works.credit_score_range","source.cfpb_credit_score","unverified","Most credit scores fall between 300 and 850.","https://www.consumerfinance.gov/ask-cfpb/what-is-a-credit-score-en-315/","L26 card.how_money_works.026.c1","","","","","","","corroborated","CFPB: most credit scores fall between 300 and 850. Experian's score explainer gives the same common range for FICO and VantageScore models. (https://www.consumerfinance.gov/ask-cfpb/what-is-a-credit-score-en-315/ https://www.experian.com/blogs/ask-experian/credit-education/score-basics/what-affects-your-credit-scores/)",""
"fact.how_money_works.credit_score_better_rate","source.cfpb_credit_score","unverified","Usually a higher credit score makes it easier to qualify for a loan and may bring a better interest rate or loan terms.","https://www.consumerfinance.gov/ask-cfpb/what-is-a-credit-score-en-315/","L26 card.how_money_works.026.c2","L26 question.how_money_works.026.q3","","","","","","corroborated","CFPB: 'Usually a higher score makes it easier to qualify for a loan and may result in a better interest rate or loan terms.' Experian gives the same explanation of how scores affect rates. (https://www.consumerfinance.gov/ask-cfpb/what-is-a-credit-score-en-315/ https://www.experian.com/blogs/ask-experian/credit-education/score-basics/what-affects-your-credit-scores/)",""
"fact.how_money_works.credit_score_fico_weights","source.myfico_score_factors","unverified","FICO scores weigh five categories: payment history 35%, amounts owed 30%, length of credit history 15%, new credit 10% and credit mix 10%.","https://www.myfico.com/credit-education/whats-in-your-credit-score","L26 card.how_money_works.026.c3","L26 question.how_money_works.026.q1","","","","","","corroborated","myFICO lists payment history (35%), amounts owed (30%), length of credit history (15%), new credit (10%) and credit mix (10%). Experian's explainer and many lenders repeat the same weights. (https://www.myfico.com/credit-education/whats-in-your-credit-score https://www.experian.com/blogs/ask-experian/credit-education/score-basics/what-affects-your-credit-scores/)",""
"fact.how_money_works.credit_score_no_income","source.myfico_score_factors","unverified","A FICO score is calculated only from the information in your credit report, so income isn't part of it, though lenders may look at income separately.","https://www.myfico.com/credit-education/whats-in-your-credit-score","L26 card.how_money_works.026.c4","L26 question.how_money_works.026.q2","","","","","","corroborated","myFICO: 'Your FICO Score is calculated only from the information in your credit report. However, lenders may look at many things... such as your income.' The CFPB lists score factors that likewise don't include income. (https://www.myfico.com/credit-education/whats-in-your-credit-score https://www.consumerfinance.gov/ask-cfpb/what-is-a-credit-score-en-315/)",""
"fact.how_money_works.credit_score_not_one","source.cfpb_credit_score","unverified","You don't have just one credit score: scores vary with the scoring model, the data used and even the day they're calculated.","https://www.consumerfinance.gov/ask-cfpb/what-is-a-credit-score-en-315/","L26 card.how_money_works.026.c4","L26 question.how_money_works.026.q2","","","","","","corroborated","CFPB: 'You do not have just one credit score', since scores depend on the scoring model, the data source and the day calculated. Experian also explains that people have many scores. (https://www.consumerfinance.gov/ask-cfpb/what-is-a-credit-score-en-315/ https://www.experian.com/blogs/ask-experian/credit-education/score-basics/what-affects-your-credit-scores/)",""
"fact.how_money_works.mortgage_dead_pledge","source.etymonline_mortgage","unverified","Mortgage comes from Old French mort gage, 'dead pledge': the pledge dies either when the debt is paid or when payment fails and the land is lost.","https://www.etymonline.com/word/mortgage","L27 card.how_money_works.027.c1; L27 card.how_money_works.027.c2","L27 question.how_money_works.027.q1; L27 question.how_money_works.027.q3","","","","","","corroborated","Etymonline: from Old French mort gaige, literally 'dead pledge', which dies when the debt is paid or when payment fails. Wiktionary and Wikipedia's mortgage law article give the same etymology. (https://www.etymonline.com/word/mortgage https://en.wiktionary.org/wiki/mortgage https://en.wikipedia.org/wiki/Mortgage_law)",""
"fact.how_money_works.mortgage_definition","source.cfpb_mortgage_definition","unverified","A mortgage is an agreement that gives the lender the right to take your property if you don't repay the money borrowed plus interest.","https://www.consumerfinance.gov/ask-cfpb/what-is-a-mortgage-en-99/","L27 card.how_money_works.027.c2","L27 question.how_money_works.027.q1; L27 question.how_money_works.027.q3","","","","","","corroborated","CFPB: 'A mortgage is an agreement between you and a lender that gives the lender the right to take your property if you don't repay the money you've borrowed plus interest.' CFPB's secured-loan guide lists a home as collateral. (https://www.consumerfinance.gov/ask-cfpb/what-is-a-mortgage-en-99/ https://files.consumerfinance.gov/f/documents/cfpb_building_block_activities_differentiating-secured-unsecured-loans_guide.pdf)",""
"fact.how_money_works.mortgage_term_tradeoff","source.cfpb_loan_options","unverified","Compared with a 15-year mortgage, a 30-year mortgage usually has lower monthly payments but a higher interest rate and a higher total cost.","https://www.consumerfinance.gov/owning-a-home/loan-options/","L27 card.how_money_works.027.c3","","","","","","","corroborated","CFPB loan options: 30-year terms have lower monthly payments, typically higher interest rates and higher total cost; 15-year terms have higher payments, typically lower rates and lower total cost. CFPB key terms describe the same trade-off. (https://www.consumerfinance.gov/owning-a-home/loan-options/ https://www.consumerfinance.gov/consumer-tools/mortgages/answers/key-terms/)",""
"fact.how_money_works.mortgage_amortization","source.cfpb_paying_down_mortgage","unverified","Early in a mortgage most of each payment goes to interest because the balance is high; over time more goes to paying off the loan. This is amortization.","https://www.consumerfinance.gov/ask-cfpb/how-does-paying-down-a-mortgage-work-en-1943/","L27 card.how_money_works.027.c4; L30 card.how_money_works.030.c3","L27 question.how_money_works.027.q2","","","","","","corroborated","CFPB: in the beginning you owe more interest because the balance is high; over time more of the payment goes to principal; near the end most goes to principal. 'This process is known as amortization.' CFPB key terms say the same. (https://www.consumerfinance.gov/ask-cfpb/how-does-paying-down-a-mortgage-work-en-1943/ https://www.consumerfinance.gov/consumer-tools/mortgages/answers/key-terms/)",""
"fact.how_money_works.mortgage_equity_slow","source.cfpb_paying_down_mortgage","unverified","The equity you build in a home is much less than the sum of your mortgage payments, because the interest doesn't reduce your balance.","https://www.consumerfinance.gov/ask-cfpb/how-does-paying-down-a-mortgage-work-en-1943/","L27 card.how_money_works.027.c4","L27 question.how_money_works.027.q2","","","","","","corroborated","CFPB: 'the equity you build in your home is much less than the sum of your monthly payments', because interest payments don't reduce the balance. Standard amortization schedules show the same. (https://www.consumerfinance.gov/ask-cfpb/how-does-paying-down-a-mortgage-work-en-1943/ https://www.consumerfinance.gov/consumer-tools/mortgages/answers/key-terms/)",""
"fact.how_money_works.loan_secured_definition","source.cfpb_secured_unsecured","unverified","A secured loan is backed by collateral, such as a car or home, which the lender can take and sell to get its money back if the loan isn't repaid.","https://files.consumerfinance.gov/f/documents/cfpb_building_block_activities_differentiating-secured-unsecured-loans_guide.pdf","L28 card.how_money_works.028.c2; L30 card.how_money_works.030.c3","L28 question.how_money_works.028.q1; L28 question.how_money_works.028.q2; L30 question.how_money_works.030.q4","","","","","","corroborated","CFPB Building Blocks: secured loans require collateral 'like a car, a boat, a home' that the lender can take to get its money back; 'your property may be sold to pay off the loan'. U.S. Bank's explainer says the same. (https://files.consumerfinance.gov/f/documents/cfpb_building_block_activities_differentiating-secured-unsecured-loans_guide.pdf https://www.usbank.com/financialiq/manage-your-household/manage-debt/secured-vs-unsecured-debt.html)",""
"fact.how_money_works.loan_secured_cheaper","source.cfpb_secured_unsecured","unverified","Secured loans are less risky to lenders, so they usually have lower interest rates and higher borrowing limits.","https://files.consumerfinance.gov/f/documents/cfpb_building_block_activities_differentiating-secured-unsecured-loans_guide.pdf","L28 card.how_money_works.028.c2","L28 question.how_money_works.028.q1; L28 question.how_money_works.028.q2; L30 question.how_money_works.030.q4","","","","","","corroborated","CFPB answer guide: secured loans are 'less risky to lenders', 'usually have lower interest rates' and 'usually have higher borrowing limits'. Capital One and U.S. Bank explainers agree. (https://files.consumerfinance.gov/f/documents/cfpb_building_block_activities_differentiating-secured-unsecured-loans_guide.pdf https://www.capitalone.com/learn-grow/money-management/secured-vs-unsecured-debt/ https://www.usbank.com/financialiq/manage-your-household/manage-debt/secured-vs-unsecured-debt.html)",""
"fact.how_money_works.loan_unsecured_riskier","source.cfpb_secured_unsecured","unverified","An unsecured loan uses no property as collateral; lenders see it as riskier, so they may charge a higher interest rate.","https://files.consumerfinance.gov/f/documents/cfpb_building_block_activities_differentiating-secured-unsecured-loans_guide.pdf","L28 card.how_money_works.028.c3","L28 question.how_money_works.028.q2; L28 question.how_money_works.028.q3; L30 question.how_money_works.030.q4","","","","","","corroborated","CFPB: an unsecured loan 'does not use property as collateral. Lenders consider these loans to be more risky... so they may charge a higher rate of interest.' Capital One's explainer says unsecured debt usually has higher rates. (https://files.consumerfinance.gov/f/documents/cfpb_building_block_activities_differentiating-secured-unsecured-loans_guide.pdf https://www.capitalone.com/learn-grow/money-management/secured-vs-unsecured-debt/)",""
"fact.how_money_works.loan_unsecured_record","source.cfpb_secured_unsecured","unverified","Lenders may grant unsecured loans based on a borrower's income and credit record.","https://files.consumerfinance.gov/f/documents/cfpb_building_block_activities_differentiating-secured-unsecured-loans_guide.pdf","L28 card.how_money_works.028.c3","L28 question.how_money_works.028.q2; L28 question.how_money_works.028.q3; L30 question.how_money_works.030.q4","","","","","","corroborated","CFPB answer guide: an unsecured loan is one 'you obtain based on your income and credit record'. U.S. Bank's explainer says approval for unsecured debt leans on creditworthiness. (https://files.consumerfinance.gov/f/documents/cfpb_building_block_activities_differentiating-secured-unsecured-loans_guide.pdf https://www.usbank.com/financialiq/manage-your-household/manage-debt/secured-vs-unsecured-debt.html)",""
"fact.how_money_works.loan_typical_examples","source.cfpb_secured_unsecured","unverified","Car loans are typically secured by the car, while student loans, personal loans and credit cards are typically unsecured.","https://files.consumerfinance.gov/f/documents/cfpb_building_block_activities_differentiating-secured-unsecured-loans_guide.pdf","L28 card.how_money_works.028.c1; L28 card.how_money_works.028.c2; L28 card.how_money_works.028.c3","L28 question.how_money_works.028.q1; L28 question.how_money_works.028.q2; L28 question.how_money_works.028.q3; L30 question.how_money_works.030.q4","","","","","","corroborated","CFPB answer guide sorts car and home as secured, and credit card, student loan and personal loan as unsecured. Capital One and U.S. Bank give the same examples. (https://files.consumerfinance.gov/f/documents/cfpb_building_block_activities_differentiating-secured-unsecured-loans_guide.pdf https://www.capitalone.com/learn-grow/money-management/secured-vs-unsecured-debt/ https://www.usbank.com/financialiq/manage-your-household/manage-debt/secured-vs-unsecured-debt.html)",""
"fact.how_money_works.grameen_27_dollars","source.grameen_yunus_founder","unverified","In 1976, economist Muhammad Yunus began lending to the poor in Bangladesh, starting with $27 of his own money lent to 42 women in the village of Jobra.","https://grameenbank.org.bd/about/founder","L28 card.how_money_works.028.c4","L28 question.how_money_works.028.q3","","","","","","corroborated","Grameen Bank: he began by lending $27 of his own money to 42 women in Jobra, near Chittagong University. Britannica: Yunus, who taught economics, began lending to poor Bangladeshis in 1976. New World Encyclopedia gives the same $27 and 42 women. (https://grameenbank.org.bd/about/founder https://www.britannica.com/biography/Muhammad-Yunus https://www.newworldencyclopedia.org/entry/Muhammad_Yunus)",""
"fact.how_money_works.grameen_27_dollars","source.brit_yunus","unverified","In 1976, economist Muhammad Yunus began lending to the poor in Bangladesh, starting with $27 of his own money lent to 42 women in the village of Jobra.","https://www.britannica.com/biography/Muhammad-Yunus","L28 card.how_money_works.028.c4","L28 question.how_money_works.028.q3","","","","","","corroborated","Grameen Bank: he began by lending $27 of his own money to 42 women in Jobra, near Chittagong University. Britannica: Yunus, who taught economics, began lending to poor Bangladeshis in 1976. New World Encyclopedia gives the same $27 and 42 women. (https://grameenbank.org.bd/about/founder https://www.britannica.com/biography/Muhammad-Yunus https://www.newworldencyclopedia.org/entry/Muhammad_Yunus)",""
"fact.how_money_works.grameen_bank_collateral_free","source.grameen_yunus_founder","unverified","By 1983 the project had become Grameen Bank, which makes small loans to poor people who have no collateral.","https://grameenbank.org.bd/about/founder","L28 card.how_money_works.028.c4","L28 question.how_money_works.028.q3","","","","","","corroborated","Grameen Bank: 'By 1983, this project evolved into Grameen Bank' and it provides collateral-free financing. Britannica: microcredit gives small loans to poor people possessing no collateral; Grameen became an independent bank in 1983. (https://grameenbank.org.bd/about/founder https://www.britannica.com/biography/Muhammad-Yunus)",""
"fact.how_money_works.grameen_bank_collateral_free","source.brit_yunus","unverified","By 1983 the project had become Grameen Bank, which makes small loans to poor people who have no collateral.","https://www.britannica.com/biography/Muhammad-Yunus","L28 card.how_money_works.028.c4","L28 question.how_money_works.028.q3","","","","","","corroborated","Grameen Bank: 'By 1983, this project evolved into Grameen Bank' and it provides collateral-free financing. Britannica: microcredit gives small loans to poor people possessing no collateral; Grameen became an independent bank in 1983. (https://grameenbank.org.bd/about/founder https://www.britannica.com/biography/Muhammad-Yunus)",""
"fact.how_money_works.grameen_nobel_2006","source.grameen_yunus_founder","unverified","In 2006, Muhammad Yunus and Grameen Bank shared the Nobel Peace Prize.","https://grameenbank.org.bd/about/founder","L28 card.how_money_works.028.c4","L28 question.how_money_works.028.q3","","","","","","corroborated","Grameen Bank: in 2006 he was awarded the Nobel Peace Prize shared with Grameen Bank. Britannica: 'In 2006 Yunus and Grameen received the Nobel Prize for Peace.' (https://grameenbank.org.bd/about/founder https://www.britannica.com/biography/Muhammad-Yunus)",""
"fact.how_money_works.grameen_nobel_2006","source.brit_yunus","unverified","In 2006, Muhammad Yunus and Grameen Bank shared the Nobel Peace Prize.","https://www.britannica.com/biography/Muhammad-Yunus","L28 card.how_money_works.028.c4","L28 question.how_money_works.028.q3","","","","","","corroborated","Grameen Bank: in 2006 he was awarded the Nobel Peace Prize shared with Grameen Bank. Britannica: 'In 2006 Yunus and Grameen received the Nobel Prize for Peace.' (https://grameenbank.org.bd/about/founder https://www.britannica.com/biography/Muhammad-Yunus)",""
"fact.how_money_works.bank_run_svb_2023","source.stlouisfed_bank_runs_2023","unverified","On March 9, 2023, customers withdrew more than $40 billion from Silicon Valley Bank; regulators seized the bank the next day.","https://www.stlouisfed.org/publications/regional-economist/2023/may/interest-rate-risk-bank-runs","L29 card.how_money_works.029.c1","","","","","","","corroborated","St. Louis Fed: customers withdrew more than $40 billion, and California regulators seized the bank on March 10, 2023. The Federal Reserve's April 2023 review: outflows of over $40 billion on March 9 and the bank failed the next day. (https://www.stlouisfed.org/publications/regional-economist/2023/may/interest-rate-risk-bank-runs https://www.federalreserve.gov/publications/2023-April-SVB-Key-Takeaways.htm https://oig.federalreserve.gov/reports/board-material-loss-review-silicon-valley-bank-sep2023.pdf)",""
"fact.how_money_works.bank_run_svb_2023","source.fed_svb_review","unverified","On March 9, 2023, customers withdrew more than $40 billion from Silicon Valley Bank; regulators seized the bank the next day.","https://www.federalreserve.gov/publications/2023-April-SVB-Key-Takeaways.htm","L29 card.how_money_works.029.c1","","","","","","","corroborated","St. Louis Fed: customers withdrew more than $40 billion, and California regulators seized the bank on March 10, 2023. The Federal Reserve's April 2023 review: outflows of over $40 billion on March 9 and the bank failed the next day. (https://www.stlouisfed.org/publications/regional-economist/2023/may/interest-rate-risk-bank-runs https://www.federalreserve.gov/publications/2023-April-SVB-Key-Takeaways.htm https://oig.federalreserve.gov/reports/board-material-loss-review-silicon-valley-bank-sep2023.pdf)",""
"fact.how_money_works.bank_run_maturity","source.stlouisfed_bank_runs_2023","unverified","Banks borrow short term (deposits can be withdrawn) and lend for long periods, which is called maturity transformation.","https://www.stlouisfed.org/publications/regional-economist/2023/may/interest-rate-risk-bank-runs","L29 card.how_money_works.029.c2","L29 question.how_money_works.029.q2","","","","","","corroborated","St. Louis Fed: 'Banks perform a maturity transformation when they borrow over the short term and lend for long periods.' Wikipedia's bank run article gives the same mismatch as the root of runs. (https://www.stlouisfed.org/publications/regional-economist/2023/may/interest-rate-risk-bank-runs https://en.wikipedia.org/wiki/Bank_run)",""
"fact.how_money_works.bank_run_cannot_pay_all","source.stlouisfed_bank_runs_2023","unverified","Banks keep funds in reserve for depositors who want their money out, but can't pay off all their depositors at once.","https://www.stlouisfed.org/publications/regional-economist/2023/may/interest-rate-risk-bank-runs","L29 card.how_money_works.029.c2","L29 question.how_money_works.029.q2","","","","","","corroborated","St. Louis Fed: 'Banks keep funds in reserve for the depositors who want to get their money out... but can't pay off all their depositors at once.' Wikipedia's bank run article agrees. (https://www.stlouisfed.org/publications/regional-economist/2023/may/interest-rate-risk-bank-runs https://en.wikipedia.org/wiki/Bank_run)",""
"fact.how_money_works.bank_run_definition","source.stlouisfed_bank_runs_2023","unverified","A bank run is an attempt by many depositors to withdraw their money at the same time, and it can put a bank out of business.","https://www.stlouisfed.org/publications/regional-economist/2023/may/interest-rate-risk-bank-runs","L29 card.how_money_works.029.c3; L30 card.how_money_works.030.c4","L29 question.how_money_works.029.q1; L30 question.how_money_works.030.q5","","","","","","corroborated","St. Louis Fed: 'An attempt by many depositors to simultaneously withdraw their money is called a bank run, and such an episode can put a bank out of business.' Wikipedia gives the same definition. (https://www.stlouisfed.org/publications/regional-economist/2023/may/interest-rate-risk-bank-runs https://en.wikipedia.org/wiki/Bank_run)",""
"fact.how_money_works.bank_run_self_fulfilling","source.stlouisfed_bank_runs_2023","unverified","Once many depositors rush to withdraw, the bank really is at risk, so it makes sense for other depositors to withdraw too.","https://www.stlouisfed.org/publications/regional-economist/2023/may/interest-rate-risk-bank-runs","L29 card.how_money_works.029.c3","L29 question.how_money_works.029.q1","","","","","","corroborated","St. Louis Fed: if many depositors seek to withdraw at once, 'the attempt puts the bank at risk, and so it makes sense for other depositors to withdraw their money, too.' Wikipedia calls this a self-fulfilling prophecy. (https://www.stlouisfed.org/publications/regional-economist/2023/may/interest-rate-risk-bank-runs https://en.wikipedia.org/wiki/Bank_run)",""
"fact.how_money_works.bank_run_diamond_dybvig","source.stlouisfed_bank_runs_2023","unverified","Economists Douglas Diamond and Philip Dybvig formalized how bank runs can feed themselves, work recognized in the 2022 Nobel Prize in economics.","https://www.stlouisfed.org/publications/regional-economist/2023/may/interest-rate-risk-bank-runs","L29 card.how_money_works.029.c3","L29 question.how_money_works.029.q1","","","","","","corroborated","St. Louis Fed: Diamond and Dybvig formalized self-fulfilling runs in a well-known paper and shared the 2022 Nobel Prize in economics with Ben Bernanke. Wikipedia's bank run article cites the Diamond-Dybvig model. (https://www.stlouisfed.org/publications/regional-economist/2023/may/interest-rate-risk-bank-runs https://en.wikipedia.org/wiki/Bank_run)",""
"fact.how_money_works.deposit_insurance_origin","source.loc_fdic_established","unverified","The FDIC was created by the Banking Act of 1933, after thousands of bank failures in the 1920s and early 1930s.","https://guides.loc.gov/this-month-in-business-history/june/fdic-established","L29 card.how_money_works.029.c4","L29 question.how_money_works.029.q3","","","","","","corroborated","Library of Congress: the FDIC was created by the Banking Act of 1933 in response to thousands of bank failures in the 1920s and early 1930s. FDIC: the agency was founded in 1933. (https://guides.loc.gov/this-month-in-business-history/june/fdic-established https://www.fdic.gov/resources/deposit-insurance/understanding-deposit-insurance https://www.fdic.gov/history/1930-1939)",""
"fact.how_money_works.deposit_insurance_origin","source.fdic_understanding_deposit_insurance","unverified","The FDIC was created by the Banking Act of 1933, after thousands of bank failures in the 1920s and early 1930s.","https://www.fdic.gov/resources/deposit-insurance/understanding-deposit-insurance","L29 card.how_money_works.029.c4","L29 question.how_money_works.029.q3","","","","","","corroborated","Library of Congress: the FDIC was created by the Banking Act of 1933 in response to thousands of bank failures in the 1920s and early 1930s. FDIC: the agency was founded in 1933. (https://guides.loc.gov/this-month-in-business-history/june/fdic-established https://www.fdic.gov/resources/deposit-insurance/understanding-deposit-insurance https://www.fdic.gov/history/1930-1939)",""
"fact.how_money_works.deposit_insurance_limit","source.fdic_understanding_deposit_insurance","unverified","FDIC deposit insurance covers $250,000 per depositor, per insured bank, for each account ownership category.","https://www.fdic.gov/resources/deposit-insurance/understanding-deposit-insurance","L29 card.how_money_works.029.c4","L29 question.how_money_works.029.q3","","","","","","corroborated","FDIC: 'FDIC deposit insurance covers $250,000 per depositor, per FDIC-insured bank, for each account ownership category.' St. Louis Fed (2023) gives the same $250,000 per depositor, per bank. (https://www.fdic.gov/resources/deposit-insurance/understanding-deposit-insurance https://www.stlouisfed.org/publications/regional-economist/2023/may/interest-rate-risk-bank-runs)",""
"fact.how_money_works.deposit_insurance_record","source.fdic_understanding_deposit_insurance","unverified","Since the FDIC was founded in 1933, no depositor has lost a penny of FDIC-insured funds.","https://www.fdic.gov/resources/deposit-insurance/understanding-deposit-insurance","L29 card.how_money_works.029.c4","L29 question.how_money_works.029.q3","","","","","","corroborated","FDIC: 'Since the FDIC was founded in 1933, no depositor has lost a penny of FDIC-insured funds.' The Library of Congress guide describes the FDIC's role protecting insured deposits. (https://www.fdic.gov/resources/deposit-insurance/understanding-deposit-insurance https://guides.loc.gov/this-month-in-business-history/june/fdic-established)",""
"fact.how_money_works.deposit_insurance_confidence","source.fdic_understanding_deposit_insurance","unverified","The FDIC was created to maintain stability and public confidence in the nation's financial system.","https://www.fdic.gov/resources/deposit-insurance/understanding-deposit-insurance","L29 card.how_money_works.029.c4; L30 card.how_money_works.030.c4","L29 question.how_money_works.029.q3","","","","","","corroborated","FDIC: created by Congress 'to maintain stability and public confidence in the nation's financial system.' The Library of Congress guide describes the same mission. (https://www.fdic.gov/resources/deposit-insurance/understanding-deposit-insurance https://guides.loc.gov/this-month-in-business-history/june/fdic-established)",""
"fact.how_money_works.credit_etymology","source.etymonline_credit","unverified","Credit comes from Latin creditum, 'a loan, thing entrusted to another', from credere, 'to trust, entrust, believe'.","https://www.etymonline.com/word/credit","L30 card.how_money_works.030.c1; L30 card.how_money_works.030.c2","L30 question.how_money_works.030.q1; L30 question.how_money_works.030.q5","","","","","","corroborated","Etymonline: from Latin creditum 'a loan, thing entrusted to another', past participle of credere 'to trust, entrust, believe'. Wikipedia's Credit article gives the same Latin root. (https://www.etymonline.com/word/credit https://en.wikipedia.org/wiki/Credit)",""
"fact.how_money_works.save_shed_400_cash","source.fed_shed_2024_savings","unverified","In the Federal Reserve's survey for 2024, 63% of US adults said they would cover a $400 emergency expense using only cash or its equivalent.","https://www.federalreserve.gov/publications/2025-economic-well-being-of-us-households-in-2024-savings-and-investments.htm","L31 card.how_money_works.031.c1","","","","","","","corroborated","The Fed's 2024 SHED report and Fed Communities' summary both state that 63 percent of adults would cover a hypothetical $400 emergency expense exclusively with cash or its equivalent. (https://www.federalreserve.gov/publications/2025-economic-well-being-of-us-households-in-2024-savings-and-investments.htm https://fedcommunities.org/economic-well-being-us-households-2024/ https://www.nrmlaonline.org/2025/05/29/federal-reserve-publishes-household-economic-well-being-report)",""
"fact.how_money_works.save_shed_400_cannot","source.fed_shed_2024_savings","unverified","In the same 2024 survey, 13% of US adults said they could not pay a $400 emergency expense by any means.","https://www.federalreserve.gov/publications/2025-economic-well-being-of-us-households-in-2024-savings-and-investments.htm","L31 card.how_money_works.031.c1","","","","","","","corroborated","The SHED 2024 Savings and Investments section reports 13 percent of all adults would be unable to pay the $400 expense by any means; the Fed's SHED data visualization table on unexpected expenses carries the same series. (https://www.federalreserve.gov/publications/2025-economic-well-being-of-us-households-in-2024-savings-and-investments.htm https://www.federalreserve.gov/consumerscommunities/sheddataviz/unexpectedexpenses-table.html)",""
"fact.how_money_works.save_emergency_fund_definition","source.cfpb_emergency_fund_guide","unverified","An emergency fund is cash set aside for unplanned expenses, such as car repairs, medical bills, a broken phone or a loss of income.","https://www.consumerfinance.gov/an-essential-guide-to-building-an-emergency-fund/","L31 card.how_money_works.031.c2","L31 question.how_money_works.031.q1; L31 question.how_money_works.031.q2; L32 question.how_money_works.032.q3; L40 question.how_money_works.040.q5","","","","","","corroborated","CFPB defines an emergency fund as a cash reserve set aside for unplanned expenses, listing car repairs, medical bills, broken appliances or phones and loss of income; Investor.gov's rainy-day page describes saving to cover emergencies like sudden unemployment. (https://www.consumerfinance.gov/an-essential-guide-to-building-an-emergency-fund/ https://www.investor.gov/introduction-investing/investing-basics/save-and-invest/save-rainy-day)",""
"fact.how_money_works.save_emergency_fund_where","source.cfpb_emergency_fund_guide","unverified","An emergency fund should be kept somewhere safe and accessible, such as a bank account, where you are not tempted to spend it on non-emergencies.","https://www.consumerfinance.gov/an-essential-guide-to-building-an-emergency-fund/","L31 card.how_money_works.031.c2; L40 card.how_money_works.040.c4","L31 question.how_money_works.031.q1; L31 question.how_money_works.031.q2; L32 question.how_money_works.032.q3; L40 question.how_money_works.040.q5","","","","","","corroborated","CFPB says to choose a place that is safe, accessible and where you're not tempted to spend it, naming bank or credit union accounts; Investor.gov says savings go in safe places that allow access at any time. (https://www.consumerfinance.gov/an-essential-guide-to-building-an-emergency-fund/ https://www.investor.gov/introduction-investing/investing-basics/save-and-invest/save-rainy-day)",""
"fact.how_money_works.save_specific_goal","source.cfpb_emergency_fund_guide","unverified","Having a specific goal for your savings can help you stay motivated.","https://www.consumerfinance.gov/an-essential-guide-to-building-an-emergency-fund/","L31 card.how_money_works.031.c3","","","","","","","corroborated","CFPB: 'Having a specific goal for your savings can help you stay motivated.' Investor.gov's Save and Invest section likewise begins with defining your goals. (https://www.consumerfinance.gov/an-essential-guide-to-building-an-emergency-fund/ https://www.investor.gov/introduction-investing/investing-basics/save-and-invest/save-rainy-day)",""
"fact.how_money_works.save_safe_low_interest","source.sec_investor_save_rainy_day","unverified","Savings are usually kept in safe places you can reach at any time, like savings accounts, but there is a tradeoff between security and availability: the money earns a low interest rate.","https://www.investor.gov/introduction-investing/investing-basics/save-and-invest/save-rainy-day","L31 card.how_money_works.031.c4; L40 card.how_money_works.040.c2","L31 question.how_money_works.031.q3","","","","","","corroborated","Investor.gov: savings go in safe places with access at any time, but 'there's a tradeoff between security and availability; your money earns a low interest rate.' Investor.gov's What is Risk? page repeats the same tradeoff for insured deposits. (https://www.investor.gov/introduction-investing/investing-basics/save-and-invest/save-rainy-day https://www.investor.gov/introduction-investing/investing-basics/what-risk)",""
"fact.how_money_works.risk_definition","source.openstax_finance_risk_return","unverified","In finance, risk is the uncertainty about what an investment will return, including the chance of losing money.","https://openstax.org/books/principles-finance/pages/15-1-risk-and-return-to-an-individual-asset","L32 card.how_money_works.032.c2","","","","","","","corroborated","OpenStax 15.1 calls uncertainty about what the return will be 'risk'; Investor.gov defines risk as the degree of uncertainty and/or potential financial loss in an investment decision. (https://openstax.org/books/principles-finance/pages/15-1-risk-and-return-to-an-individual-asset https://www.investor.gov/introduction-investing/investing-basics/what-risk)",""
"fact.how_money_works.risk_definition","source.sec_investor_what_is_risk","unverified","In finance, risk is the uncertainty about what an investment will return, including the chance of losing money.","https://www.investor.gov/introduction-investing/investing-basics/what-risk","L32 card.how_money_works.032.c2","","","","","","","corroborated","OpenStax 15.1 calls uncertainty about what the return will be 'risk'; Investor.gov defines risk as the degree of uncertainty and/or potential financial loss in an investment decision. (https://openstax.org/books/principles-finance/pages/15-1-risk-and-return-to-an-individual-asset https://www.investor.gov/introduction-investing/investing-basics/what-risk)",""
"fact.how_money_works.risk_return_tradeoff","source.sec_investor_what_is_risk","unverified","In general, as investment risks rise, investors seek higher returns to compensate themselves for taking those risks.","https://www.investor.gov/introduction-investing/investing-basics/what-risk","L32 card.how_money_works.032.c3","L32 question.how_money_works.032.q1; L32 question.how_money_works.032.q3","","","","","","corroborated","Investor.gov's risk page and its asset allocation page both say that as investment risks rise, investors seek higher returns to compensate themselves; FINRA's risk page describes the same tradeoff. (https://www.investor.gov/introduction-investing/investing-basics/what-risk https://www.investor.gov/introduction-investing/getting-started/asset-allocation https://www.finra.org/investors/investing/investing-basics/risk)",""
"fact.how_money_works.risk_return_tradeoff","source.sec_investor_asset_allocation","unverified","In general, as investment risks rise, investors seek higher returns to compensate themselves for taking those risks.","https://www.investor.gov/introduction-investing/getting-started/asset-allocation","L32 card.how_money_works.032.c3","L32 question.how_money_works.032.q1; L32 question.how_money_works.032.q3","","","","","","corroborated","Investor.gov's risk page and its asset allocation page both say that as investment risks rise, investors seek higher returns to compensate themselves; FINRA's risk page describes the same tradeoff. (https://www.investor.gov/introduction-investing/investing-basics/what-risk https://www.investor.gov/introduction-investing/getting-started/asset-allocation https://www.finra.org/investors/investing/investing-basics/risk)",""
"fact.how_money_works.risk_time_horizon","source.sec_investor_asset_allocation","unverified","Investors with a longer time horizon may be comfortable with riskier, more volatile investments; those with a shorter horizon may prefer less risky ones.","https://www.investor.gov/introduction-investing/getting-started/asset-allocation","L32 card.how_money_works.032.c3","L32 question.how_money_works.032.q1; L32 question.how_money_works.032.q3","","","","","","corroborated","Investor.gov: investors with a longer time horizon may feel comfortable taking on riskier or more volatile investments; shorter horizons may prefer less risk. FINRA's asset allocation page makes the same point. (https://www.investor.gov/introduction-investing/getting-started/asset-allocation https://www.finra.org/investors/investing/investing-basics/asset-allocation-diversification)",""
"fact.how_money_works.risk_past_not_predictor","source.sec_investor_performance_claims","unverified","Past performance is actual historical information, but it cannot predict how an investment will perform in the future.","https://www.investor.gov/introduction-investing/general-resources/news-alerts/alerts-bulletins/investor-bulletins-47","L32 card.how_money_works.032.c4","","","","","","","corroborated","Investor.gov's performance-claims bulletin: past performance cannot predict how a strategy will perform in the future. The CFTC says past performance is not a good predictor of future returns. (https://www.investor.gov/introduction-investing/general-resources/news-alerts/alerts-bulletins/investor-bulletins-47 https://www.cftc.gov/LearnAndProtect/AdvisoriesAndArticles/gold_is_no_safe_investment.htm)",""
"fact.how_money_works.risk_past_not_predictor","source.cftc_gold_no_safe_investment","unverified","Past performance is actual historical information, but it cannot predict how an investment will perform in the future.","https://www.cftc.gov/LearnAndProtect/AdvisoriesAndArticles/gold_is_no_safe_investment.htm","L32 card.how_money_works.032.c4","","","","","","","corroborated","Investor.gov's performance-claims bulletin: past performance cannot predict how a strategy will perform in the future. The CFTC says past performance is not a good predictor of future returns. (https://www.investor.gov/introduction-investing/general-resources/news-alerts/alerts-bulletins/investor-bulletins-47 https://www.cftc.gov/LearnAndProtect/AdvisoriesAndArticles/gold_is_no_safe_investment.htm)",""
"fact.how_money_works.risk_1928_growth","source.nyu_damodaran_historical_returns","unverified","From the start of 1928 to the end of 2025, $100 in US large-company stocks (the S&P 500, dividends reinvested) grew to over $1 million, while $100 in 3-month US Treasury bills grew to about $2,600, before inflation.","https://pages.stern.nyu.edu/~adamodar/New_Home_Page/datafile/histretSP.html","L32 card.how_money_works.032.c1; L32 card.how_money_works.032.c4; L40 card.how_money_works.040.c2","L32 question.how_money_works.032.q2","","","","","","corroborated","Damodaran's table shows $100 at the start of 1928 worth $1,157,598.95 in the S&P 500 and $2,578.30 in 3-month T-bills at end-2025; FinanceWonk, citing NYU Stern, reports the same ~$1,157,600 and ~$2,578. (https://pages.stern.nyu.edu/~adamodar/New_Home_Page/datafile/histretSP.html https://www.financewonk.com/references/historical-returns)",""
"fact.how_money_works.risk_stock_losing_years","source.nyu_damodaran_historical_returns","unverified","US stocks' worst year from 1928 to 2025 was 1931, when they lost more than 40%; they lost money in 26 of those 98 years.","https://pages.stern.nyu.edu/~adamodar/New_Home_Page/datafile/histretSP.html","L32 card.how_money_works.032.c2; L36 card.how_money_works.036.c3; L40 card.how_money_works.040.c2","L32 question.how_money_works.032.q2; L36 question.how_money_works.036.q3; L40 question.how_money_works.040.q2","","","","","","corroborated","Damodaran's annual S&P 500 returns: worst 1931 at -43.84%, and 26 negative years of 98 (1928-2025). Motley Fool and HistoryOfMarket also give 1931 (about -43.8%) as the worst year and about 73% of years positive. (https://pages.stern.nyu.edu/~adamodar/New_Home_Page/datafile/histretSP.html https://www.fool.com/research/sp-500-annual-returns/ https://historyofmarket.com/articles/sp500-100-year-returns)",""
"fact.how_money_works.risk_bills_never_lost","source.nyu_damodaran_historical_returns","unverified","3-month US Treasury bills did not have a single losing calendar year from 1928 to 2025.","https://pages.stern.nyu.edu/~adamodar/New_Home_Page/datafile/histretSP.html","L32 card.how_money_works.032.c2","L32 question.how_money_works.032.q2; L36 question.how_money_works.036.q3; L40 question.how_money_works.040.q2","","","","","","corroborated","Damodaran's 3-month T-bill column has no negative year from 1928 to 2025 (lowest 0.03% in 2014). Retirement Researcher notes T-bills have not lost money in any calendar year since 1926. (https://pages.stern.nyu.edu/~adamodar/New_Home_Page/datafile/histretSP.html https://retirementresearcher.com/historical-market-returns-part-two/)",""
"fact.how_money_works.stock_definition","source.sec_investor_stocks","unverified","A stock gives its holder a share of ownership in a company.","https://www.investor.gov/introduction-investing/investing-basics/investment-products/stocks","L33 card.how_money_works.033.c1; L33 card.how_money_works.033.c2; L40 card.how_money_works.040.c2","L33 question.how_money_works.033.q1; L40 question.how_money_works.040.q3","","","","","","corroborated","Investor.gov: stocks give stockholders a share of ownership in a company. FINRA: when you invest in stock, you buy ownership shares in a company. (https://www.investor.gov/introduction-investing/investing-basics/investment-products/stocks https://www.finra.org/investors/investing/investment-products/stocks)",""
"fact.how_money_works.stock_why_issue","source.sec_investor_stocks","unverified","Companies issue stock to raise money for things like paying off debt, launching products, expanding or building facilities.","https://www.investor.gov/introduction-investing/investing-basics/investment-products/stocks","L33 card.how_money_works.033.c2","L33 question.how_money_works.033.q1; L40 question.how_money_works.040.q3","","","","","","corroborated","Investor.gov lists paying off debt, launching new products, expanding into new markets and enlarging or building facilities as reasons companies issue stock; FINRA's stocks page likewise describes companies issuing stock to raise capital. (https://www.investor.gov/introduction-investing/investing-basics/investment-products/stocks https://www.finra.org/investors/investing/investment-products/stocks)",""
"fact.how_money_works.stock_voting","source.sec_investor_stocks","unverified","Common stock usually entitles its owners to vote at shareholder meetings.","https://www.investor.gov/introduction-investing/investing-basics/investment-products/stocks","L33 card.how_money_works.033.c2","L33 question.how_money_works.033.q1; L40 question.how_money_works.040.q3","","","","","","corroborated","Investor.gov: common stock entitles owners to vote at shareholder meetings. FINRA: common stock ownership typically includes voting rights. (https://www.investor.gov/introduction-investing/investing-basics/investment-products/stocks https://www.finra.org/investors/investing/investment-products/stocks)",""
"fact.how_money_works.stock_two_returns","source.sec_investor_stocks","unverified","Shareholders can gain from dividends, when a company distributes some of its earnings, and from capital appreciation, when the stock rises in price.","https://www.investor.gov/introduction-investing/investing-basics/investment-products/stocks","L33 card.how_money_works.033.c3; L39 card.how_money_works.039.c2","L33 question.how_money_works.033.q2; L34 question.how_money_works.034.q3; L39 question.how_money_works.039.q3","","","","","","corroborated","Investor.gov names capital appreciation and dividend payments; OpenStax 15.1 computes total dollar return as dividend income plus capital gain; FINRA calls capital appreciation and dividends the two main ways to make money with stocks. (https://www.investor.gov/introduction-investing/investing-basics/investment-products/stocks https://openstax.org/books/principles-finance/pages/15-1-risk-and-return-to-an-individual-asset https://www.finra.org/investors/investing/investment-products/stocks)",""
"fact.how_money_works.stock_two_returns","source.openstax_finance_risk_return","unverified","Shareholders can gain from dividends, when a company distributes some of its earnings, and from capital appreciation, when the stock rises in price.","https://openstax.org/books/principles-finance/pages/15-1-risk-and-return-to-an-individual-asset","L33 card.how_money_works.033.c3; L39 card.how_money_works.039.c2","L33 question.how_money_works.033.q2; L34 question.how_money_works.034.q3; L39 question.how_money_works.039.q3","","","","","","corroborated","Investor.gov names capital appreciation and dividend payments; OpenStax 15.1 computes total dollar return as dividend income plus capital gain; FINRA calls capital appreciation and dividends the two main ways to make money with stocks. (https://www.investor.gov/introduction-investing/investing-basics/investment-products/stocks https://openstax.org/books/principles-finance/pages/15-1-risk-and-return-to-an-individual-asset https://www.finra.org/investors/investing/investment-products/stocks)",""
"fact.how_money_works.stock_can_lose","source.sec_investor_stocks","unverified","Stock prices move down as well as up, and there is no guarantee a company will do well, so you can lose money invested in stocks.","https://www.investor.gov/introduction-investing/investing-basics/investment-products/stocks","L33 card.how_money_works.033.c3","L33 question.how_money_works.033.q2; L34 question.how_money_works.034.q3; L39 question.how_money_works.039.q3","","","","","","corroborated","Investor.gov: stock prices move down as well as up, there's no guarantee a company will grow, and you can lose money you invest in stocks. OpenStax 15.1: investors can never perfectly predict whether a stock's return will be positive. (https://www.investor.gov/introduction-investing/investing-basics/investment-products/stocks https://openstax.org/books/principles-finance/pages/15-1-risk-and-return-to-an-individual-asset)",""
"fact.how_money_works.stock_voc_public_1602","source.worldhistory_dutch_east_india","unverified","In 1602, the Dutch East India Company (VOC) let members of the public buy its shares; it is considered the first publicly traded company.","https://www.worldhistory.org/Dutch_East_India_Company/","L33 card.how_money_works.033.c1","","","","","","","corroborated","World History Encyclopedia: the VOC was formed in 1602, Article 10 allowed the public to buy shares, and it is considered the first publicly traded company. Petram quotes article 10 ('All the residents of these lands may buy shares'); Exchange History (beursgeschiedenis.nl) says the VOC first enabled investors from all strata to invest. (https://www.worldhistory.org/Dutch_East_India_Company/ https://www.worldsfirststockexchange.com/2020/10/15/the-worlds-first-ipo/ https://www.beursgeschiedenis.nl/en/moment/voc-the-start-of-global-share-trading/)",""
"fact.how_money_works.stock_voc_public_1602","source.petram_voc_first_ipo","unverified","In 1602, the Dutch East India Company (VOC) let members of the public buy its shares; it is considered the first publicly traded company.","https://www.worldsfirststockexchange.com/2020/10/15/the-worlds-first-ipo/","L33 card.how_money_works.033.c1","","","","","","","corroborated","World History Encyclopedia: the VOC was formed in 1602, Article 10 allowed the public to buy shares, and it is considered the first publicly traded company. Petram quotes article 10 ('All the residents of these lands may buy shares'); Exchange History (beursgeschiedenis.nl) says the VOC first enabled investors from all strata to invest. (https://www.worldhistory.org/Dutch_East_India_Company/ https://www.worldsfirststockexchange.com/2020/10/15/the-worlds-first-ipo/ https://www.beursgeschiedenis.nl/en/moment/voc-the-start-of-global-share-trading/)",""
"fact.how_money_works.stock_voc_1143_investors","source.worldhistory_dutch_east_india","unverified","1,143 investors subscribed to the VOC in Amsterdam in 1602.","https://www.worldhistory.org/Dutch_East_India_Company/","L33 card.how_money_works.033.c1","","","","","","","corroborated","Petram: 1,143 investors subscribed to the Amsterdam branch's initial capital; World History Encyclopedia gives 1,143 investors in the August 1602 offering (it does not specify Amsterdam, so the claim follows Petram's Amsterdam figure). (https://www.worldsfirststockexchange.com/2020/10/15/the-worlds-first-ipo/ https://www.worldhistory.org/Dutch_East_India_Company/)",""
"fact.how_money_works.stock_voc_1143_investors","source.petram_voc_first_ipo","unverified","1,143 investors subscribed to the VOC in Amsterdam in 1602.","https://www.worldsfirststockexchange.com/2020/10/15/the-worlds-first-ipo/","L33 card.how_money_works.033.c1","","","","","","","corroborated","Petram: 1,143 investors subscribed to the Amsterdam branch's initial capital; World History Encyclopedia gives 1,143 investors in the August 1602 offering (it does not specify Amsterdam, so the claim follows Petram's Amsterdam figure). (https://www.worldsfirststockexchange.com/2020/10/15/the-worlds-first-ipo/ https://www.worldhistory.org/Dutch_East_India_Company/)",""
"fact.how_money_works.stock_voc_register","source.petram_voc_first_ipo","unverified","VOC shares could be transferred to a new owner through the company bookkeeper, who recorded the transfer in a register.","https://www.worldsfirststockexchange.com/2020/10/15/the-worlds-first-ipo/","L33 card.how_money_works.033.c4","L33 question.how_money_works.033.q3","","","","","","corroborated","Petram quotes the subscription terms: transfer 'may be done through the bookkeeper of this chamber' and was recorded in a special register. Other histories describe the secondary market arising through resale recorded by the official bookkeeper. (https://www.worldsfirststockexchange.com/2020/10/15/the-worlds-first-ipo/ https://www.beursgeschiedenis.nl/en/moment/voc-the-start-of-global-share-trading/)",""
"fact.how_money_works.stock_voc_mace_dividend","source.petram_voc_returns","unverified","The VOC's first dividend was paid in 1610 in mace, a spice, worth 75% of the share capital.","https://www.worldsfirststockexchange.com/2020/10/01/what-was-the-return-on-voc-shares/","L33 card.how_money_works.033.c4","L33 question.how_money_works.033.q3","","","","","","corroborated","Petram: in April 1610 the VOC distributed mace worth 75 percent of the share capital as its first dividend. Exchange History: 'In 1610, the company paid out dividend for the first time.' Investor Amnesia also describes the 1610 dividend paid in spices. (https://www.worldsfirststockexchange.com/2020/10/01/what-was-the-return-on-voc-shares/ https://www.beursgeschiedenis.nl/en/moment/voc-the-start-of-global-share-trading/ https://investoramnesia.com/timeline/the-first-dividend/)",""
"fact.how_money_works.bond_iou_loan","source.sec_investor_bonds","unverified","A bond is a debt security, like an IOU: buying one means lending to the issuer, which may be a government, a municipality or a corporation.","https://www.investor.gov/introduction-investing/investing-basics/investment-products/bonds-or-fixed-income-products/bonds","L34 card.how_money_works.034.c2; L40 card.how_money_works.040.c2","L34 question.how_money_works.034.q1; L40 question.how_money_works.040.q3","","","","","","corroborated","Investor.gov: 'A bond is a debt security, like an IOU'; buying one lends to the issuer, which may be a government, municipality or corporation. Vanguard's and PIMCO's bond explainers describe a bond as a loan to a government or company. (https://www.investor.gov/introduction-investing/investing-basics/investment-products/bonds-or-fixed-income-products/bonds https://investor.vanguard.com/investor-resources-education/understanding-investment-types/what-is-a-bond)",""
"fact.how_money_works.bond_interest_face_value","source.sec_investor_bonds","unverified","A bond issuer promises to pay a specified rate of interest, typically on a schedule such as every six months, and to repay the face value when the bond matures.","https://www.investor.gov/introduction-investing/investing-basics/investment-products/bonds-or-fixed-income-products/bonds","L34 card.how_money_works.034.c2; L40 card.how_money_works.040.c2","L34 question.how_money_works.034.q1; L40 question.how_money_works.040.q3","","","","","","corroborated","Investor.gov: the issuer promises a specified rate of interest, typically paid on a schedule such as every six months, and repays the face value at maturity. OpenStax 12.1 describes bond contracts setting the timing and amount of payments. (https://www.investor.gov/introduction-investing/investing-basics/investment-products/bonds-or-fixed-income-products/bonds https://openstax.org/books/principles-finance/pages/12-1-overview-of-us-financial-markets)",""
"fact.how_money_works.bond_steadier","source.sec_investor_bonds","unverified","Bonds can provide a predictable income stream and can help offset more volatile stock holdings.","https://www.investor.gov/introduction-investing/investing-basics/investment-products/bonds-or-fixed-income-products/bonds","L34 card.how_money_works.034.c3","L34 question.how_money_works.034.q3","","","","","","corroborated","Investor.gov: bonds provide a predictable income stream and can help offset exposure to more volatile stock holdings. Investor.gov's stocks page likewise says investing in bonds offsets some stock risk. (https://www.investor.gov/introduction-investing/investing-basics/investment-products/bonds-or-fixed-income-products/bonds https://www.investor.gov/introduction-investing/investing-basics/investment-products/stocks)",""
"fact.how_money_works.bond_credit_risk","source.sec_investor_bonds","unverified","A bond issuer may fail to make interest or principal payments on time, which is a default.","https://www.investor.gov/introduction-investing/investing-basics/investment-products/bonds-or-fixed-income-products/bonds","L34 card.how_money_works.034.c3; L40 card.how_money_works.040.c2","L34 question.how_money_works.034.q3","","","","","","corroborated","Investor.gov defines credit risk as the issuer failing to make timely interest or principal payments and defaulting. OpenStax 12.1 discusses default risk and credit ratings of bonds. (https://www.investor.gov/introduction-investing/investing-basics/investment-products/bonds-or-fixed-income-products/bonds https://openstax.org/books/principles-finance/pages/12-1-overview-of-us-financial-markets)",""
"fact.how_money_works.bond_paid_before_stock","source.sec_investor_what_is_risk","unverified","If a company goes bankrupt and its assets are sold, bondholders are paid before stockholders; common stockholders get whatever is left, which may be nothing.","https://www.investor.gov/introduction-investing/investing-basics/what-risk","L34 card.how_money_works.034.c3","L34 question.how_money_works.034.q3","","","","","","corroborated","Investor.gov's risk and stocks pages: in a bankruptcy liquidation, bondholders are paid first, then preferred stockholders; common stockholders get whatever is left, which may be nothing. (https://www.investor.gov/introduction-investing/investing-basics/what-risk https://www.investor.gov/introduction-investing/investing-basics/investment-products/stocks)",""
"fact.how_money_works.bond_paid_before_stock","source.sec_investor_stocks","unverified","If a company goes bankrupt and its assets are sold, bondholders are paid before stockholders; common stockholders get whatever is left, which may be nothing.","https://www.investor.gov/introduction-investing/investing-basics/investment-products/stocks","L34 card.how_money_works.034.c3","L34 question.how_money_works.034.q3","","","","","","corroborated","Investor.gov's risk and stocks pages: in a bankruptcy liquidation, bondholders are paid first, then preferred stockholders; common stockholders get whatever is left, which may be nothing. (https://www.investor.gov/introduction-investing/investing-basics/what-risk https://www.investor.gov/introduction-investing/investing-basics/investment-products/stocks)",""
"fact.how_money_works.bond_rate_risk","source.sec_investor_bonds","unverified","When interest rates rise, new bonds pay more than older ones, so an older bond sold before maturity may have to be sold at a discount.","https://www.investor.gov/introduction-investing/investing-basics/investment-products/bonds-or-fixed-income-products/bonds","L34 card.how_money_works.034.c3","L34 question.how_money_works.034.q3","","","","","","corroborated","Investor.gov's bonds and risk pages: rising rates make newly issued bonds more appealing, so an older lower-rate bond may have to be sold at a discount before maturity. (https://www.investor.gov/introduction-investing/investing-basics/investment-products/bonds-or-fixed-income-products/bonds https://www.investor.gov/introduction-investing/investing-basics/what-risk)",""
"fact.how_money_works.bond_war_loan_1917","source.govuk_war_loan_repayment","unverified","Britain's 3½% War Loan traced back to the 5% War Loan, issued in 1917 to raise money for World War I.","https://www.gov.uk/government/news/chancellor-to-repay-the-nations-first-world-war-debt","L34 card.how_money_works.034.c1; L34 card.how_money_works.034.c4","L34 question.how_money_works.034.q2","","","","","","corroborated","GOV.UK: 3½% War Loan was issued in exchange for 5% War Loan 1929-47, issued in 1917 to raise money for the First World War. The Western Front Association gives the same lineage. (https://www.gov.uk/government/news/chancellor-to-repay-the-nations-first-world-war-debt https://www.westernfrontassociation.com/world-war-i-articles/2020/december/the-first-world-war-paid-off/)",""
"fact.how_money_works.bond_war_loan_repaid_2015","source.govuk_war_loan_repayment","unverified","On 9 March 2015, the UK government repaid the £1.9 billion of 3½% War Loan still outstanding, then held by more than 120,000 holders.","https://www.gov.uk/government/news/chancellor-to-repay-the-nations-first-world-war-debt","L34 card.how_money_works.034.c1; L34 card.how_money_works.034.c4","L34 question.how_money_works.034.q2","","","","","","corroborated","GOV.UK: the Treasury redeemed the outstanding £1.9 billion of 3½% War Loan on Monday 9 March 2015; it had more than 120,000 holders. The Western Front Association confirms the 9 March 2015 redemption of £1.9 billion. (https://www.gov.uk/government/news/chancellor-to-repay-the-nations-first-world-war-debt https://www.westernfrontassociation.com/world-war-i-articles/2020/december/the-first-world-war-paid-off/)",""
"fact.how_money_works.bond_war_loan_repaid_2015","source.wfa_first_world_war_paid_off","unverified","On 9 March 2015, the UK government repaid the £1.9 billion of 3½% War Loan still outstanding, then held by more than 120,000 holders.","https://www.westernfrontassociation.com/world-war-i-articles/2020/december/the-first-world-war-paid-off/","L34 card.how_money_works.034.c1; L34 card.how_money_works.034.c4","L34 question.how_money_works.034.q2","","","","","","corroborated","GOV.UK: the Treasury redeemed the outstanding £1.9 billion of 3½% War Loan on Monday 9 March 2015; it had more than 120,000 holders. The Western Front Association confirms the 9 March 2015 redemption of £1.9 billion. (https://www.gov.uk/government/news/chancellor-to-repay-the-nations-first-world-war-debt https://www.westernfrontassociation.com/world-war-i-articles/2020/december/the-first-world-war-paid-off/)",""
"fact.how_money_works.bond_war_loan_no_maturity","source.govuk_war_loan_repayment","unverified","In 1932, 5% War Loan holders were persuaded to switch to the lower-paying 3½% War Loan, which had no fixed maturity date.","https://www.gov.uk/government/news/chancellor-to-repay-the-nations-first-world-war-debt","L34 card.how_money_works.034.c4","L34 question.how_money_works.034.q2","","","","","","corroborated","GOV.UK: the bond was issued in 1932 in a conversion campaign to cut debt costs. The Western Front Association: 5% holders were persuaded to accept a lower rate in a security 'without any specific maturity'. (https://www.gov.uk/government/news/chancellor-to-repay-the-nations-first-world-war-debt https://www.westernfrontassociation.com/world-war-i-articles/2020/december/the-first-world-war-paid-off/)",""
"fact.how_money_works.bond_war_loan_no_maturity","source.wfa_first_world_war_paid_off","unverified","In 1932, 5% War Loan holders were persuaded to switch to the lower-paying 3½% War Loan, which had no fixed maturity date.","https://www.westernfrontassociation.com/world-war-i-articles/2020/december/the-first-world-war-paid-off/","L34 card.how_money_works.034.c4","L34 question.how_money_works.034.q2","","","","","","corroborated","GOV.UK: the bond was issued in 1932 in a conversion campaign to cut debt costs. The Western Front Association: 5% holders were persuaded to accept a lower rate in a security 'without any specific maturity'. (https://www.gov.uk/government/news/chancellor-to-repay-the-nations-first-world-war-debt https://www.westernfrontassociation.com/world-war-i-articles/2020/december/the-first-world-war-paid-off/)",""
"fact.how_money_works.bond_war_loan_low_rates","source.wfa_first_world_war_paid_off","unverified","The UK repaid the 3½% War Loan in 2015 while interest rates were exceptionally low.","https://www.westernfrontassociation.com/world-war-i-articles/2020/december/the-first-world-war-paid-off/","L34 card.how_money_works.034.c4","L34 question.how_money_works.034.q2","","","","","","corroborated","The Western Front Association says the repayment came while interest rates were exceptionally low, allowing cheaper refinancing; MoneyWeek's 'Why Britain is repaying its war debt' gives the same reason. (https://www.westernfrontassociation.com/world-war-i-articles/2020/december/the-first-world-war-paid-off/ https://moneyweek.com/355224/repaying-our-war-debt)",""
"fact.how_money_works.exchange_buttonwood_1792","source.nyse_history","unverified","The New York Stock Exchange traces its origins to the Buttonwood Agreement, signed by 24 stockbrokers on May 17, 1792.","https://www.nyse.com/history-of-nyse","L35 card.how_money_works.035.c1","","","","","","","corroborated","NYSE: origins in the Buttonwood Agreement signed by 24 stockbrokers on May 17, 1792. HISTORY and TIME give the same date and number. (https://www.nyse.com/history-of-nyse https://www.history.com/articles/new-york-stock-exchange-origin-buttonwood-agreement-tree https://time.com/4777959/buttonwood-agreement-stock-exchange/)",""
"fact.how_money_works.exchange_buttonwood_1792","source.history_buttonwood_agreement","unverified","The New York Stock Exchange traces its origins to the Buttonwood Agreement, signed by 24 stockbrokers on May 17, 1792.","https://www.history.com/articles/new-york-stock-exchange-origin-buttonwood-agreement-tree","L35 card.how_money_works.035.c1","","","","","","","corroborated","NYSE: origins in the Buttonwood Agreement signed by 24 stockbrokers on May 17, 1792. HISTORY and TIME give the same date and number. (https://www.nyse.com/history-of-nyse https://www.history.com/articles/new-york-stock-exchange-origin-buttonwood-agreement-tree https://time.com/4777959/buttonwood-agreement-stock-exchange/)",""
"fact.how_money_works.exchange_buttonwood_terms","source.history_buttonwood_agreement","unverified","The Buttonwood brokers, meeting under a buttonwood tree on Wall Street, signed a two-sentence agreement to trade with each other at fixed commissions.","https://www.history.com/articles/new-york-stock-exchange-origin-buttonwood-agreement-tree","L35 card.how_money_works.035.c1","","","","","","","corroborated","HISTORY: 24 brokers gathered under a buttonwood tree in Lower Manhattan to sign a two-sentence agreement to trade with one another at fixed commissions. TIME describes the same two-sentence pledge. (https://www.history.com/articles/new-york-stock-exchange-origin-buttonwood-agreement-tree https://time.com/4777959/buttonwood-agreement-stock-exchange/)",""
"fact.how_money_works.exchange_liquidity","source.openstax_finance_financial_markets","unverified","Stock exchanges bring buyers and sellers together and guarantee a basic level of liquidity, so investors are always able to buy or sell their stocks.","https://openstax.org/books/principles-finance/pages/12-1-overview-of-us-financial-markets","L35 card.how_money_works.035.c2; L40 card.how_money_works.040.c4","L35 question.how_money_works.035.q3","","","","","","corroborated","OpenStax 12.1: exchanges 'guarantee a basic level of liquidity so that investors are always able to buy or sell their stocks'. Britannica Money's bid-ask entry ties narrow spreads to high liquidity on markets. (https://openstax.org/books/principles-finance/pages/12-1-overview-of-us-financial-markets https://www.britannica.com/money/bid-ask-spread)",""
"fact.how_money_works.exchange_bid_ask_spread","source.sec_investor_bid_ask","unverified","A stock's bid is the highest price a buyer will pay and its ask is the lowest price a seller will accept; the ask is almost always higher, and the difference is the spread.","https://www.investor.gov/introduction-investing/investing-basics/glossary/ask-price","L35 card.how_money_works.035.c3","L35 question.how_money_works.035.q1","","","","","","corroborated","Investor.gov glossary: bid is the highest price a buyer will pay, ask the lowest price a seller will sell at, bid almost always lower, difference is the spread. Britannica Money gives the same definitions. (https://www.investor.gov/introduction-investing/investing-basics/glossary/ask-price https://www.britannica.com/money/bid-ask-spread)",""
"fact.how_money_works.exchange_auto_matching","source.sec_investor_executing_order","unverified","Electronic trading networks automatically match buy and sell orders at specified prices.","https://www.investor.gov/introduction-investing/investing-basics/how-stock-markets-work/executing-order","L35 card.how_money_works.035.c3","L35 question.how_money_works.035.q1","","","","","","corroborated","Investor.gov: an electronic communications network (ECN) automatically matches buy and sell orders at specified prices. The NYSE history page describes the move to electronic trading in its Hybrid Market. (https://www.investor.gov/introduction-investing/investing-basics/how-stock-markets-work/executing-order https://www.nyse.com/history-of-nyse)",""
"fact.how_money_works.exchange_last_trade","source.sec_investor_order_types","unverified","A stock's last-traded price is not necessarily the price at which a new market order will be executed.","https://www.investor.gov/introduction-investing/investing-basics/how-stock-markets-work/types-orders","L35 card.how_money_works.035.c3","L35 question.how_money_works.035.q1","","","","","","corroborated","Investor.gov Types of Orders: the last-traded price is not necessarily the price at which a market order will be executed. Investor.gov's Executing an Order page says investors may not receive the price they saw on screen. (https://www.investor.gov/introduction-investing/investing-basics/how-stock-markets-work/types-orders https://www.investor.gov/introduction-investing/investing-basics/how-stock-markets-work/executing-order)",""
"fact.how_money_works.exchange_market_order","source.sec_investor_order_types","unverified","A market order buys or sells immediately; it is guaranteed to execute, but the price is not guaranteed.","https://www.investor.gov/introduction-investing/investing-basics/how-stock-markets-work/types-orders","L35 card.how_money_works.035.c4","L35 question.how_money_works.035.q2","","","","","","corroborated","Investor.gov: a market order executes immediately and is guaranteed to execute, but the price is not guaranteed. OpenStax 12.1: a market order executes a trade at the current price. (https://www.investor.gov/introduction-investing/investing-basics/how-stock-markets-work/types-orders https://openstax.org/books/principles-finance/pages/12-1-overview-of-us-financial-markets)",""
"fact.how_money_works.exchange_market_order","source.openstax_finance_financial_markets","unverified","A market order buys or sells immediately; it is guaranteed to execute, but the price is not guaranteed.","https://openstax.org/books/principles-finance/pages/12-1-overview-of-us-financial-markets","L35 card.how_money_works.035.c4","L35 question.how_money_works.035.q2","","","","","","corroborated","Investor.gov: a market order executes immediately and is guaranteed to execute, but the price is not guaranteed. OpenStax 12.1: a market order executes a trade at the current price. (https://www.investor.gov/introduction-investing/investing-basics/how-stock-markets-work/types-orders https://openstax.org/books/principles-finance/pages/12-1-overview-of-us-financial-markets)",""
"fact.how_money_works.exchange_limit_order","source.sec_investor_order_types","unverified","A limit order executes only at a set price or better: a buy limit at that price or lower, a sell limit at that price or higher.","https://www.investor.gov/introduction-investing/investing-basics/how-stock-markets-work/types-orders","L35 card.how_money_works.035.c4","L35 question.how_money_works.035.q2","","","","","","corroborated","Investor.gov: a buy limit order executes only at the limit price or lower, a sell limit only at the limit or higher. OpenStax 12.1: a limit order specifies the price at which the investor will buy or sell. (https://www.investor.gov/introduction-investing/investing-basics/how-stock-markets-work/types-orders https://openstax.org/books/principles-finance/pages/12-1-overview-of-us-financial-markets)",""
"fact.how_money_works.exchange_limit_order","source.openstax_finance_financial_markets","unverified","A limit order executes only at a set price or better: a buy limit at that price or lower, a sell limit at that price or higher.","https://openstax.org/books/principles-finance/pages/12-1-overview-of-us-financial-markets","L35 card.how_money_works.035.c4","L35 question.how_money_works.035.q2","","","","","","corroborated","Investor.gov: a buy limit order executes only at the limit price or lower, a sell limit only at the limit or higher. OpenStax 12.1: a limit order specifies the price at which the investor will buy or sell. (https://www.investor.gov/introduction-investing/investing-basics/how-stock-markets-work/types-orders https://openstax.org/books/principles-finance/pages/12-1-overview-of-us-financial-markets)",""
"fact.how_money_works.divers_definition","source.sec_investor_asset_allocation","unverified","Diversification is spreading money among different investments to reduce risk, summed up as ""Don't put all your eggs in one basket.""","https://www.investor.gov/introduction-investing/getting-started/asset-allocation","L36 card.how_money_works.036.c2","L36 question.how_money_works.036.q1","","","","","","corroborated","Investor.gov: diversification is 'the practice of spreading money among different investments to reduce risk', summed up as don't put all your eggs in one basket. FINRA uses the same adage. (https://www.investor.gov/introduction-investing/getting-started/asset-allocation https://www.finra.org/investors/investing/investing-basics/asset-allocation-diversification)",""
"fact.how_money_works.divers_definition","source.sec_investor_diversify","unverified","Diversification is spreading money among different investments to reduce risk, summed up as ""Don't put all your eggs in one basket.""","https://www.investor.gov/introduction-investing/investing-basics/save-and-invest/diversify-your-investments","L36 card.how_money_works.036.c2","L36 question.how_money_works.036.q1","","","","","","corroborated","Investor.gov: diversification is 'the practice of spreading money among different investments to reduce risk', summed up as don't put all your eggs in one basket. FINRA uses the same adage. (https://www.investor.gov/introduction-investing/getting-started/asset-allocation https://www.finra.org/investors/investing/investing-basics/asset-allocation-diversification)",""
"fact.how_money_works.divers_across_within","source.sec_investor_asset_allocation","unverified","You can diversify across asset classes, such as stocks, bonds and cash, and within them, by holding many different stocks or bonds in different industries.","https://www.investor.gov/introduction-investing/getting-started/asset-allocation","L36 card.how_money_works.036.c2","L36 question.how_money_works.036.q1","","","","","","corroborated","Investor.gov: diversify among asset classes and within each, holding different stocks or bonds in different industry sectors. FINRA: spreading investments both among and within asset classes. (https://www.investor.gov/introduction-investing/getting-started/asset-allocation https://www.finra.org/investors/investing/investing-basics/asset-allocation-diversification)",""
"fact.how_money_works.divers_offset","source.sec_investor_asset_allocation","unverified","The idea of diversification is that if one investment or sector does poorly, others doing well may offset the loss.","https://www.investor.gov/introduction-investing/getting-started/asset-allocation","L36 card.how_money_works.036.c2","L36 question.how_money_works.036.q1","","","","","","corroborated","Investor.gov: if one investment or sector does poorly, you may offset it with others doing well; its Diversify page: if one investment loses money, the others may make up for it. (https://www.investor.gov/introduction-investing/getting-started/asset-allocation https://www.investor.gov/introduction-investing/investing-basics/save-and-invest/diversify-your-investments)",""
"fact.how_money_works.divers_offset","source.sec_investor_diversify","unverified","The idea of diversification is that if one investment or sector does poorly, others doing well may offset the loss.","https://www.investor.gov/introduction-investing/investing-basics/save-and-invest/diversify-your-investments","L36 card.how_money_works.036.c2","L36 question.how_money_works.036.q1","","","","","","corroborated","Investor.gov: if one investment or sector does poorly, you may offset it with others doing well; its Diversify page: if one investment loses money, the others may make up for it. (https://www.investor.gov/introduction-investing/getting-started/asset-allocation https://www.investor.gov/introduction-investing/investing-basics/save-and-invest/diversify-your-investments)",""
"fact.how_money_works.divers_market_drop","source.sec_investor_diversify","unverified","Diversification can't guarantee your investments won't suffer if the market drops, but it can improve the chances that you won't lose money, or won't lose as much.","https://www.investor.gov/introduction-investing/investing-basics/save-and-invest/diversify-your-investments","L36 card.how_money_works.036.c3","L36 question.how_money_works.036.q3; L40 question.how_money_works.040.q4","","","","","","corroborated","Investor.gov: diversification can't guarantee your investments won't suffer if the market drops, but can improve the chances you won't lose money or won't lose as much. FINRA states the same caveat. (https://www.investor.gov/introduction-investing/investing-basics/save-and-invest/diversify-your-investments https://www.finra.org/investors/investing/investing-basics/asset-allocation-diversification)",""
"fact.how_money_works.divers_funds_pool","source.sec_investor_asset_allocation","unverified","Mutual funds and ETFs pool money from many investors and invest it in stocks, bonds and other assets, so each investor owns a small portion of many investments.","https://www.investor.gov/introduction-investing/getting-started/asset-allocation","L36 card.how_money_works.036.c4; L37 card.how_money_works.037.c2","L37 question.how_money_works.037.q3","","","","","","corroborated","Investor.gov: mutual funds and ETFs pool money from many investors and invest in stocks, bonds and other assets, making it easy to own a small portion of many investments. OpenStax 12.1 describes an ETF as a basket of securities. (https://www.investor.gov/introduction-investing/getting-started/asset-allocation https://openstax.org/books/principles-finance/pages/12-1-overview-of-us-financial-markets)",""
"fact.how_money_works.divers_narrow_funds","source.sec_investor_asset_allocation","unverified","A fund narrowly focused on one industry sector will not necessarily provide diversification.","https://www.investor.gov/introduction-investing/getting-started/asset-allocation","L36 card.how_money_works.036.c4","L37 question.how_money_works.037.q3","","","","","","corroborated","Investor.gov: a fund won't necessarily provide diversification if narrowly focused on one industry sector. FINRA's concentration-risk page warns about large holdings in one market segment. (https://www.investor.gov/introduction-investing/getting-started/asset-allocation https://www.finra.org/investors/insights/concentration-risk)",""
"fact.how_money_works.divers_enron_401k_stock","source.senate_hsgac_enron_401k","unverified","At the end of 2000, more than half of the money in Enron's 401(k) retirement plan was invested in Enron's own stock.","https://www.hsgac.senate.gov/media/reps/retirement-insecurity-401k-crisis-at-enron/","L36 card.how_money_works.036.c1","L36 question.how_money_works.036.q2; L38 question.how_money_works.038.q3","","","","","","corroborated","Senate hearing statement: about two-thirds of Enron's 401(k) plan assets were in company stock near its peak just over a year earlier. Other accounts (EPI, policy papers) put it at 62% at the end of 2000; both exceed half. (https://www.hsgac.senate.gov/media/reps/retirement-insecurity-401k-crisis-at-enron/ https://www.epi.org/publication/issuebriefs_ib174/ https://www.policyarchive.org/download/3557)",""
"fact.how_money_works.divers_enron_bankruptcy","source.senate_hsgac_enron_401k","unverified","Enron went bankrupt on December 2, 2001, and many of its employees lost both their jobs and much of their 401(k) retirement savings.","https://www.hsgac.senate.gov/media/reps/retirement-insecurity-401k-crisis-at-enron/","L36 card.how_money_works.036.c1; L38 card.how_money_works.038.c3","L36 question.how_money_works.036.q2; L38 question.how_money_works.038.q3","","","","","","corroborated","Britannica dates the Enron collapse to December 2, 2001. The Senate hearing says employees 'lost their savings'; other accounts note employees lost both jobs and much of their retirement savings. (https://www.britannica.com/event/Enron-scandal https://www.hsgac.senate.gov/media/reps/retirement-insecurity-401k-crisis-at-enron/ https://www.policyarchive.org/download/3557)",""
"fact.how_money_works.divers_enron_bankruptcy","source.brit_enron_scandal","unverified","Enron went bankrupt on December 2, 2001, and many of its employees lost both their jobs and much of their 401(k) retirement savings.","https://www.britannica.com/event/Enron-scandal","L36 card.how_money_works.036.c1; L38 card.how_money_works.038.c3","L36 question.how_money_works.036.q2; L38 question.how_money_works.038.q3","","","","","","corroborated","Britannica dates the Enron collapse to December 2, 2001. The Senate hearing says employees 'lost their savings'; other accounts note employees lost both jobs and much of their retirement savings. (https://www.britannica.com/event/Enron-scandal https://www.hsgac.senate.gov/media/reps/retirement-insecurity-401k-crisis-at-enron/ https://www.policyarchive.org/download/3557)",""
"fact.how_money_works.index_market_index","source.sec_investor_index_funds","unverified","A market index, such as the S&P 500, measures the performance of a basket of securities; you cannot invest in an index directly.","https://www.investor.gov/introduction-investing/investing-basics/investment-products/mutual-funds-and-exchange-traded-4","L37 card.how_money_works.037.c2","L37 question.how_money_works.037.q3","","","","","","corroborated","Investor.gov: a market index such as the S&P 500 measures the performance of a basket of securities, and you cannot invest directly in an index. Britannica Money's index fund coverage describes the same. (https://www.investor.gov/introduction-investing/investing-basics/investment-products/mutual-funds-and-exchange-traded-4 https://workplace.vanguard.com/insights-and-research/perspective/50-years-50-facts-indexing-since-1976.html)",""
"fact.how_money_works.index_fund_tracks","source.sec_investor_index_funds","unverified","An index fund is a mutual fund or ETF that seeks to track the returns of a market index, holding all or a sample of the securities in it.","https://www.investor.gov/introduction-investing/investing-basics/investment-products/mutual-funds-and-exchange-traded-4","L37 card.how_money_works.037.c2","L37 question.how_money_works.037.q3","","","","","","corroborated","Investor.gov: an index fund is a mutual fund or ETF that seeks to track a market index, investing in all or a sample of its securities. Vanguard's history describes its first fund as owning the S&P 500 index. (https://www.investor.gov/introduction-investing/investing-basics/investment-products/mutual-funds-and-exchange-traded-4 https://workplace.vanguard.com/insights-and-research/perspective/50-years-50-facts-indexing-since-1976.html)",""
"fact.how_money_works.index_passive_active","source.sec_investor_index_funds","unverified","Index funds generally invest passively, buying and selling rarely, while actively managed funds trade more often to try to outperform an index.","https://www.investor.gov/introduction-investing/investing-basics/investment-products/mutual-funds-and-exchange-traded-4","L37 card.how_money_works.037.c3","L37 question.how_money_works.037.q2","","","","","","corroborated","Investor.gov: index funds generally follow a passive style, not buying and selling often; actively managed funds trade more frequently to try to outperform. Zweig describes the index fund as matching the market rather than trying to beat it. (https://www.investor.gov/introduction-investing/investing-basics/investment-products/mutual-funds-and-exchange-traded-4 https://jasonzweig.com/birth-of-the-index-mutual-fund-bogles-folly-turns-40/)",""
"fact.how_money_works.index_lower_costs","source.sec_investor_index_funds","unverified","Because index fund managers do not pay research analysts to pick securities, index funds may cost less to run, though not every index fund is cheaper.","https://www.investor.gov/introduction-investing/investing-basics/investment-products/mutual-funds-and-exchange-traded-4","L37 card.how_money_works.037.c3","L37 question.how_money_works.037.q2","","","","","","corroborated","Investor.gov: index managers don't need research analysts to pick securities, which could mean lower costs, but not all index funds cost less. Zweig credits index funds with dramatically reducing costs. (https://www.investor.gov/introduction-investing/investing-basics/investment-products/mutual-funds-and-exchange-traded-4 https://jasonzweig.com/birth-of-the-index-mutual-fund-bogles-folly-turns-40/)",""
"fact.how_money_works.index_fees_matter","source.sec_investor_index_funds","unverified","Fees reduce your return: if two funds hold investments that perform identically, the lower-cost fund generally returns more.","https://www.investor.gov/introduction-investing/investing-basics/investment-products/mutual-funds-and-exchange-traded-4","L37 card.how_money_works.037.c3","L37 question.how_money_works.037.q2","","","","","","corroborated","Investor.gov index funds page: fees reduce your return; with identical holdings, the lower-cost fund generally returns more. Investor.gov's First Job page: small cost differences become large return differences over time. (https://www.investor.gov/introduction-investing/investing-basics/investment-products/mutual-funds-and-exchange-traded-4 https://www.investor.gov/additional-resources/retirement-toolkit/first-job)",""
"fact.how_money_works.index_same_risks","source.sec_investor_index_funds","unverified","An index fund is subject to the same general risks as the securities in the index it tracks.","https://www.investor.gov/introduction-investing/investing-basics/investment-products/mutual-funds-and-exchange-traded-4","L37 card.how_money_works.037.c4; L40 card.how_money_works.040.c3","L40 question.how_money_works.040.q4","","","","","","corroborated","Investor.gov: an index fund is subject to the same general risks as the securities in the index it tracks; its diversification page notes diversification cannot prevent losses in a market drop. (https://www.investor.gov/introduction-investing/investing-basics/investment-products/mutual-funds-and-exchange-traded-4 https://www.investor.gov/introduction-investing/investing-basics/save-and-invest/diversify-your-investments)",""
"fact.how_money_works.index_bogle_launch_1976","source.vanguard_indexing_50_years","unverified","John Bogle launched First Index Investment Trust, tracking the S&P 500, on August 31, 1976; it was the first index fund for individual investors.","https://workplace.vanguard.com/insights-and-research/perspective/50-years-50-facts-indexing-since-1976.html","L37 card.how_money_works.037.c1","L37 question.how_money_works.037.q1","","","","","","corroborated","Vanguard: Bogle launched First Index Investment Trust on August 31, 1976, the first index fund for individual investors, tracking the S&P 500. Zweig confirms August 31, 1976 and the S&P 500. (https://workplace.vanguard.com/insights-and-research/perspective/50-years-50-facts-indexing-since-1976.html https://jasonzweig.com/birth-of-the-index-mutual-fund-bogles-folly-turns-40/)",""
"fact.how_money_works.index_bogle_launch_1976","source.zweig_bogles_folly_40","unverified","John Bogle launched First Index Investment Trust, tracking the S&P 500, on August 31, 1976; it was the first index fund for individual investors.","https://jasonzweig.com/birth-of-the-index-mutual-fund-bogles-folly-turns-40/","L37 card.how_money_works.037.c1","L37 question.how_money_works.037.q1","","","","","","corroborated","Vanguard: Bogle launched First Index Investment Trust on August 31, 1976, the first index fund for individual investors, tracking the S&P 500. Zweig confirms August 31, 1976 and the S&P 500. (https://workplace.vanguard.com/insights-and-research/perspective/50-years-50-facts-indexing-since-1976.html https://jasonzweig.com/birth-of-the-index-mutual-fund-bogles-folly-turns-40/)",""
"fact.how_money_works.index_bogle_raised_11m","source.vanguard_indexing_50_years","unverified","Bogle hoped to raise up to $150 million for the first index fund, but it raised only about $11 million.","https://workplace.vanguard.com/insights-and-research/perspective/50-years-50-facts-indexing-since-1976.html","L37 card.how_money_works.037.c1","L37 question.how_money_works.037.q1","","","","","","corroborated","Vanguard: hoped to raise $50-150 million, raised a little more than $11 million. Zweig: opened with $11.3 million against a $150 million goal. (https://workplace.vanguard.com/insights-and-research/perspective/50-years-50-facts-indexing-since-1976.html https://jasonzweig.com/birth-of-the-index-mutual-fund-bogles-folly-turns-40/)",""
"fact.how_money_works.index_bogle_raised_11m","source.zweig_bogles_folly_40","unverified","Bogle hoped to raise up to $150 million for the first index fund, but it raised only about $11 million.","https://jasonzweig.com/birth-of-the-index-mutual-fund-bogles-folly-turns-40/","L37 card.how_money_works.037.c1","L37 question.how_money_works.037.q1","","","","","","corroborated","Vanguard: hoped to raise $50-150 million, raised a little more than $11 million. Zweig: opened with $11.3 million against a $150 million goal. (https://workplace.vanguard.com/insights-and-research/perspective/50-years-50-facts-indexing-since-1976.html https://jasonzweig.com/birth-of-the-index-mutual-fund-bogles-folly-turns-40/)",""
"fact.how_money_works.index_bogle_folly","source.vanguard_indexing_50_years","unverified","Critics called the first index fund a path to mediocrity, and some nicknamed it 'Bogle's Folly'.","https://workplace.vanguard.com/insights-and-research/perspective/50-years-50-facts-indexing-since-1976.html","L37 card.how_money_works.037.c1","L37 question.how_money_works.037.q1","","","","","","corroborated","Vanguard notes 'Bogle's Folly, to some'. Zweig: critics called it un-American and a sure path to mediocrity. Index Fund Advisors' 'Fifty Years of Bogle's Folly' uses the same nickname. (https://workplace.vanguard.com/insights-and-research/perspective/50-years-50-facts-indexing-since-1976.html https://jasonzweig.com/birth-of-the-index-mutual-fund-bogles-folly-turns-40/ https://www.ifa.com/articles/fifty_years_bogle_folly)",""
"fact.how_money_works.index_bogle_folly","source.zweig_bogles_folly_40","unverified","Critics called the first index fund a path to mediocrity, and some nicknamed it 'Bogle's Folly'.","https://jasonzweig.com/birth-of-the-index-mutual-fund-bogles-folly-turns-40/","L37 card.how_money_works.037.c1","L37 question.how_money_works.037.q1","","","","","","corroborated","Vanguard notes 'Bogle's Folly, to some'. Zweig: critics called it un-American and a sure path to mediocrity. Index Fund Advisors' 'Fifty Years of Bogle's Folly' uses the same nickname. (https://workplace.vanguard.com/insights-and-research/perspective/50-years-50-facts-indexing-since-1976.html https://jasonzweig.com/birth-of-the-index-mutual-fund-bogles-folly-turns-40/ https://www.ifa.com/articles/fifty_years_bogle_folly)",""
"fact.how_money_works.index_spiva_15yr","source.spglobal_spiva_us_2024","unverified","Over the 15 years to the end of 2024, 89.5% of actively managed US large-company stock funds did worse than the S&P 500.","https://www.spglobal.com/spdji/en/documents/spiva/spiva-us-year-end-2024.pdf","L37 card.how_money_works.037.c4","","","","","","","corroborated","Search summaries of the SPIVA U.S. Year-End 2024 scorecard (ETF Trends, Ritholtz) report 89.50% of large-cap funds underperformed the S&P 500 over the 15 years ending December 31, 2024. The PDF itself returned 403 to automated fetch. (https://www.etftrends.com/2024-spiva-report-reveals-2-areas-active-outperforms/ https://ritholtz.com/2025/05/the-data-on-active-large-cap-underperformance/)",""
"fact.how_money_works.index_passive_overtake_2023","source.morningstar_passive_overtakes_active","unverified","At the end of 2023, passive (index-tracking) mutual funds and ETFs in the US held more assets than actively managed funds for the first time.","https://www.morningstar.com/funds/recovery-us-fund-flows-was-weak-2023","L37 card.how_money_works.037.c1; L37 card.how_money_works.037.c4","L37 question.how_money_works.037.q1","","","","","","corroborated","AdvisorHub (citing Cerulli and Morningstar Direct): at end-2023 passive US mutual funds and ETFs held $13.252 trillion vs $13.244 trillion active, a first. CNBC (January 2024) reported the same milestone. (https://www.advisorhub.com/passive-funds-overtake-active-thanks-in-part-to-advisory-shift/ https://www.cnbc.com/2024/01/18/passive-investing-rules-wall-street-now-topping-actively-managed-assets-in-stock-bond-and-other-funds.html)",""
"fact.how_money_works.retire_candy_bar_example","source.sec_investor_small_savings","unverified","In an SEC example, a $1 candy bar every day costs $365 a year; saved and earning 5% a year, that $365 grows to $465.84 in five years and $1,577.50 in 30 years.","https://www.investor.gov/introduction-investing/investing-basics/save-and-invest/small-savings-add-big-money","L38 card.how_money_works.038.c1; L38 card.how_money_works.038.c2","L38 question.how_money_works.038.q1; L38 question.how_money_works.038.q2","","","","","","corroborated","Investor.gov: $1 a day is $365 a year; at 5% it grows to $465.84 in five years and $1,577.50 in 30 years. Recomputed: 365 x 1.05^5 = 465.84 and 365 x 1.05^30 = 1,577.51. FINRA's retirement page describes the same effect of time and compounding. (https://www.investor.gov/introduction-investing/investing-basics/save-and-invest/small-savings-add-big-money https://www.finra.org/investors/investing/investment-accounts/retirement-accounts)",""
"fact.how_money_works.retire_candy_bar_gains","source.sec_investor_small_savings","unverified","In the SEC candy-bar example, the $365 gains about $101 in its first five years and about $1,112 in the following 25 years (derived from $465.84 and $1,577.50).","https://www.investor.gov/introduction-investing/investing-basics/save-and-invest/small-savings-add-big-money","L38 card.how_money_works.038.c2","L38 question.how_money_works.038.q2","","","","","","corroborated","Derived from the Investor.gov figures: 465.84 - 365 = 100.84 (about $101) and 1,577.50 - 465.84 = 1,111.66 (about $1,112). Independent recomputation at 5% gives the same. (https://www.investor.gov/introduction-investing/investing-basics/save-and-invest/small-savings-add-big-money)","one-page"
"fact.how_money_works.retire_start_early_key","source.sec_investor_first_job","unverified","Starting early is key to saving enough for retirement: the younger you are when you begin, the more time your investments have to grow.","https://www.investor.gov/additional-resources/retirement-toolkit/first-job","L38 card.how_money_works.038.c2","L38 question.how_money_works.038.q2","","","","","","corroborated","Investor.gov First Job: 'Starting early is key to saving enough for retirement. The younger you are when you begin saving, the more time your investments have to grow.' FINRA says to start as early as possible to take advantage of compounding. (https://www.investor.gov/additional-resources/retirement-toolkit/first-job https://www.finra.org/investors/investing/investment-accounts/retirement-accounts)",""
"fact.how_money_works.retire_pension_db","source.sec_investor_first_job","unverified","In a traditional defined benefit pension, the employer contributes and invests the money and pays retirees a benefit based on their pay and years of service.","https://www.investor.gov/additional-resources/retirement-toolkit/first-job","L38 card.how_money_works.038.c3","L38 question.how_money_works.038.q3","","","","","","corroborated","Investor.gov: in a defined benefit pension the employer contributes and invests the money and pays a benefit based on pay and years worked. The Senate Enron hearing describes pooled pension funds paying a fixed monthly pension. (https://www.investor.gov/additional-resources/retirement-toolkit/first-job https://www.hsgac.senate.gov/media/reps/retirement-insecurity-401k-crisis-at-enron/)",""
"fact.how_money_works.retire_401k_dc","source.sec_investor_first_job","unverified","In a defined contribution plan such as a 401(k), the worker chooses how much to contribute from each paycheck and where the money is invested.","https://www.investor.gov/additional-resources/retirement-toolkit/first-job","L38 card.how_money_works.038.c3","L38 question.how_money_works.038.q3","","","","","","corroborated","Investor.gov: in a defined contribution plan such as a 401(k), you choose how much to contribute from each paycheck and where it is invested. The Senate hearing: money paid into a 401(k) becomes the employee's to control, with a range of investment options. (https://www.investor.gov/additional-resources/retirement-toolkit/first-job https://www.hsgac.senate.gov/media/reps/retirement-insecurity-401k-crisis-at-enron/)",""
"fact.how_money_works.retire_employer_match","source.sec_investor_first_job","unverified","Some employers add a matching contribution to a worker's retirement plan, for instance 50 cents for every dollar the worker saves.","https://www.investor.gov/additional-resources/retirement-toolkit/first-job","L38 card.how_money_works.038.c3","L38 question.how_money_works.038.q3","","","","","","corroborated","Investor.gov gives the example of an employer contributing 50 cents for every dollar you save. The Senate hearing describes Enron matching employee contributions with company stock. (https://www.investor.gov/additional-resources/retirement-toolkit/first-job https://www.hsgac.senate.gov/media/reps/retirement-insecurity-401k-crisis-at-enron/)",""
"fact.how_money_works.retire_risk_shift","source.senate_hsgac_enron_401k","unverified","As retirement savings moved from traditional pensions to 401(k)s, investment risk shifted from employers to employees.","https://www.hsgac.senate.gov/media/reps/retirement-insecurity-401k-crisis-at-enron/","L38 card.how_money_works.038.c3","L38 question.how_money_works.038.q3","","","","","","corroborated","Senate hearing: as retirement savings migrated to 401(k)s, risks shifted from employer to employee. EPI and the St. Louis Fed describe the same move of investment risk from employers to workers. (https://www.hsgac.senate.gov/media/reps/retirement-insecurity-401k-crisis-at-enron/ https://www.epi.org/publication/misdirected-impulse-shift-db-plans/ https://www.stlouisfed.org/on-the-economy/2025/mar/pension-401k-retirement-plan-trends-us-workplace)",""
"fact.how_money_works.assets_investment_definition","source.openstax_finance_ch7_key_terms","unverified","An investment is an asset acquired to make a financial gain through income or an increase in value.","https://openstax.org/books/principles-finance/pages/7-key-terms","L39 card.how_money_works.039.c2","L39 question.how_money_works.039.q2","","","","","","corroborated","OpenStax Principles of Finance key terms: an investment is an asset acquired to generate financial gain through increased income or appreciation in value. OpenStax 15.1 treats return as income plus capital gain. (https://openstax.org/books/principles-finance/pages/7-key-terms https://openstax.org/books/principles-finance/pages/15-1-risk-and-return-to-an-individual-asset)",""
"fact.how_money_works.assets_total_return","source.openstax_finance_risk_return","unverified","An investment's total return is the income it pays, such as dividends, plus its gain in price (or minus its loss).","https://openstax.org/books/principles-finance/pages/15-1-risk-and-return-to-an-individual-asset","L39 card.how_money_works.039.c2","L39 question.how_money_works.039.q2","","","","","","corroborated","OpenStax 15.1: total dollar return = dividend income + capital gain; OpenStax key terms: total return includes periodic cash flows plus price appreciation or depreciation. (https://openstax.org/books/principles-finance/pages/15-1-risk-and-return-to-an-individual-asset https://openstax.org/books/principles-finance/pages/7-key-terms)",""
"fact.how_money_works.assets_property_two_ways","source.sec_investor_reits","unverified","Real estate can produce income, such as rent, and its value can rise or fall.","https://www.investor.gov/introduction-investing/investing-basics/investment-products/real-estate-investment-trusts-reits","L39 card.how_money_works.039.c3","L39 question.how_money_works.039.q2","","","","","","corroborated","Investor.gov describes REITs owning income-producing real estate; OpenStax defines investment gain as income or appreciation. Real-estate explainers found by search describe profit through rental income and appreciation. (https://www.investor.gov/introduction-investing/investing-basics/investment-products/real-estate-investment-trusts-reits https://openstax.org/books/principles-finance/pages/7-key-terms https://www.realized1031.com/blog/is-real-estate-a-liquid-investment)",""
"fact.how_money_works.assets_property_two_ways","source.openstax_finance_ch7_key_terms","unverified","Real estate can produce income, such as rent, and its value can rise or fall.","https://openstax.org/books/principles-finance/pages/7-key-terms","L39 card.how_money_works.039.c3","L39 question.how_money_works.039.q2","","","","","","corroborated","Investor.gov describes REITs owning income-producing real estate; OpenStax defines investment gain as income or appreciation. Real-estate explainers found by search describe profit through rental income and appreciation. (https://www.investor.gov/introduction-investing/investing-basics/investment-products/real-estate-investment-trusts-reits https://openstax.org/books/principles-finance/pages/7-key-terms https://www.realized1031.com/blog/is-real-estate-a-liquid-investment)",""
"fact.how_money_works.assets_reit_definition","source.sec_investor_reits","unverified","A REIT is a company that owns and typically operates income-producing real estate, such as offices, apartments and warehouses, letting investors share its income without buying property.","https://www.investor.gov/introduction-investing/investing-basics/investment-products/real-estate-investment-trusts-reits","L39 card.how_money_works.039.c3","L39 question.how_money_works.039.q2","","","","","","corroborated","Investor.gov: a REIT owns and typically operates income-producing real estate such as offices, apartments and warehouses, letting investors earn a share of the income without buying property. FINRA's REIT alert describes the same structure. (https://www.investor.gov/introduction-investing/investing-basics/investment-products/real-estate-investment-trusts-reits https://www.molaw.com/finra-alert-public-non-traded-reits-perform-careful-review-investing/)",""
"fact.how_money_works.assets_reit_illiquid","source.sec_investor_reits","unverified","Some REITs trade on stock exchanges; non-traded REITs are illiquid and generally cannot be sold readily.","https://www.investor.gov/introduction-investing/investing-basics/investment-products/real-estate-investment-trusts-reits","L39 card.how_money_works.039.c3; L40 card.how_money_works.040.c4","L39 question.how_money_works.039.q2","","","","","","corroborated","Investor.gov: many REITs trade on an exchange; non-traded REITs are illiquid and generally cannot be sold readily. FINRA-related summaries say non-traded REITs are often illiquid for eight years or more. (https://www.investor.gov/introduction-investing/investing-basics/investment-products/real-estate-investment-trusts-reits https://www.molaw.com/finra-alert-public-non-traded-reits-perform-careful-review-investing/)",""
"fact.how_money_works.assets_dojima_rice_bills","source.jpx_dojima_rice_exchange","unverified","In Edo-period Japan, feudal domains sold rice collected as tax to brokers in exchange for rice bills, notes exchangeable for rice, which were actively traded.","https://www.jpx.co.jp/dojima/en/index.html","L39 card.how_money_works.039.c1","","","","","","","corroborated","JPX: domains sold tax rice to brokers and issued rice bills (notes promising rice), which were actively traded. Nippon.com's history of the Dojima exchange describes the same rice-bill trade. (https://www.jpx.co.jp/dojima/en/index.html https://www.nippon.com/en/japan-topics/g02365/)",""
"fact.how_money_works.assets_dojima_1730","source.jpx_dojima_rice_exchange","unverified","In 1730, Japan's Tokugawa shogunate authorized the Dojima Rice Exchange in Osaka, with a futures market in rice; it is widely seen as the forerunner of organized futures exchanges.","https://www.jpx.co.jp/dojima/en/index.html","L39 card.how_money_works.039.c1","","","","","","","corroborated","JPX: in 1730 the Tokugawa shogunate authorized spot and futures markets at Dojima, widely known as the forerunner of organized futures exchanges. The Osaka Dojima Exchange and FFTC describe it as the first officially permitted futures market. (https://www.jpx.co.jp/dojima/en/index.html https://www.odex.co.jp/en/about/derivative/index.html https://ap.fftc.org.tw/article/3023)",""
"fact.how_money_works.assets_futures_contract","source.sec_investor_commodities","unverified","A commodity futures contract is an agreement to buy or sell a set quantity of a commodity at a set price on a future date; metals, grains and other foods trade this way.","https://www.investor.gov/introduction-investing/investing-basics/investment-products/commodities","L39 card.how_money_works.039.c4","L39 question.how_money_works.039.q1; L39 question.how_money_works.039.q3","","","","","","corroborated","Investor.gov: a commodity futures contract is an agreement to buy or sell a specific quantity at a specified price on a particular future date; metals, grains and other food trade in the futures market. FINRA's futures page gives the same definition. (https://www.investor.gov/introduction-investing/investing-basics/investment-products/commodities https://www.finra.org/investors/investing/investment-products/futures-and-commodities)",""
"fact.how_money_works.assets_gold_no_income","source.cbs_gold_downside","unverified","Gold pays no dividends or interest, so its return depends on someone paying more for it later.","https://www.cbsnews.com/news/what-is-the-downside-of-owning-gold/","L39 card.how_money_works.039.c4","L39 question.how_money_works.039.q1; L39 question.how_money_works.039.q3","","","","","","corroborated","CBS News: unlike stocks paying dividends or bonds paying interest, gold waits for the price to shift; its value depends on someone paying more later. Yahoo Finance and Motley Fool pieces also note gold generates no income. (https://www.cbsnews.com/news/what-is-the-downside-of-owning-gold/ https://finance.yahoo.com/news/gold-isn-t-income-generating-155920694.html https://www.fool.com/investing/general/2015/12/21/is-gold-a-good-investment.aspx)",""
"fact.how_money_works.assets_metals_volatile","source.cftc_gold_no_safe_investment","unverified","US regulators warn that gold and other precious metals are highly volatile and that past performance is not a good predictor of future returns.","https://www.cftc.gov/LearnAndProtect/AdvisoriesAndArticles/gold_is_no_safe_investment.htm","L39 card.how_money_works.039.c4","L39 question.how_money_works.039.q1; L39 question.how_money_works.039.q3","","","","","","corroborated","CFTC: gold and other precious metals are highly volatile and past performance is not a good predictor of future returns. Investor.gov's performance bulletin says past performance cannot predict future results. (https://www.cftc.gov/LearnAndProtect/AdvisoriesAndArticles/gold_is_no_safe_investment.htm https://www.investor.gov/introduction-investing/general-resources/news-alerts/alerts-bulletins/investor-bulletins-47)",""
"fact.how_money_works.invest_products_differ","source.sec_investor_what_is_risk","unverified","Every saving and investment product has different risks and returns, including how readily you can get your money, how fast it will grow and how safe it will be.","https://www.investor.gov/introduction-investing/investing-basics/what-risk","L40 card.how_money_works.040.c1","","","","","","","corroborated","Investor.gov What is Risk?: every saving and investment product differs in how readily investors can get their money, how fast it will grow and how safe it will be. The rainy-day page describes the security/availability tradeoff. (https://www.investor.gov/introduction-investing/investing-basics/what-risk https://www.investor.gov/introduction-investing/investing-basics/save-and-invest/save-rainy-day)",""
"fact.how_money_works.invest_liquid_asset","source.openstax_finance_ch7_key_terms","unverified","A liquid asset is one that can be readily converted into cash within a short time.","https://openstax.org/books/principles-finance/pages/7-key-terms","L40 card.how_money_works.040.c4","L40 question.how_money_works.040.q1; L40 question.how_money_works.040.q5","","","","","","corroborated","OpenStax key terms: a liquid asset can be readily converted into cash within a short period. Investor.gov's liquidity risk entry describes the risk of not finding a market to sell when you want. (https://openstax.org/books/principles-finance/pages/7-key-terms https://www.investor.gov/introduction-investing/investing-basics/what-risk)",""
"fact.how_money_works.invest_ladder_1928","source.nyu_damodaran_historical_returns","unverified","From the start of 1928 to the end of 2025, before inflation, $100 grew to about $2,600 in 3-month Treasury bills, about $7,750 in 10-year US Treasury bonds and over $1 million in US stocks.","https://pages.stern.nyu.edu/~adamodar/New_Home_Page/datafile/histretSP.html","L40 card.how_money_works.040.c3","L40 question.how_money_works.040.q2","","","","","","corroborated","Damodaran's table: $100 at start of 1928 was worth $2,578.30 in T-bills, $7,752.88 in 10-year T-bonds and $1,157,598.95 in the S&P 500 at end-2025. FinanceWonk (citing NYU Stern) reports ~$2,578, ~$7,750 and ~$1,157,600. (https://pages.stern.nyu.edu/~adamodar/New_Home_Page/datafile/histretSP.html https://www.financewonk.com/references/historical-returns)",""
"fact.how_money_works.market_definition","source.britannica_market","unverified","A market is any means by which buyers and sellers get in contact to exchange goods and services, either directly or through go-betweens.","https://www.britannica.com/money/market","L41 card.how_money_works.041.c2","L41 question.how_money_works.041.q1; L50 question.how_money_works.050.q1","","","","","","corroborated","Britannica defines a market as a means by which exchange takes place as buyers and sellers are in contact, directly or through mediating agents or institutions. Wikipedia and a UT Tyler economics lesson give the same idea: an arrangement letting buyers and sellers interact, not necessarily face to face. (https://www.britannica.com/money/market https://en.wikipedia.org/wiki/Market_(economics))",""
"fact.how_money_works.market_not_a_place","source.britannica_market","unverified","In modern economies, a market is not a single place: it covers the whole area in which sellers compete for customers.","https://www.britannica.com/money/market","L41 card.how_money_works.041.c2","L41 question.how_money_works.041.q1; L50 question.how_money_works.050.q1","","","","","","corroborated","Britannica: 'the market is not a place; it has expanded to include the whole geographical area in which sellers compete with each other for customers.' Economics teaching materials likewise note face-to-face interaction is not essential. (https://www.britannica.com/money/market https://www.uttyler.edu/ceefl/files/focus-institutions-markets.pdf)",""
"fact.how_money_works.ebay_auctionweb_1995","source.time_first_ebay_item","unverified","Pierre Omidyar launched AuctionWeb, the site that became eBay, over Labor Day weekend in 1995.","https://time.com/4018841/first-item-sold-listed-ebay/","L41 card.how_money_works.041.c1; L41 card.how_money_works.041.c3","L41 question.how_money_works.041.q3","","","","","","corroborated","TIME: Omidyar wrote code for AuctionWeb and launched it over Labor Day weekend 1995. eBay Inc.'s own story confirms the site was Auction Web in 1995. (https://time.com/4018841/first-item-sold-listed-ebay/ https://www.ebayinc.com/stories/news/meet-the-buyer-of-the-broken-laser-pointer/)",""
"fact.how_money_works.ebay_auctionweb_1995","source.ebayinc_laser_pointer","unverified","Pierre Omidyar launched AuctionWeb, the site that became eBay, over Labor Day weekend in 1995.","https://www.ebayinc.com/stories/news/meet-the-buyer-of-the-broken-laser-pointer/","L41 card.how_money_works.041.c1; L41 card.how_money_works.041.c3","L41 question.how_money_works.041.q3","","","","","","corroborated","TIME: Omidyar wrote code for AuctionWeb and launched it over Labor Day weekend 1995. eBay Inc.'s own story confirms the site was Auction Web in 1995. (https://time.com/4018841/first-item-sold-listed-ebay/ https://www.ebayinc.com/stories/news/meet-the-buyer-of-the-broken-laser-pointer/)",""
"fact.how_money_works.ebay_laser_pointer_sale","source.ebayinc_laser_pointer","unverified","The first item sold on AuctionWeb was a broken laser pointer, which sold for $14.83.","https://www.ebayinc.com/stories/news/meet-the-buyer-of-the-broken-laser-pointer/","L41 card.how_money_works.041.c1; L41 card.how_money_works.041.c3","L41 question.how_money_works.041.q3","","","","","","corroborated","eBay Inc. and TIME both state the first item sold was a broken laser pointer, which sold for $14.83. (https://www.ebayinc.com/stories/news/meet-the-buyer-of-the-broken-laser-pointer/ https://time.com/4018841/first-item-sold-listed-ebay/)",""
"fact.how_money_works.ebay_laser_pointer_sale","source.time_first_ebay_item","unverified","The first item sold on AuctionWeb was a broken laser pointer, which sold for $14.83.","https://time.com/4018841/first-item-sold-listed-ebay/","L41 card.how_money_works.041.c1; L41 card.how_money_works.041.c3","L41 question.how_money_works.041.q3","","","","","","corroborated","eBay Inc. and TIME both state the first item sold was a broken laser pointer, which sold for $14.83. (https://www.ebayinc.com/stories/news/meet-the-buyer-of-the-broken-laser-pointer/ https://time.com/4018841/first-item-sold-listed-ebay/)",""
"fact.how_money_works.market_labor_financial","source.openstax_labor_financial_markets","unverified","Supply and demand apply to any market, including labor markets, where job seekers supply work and employers demand it, and financial markets, where savers supply funds and borrowers demand them.","https://openstax.org/books/principles-economics-3e/pages/4-introduction-to-labor-and-financial-markets","L41 card.how_money_works.041.c4; L50 card.how_money_works.050.c4","L41 question.how_money_works.041.q2","","","","","","corroborated","OpenStax: supply and demand apply to any market, including labor (job seekers supply, employers demand) and financial markets (savers supply, borrowers demand). Labour economics references describe workers as suppliers and employers as demanders of labor. (https://openstax.org/books/principles-economics-3e/pages/4-introduction-to-labor-and-financial-markets https://en.wikipedia.org/wiki/Labour_economics https://openstax.org/books/principles-economics-3e/pages/4-2-demand-and-supply-in-financial-markets)",""
"fact.how_money_works.market_financial_growth","source.britannica_market","unverified","Along with the growth of trade in goods, financial markets such as securities exchanges have multiplied.","https://www.britannica.com/money/market","L41 card.how_money_works.041.c4","L41 question.how_money_works.041.q2","","","","","","corroborated","Britannica notes the proliferation of financial markets, including securities exchanges and money markets, alongside trade in goods. OpenStax chapter 4 treats financial markets as markets in their own right. (https://www.britannica.com/money/market https://openstax.org/books/principles-economics-3e/pages/4-introduction-to-labor-and-financial-markets)",""
"fact.how_money_works.market_rate_of_return","source.openstax_financial_markets","unverified","In financial markets, savers expect to receive a rate of return and borrowers expect to pay one; the simplest example is the interest rate.","https://openstax.org/books/principles-economics-3e/pages/4-2-demand-and-supply-in-financial-markets","L50 card.how_money_works.050.c4","","","","","","","corroborated","OpenStax 4.2: savers expect to receive and borrowers expect to pay a rate of return; the simplest example is the interest rate. OpenStax chapter 4 intro describes savers as suppliers and borrowers as demanders of financial capital. (https://openstax.org/books/principles-economics-3e/pages/4-2-demand-and-supply-in-financial-markets https://openstax.org/books/principles-economics-3e/pages/4-introduction-to-labor-and-financial-markets)",""
"fact.how_money_works.supply_law","source.openstax_demand_supply","unverified","Law of supply: a rise in price almost always increases the quantity supplied, and a fall in price decreases it.","https://openstax.org/books/principles-economics-3e/pages/3-1-demand-supply-and-equilibrium-in-markets-for-goods-and-services","L42 card.how_money_works.042.c2; L42 card.how_money_works.042.c3; L43 card.how_money_works.043.c2; L45 card.how_money_works.045.c3","L42 question.how_money_works.042.q1; L42 question.how_money_works.042.q2; L48 question.how_money_works.048.q3","","","","","","corroborated","OpenStax 3.1: a rise in price almost always increases quantity supplied; a fall decreases it. Britannica: supply curves usually slope upward because producers sell more at higher prices. (https://openstax.org/books/principles-economics-3e/pages/3-1-demand-supply-and-equilibrium-in-markets-for-goods-and-services https://www.britannica.com/money/supply-and-demand)",""
"fact.how_money_works.supply_law","source.britannica_supply_demand","unverified","Law of supply: a rise in price almost always increases the quantity supplied, and a fall in price decreases it.","https://www.britannica.com/money/supply-and-demand","L42 card.how_money_works.042.c2; L42 card.how_money_works.042.c3; L43 card.how_money_works.043.c2; L45 card.how_money_works.045.c3","L42 question.how_money_works.042.q1; L42 question.how_money_works.042.q2; L48 question.how_money_works.048.q3","","","","","","corroborated","OpenStax 3.1: a rise in price almost always increases quantity supplied; a fall decreases it. Britannica: supply curves usually slope upward because producers sell more at higher prices. (https://openstax.org/books/principles-economics-3e/pages/3-1-demand-supply-and-equilibrium-in-markets-for-goods-and-services https://www.britannica.com/money/supply-and-demand)",""
"fact.how_money_works.supply_profit_reason","source.openstax_demand_supply","unverified","Higher prices encourage profit-seeking firms to expand production and bring more of the product to market.","https://openstax.org/books/principles-economics-3e/pages/3-1-demand-supply-and-equilibrium-in-markets-for-goods-and-services","L42 card.how_money_works.042.c2; L48 card.how_money_works.048.c4","L42 question.how_money_works.042.q1; L42 question.how_money_works.042.q2; L48 question.how_money_works.048.q3","","","","","","corroborated","OpenStax 3.1: higher prices encourage profit-seeking firms to expand production. Britannica: producers are willing to sell more in a market with higher prices. (https://openstax.org/books/principles-economics-3e/pages/3-1-demand-supply-and-equilibrium-in-markets-for-goods-and-services https://www.britannica.com/money/supply-and-demand)",""
"fact.how_money_works.supply_curve_upward","source.britannica_supply_demand","unverified","A supply curve, drawn with price on the vertical axis and quantity on the horizontal, usually slopes upward.","https://www.britannica.com/money/supply-and-demand","L42 card.how_money_works.042.c3; L44 card.how_money_works.044.c2","","","","","","","corroborated","Britannica: the supply curve is usually upward-sloping. OpenStax 3.2: curves plot price on the vertical axis and quantity on the horizontal. (https://www.britannica.com/money/supply-and-demand https://openstax.org/books/principles-economics-3e/pages/3-2-shifts-in-demand-and-supply-for-goods-and-services https://en.wikipedia.org/wiki/Supply_and_demand)",""
"fact.how_money_works.supply_curve_upward","source.openstax_shifts_demand_supply","unverified","A supply curve, drawn with price on the vertical axis and quantity on the horizontal, usually slopes upward.","https://openstax.org/books/principles-economics-3e/pages/3-2-shifts-in-demand-and-supply-for-goods-and-services","L42 card.how_money_works.042.c3; L44 card.how_money_works.044.c2","","","","","","","corroborated","Britannica: the supply curve is usually upward-sloping. OpenStax 3.2: curves plot price on the vertical axis and quantity on the horizontal. (https://www.britannica.com/money/supply-and-demand https://openstax.org/books/principles-economics-3e/pages/3-2-shifts-in-demand-and-supply-for-goods-and-services https://en.wikipedia.org/wiki/Supply_and_demand)",""
"fact.how_money_works.ceteris_paribus","source.openstax_shifts_demand_supply","unverified","Supply and demand curves assume all other things stay the same, which economists call ceteris paribus, 'other things being equal'.","https://openstax.org/books/principles-economics-3e/pages/3-2-shifts-in-demand-and-supply-for-goods-and-services","L42 card.how_money_works.042.c4","L42 question.how_money_works.042.q3; L43 question.how_money_works.043.q3; L50 question.how_money_works.050.q3","","","","","","corroborated","OpenStax 3.2: ceteris paribus means 'other things being equal'. Wikipedia: demand schedules hold all other determinants constant. (https://openstax.org/books/principles-economics-3e/pages/3-2-shifts-in-demand-and-supply-for-goods-and-services https://en.wikipedia.org/wiki/Supply_and_demand)",""
"fact.how_money_works.ceteris_paribus","source.openstax_demand_supply","unverified","Supply and demand curves assume all other things stay the same, which economists call ceteris paribus, 'other things being equal'.","https://openstax.org/books/principles-economics-3e/pages/3-1-demand-supply-and-equilibrium-in-markets-for-goods-and-services","L42 card.how_money_works.042.c4","L42 question.how_money_works.042.q3; L43 question.how_money_works.043.q3; L50 question.how_money_works.050.q3","","","","","","corroborated","OpenStax 3.2: ceteris paribus means 'other things being equal'. Wikipedia: demand schedules hold all other determinants constant. (https://openstax.org/books/principles-economics-3e/pages/3-2-shifts-in-demand-and-supply-for-goods-and-services https://en.wikipedia.org/wiki/Supply_and_demand)",""
"fact.how_money_works.supply_shifters","source.openstax_shifts_demand_supply","unverified","Supply shifts with the costs of production: input prices, natural conditions such as weather, technology, and government taxes, regulations and subsidies.","https://openstax.org/books/principles-economics-3e/pages/3-2-shifts-in-demand-and-supply-for-goods-and-services","L42 card.how_money_works.042.c4","L42 question.how_money_works.042.q3; L43 question.how_money_works.043.q3; L50 question.how_money_works.050.q3","","","","","","corroborated","OpenStax 3.2 lists input prices, natural conditions, technology and government taxes, regulations and subsidies. Khan Academy and economics teaching pages list the same: drought reduces farm supply, technology raises supply, taxes cut it, subsidies raise it. (https://openstax.org/books/principles-economics-3e/pages/3-2-shifts-in-demand-and-supply-for-goods-and-services https://www.khanacademy.org/economics-finance-domain/ap-macroeconomics/basic-economics-concepts-macro/supply/a/lesson-overview-supply-and-its-determinants https://en.wikipedia.org/wiki/Supply_and_demand)",""
"fact.how_money_works.movement_vs_shift","source.openstax_shifts_demand_supply","unverified","A change in a good's own price moves buyers or sellers along its demand or supply curve; other factors shift the whole curve.","https://openstax.org/books/principles-economics-3e/pages/3-2-shifts-in-demand-and-supply-for-goods-and-services","L42 card.how_money_works.042.c4; L43 card.how_money_works.043.c4","L42 question.how_money_works.042.q3; L43 question.how_money_works.043.q3; L50 question.how_money_works.050.q3","","","","","","corroborated","OpenStax 3.2: a price change moves along the curve and does not shift it. Wikipedia distinguishes a change in quantity demanded (movement) from a change in demand (shift). (https://openstax.org/books/principles-economics-3e/pages/3-2-shifts-in-demand-and-supply-for-goods-and-services https://en.wikipedia.org/wiki/Supply_and_demand)",""
"fact.how_money_works.demand_law","source.openstax_demand_supply","unverified","Law of demand: a rise in price almost always decreases the quantity demanded, and a fall in price increases it.","https://openstax.org/books/principles-economics-3e/pages/3-1-demand-supply-and-equilibrium-in-markets-for-goods-and-services","L43 card.how_money_works.043.c2","L43 question.how_money_works.043.q1","","","","","","corroborated","OpenStax 3.1: a rise in price almost always decreases quantity demanded. Britannica: demand curve almost always slopes downward. Wikipedia's Law of demand says the same. (https://openstax.org/books/principles-economics-3e/pages/3-1-demand-supply-and-equilibrium-in-markets-for-goods-and-services https://www.britannica.com/money/supply-and-demand https://en.wikipedia.org/wiki/Law_of_demand)",""
"fact.how_money_works.demand_law","source.britannica_supply_demand","unverified","Law of demand: a rise in price almost always decreases the quantity demanded, and a fall in price increases it.","https://www.britannica.com/money/supply-and-demand","L43 card.how_money_works.043.c2","L43 question.how_money_works.043.q1","","","","","","corroborated","OpenStax 3.1: a rise in price almost always decreases quantity demanded. Britannica: demand curve almost always slopes downward. Wikipedia's Law of demand says the same. (https://openstax.org/books/principles-economics-3e/pages/3-1-demand-supply-and-equilibrium-in-markets-for-goods-and-services https://www.britannica.com/money/supply-and-demand https://en.wikipedia.org/wiki/Law_of_demand)",""
"fact.how_money_works.demand_curve_downward","source.britannica_supply_demand","unverified","A demand curve almost always slopes downward: consumers buy more at lower prices.","https://www.britannica.com/money/supply-and-demand","L43 card.how_money_works.043.c2; L44 card.how_money_works.044.c2","L43 question.how_money_works.043.q1","","","","","","corroborated","Britannica: the demand curve is almost always downward-sloping, as consumers buy more at lower prices. OpenStax 3.1 describes the same inverse relationship. (https://www.britannica.com/money/supply-and-demand https://openstax.org/books/principles-economics-3e/pages/3-1-demand-supply-and-equilibrium-in-markets-for-goods-and-services)",""
"fact.how_money_works.demand_gas_responses","source.openstax_demand_supply","unverified","When gasoline prices rise, people cut back by combining errands, carpooling or taking mass transit, and taking trips closer to home.","https://openstax.org/books/principles-economics-3e/pages/3-1-demand-supply-and-equilibrium-in-markets-for-goods-and-services","L43 card.how_money_works.043.c1","","","","","","","corroborated","OpenStax 3.1 lists combining errands, carpooling or mass transit and trips closer to home as responses to higher gas prices. AAA and TWU surveys report drivers combining trips, driving less, carpooling and using transit when gas prices rise. (https://openstax.org/books/principles-economics-3e/pages/3-1-demand-supply-and-equilibrium-in-markets-for-goods-and-services https://press.northeast.aaa.com/2022/07/26/ouch-gas-prices-pinching-your-pocketbook-most-drivers-adjust-to-ride-out-pain-says-aaa https://www.twulocal100.org/content/our-survey-gas-prices-rise-americans-drive-less-carpool-more-take-mass-transit-transportatio)",""
"fact.how_money_works.substitution_effect","source.openstax_income_substitution","unverified","Substitution effect: when a price changes, consumers buy less of the good that is now relatively pricier and more of the one that is relatively cheaper.","https://openstax.org/books/principles-economics-3e/pages/6-2-how-changes-in-income-and-prices-affect-consumption-choices","L43 card.how_money_works.043.c3","L43 question.how_money_works.043.q2","","","","","","corroborated","OpenStax 6.2 defines the substitution effect as consuming less of the relatively pricier good and more of the relatively cheaper one. Wikipedia (Law of demand) gives the same definition. (https://openstax.org/books/principles-economics-3e/pages/6-2-how-changes-in-income-and-prices-affect-consumption-choices https://en.wikipedia.org/wiki/Law_of_demand)",""
"fact.how_money_works.income_effect","source.openstax_income_substitution","unverified","Income effect: a higher price reduces the buying power of income, even though income hasn't changed, so people buy less of a normal good.","https://openstax.org/books/principles-economics-3e/pages/6-2-how-changes-in-income-and-prices-affect-consumption-choices","L43 card.how_money_works.043.c3","L43 question.how_money_works.043.q2","","","","","","corroborated","OpenStax 6.2: a higher price reduces the buying power of income, leading to buying less of a normal good. Wikipedia: the income effect works through changed purchasing power. (https://openstax.org/books/principles-economics-3e/pages/6-2-how-changes-in-income-and-prices-affect-consumption-choices https://en.wikipedia.org/wiki/Law_of_demand)",""
"fact.how_money_works.demand_shifters","source.openstax_shifts_demand_supply","unverified","Demand shifts with income, tastes, the prices of related goods (substitutes and complements), population and expectations about the future.","https://openstax.org/books/principles-economics-3e/pages/3-2-shifts-in-demand-and-supply-for-goods-and-services","L43 card.how_money_works.043.c4","L43 question.how_money_works.043.q3","","","","","","corroborated","OpenStax 3.2 lists income, tastes, prices of related goods, population and expectations. Wikipedia lists income, tastes, related goods' prices, expectations and number of consumers. (https://openstax.org/books/principles-economics-3e/pages/3-2-shifts-in-demand-and-supply-for-goods-and-services https://en.wikipedia.org/wiki/Supply_and_demand)",""
"fact.how_money_works.equilibrium_price","source.openstax_demand_supply","unverified","The equilibrium price is the only price where the quantity buyers want to buy equals the quantity sellers want to sell.","https://openstax.org/books/principles-economics-3e/pages/3-1-demand-supply-and-equilibrium-in-markets-for-goods-and-services","L44 card.how_money_works.044.c2","L44 question.how_money_works.044.q1; L46 question.how_money_works.046.q3","","","","","","corroborated","OpenStax 3.1: the equilibrium price is the only price where quantity demanded equals quantity supplied. Britannica: equilibrium is where quantity supplied equals quantity demanded. (https://openstax.org/books/principles-economics-3e/pages/3-1-demand-supply-and-equilibrium-in-markets-for-goods-and-services https://www.britannica.com/money/supply-and-demand)",""
"fact.how_money_works.equilibrium_price","source.britannica_supply_demand","unverified","The equilibrium price is the only price where the quantity buyers want to buy equals the quantity sellers want to sell.","https://www.britannica.com/money/supply-and-demand","L44 card.how_money_works.044.c2","L44 question.how_money_works.044.q1; L46 question.how_money_works.046.q3","","","","","","corroborated","OpenStax 3.1: the equilibrium price is the only price where quantity demanded equals quantity supplied. Britannica: equilibrium is where quantity supplied equals quantity demanded. (https://openstax.org/books/principles-economics-3e/pages/3-1-demand-supply-and-equilibrium-in-markets-for-goods-and-services https://www.britannica.com/money/supply-and-demand)",""
"fact.how_money_works.prices_from_supply_demand","source.britannica_market","unverified","In markets, the interplay of supply and demand determines prices.","https://www.britannica.com/money/market","L44 card.how_money_works.044.c1","","","","","","","corroborated","Britannica (Market) attributes prices to the interplay of supply and demand. Britannica (Supply and demand) and OpenStax 3.1 describe prices set where supply and demand meet. (https://www.britannica.com/money/market https://www.britannica.com/money/supply-and-demand https://openstax.org/books/principles-economics-3e/pages/3-1-demand-supply-and-equilibrium-in-markets-for-goods-and-services)",""
"fact.how_money_works.surplus_definition","source.openstax_demand_supply","unverified","Above the equilibrium price, quantity supplied exceeds quantity demanded: a surplus, or excess supply.","https://openstax.org/books/principles-economics-3e/pages/3-1-demand-supply-and-equilibrium-in-markets-for-goods-and-services","L44 card.how_money_works.044.c3","L44 question.how_money_works.044.q2; L45 question.how_money_works.045.q3; L50 question.how_money_works.050.q3","","","","","","corroborated","OpenStax 3.1: above equilibrium, quantity supplied exceeds quantity demanded, called excess supply or a surplus. OpenStax 3.4 and Khan Academy use the same definition. (https://openstax.org/books/principles-economics-3e/pages/3-1-demand-supply-and-equilibrium-in-markets-for-goods-and-services https://openstax.org/books/principles-economics-3e/pages/3-4-price-ceilings-and-price-floors)",""
"fact.how_money_works.shortage_definition","source.openstax_demand_supply","unverified","Below the equilibrium price, quantity demanded exceeds quantity supplied: a shortage, or excess demand.","https://openstax.org/books/principles-economics-3e/pages/3-1-demand-supply-and-equilibrium-in-markets-for-goods-and-services","L44 card.how_money_works.044.c3","L44 question.how_money_works.044.q2; L45 question.how_money_works.045.q3; L50 question.how_money_works.050.q3","","","","","","corroborated","OpenStax 3.1: below equilibrium there is excess demand, or a shortage. OpenStax 3.4 and Khan Academy agree. (https://openstax.org/books/principles-economics-3e/pages/3-1-demand-supply-and-equilibrium-in-markets-for-goods-and-services https://openstax.org/books/principles-economics-3e/pages/3-4-price-ceilings-and-price-floors)",""
"fact.how_money_works.surplus_price_cut","source.openstax_demand_supply","unverified","In a surplus, some sellers cut prices, because selling at a lower price is better than not selling at all.","https://openstax.org/books/principles-economics-3e/pages/3-1-demand-supply-and-equilibrium-in-markets-for-goods-and-services","L44 card.how_money_works.044.c3","L44 question.how_money_works.044.q2; L45 question.how_money_works.045.q3; L50 question.how_money_works.050.q3","","","","","","corroborated","OpenStax 3.1: with a surplus, some sellers cut prices because it is better to sell at a lower price than not at all. Lumen/Hawaii OER microeconomics texts describe surpluses pushing prices down toward equilibrium. (https://openstax.org/books/principles-economics-3e/pages/3-1-demand-supply-and-equilibrium-in-markets-for-goods-and-services https://en.wikipedia.org/wiki/Supply_and_demand)",""
"fact.how_money_works.shortage_price_rise","source.openstax_demand_supply","unverified","In a shortage, sellers see a chance to earn more by charging a higher price.","https://openstax.org/books/principles-economics-3e/pages/3-1-demand-supply-and-equilibrium-in-markets-for-goods-and-services","L44 card.how_money_works.044.c3","L44 question.how_money_works.044.q2; L45 question.how_money_works.045.q3; L50 question.how_money_works.050.q3","","","","","","corroborated","OpenStax 3.1: in a shortage, sellers see a chance to make higher profits by charging more. Wikipedia: shortages push prices up toward equilibrium. (https://openstax.org/books/principles-economics-3e/pages/3-1-demand-supply-and-equilibrium-in-markets-for-goods-and-services https://en.wikipedia.org/wiki/Supply_and_demand)",""
"fact.how_money_works.marshall_principles_1890","source.britannica_alfred_marshall","unverified","Alfred Marshall's most important work was Principles of Economics, published in 1890.","https://www.britannica.com/money/Alfred-Marshall","L44 card.how_money_works.044.c4","L44 question.how_money_works.044.q3; L49 question.how_money_works.049.q3","","","","","","corroborated","Britannica calls Principles of Economics (1890) Marshall's most important contribution. The text of Principles (Book V ch. 3) is hosted by marxists.org. (https://www.britannica.com/money/Alfred-Marshall https://www.marxists.org/reference/subject/economics/marshall/bk5ch03.htm)",""
"fact.how_money_works.marshall_scissors","source.britannica_alfred_marshall","unverified","Marshall compared supply and demand to the two blades of a pair of scissors: disputing which one sets value is like disputing which blade does the cutting.","https://www.britannica.com/money/Alfred-Marshall","L44 card.how_money_works.044.c4","L44 question.how_money_works.044.q3; L49 question.how_money_works.049.q3","","","","","","corroborated","Britannica: supply and demand act like 'blades of the scissors'. Marshall's Principles (Book V ch. 3): 'We might as reasonably dispute whether it is the upper or the under blade of a pair of scissors that cuts a piece of paper, as whether value is governed by utility or cost of production.' (https://www.britannica.com/money/Alfred-Marshall https://www.marxists.org/reference/subject/economics/marshall/bk5ch03.htm https://www.independent.org/article/2024/09/24/alfred-marshalls-scissors/)",""
"fact.how_money_works.price_controls","source.openstax_price_controls","unverified","Price controls are laws governments use to regulate prices; they come as price ceilings and price floors.","https://openstax.org/books/principles-economics-3e/pages/3-4-price-ceilings-and-price-floors","L45 card.how_money_works.045.c2","L45 question.how_money_works.045.q2","","","","","","corroborated","OpenStax 3.4: price controls are laws governments enact to regulate prices, in two forms, ceilings and floors. Khan Academy's price ceilings and floors article says the same. (https://openstax.org/books/principles-economics-3e/pages/3-4-price-ceilings-and-price-floors https://www.khanacademy.org/economics-finance-domain/microeconomics/consumer-producer-surplus/deadweight-loss-tutorial/a/price-ceilings-and-price-floors-cnx)",""
"fact.how_money_works.price_floor_definition","source.openstax_price_controls","unverified","A price floor is the lowest price one can legally pay for a good or service.","https://openstax.org/books/principles-economics-3e/pages/3-4-price-ceilings-and-price-floors","L45 card.how_money_works.045.c2","L45 question.how_money_works.045.q2","","","","","","corroborated","OpenStax 3.4: a price floor is the lowest price one can legally pay. Khan Academy and Lumen texts define it the same way. (https://openstax.org/books/principles-economics-3e/pages/3-4-price-ceilings-and-price-floors https://courses.lumenlearning.com/os-macroecon-e2/chapter/price-ceilings-and-price-floors)",""
"fact.how_money_works.price_floor_surplus","source.openstax_price_controls","unverified","A price floor set above the equilibrium price creates a surplus: quantity supplied exceeds quantity demanded.","https://openstax.org/books/principles-economics-3e/pages/3-4-price-ceilings-and-price-floors","L45 card.how_money_works.045.c2","L45 question.how_money_works.045.q2","","","","","","corroborated","OpenStax 3.4 and Khan Academy: a floor above equilibrium makes quantity supplied exceed quantity demanded, creating a surplus. (https://openstax.org/books/principles-economics-3e/pages/3-4-price-ceilings-and-price-floors https://www.khanacademy.org/economics-finance-domain/microeconomics/consumer-producer-surplus/deadweight-loss-tutorial/a/price-ceilings-and-price-floors-cnx)",""
"fact.how_money_works.price_ceiling_definition","source.openstax_price_controls","unverified","A price ceiling is the highest price one can legally pay for a good or service, often set to keep necessities affordable.","https://openstax.org/books/principles-economics-3e/pages/3-4-price-ceilings-and-price-floors","L45 card.how_money_works.045.c4","L45 question.how_money_works.045.q1; L45 question.how_money_works.045.q3","","","","","","corroborated","OpenStax 3.4: a price ceiling is a legal maximum price, often to keep necessities affordable. Khan Academy and Lumen give the same definition. (https://openstax.org/books/principles-economics-3e/pages/3-4-price-ceilings-and-price-floors https://courses.lumenlearning.com/os-macroecon-e2/chapter/price-ceilings-and-price-floors)",""
"fact.how_money_works.price_ceiling_shortage","source.openstax_price_controls","unverified","A price ceiling set below the equilibrium price creates a shortage: quantity demanded exceeds quantity supplied.","https://openstax.org/books/principles-economics-3e/pages/3-4-price-ceilings-and-price-floors","L45 card.how_money_works.045.c4","L45 question.how_money_works.045.q1; L45 question.how_money_works.045.q3","","","","","","corroborated","OpenStax 3.4 and Khan Academy: a ceiling below equilibrium makes quantity demanded exceed quantity supplied, a shortage. (https://openstax.org/books/principles-economics-3e/pages/3-4-price-ceilings-and-price-floors https://www.khanacademy.org/economics-finance-domain/microeconomics/consumer-producer-surplus/deadweight-loss-tutorial/a/price-ceilings-and-price-floors-cnx)",""
"fact.how_money_works.rent_control_effects","source.openstax_price_controls","unverified","Rent control can leave fewer apartments available to rent than there would be at market rates.","https://openstax.org/books/principles-economics-3e/pages/3-4-price-ceilings-and-price-floors","L45 card.how_money_works.045.c4","L45 question.how_money_works.045.q1; L45 question.how_money_works.045.q3","","","","","","corroborated","OpenStax 3.4: fewer apartments rent under rent control than at market rates. Diamond, McQuade and Qian (AER 2019) found landlords subject to San Francisco rent control reduced rental housing supply by 15%. (https://openstax.org/books/principles-economics-3e/pages/3-4-price-ceilings-and-price-floors https://www.aeaweb.org/articles?id=10.1257%2Faer.20181289)",""
"fact.how_money_works.cap_1962_high_prices","source.conversation_eu_cap","unverified","When it was created in 1962, the EU's Common Agricultural Policy supported farmers mainly by keeping their prices artificially high.","https://theconversation.com/explainer-what-is-the-eu-common-agricultural-policy-56329","L45 card.how_money_works.045.c3","L45 question.how_money_works.045.q2; L50 question.how_money_works.050.q5","","","","","","corroborated","The Conversation: when created in 1962, the CAP supported farmers primarily through artificially high prices. Wikipedia (Butter mountain): governments guaranteed a minimum intervention price for dairy. (https://theconversation.com/explainer-what-is-the-eu-common-agricultural-policy-56329 https://en.wikipedia.org/wiki/Butter_mountain)",""
"fact.how_money_works.cap_produce_more","source.conversation_eu_cap","unverified","The artificially high prices encouraged farmers to produce more and more.","https://theconversation.com/explainer-what-is-the-eu-common-agricultural-policy-56329","L45 card.how_money_works.045.c3","L45 question.how_money_works.045.q2; L50 question.how_money_works.050.q5","","","","","","corroborated","The Conversation: as a direct result, farmers were encouraged to produce more and more. Wikipedia (Butter mountain): guaranteed prices led to excess production. (https://theconversation.com/explainer-what-is-the-eu-common-agricultural-policy-56329 https://en.wikipedia.org/wiki/Butter_mountain)",""
"fact.how_money_works.cap_1980s_surpluses","source.conversation_eu_cap","unverified","In the 1980s, this led to huge stored surpluses of butter and wine, known as butter mountains and wine lakes; the 'wine' was actually industrial alcohol.","https://theconversation.com/explainer-what-is-the-eu-common-agricultural-policy-56329","L45 card.how_money_works.045.c1; L45 card.how_money_works.045.c3","L45 question.how_money_works.045.q2; L50 question.how_money_works.050.q5","","","","","","corroborated","The Conversation: 'butter mountains and wine lakes'; in the 1980s huge stored surpluses of butter and wine (actually industrial alcohol). Wikipedia: a butter glut from the late 1970s; wine lakes under the same system. (https://theconversation.com/explainer-what-is-the-eu-common-agricultural-policy-56329 https://en.wikipedia.org/wiki/Butter_mountain https://en.wikipedia.org/wiki/Wine_lake)",""
"fact.how_money_works.perfect_competition","source.openstax_perfect_competition","unverified","In perfect competition, many firms sell identical products to many buyers, everyone has the relevant information, and firms can enter and leave freely.","https://openstax.org/books/principles-economics-3e/pages/8-1-perfect-competition-and-why-it-matters","L46 card.how_money_works.046.c2","L46 question.how_money_works.046.q1; L46 question.how_money_works.046.q3","","","","","","corroborated","OpenStax 8.1 lists many firms with identical products, many buyers and sellers, full information, and free entry and exit. Lumen and other OER microeconomics texts list the same conditions. (https://openstax.org/books/principles-economics-3e/pages/8-1-perfect-competition-and-why-it-matters https://courses.lumenlearning.com/suny-microeconomics/chapter/perfect-competition-a-model/)",""
"fact.how_money_works.price_taker","source.openstax_perfect_competition","unverified","A perfectly competitive firm is a price taker: competition forces it to accept the market price, which supply and demand across the whole market set.","https://openstax.org/books/principles-economics-3e/pages/8-1-perfect-competition-and-why-it-matters","L46 card.how_money_works.046.c2","L46 question.how_money_works.046.q1; L46 question.how_money_works.046.q3","","","","","","corroborated","OpenStax 8.1: a perfectly competitive firm is a price taker, forced to accept the equilibrium price set by supply and demand in the whole market. OER texts: raising the price by a penny loses all sales to competitors. (https://openstax.org/books/principles-economics-3e/pages/8-1-perfect-competition-and-why-it-matters https://openoregon.pressbooks.pub/socialprovisioning3/chapter/11-1-perfect-competition-and-why-it-matters/)",""
"fact.how_money_works.farmer_no_buyers","source.openstax_perfect_competition","unverified","A farmer who tried to sell corn above the market price would find no buyers.","https://openstax.org/books/principles-economics-3e/pages/8-1-perfect-competition-and-why-it-matters","L46 card.how_money_works.046.c1; L46 card.how_money_works.046.c2","L46 question.how_money_works.046.q1; L46 question.how_money_works.046.q3","","","","","","corroborated","OpenStax 8.1: a corn farmer trying to sell above the equilibrium price would find no buyers. OER texts: a perfectly competitive firm that raises its price even a penny loses all its sales. (https://openstax.org/books/principles-economics-3e/pages/8-1-perfect-competition-and-why-it-matters https://openoregon.pressbooks.pub/socialprovisioning3/chapter/11-1-perfect-competition-and-why-it-matters/)",""
"fact.how_money_works.profits_attract_entry","source.openstax_perfect_competition","unverified","In a competitive market, profits attract new firms; their entry eventually brings the price down until economic profits are driven to zero and no more firms want to enter.","https://openstax.org/books/principles-economics-3e/pages/8-1-perfect-competition-and-why-it-matters","L46 card.how_money_works.046.c3","L46 question.how_money_works.046.q2","","","","","","corroborated","OpenStax 8.1: positive profits attract entry until profits are driven to zero and no firm wants to enter. OpenStax 9.1: entry eventually causes the price to decline. OER texts: entry increases supply and drives price down. (https://openstax.org/books/principles-economics-3e/pages/8-1-perfect-competition-and-why-it-matters https://openstax.org/books/principles-economics-3e/pages/9-1-how-monopolies-form-barriers-to-entry https://courses.lumenlearning.com/suny-microeconomics/chapter/perfect-competition-a-model/)",""
"fact.how_money_works.profits_attract_entry","source.openstax_monopoly_barriers","unverified","In a competitive market, profits attract new firms; their entry eventually brings the price down until economic profits are driven to zero and no more firms want to enter.","https://openstax.org/books/principles-economics-3e/pages/9-1-how-monopolies-form-barriers-to-entry","L46 card.how_money_works.046.c3","L46 question.how_money_works.046.q2","","","","","","corroborated","OpenStax 8.1: positive profits attract entry until profits are driven to zero and no firm wants to enter. OpenStax 9.1: entry eventually causes the price to decline. OER texts: entry increases supply and drives price down. (https://openstax.org/books/principles-economics-3e/pages/8-1-perfect-competition-and-why-it-matters https://openstax.org/books/principles-economics-3e/pages/9-1-how-monopolies-form-barriers-to-entry https://courses.lumenlearning.com/suny-microeconomics/chapter/perfect-competition-a-model/)",""
"fact.how_money_works.ftc_prices_down_quality_up","source.ftc_antitrust_laws","unverified","Protecting competition gives businesses strong incentives to operate efficiently, keep prices down and keep quality up.","https://www.ftc.gov/advice-guidance/competition-guidance/guide-antitrust-laws/antitrust-laws","L46 card.how_money_works.046.c4; L47 card.how_money_works.047.c4","L47 question.how_money_works.047.q3","","","","","","corroborated","FTC (The Antitrust Laws): antitrust laws protect competition so businesses have strong incentives to operate efficiently, keep prices down and keep quality up. The FTC's Guide to Antitrust Laws lists lower prices and higher quality as benefits of competition. (https://www.ftc.gov/advice-guidance/competition-guidance/guide-antitrust-laws/antitrust-laws https://www.ftc.gov/advice-guidance/competition-guidance/guide-antitrust-laws)",""
"fact.how_money_works.ftc_competition_benefits","source.ftc_guide_antitrust","unverified","Competition brings consumers lower prices, higher quality products and services, more choices and greater innovation.","https://www.ftc.gov/advice-guidance/competition-guidance/guide-antitrust-laws","L46 card.how_money_works.046.c4","L47 question.how_money_works.047.q3","","","","","","corroborated","FTC Guide: competition brings lower prices, higher quality products and services, more choices and greater innovation. FTC's Antitrust Laws page echoes prices down and quality up. (https://www.ftc.gov/advice-guidance/competition-guidance/guide-antitrust-laws https://www.ftc.gov/advice-guidance/competition-guidance/guide-antitrust-laws/antitrust-laws)",""
"fact.how_money_works.monopoly_definition","source.britannica_monopoly","unverified","A monopoly is the exclusive possession of a market by a supplier of a product or service for which there is no substitute.","https://www.britannica.com/money/monopoly-economics","L47 card.how_money_works.047.c2","L47 question.how_money_works.047.q1; L47 question.how_money_works.047.q2; L50 question.how_money_works.050.q4","","","","","","corroborated","Britannica: exclusive possession of a market by a supplier of a product or service with no substitute. Wikipedia and OpenStax 9.1 describe a monopoly as a single seller with no close substitutes. (https://www.britannica.com/money/monopoly-economics https://openstax.org/books/principles-economics-3e/pages/9-1-how-monopolies-form-barriers-to-entry https://en.wikipedia.org/wiki/Monopoly)",""
"fact.how_money_works.monopoly_sets_price","source.britannica_monopoly","unverified","A monopolist can set its price without fear of competition from other sellers or substitute products.","https://www.britannica.com/money/monopoly-economics","L47 card.how_money_works.047.c2","L47 question.how_money_works.047.q1; L47 question.how_money_works.047.q2; L50 question.how_money_works.050.q4","","","","","","corroborated","Britannica: the supplier can determine price without fear of competition from other sources or substitutes. OpenStax 9.2: a monopoly chooses its own price and output. (https://www.britannica.com/money/monopoly-economics https://openstax.org/books/principles-economics-3e/pages/9-2-how-a-profit-maximizing-monopoly-chooses-output-and-price)",""
"fact.how_money_works.barriers_to_entry","source.openstax_monopoly_barriers","unverified","Barriers to entry are the legal, technological or market forces that discourage or prevent competitors from entering a market.","https://openstax.org/books/principles-economics-3e/pages/9-1-how-monopolies-form-barriers-to-entry","L47 card.how_money_works.047.c2","L47 question.how_money_works.047.q1; L47 question.how_money_works.047.q2; L50 question.how_money_works.050.q4","","","","","","corroborated","OpenStax 9.1: barriers to entry are legal, technological or market forces that discourage or prevent potential competitors from entering. Britannica and other OER texts give the same definition. (https://openstax.org/books/principles-economics-3e/pages/9-1-how-monopolies-form-barriers-to-entry https://www.britannica.com/money/barriers-to-entry)",""
"fact.how_money_works.barriers_block_entry","source.openstax_monopoly_barriers","unverified","With high barriers to entry, big profits need not attract new firms or bring the price down.","https://openstax.org/books/principles-economics-3e/pages/9-1-how-monopolies-form-barriers-to-entry","L47 card.how_money_works.047.c2","L47 question.how_money_works.047.q1; L47 question.how_money_works.047.q2; L50 question.how_money_works.050.q4","","","","","","corroborated","OpenStax 9.1: with significant barriers, high profits need not attract new firms or cause the price to decline. OER microeconomics texts repeat this. (https://openstax.org/books/principles-economics-3e/pages/9-1-how-monopolies-form-barriers-to-entry https://ecampusontario.pressbooks.pub/principlesofmicroeconomicscdn/chapter/9-1-monopoly-and-barriers-to-entry/)",""
"fact.how_money_works.landlords_game_1904","source.bl_lizzie_magie","unverified","The board game Monopoly grew out of The Landlord's Game, which Lizzie Magie patented in 1904 to teach economic ideas about land and rent.","https://www.bl.uk/stories/blogs/posts/lizzie-magie-and-the-history-of-monopoly","L47 card.how_money_works.047.c1","","","","","","","corroborated","British Library: Magie's US patent 748,626 was granted on 5 January 1904; the game taught economic principles and led to Monopoly. Wikipedia: designed to show how rents enrich property owners; it inspired Monopoly. (https://www.bl.uk/stories/blogs/posts/lizzie-magie-and-the-history-of-monopoly https://en.wikipedia.org/wiki/The_Landlord's_Game https://patents.google.com/patent/US748626A/en)",""
"fact.how_money_works.monopoly_less_higher","source.openstax_monopoly_price_output","unverified","A monopoly sells a lower quantity at a higher price than a perfectly competitive market would, so consumers do not benefit.","https://openstax.org/books/principles-economics-3e/pages/9-2-how-a-profit-maximizing-monopoly-chooses-output-and-price","L47 card.how_money_works.047.c3","L47 question.how_money_works.047.q2","","","","","","corroborated","OpenStax 9.2: a monopoly sells a lower quantity at a higher price than a perfectly competitive market, so consumers do not benefit. Lumen's 'Inefficiency of Monopoly' reading says the same. (https://openstax.org/books/principles-economics-3e/pages/9-2-how-a-profit-maximizing-monopoly-chooses-output-and-price https://courses.lumenlearning.com/suny-microeconomics/chapter/the-inefficiency-of-monopoly/)",""
"fact.how_money_works.monopoly_quiet_life","source.openstax_monopoly_price_output","unverified","With no competition to fear, a monopoly can keep making the same old products in the same old way; in 1935 John Hicks wrote, 'The best of all monopoly profits is a quiet life.'","https://openstax.org/books/principles-economics-3e/pages/9-2-how-a-profit-maximizing-monopoly-chooses-output-and-price","L47 card.how_money_works.047.c3","L47 question.how_money_works.047.q2","","","","","","corroborated","OpenStax 9.2 quotes Hicks: 'The best of all monopoly profits is a quiet life,' and notes a monopoly can produce the same old products the same old way. Wikiquote and later papers date the line to Hicks's 1935 Econometrica article. (https://openstax.org/books/principles-economics-3e/pages/9-2-how-a-profit-maximizing-monopoly-chooses-output-and-price https://en.wikiquote.org/wiki/John_Hicks https://courses.lumenlearning.com/suny-microeconomics/chapter/the-inefficiency-of-monopoly/)",""
"fact.how_money_works.standard_oil_share","source.britannica_standard_oil","unverified","By 1880, Standard Oil controlled the refining of 90 to 95 percent of the oil produced in the United States.","https://www.britannica.com/money/Standard-Oil-Company-and-Trust","L47 card.how_money_works.047.c4","L47 question.how_money_works.047.q3","","","","","","corroborated","Britannica: by 1880 Standard Oil controlled the refining of 90 to 95 percent of US oil. Other histories give close to 90% of refineries and pipelines by 1882. (https://www.britannica.com/money/Standard-Oil-Company-and-Trust https://en.wikipedia.org/wiki/Standard_Oil)",""
"fact.how_money_works.sherman_act_1890","source.ftc_antitrust_laws","unverified","The Sherman Act, passed in 1890, outlaws monopolization and attempts to monopolize a market.","https://www.ftc.gov/advice-guidance/competition-guidance/guide-antitrust-laws/antitrust-laws","L47 card.how_money_works.047.c4","L47 question.how_money_works.047.q3","","","","","","corroborated","FTC: the Sherman Act, passed in 1890, outlaws monopolization and attempted monopolization. Wikipedia and Cornell LII agree. (https://www.ftc.gov/advice-guidance/competition-guidance/guide-antitrust-laws/antitrust-laws https://en.wikipedia.org/wiki/Sherman_Antitrust_Act)",""
"fact.how_money_works.standard_oil_1911","source.britannica_standard_oil","unverified","In 1911, the US Supreme Court ordered Standard Oil to be broken up into separate companies.","https://www.britannica.com/money/Standard-Oil-Company-and-Trust","L47 card.how_money_works.047.c4","L47 question.how_money_works.047.q3","","","","","","corroborated","Britannica: in 1911 the Supreme Court ordered Standard Oil of New Jersey to divest its major holdings. Cornell LII and Justia: the Court found it violated the Sherman Act and it was split into many companies. (https://www.britannica.com/money/Standard-Oil-Company-and-Trust https://www.law.cornell.edu/wex/standard_oil_co._of_new_jersey_v._united_states_(1911) https://supreme.justia.com/cases/federal/us/221/1/)",""
"fact.how_money_works.incentive_positive_negative","source.stlouisfed_incentives_lesson","unverified","Positive incentives are rewards that encourage a behavior; negative incentives are penalties that discourage one.","https://www.federalreserveeducation.org/resources/lessons/lesson--incentives-are-all-around-us.pdf","L48 card.how_money_works.048.c2","L48 question.how_money_works.048.q1","","","","","","corroborated","St. Louis Fed lesson: positive incentives are rewards that encourage behaviors; negative incentives are penalties that discourage them. Foundation for Teaching Economics: rewards are positive incentives, penalties negative. (https://www.federalreserveeducation.org/resources/lessons/lesson--incentives-are-all-around-us.pdf https://fte.org/teachers/teacher-resources/lesson-plans/edsulessons/lesson-3-incentives-matter/)",""
"fact.how_money_works.incentive_examples","source.stlouisfed_incentives_lesson","unverified","Speeding tickets and littering fines are incentives set by governments; buy-one-get-one-free sales are incentives set by businesses.","https://www.federalreserveeducation.org/resources/lessons/lesson--incentives-are-all-around-us.pdf","L48 card.how_money_works.048.c2","L48 question.how_money_works.048.q1","","","","","","corroborated","St. Louis Fed lesson names tax breaks, speeding tickets and littering fines as government incentives and buy-one-get-one-free sales as business incentives. FTE confirms penalties (such as fines) are negative incentives and rewards positive. (https://www.federalreserveeducation.org/resources/lessons/lesson--incentives-are-all-around-us.pdf https://fte.org/teachers/teacher-resources/lesson-plans/edsulessons/lesson-3-incentives-matter/)",""
"fact.how_money_works.incentive_predictable","source.stlouisfed_incentives_lesson","unverified","People respond to incentives, and incentives are usually meant to make people behave in predictable ways.","https://www.federalreserveeducation.org/resources/lessons/lesson--incentives-are-all-around-us.pdf","L48 card.how_money_works.048.c2","L48 question.how_money_works.048.q1","","","","","","corroborated","St. Louis Fed lesson: people respond to incentives, which are usually intended to help people behave in a predictable way. FTE: people respond predictably to positive and negative incentives. (https://www.federalreserveeducation.org/resources/lessons/lesson--incentives-are-all-around-us.pdf https://fte.org/teachers/teacher-resources/lesson-plans/edsulessons/lesson-3-incentives-matter/)",""
"fact.how_money_works.incentive_economic","source.stlouisfed_incentives_lesson","unverified","Economic incentives involve a financial benefit or cost, so they can be positive or negative.","https://www.federalreserveeducation.org/resources/lessons/lesson--incentives-are-all-around-us.pdf","L48 card.how_money_works.048.c4","L48 question.how_money_works.048.q3","","","","","","corroborated","St. Louis Fed lesson: economic incentives involve a financial benefit or cost, so can be positive or negative. FTE: incentives can be monetary or non-monetary, rewards or penalties. (https://www.federalreserveeducation.org/resources/lessons/lesson--incentives-are-all-around-us.pdf https://fte.org/teachers/teacher-resources/lesson-plans/edsulessons/lesson-3-incentives-matter/)",""
"fact.how_money_works.hanoi_bounty","source.madeinchina_vann_rat_hunt","unverified","In colonial Hanoi in 1902, the French authorities paid a few cents for each rat tail delivered to the police.","https://madeinchinajournal.com/2020/08/20/the-great-hanoi-rat-hunt/","L48 card.how_money_works.048.c1; L48 card.how_money_works.048.c3; L48 card.how_money_works.048.c4","L48 question.how_money_works.048.q2; L50 question.how_money_works.050.q5","","","","","","corroborated","Vann (Made in China Journal): authorities paid a few cents for each rat tail delivered to the police, in 1902 Hanoi. Saigoneer and Wikipedia describe the same 1902 bounty on rat tails. (https://madeinchinajournal.com/2020/08/20/the-great-hanoi-rat-hunt/ https://saigoneer.com/hanoi-heritage/23265-author-michael-vann-on-hanoi-s-infamous-colonial-rat-hunt https://en.wikipedia.org/wiki/Great_Hanoi_Rat_Massacre)",""
"fact.how_money_works.hanoi_tails_released","source.madeinchina_vann_rat_hunt","unverified","People cut the tails off rats and let them go free to breed more rats.","https://madeinchinajournal.com/2020/08/20/the-great-hanoi-rat-hunt/","L48 card.how_money_works.048.c3","L48 question.how_money_works.048.q2; L50 question.how_money_works.050.q5","","","","","","corroborated","Vann: people cut off tails to collect the bounty and let rats go free to breed. Wikipedia and Saigoneer: officials saw tailless rats around the city. (https://madeinchinajournal.com/2020/08/20/the-great-hanoi-rat-hunt/ https://en.wikipedia.org/wiki/Great_Hanoi_Rat_Massacre https://saigoneer.com/hanoi-heritage/23265-author-michael-vann-on-hanoi-s-infamous-colonial-rat-hunt)",""
"fact.how_money_works.hanoi_rat_farms","source.madeinchina_vann_rat_hunt","unverified","Officials found people farming rats, and a network smuggling rats into the city.","https://madeinchinajournal.com/2020/08/20/the-great-hanoi-rat-hunt/","L48 card.how_money_works.048.c1; L48 card.how_money_works.048.c3","L48 question.how_money_works.048.q2; L50 question.how_money_works.050.q5","","","","","","corroborated","Vann: the community was farming rats; inspectors also found a network smuggling rats from all over Tonkin into Hanoi. Wikipedia reports rat farms discovered in the outskirts. (https://madeinchinajournal.com/2020/08/20/the-great-hanoi-rat-hunt/ https://en.wikipedia.org/wiki/Great_Hanoi_Rat_Massacre)",""
"fact.how_money_works.scarcity_definition","source.openstax_what_is_economics","unverified","Scarcity means that human wants for goods, services and resources exceed what is available.","https://openstax.org/books/principles-economics-3e/pages/1-1-what-is-economics-and-why-is-it-important","L49 card.how_money_works.049.c2","L49 question.how_money_works.049.q1; L50 question.how_money_works.050.q7","","","","","","corroborated","OpenStax 1.1: scarcity means human wants for goods, services and resources exceed what is available. Robbins's definition (Econlib) is built on scarce means. (https://openstax.org/books/principles-economics-3e/pages/1-1-what-is-economics-and-why-is-it-important https://www.econlib.org/library/Enc/bios/Robbins.html https://en.wikipedia.org/wiki/Scarcity)",""
"fact.how_money_works.time_scarce","source.openstax_what_is_economics","unverified","Time is the ultimate scarce resource: everyone, rich or poor, has the same 24 hours in a day.","https://openstax.org/books/principles-economics-3e/pages/1-1-what-is-economics-and-why-is-it-important","L49 card.how_money_works.049.c2","L49 question.how_money_works.049.q1; L50 question.how_money_works.050.q7","","","","","","corroborated","OpenStax 1.1: the ultimate scarce resource is time; everyone, rich or poor, has 24 hours a day. Wikipedia's Scarcity article likewise treats time as a limited resource. (https://openstax.org/books/principles-economics-3e/pages/1-1-what-is-economics-and-why-is-it-important https://en.wikipedia.org/wiki/Scarcity)",""
"fact.how_money_works.economics_definition","source.openstax_what_is_economics","unverified","Economics is the study of how humans make decisions in the face of scarcity.","https://openstax.org/books/principles-economics-3e/pages/1-1-what-is-economics-and-why-is-it-important","L49 card.how_money_works.049.c3","","","","","","","corroborated","OpenStax 1.1: economics is the study of how humans make decisions in the face of scarcity. Econlib's Robbins entry gives the classic scarcity-based definition. (https://openstax.org/books/principles-economics-3e/pages/1-1-what-is-economics-and-why-is-it-important https://www.econlib.org/library/Enc/bios/Robbins.html)",""
"fact.how_money_works.robbins_1932","source.econlib_robbins","unverified","In 1932, Lionel Robbins defined economics as the science of human behavior as a relationship between ends and scarce means which have alternative uses.","https://www.econlib.org/library/Enc/bios/Robbins.html","L49 card.how_money_works.049.c3","","","","","","","corroborated","Econlib: Robbins's Essay on the Nature and Significance of Economic Science (1932) defined economics as the science studying human behavior as a relationship between given ends and scarce means with alternative uses. Wikipedia on the Essay agrees. (https://www.econlib.org/library/Enc/bios/Robbins.html https://en.wikipedia.org/wiki/An_Essay_on_the_Nature_and_Significance_of_Economic_Science)",""
"fact.how_money_works.smith_water_diamond","source.adamsmithworks_water_diamond","unverified","In The Wealth of Nations (1776), Adam Smith noted that nothing is more useful than water, yet it buys scarcely anything, while a diamond has scarcely any use yet trades for a great quantity of other goods.","https://www.adamsmithworks.org/speakings/three-ways-of-looking-at-the-water-diamond-paradox","L49 card.how_money_works.049.c1; L49 card.how_money_works.049.c4","L49 question.how_money_works.049.q2; L49 question.how_money_works.049.q3","","","","","","corroborated","Adam Smith Works quotes The Wealth of Nations: 'Nothing is more useful than water: but it will purchase scarce any thing... A diamond, on the contrary, has scarce any value in use; but a very great quantity of other goods may frequently be had in exchange for it.' Wikipedia (Paradox of value) dates it to 1776. (https://www.adamsmithworks.org/speakings/three-ways-of-looking-at-the-water-diamond-paradox https://en.wikipedia.org/wiki/Paradox_of_value)",""
"fact.how_money_works.water_diamond_scarcity","source.adamsmithworks_water_diamond","unverified","The standard explanation: water is plentiful, so one more unit is worth little to people; diamonds are scarce, so each one is worth a lot.","https://www.adamsmithworks.org/speakings/three-ways-of-looking-at-the-water-diamond-paradox","L49 card.how_money_works.049.c4","L49 question.how_money_works.049.q2; L49 question.how_money_works.049.q3","","","","","","corroborated","Adam Smith Works gives the conventional marginal explanation: plentiful water has a low marginal value, scarce diamonds a high one. Wikipedia (Paradox of value) gives the same resolution. (https://www.adamsmithworks.org/speakings/three-ways-of-looking-at-the-water-diamond-paradox https://en.wikipedia.org/wiki/Paradox_of_value)",""
"fact.how_money_works.hayek_tin","source.econlib_hayek_knowledge","unverified","In 1945, Friedrich Hayek imagined tin becoming scarcer, from a new use or a lost source; tin users need not know which, only that they must economize on tin.","https://www.econlib.org/library/Essays/hykKnw.html","L50 card.how_money_works.050.c2","L50 question.how_money_works.050.q2","","","","","","corroborated","Econlib text of Hayek (AER 1945): tin becomes scarcer through a new use or an eliminated source; users need only know they must economize on tin. MRU's summary describes the same tin example. (https://www.econlib.org/library/Essays/hykKnw.html https://mru.org/courses/great-economists-classical-economics-and-its-forerunners/hayek-use-of-knowledge-in-society-summary)",""
"fact.how_money_works.hayek_price_mechanism","source.econlib_hayek_knowledge","unverified","Hayek described the price system as a mechanism for communicating information, which gets tens of thousands of people to use a material more sparingly without anyone directing them.","https://www.econlib.org/library/Essays/hykKnw.html","L50 card.how_money_works.050.c2","L50 question.how_money_works.050.q2","","","","","","corroborated","Hayek (Econlib text): 'We must look at the price system as such a mechanism for communicating information'; tens of thousands of people are made to use the material more sparingly. MRU and FEE summaries agree. (https://www.econlib.org/library/Essays/hykKnw.html https://mru.org/courses/great-economists-classical-economics-and-its-forerunners/hayek-use-of-knowledge-in-society-summary https://fee.org/articles/the-use-of-knowledge-in-society/)",""
"fact.how_money_works.govt_franklin_death_taxes","source.constitutioncenter_franklin_death_taxes","unverified","In a 1789 letter, Benjamin Franklin wrote that in this world nothing can be said to be certain, except death and taxes.","https://constitutioncenter.org/blog/benjamin-franklins-last-great-quote-and-the-constitution","L51 card.how_money_works.051.c1","","","","","","","corroborated","Franklin's letter to Jean-Baptiste Le Roy of 13 November 1789 contains the line; Quote Investigator and the Oxford Reference entry give the same date and wording. (https://quoteinvestigator.com/2020/05/11/taxes/ https://www.oxfordreference.com/display/10.1093/acref/9780191826719.001.0001/q-oro-ed4-00004582)",""
"fact.how_money_works.govt_taxes_fund_spending","source.openstax_taxation","unverified","Governments collect taxes to pay for the public services and programs they provide.","https://openstax.org/books/principles-economics-3e/pages/30-2-taxation","L51 card.how_money_works.051.c2","L51 question.how_money_works.051.q3; L54 question.how_money_works.054.q3; L59 question.how_money_works.059.q3","","","","","","corroborated","OpenStax chapter 30 presents taxes as the revenue side of the government budget that funds federal, state and local spending; OECD Revenue Statistics describes taxes as the main source of government revenue. (https://openstax.org/books/principles-economics-3e/pages/30-2-taxation https://www.oecd.org/en/publications/2024/11/revenue-statistics-2024_6e88b46e.html)",""
"fact.how_money_works.govt_taxes_fund_spending","source.openstax_government_spending","unverified","Governments collect taxes to pay for the public services and programs they provide.","https://openstax.org/books/principles-economics-3e/pages/30-1-government-spending","L51 card.how_money_works.051.c2","L51 question.how_money_works.051.q3; L54 question.how_money_works.054.q3; L59 question.how_money_works.059.q3","","","","","","corroborated","OpenStax chapter 30 presents taxes as the revenue side of the government budget that funds federal, state and local spending; OECD Revenue Statistics describes taxes as the main source of government revenue. (https://openstax.org/books/principles-economics-3e/pages/30-2-taxation https://www.oecd.org/en/publications/2024/11/revenue-statistics-2024_6e88b46e.html)",""
"fact.how_money_works.govt_us_federal_spending","source.openstax_government_spending","unverified","The biggest items of US federal spending are national defense, Social Security, healthcare and interest payments on past borrowing.","https://openstax.org/books/principles-economics-3e/pages/30-1-government-spending","L51 card.how_money_works.051.c2; L59 card.how_money_works.059.c3","L51 question.how_money_works.051.q3; L54 question.how_money_works.054.q3; L59 question.how_money_works.059.q3","","","","","","corroborated","OpenStax 30.1 names defense, Social Security, healthcare and interest payments as the main federal categories (roughly 60% of spending); the Peterson Foundation list of the largest budget functions shows the same big items (Social Security, health, defense, net interest). (https://openstax.org/books/principles-economics-3e/pages/30-1-government-spending https://www.pgpf.org/article/top-10-largest-budget-functions/)",""
"fact.how_money_works.govt_us_state_local_spending","source.openstax_government_spending","unverified","The biggest item for US state and local governments is education; they also pay for highways, libraries, parks and police and fire protection.","https://openstax.org/books/principles-economics-3e/pages/30-1-government-spending","L51 card.how_money_works.051.c2","L51 question.how_money_works.051.q3; L54 question.how_money_works.054.q3; L59 question.how_money_works.059.q3","","","","","","corroborated","OpenStax 30.1: education is the single biggest item, about one-third of state and local spending; the rest covers highways, libraries, hospitals, parks, police and fire protection. The Urban Institute's state and local finance data also shows K-12 education as the single largest state and local expenditure category. (https://openstax.org/books/principles-economics-3e/pages/30-1-government-spending https://www.urban.org/policy-centers/cross-center-initiatives/state-and-local-finance-initiative/state-and-local-backgrounders/elementary-and-secondary-education-expenditures)",""
"fact.how_money_works.govt_oecd_tax_to_gdp","source.oecd_revenue_statistics_2024","unverified","In 2023, taxes averaged 33.9% of GDP across OECD countries, ranging from under a fifth in Mexico to over two-fifths in France and Denmark.","https://www.oecd.org/en/publications/2024/11/revenue-statistics-2024_6e88b46e.html","L51 card.how_money_works.051.c3","","","","","","","corroborated","OECD Revenue Statistics 2024 press release: the OECD average tax-to-GDP ratio was 33.9% in 2023, ranging from 17.7% in Mexico to 43.8% in France; OECD data put Denmark at about 44%. (https://www.oecd.org/en/about/news/press-releases/2024/11/average-tax-revenues-in-the-oecd-remain-steady-as-spending-pressures-grow.html https://www.statsandgraphs.com/p/tax-to-gdp-ratios-in-oecd-countries)",""
"fact.how_money_works.govt_tax_bases","source.oecd_revenue_statistics_2024","unverified","Taxes are classified by what they fall on: income and profits, payroll, property, and goods and services.","https://www.oecd.org/en/publications/2024/11/revenue-statistics-2024_6e88b46e.html","L51 card.how_money_works.051.c4","L51 question.how_money_works.051.q1; L52 question.how_money_works.052.q3","","","","","","corroborated","OECD Revenue Statistics classifies taxes by base: income, profits and capital gains; payroll; property; goods and services. OpenStax 30.2 groups US taxes the same way. (https://www.oecd.org/en/publications/revenue-statistics-2025_3a264267-en.html https://openstax.org/books/principles-economics-3e/pages/30-2-taxation)",""
"fact.how_money_works.govt_us_tax_types","source.openstax_taxation","unverified","US federal taxes include individual income tax, payroll taxes on wages, corporate income tax on profits, excise taxes on goods like gasoline, tobacco and alcohol, and estate taxes.","https://openstax.org/books/principles-economics-3e/pages/30-2-taxation","L51 card.how_money_works.051.c4","L51 question.how_money_works.051.q1; L52 question.how_money_works.052.q3","","","","","","corroborated","OpenStax 30.2 lists individual income, payroll, corporate income, excise (gasoline, tobacco, alcohol) and estate and gift taxes; Britannica Money classes income and estate taxes as progressive and excise taxes as regressive, confirming the same set. (https://openstax.org/books/principles-economics-3e/pages/30-2-taxation https://www.britannica.com/money/taxation/Proportional-progressive-and-regressive-taxes)",""
"fact.how_money_works.govt_state_local_taxes","source.openstax_taxation","unverified","US state and local governments rely heavily on sales taxes and property taxes.","https://openstax.org/books/principles-economics-3e/pages/30-2-taxation","L51 card.how_money_works.051.c4","L51 question.how_money_works.051.q1; L52 question.how_money_works.052.q3","","","","","","corroborated","OpenStax 30.2: state and local governments rely on sales taxes, property taxes and federal transfers; the Tax Foundation notes most US states and many localities levy retail sales taxes. (https://openstax.org/books/principles-economics-3e/pages/30-2-taxation https://taxfoundation.org/research/all/global/consumption-tax-policies/)",""
"fact.how_money_works.govt_vat_mechanism","source.taxfoundation_consumption_tax_policies","unverified","A value-added tax (VAT) is collected at each stage of production: each business pays tax on its sales and gets credit for the tax already paid on its inputs.","https://taxfoundation.org/research/all/global/consumption-tax-policies/","L51 card.how_money_works.051.c5","L51 question.how_money_works.051.q1; L51 question.how_money_works.051.q2","","","","","","corroborated","Tax Foundation's lumber-and-furniture example shows each business remitting only the tax on its value added after credits; the OECD's Consumption Tax Trends describes the same staged collection. (https://taxfoundation.org/research/all/global/consumption-tax-policies/ https://www.oecd.org/en/publications/consumption-tax-trends-2024_dcd4dd36-en/full-report/component-9.html)",""
"fact.how_money_works.govt_vat_worldwide","source.taxfoundation_consumption_tax_policies","unverified","More than 170 countries use a VAT; the United States is the only OECD country without one and relies on state and local sales taxes instead.","https://taxfoundation.org/research/all/global/consumption-tax-policies/","L51 card.how_money_works.051.c5","L51 question.how_money_works.051.q1; L51 question.how_money_works.051.q2","","","","","","corroborated","Tax Foundation: the US is the only OECD country that does not levy a VAT and 170 jurisdictions use one; OECD's Consumption Tax Trends 2024 counts 175 countries and notes US states' retail sales taxes. (https://taxfoundation.org/research/all/global/consumption-tax-policies/ https://www.oecd.org/content/dam/oecd/en/topics/policy-sub-issues/consumption-tax-trends/consumption-tax-trends-united-states.pdf)",""
"fact.how_money_works.govt_progressive_def","source.openstax_taxation","unverified","A progressive tax takes a higher share of income from people with higher incomes; the US federal income tax is an example.","https://openstax.org/books/principles-economics-3e/pages/30-2-taxation","L52 card.how_money_works.052.c2","L52 question.how_money_works.052.q1","","","","","","corroborated","OpenStax 30.2 calls the income tax progressive because rates rise with income; Britannica defines a progressive tax as one whose liability rises more than proportionally with income. (https://openstax.org/books/principles-economics-3e/pages/30-2-taxation https://www.britannica.com/money/taxation/Proportional-progressive-and-regressive-taxes)",""
"fact.how_money_works.govt_progressive_def","source.britannica_taxation_progressive","unverified","A progressive tax takes a higher share of income from people with higher incomes; the US federal income tax is an example.","https://www.britannica.com/money/taxation/Proportional-progressive-and-regressive-taxes","L52 card.how_money_works.052.c2","L52 question.how_money_works.052.q1","","","","","","corroborated","OpenStax 30.2 calls the income tax progressive because rates rise with income; Britannica defines a progressive tax as one whose liability rises more than proportionally with income. (https://openstax.org/books/principles-economics-3e/pages/30-2-taxation https://www.britannica.com/money/taxation/Proportional-progressive-and-regressive-taxes)",""
"fact.how_money_works.govt_proportional_def","source.openstax_taxation","unverified","A proportional, or flat, tax takes the same share of income from everyone; the US Medicare payroll tax is an example.","https://openstax.org/books/principles-economics-3e/pages/30-2-taxation","L52 card.how_money_works.052.c2","L52 question.how_money_works.052.q1","","","","","","corroborated","OpenStax 30.2 describes the Medicare payroll tax as proportional, a flat percentage of all wages; Britannica defines a proportional tax as the same relative burden on all taxpayers. (https://openstax.org/books/principles-economics-3e/pages/30-2-taxation https://www.britannica.com/money/taxation/Proportional-progressive-and-regressive-taxes)",""
"fact.how_money_works.govt_proportional_def","source.britannica_taxation_progressive","unverified","A proportional, or flat, tax takes the same share of income from everyone; the US Medicare payroll tax is an example.","https://www.britannica.com/money/taxation/Proportional-progressive-and-regressive-taxes","L52 card.how_money_works.052.c2","L52 question.how_money_works.052.q1","","","","","","corroborated","OpenStax 30.2 describes the Medicare payroll tax as proportional, a flat percentage of all wages; Britannica defines a proportional tax as the same relative burden on all taxpayers. (https://openstax.org/books/principles-economics-3e/pages/30-2-taxation https://www.britannica.com/money/taxation/Proportional-progressive-and-regressive-taxes)",""
"fact.how_money_works.govt_regressive_def","source.openstax_taxation","unverified","A regressive tax takes a smaller share of income from people with higher incomes.","https://openstax.org/books/principles-economics-3e/pages/30-2-taxation","L52 card.how_money_works.052.c2","L52 question.how_money_works.052.q1","","","","","","corroborated","OpenStax and Britannica both define a regressive tax as one where higher earners pay a smaller share of their income. (https://openstax.org/books/principles-economics-3e/pages/30-2-taxation https://www.britannica.com/money/taxation/Proportional-progressive-and-regressive-taxes)",""
"fact.how_money_works.govt_regressive_def","source.britannica_taxation_progressive","unverified","A regressive tax takes a smaller share of income from people with higher incomes.","https://www.britannica.com/money/taxation/Proportional-progressive-and-regressive-taxes","L52 card.how_money_works.052.c2","L52 question.how_money_works.052.q1","","","","","","corroborated","OpenStax and Britannica both define a regressive tax as one where higher earners pay a smaller share of their income. (https://openstax.org/books/principles-economics-3e/pages/30-2-taxation https://www.britannica.com/money/taxation/Proportional-progressive-and-regressive-taxes)",""
"fact.how_money_works.govt_estonia_flat_1994","source.au_treasury_flat_taxes","unverified","In 1994, Estonia became the first country in Eastern Europe to introduce a flat personal income tax.","https://treasury.gov.au/publication/economic-roundup-spring-2005/flat-personal-income-taxes-systems-in-practice-in-eastern-european-economies","L52 card.how_money_works.052.c2","L52 question.how_money_works.052.q1","","","","","","corroborated","Australian Treasury: Estonia was the first Eastern European nation to introduce a flat personal tax in 1994; the Library of Congress report on Estonia's flat income tax gives the same year. (https://treasury.gov.au/publication/economic-roundup-spring-2005/flat-personal-income-taxes-systems-in-practice-in-eastern-european-economies https://tile.loc.gov/storage-services/service/ll/llglrd/2019669497/2019669497.pdf)",""
"fact.how_money_works.govt_sales_tax_regressive","source.britannica_taxation_progressive","unverified","Sales taxes tend to be regressive because lower-income households spend a larger share of their income on goods than higher-income households do.","https://www.britannica.com/money/taxation/Proportional-progressive-and-regressive-taxes","L52 card.how_money_works.052.c4","L52 question.how_money_works.052.q3","","","","","","corroborated","Britannica: consumption taxes tend to be regressive because the share of income spent declines as income rises; LibreTexts (Boundless Economics) also classes sales taxes as regressive for this reason. (https://www.britannica.com/money/taxation/Proportional-progressive-and-regressive-taxes https://socialsci.libretexts.org/Bookshelves/Economics/Introductory_Comprehensive_Economics/Economics_(Boundless)/16:_Taxes_and_Public_Finance/16.03:_Progressive_Proportional_and_Regressive_Taxes)",""
"fact.how_money_works.govt_flat_tax_supporters","source.britannica_flat_tax","unverified","Supporters of a flat income tax argue it is simpler, removes deductions that special interests exploit, and encourages people to work, save and invest.","https://www.britannica.com/money/flat-tax","L52 card.how_money_works.052.c5","L60 question.how_money_works.060.q3","","","","","","corroborated","Britannica Money's flat tax entry lists simplicity, fewer special-interest exemptions and stronger incentives to work, save and invest; Corporate Finance Institute's overview gives the same arguments. (https://www.britannica.com/money/flat-tax https://corporatefinanceinstitute.com/resources/accounting/flat-tax/)",""
"fact.how_money_works.govt_flat_tax_critics","source.britannica_flat_tax","unverified","Critics of a flat income tax argue it is unfair, shifting the burden toward lower- and middle-income households, and could reduce government revenue.","https://www.britannica.com/money/flat-tax","L52 card.how_money_works.052.c5","L60 question.how_money_works.060.q3","","","","","","corroborated","Britannica Money: critics say a flat tax would benefit the rich, raise burdens on lower and middle incomes and cut revenue; Corporate Finance Institute's overview reports the same fairness criticism. (https://www.britannica.com/money/flat-tax https://corporatefinanceinstitute.com/resources/accounting/flat-tax/)",""
"fact.how_money_works.govt_bracket_only_extra","source.britannica_tax_brackets","unverified","In a bracketed income tax, only the income that falls inside a higher bracket is taxed at that higher rate, not your whole income.","https://www.britannica.com/money/federal-income-tax-brackets","L52 card.how_money_works.052.c1; L52 card.how_money_works.052.c3","L52 question.how_money_works.052.q2","","","","","","corroborated","Britannica Money and the Tax Policy Center both explain that each rate applies only to the income within its bracket. (https://www.britannica.com/money/federal-income-tax-brackets https://taxpolicycenter.org/briefing-book/how-do-federal-income-tax-rates-work)",""
"fact.how_money_works.govt_raise_never_lowers_pay","source.britannica_tax_brackets","unverified","Because only the extra dollars are taxed at the higher rate, moving into a higher bracket never lowers your take-home pay.","https://www.britannica.com/money/federal-income-tax-brackets","L52 card.how_money_works.052.c1; L52 card.how_money_works.052.c3","L52 question.how_money_works.052.q2","","","","","","corroborated","Britannica Money on brackets and Charles Schwab's explainer both note a raise into a higher bracket taxes only the additional income at the higher rate, so after-tax income still rises. (https://www.britannica.com/money/federal-income-tax-brackets https://www.schwab.com/learn/story/what-are-tax-brackets-and-marginal-tax-rates)",""
"fact.how_money_works.govt_public_good_def","source.openstax_public_goods","unverified","A public good is nonexcludable (it is costly or impossible to stop people using it) and nonrival (one person using it does not stop others using it).","https://openstax.org/books/principles-economics-3e/pages/13-3-public-goods","L53 card.how_money_works.053.c3","L53 question.how_money_works.053.q1","","","","","","corroborated","OpenStax 13.3 gives both defining features; Marginal Revolution University defines public goods the same way. (https://openstax.org/books/principles-economics-3e/pages/13-3-public-goods https://mru.org/courses/principles-economics-microeconomics/public-goods-definition-nonexcludable-nonrival)",""
"fact.how_money_works.govt_national_defense_example","source.openstax_public_goods","unverified","National defense is a classic public good: it protects everyone in a country at once, and no one can be left out of it.","https://openstax.org/books/principles-economics-3e/pages/13-3-public-goods","L53 card.how_money_works.053.c3","L53 question.how_money_works.053.q1","","","","","","corroborated","OpenStax uses national defense as its main example (you cannot choose to be unprotected); Econlib calls it one of the best examples of a public good. (https://openstax.org/books/principles-economics-3e/pages/13-3-public-goods https://www.econlib.org/library/Enc/PublicGoods.html)",""
"fact.how_money_works.govt_national_defense_example","source.econlib_public_goods","unverified","National defense is a classic public good: it protects everyone in a country at once, and no one can be left out of it.","https://www.econlib.org/library/Enc/PublicGoods.html","L53 card.how_money_works.053.c3","L53 question.how_money_works.053.q1","","","","","","corroborated","OpenStax uses national defense as its main example (you cannot choose to be unprotected); Econlib calls it one of the best examples of a public good. (https://openstax.org/books/principles-economics-3e/pages/13-3-public-goods https://www.econlib.org/library/Enc/PublicGoods.html)",""
"fact.how_money_works.govt_taxes_solve_free_riding","source.openstax_public_goods","unverified","When people agree through the political process to pay taxes for a public good, they can overcome the free rider problem.","https://openstax.org/books/principles-economics-3e/pages/13-3-public-goods","L53 card.how_money_works.053.c3","L53 question.how_money_works.053.q1","","","","","","corroborated","OpenStax 13.3 says people can defeat free riding by agreeing through the political process to pay taxes; Econlib notes economists broadly favor funding defense with taxes. (https://openstax.org/books/principles-economics-3e/pages/13-3-public-goods https://www.econlib.org/library/Enc/PublicGoods.html)",""
"fact.how_money_works.govt_fireworks_free_ride","source.econlib_public_goods","unverified","With a fireworks show, each person may try to free ride: let others pay for the show, then watch it for free from their own backyard.","https://www.econlib.org/library/Enc/PublicGoods.html","L53 card.how_money_works.053.c2","L53 question.how_money_works.053.q2; L53 question.how_money_works.053.q3","","","","","","corroborated","Econlib's Public Goods entry uses the fireworks show example; tutor2u and other teaching sources use fireworks as a standard free-rider illustration. (https://www.econlib.org/library/Enc/PublicGoods.html https://www.tutor2u.net/economics/reference/ib-economics-lack-of-public-goods)",""
"fact.how_money_works.govt_free_rider_def","source.openstax_public_goods","unverified","Free riding means letting others pay for a good and enjoying it without paying yourself.","https://openstax.org/books/principles-economics-3e/pages/13-3-public-goods","L53 card.how_money_works.053.c2","L53 question.how_money_works.053.q2; L53 question.how_money_works.053.q3","","","","","","corroborated","OpenStax: people have an incentive to let others pay for a public good and then free ride; Econlib describes free riding the same way. (https://openstax.org/books/principles-economics-3e/pages/13-3-public-goods https://www.econlib.org/library/Enc/PublicGoods.html)",""
"fact.how_money_works.govt_free_riding_unproduced","source.econlib_public_goods","unverified","If free riding cannot be solved, goods that people would be willing to pay for may never be produced.","https://www.econlib.org/library/Enc/PublicGoods.html","L53 card.how_money_works.053.c2","L53 question.how_money_works.053.q2; L53 question.how_money_works.053.q3","","","","","","corroborated","Econlib: if the free-rider problem cannot be solved, valuable goods and services will remain unproduced; OpenStax makes the same point about voluntary provision. (https://www.econlib.org/library/Enc/PublicGoods.html https://openstax.org/books/principles-economics-3e/pages/13-3-public-goods)",""
"fact.how_money_works.govt_lighthouse_textbook","source.coase_lighthouse_economics","unverified","Economists from John Stuart Mill to Paul Samuelson used the lighthouse as an example of something private firms could not easily provide, because ships could not be made to pay.","https://www.journals.uchicago.edu/doi/10.1086/466794","L53 card.how_money_works.053.c1","","","","","","","corroborated","Wikipedia's article on the paper and a Cato Institute blog both describe the lighthouse example running from Mill's 1848 Principles to Samuelson's textbook, which Coase quoted. (https://en.wikipedia.org/wiki/The_Lighthouse_in_Economics https://www.cato.org/blog/lighthouses-economics-1)","weak-pages"
"fact.how_money_works.govt_coase_light_dues","source.coase_lighthouse_economics","unverified","In 1974, economist Ronald Coase showed that many of England's early lighthouses were privately built and run, paid for by light dues collected from ships at ports.","https://www.journals.uchicago.edu/doi/10.1086/466794","L53 card.how_money_works.053.c4","L53 question.how_money_works.053.q3","","","","","","corroborated","Wikipedia and 4liberty.eu summarize Coase (1974): private operators built lighthouses under Crown patents and were paid light dues levied on ships at port. (https://en.wikipedia.org/wiki/The_Lighthouse_in_Economics https://4liberty.eu/lighthouse-the-most-thrilling-case-in-economics/)",""
"fact.how_money_works.govt_lighthouse_critics","source.coase_lighthouse_economics","unverified","Critics of Coase point out that the right to collect light dues came from a royal patent, so government still enforced payment.","https://www.journals.uchicago.edu/doi/10.1086/466794","L53 card.how_money_works.053.c4","L53 question.how_money_works.053.q3","","","","","","corroborated","Van Zandt (1993) and Bertrand (2006) argued the dues were government-mandated and backed by Crown patents, as summarized on Wikipedia and in a ScienceDirect article on lighthouse financing. (https://en.wikipedia.org/wiki/The_Lighthouse_in_Economics https://www.researchgate.net/publication/5208575_The_Coasean_analysis_of_lighthouse_financing_Myths_and_realities)",""
"fact.how_money_works.govt_deficit_def","source.treasury_fiscaldata_deficit","unverified","A government runs a budget deficit in a year when it spends more than it collects in taxes.","https://fiscaldata.treasury.gov/americas-finance-guide/national-deficit/","L54 card.how_money_works.054.c2","L54 question.how_money_works.054.q1","","","","","","corroborated","Treasury Fiscal Data: a deficit occurs when spending exceeds revenues; OpenStax 30.1 gives the same definition for a given year. (https://fiscaldata.treasury.gov/americas-finance-guide/national-deficit/ https://openstax.org/books/principles-economics-3e/pages/30-1-government-spending)",""
"fact.how_money_works.govt_deficit_def","source.openstax_government_spending","unverified","A government runs a budget deficit in a year when it spends more than it collects in taxes.","https://openstax.org/books/principles-economics-3e/pages/30-1-government-spending","L54 card.how_money_works.054.c2","L54 question.how_money_works.054.q1","","","","","","corroborated","Treasury Fiscal Data: a deficit occurs when spending exceeds revenues; OpenStax 30.1 gives the same definition for a given year. (https://fiscaldata.treasury.gov/americas-finance-guide/national-deficit/ https://openstax.org/books/principles-economics-3e/pages/30-1-government-spending)",""
"fact.how_money_works.govt_surplus_balanced_def","source.treasury_fiscaldata_deficit","unverified","A government runs a budget surplus when it collects more than it spends, and has a balanced budget when the two are equal.","https://fiscaldata.treasury.gov/americas-finance-guide/national-deficit/","L54 card.how_money_works.054.c2","L54 question.how_money_works.054.q1","","","","","","corroborated","Treasury Fiscal Data defines a surplus as collecting more than is spent; OpenStax 30.1 defines surplus and balanced budget. (https://fiscaldata.treasury.gov/americas-finance-guide/national-deficit/ https://openstax.org/books/principles-economics-3e/pages/30-1-government-spending)",""
"fact.how_money_works.govt_surplus_balanced_def","source.openstax_government_spending","unverified","A government runs a budget surplus when it collects more than it spends, and has a balanced budget when the two are equal.","https://openstax.org/books/principles-economics-3e/pages/30-1-government-spending","L54 card.how_money_works.054.c2","L54 question.how_money_works.054.q1","","","","","","corroborated","Treasury Fiscal Data defines a surplus as collecting more than is spent; OpenStax 30.1 defines surplus and balanced budget. (https://fiscaldata.treasury.gov/americas-finance-guide/national-deficit/ https://openstax.org/books/principles-economics-3e/pages/30-1-government-spending)",""
"fact.how_money_works.govt_us_last_surplus_2001","source.treasury_fiscaldata_deficit","unverified","The US federal government last ran a budget surplus in 2001.","https://fiscaldata.treasury.gov/americas-finance-guide/national-deficit/","L54 card.how_money_works.054.c2","L54 question.how_money_works.054.q1","","","","","","corroborated","Treasury Fiscal Data: the last federal surplus was in 2001. The Committee for a Responsible Federal Budget and CBO records show surpluses in fiscal years 1998 to 2001 and deficits since. (https://fiscaldata.treasury.gov/americas-finance-guide/national-deficit/ https://www.crfb.org/papers/riches-rags-causes-fiscal-deterioration-2001)",""
"fact.how_money_works.govt_uk_2015_old_debt","source.govuk_historical_debt_repaid","unverified","In 2015, the UK government repaid old undated bonds that included debts from the South Sea Bubble of 1720 and borrowing used to fund the Napoleonic Wars.","https://www.gov.uk/government/news/repayment-of-26-billion-historical-debt-to-be-completed-by-government","L54 card.how_money_works.054.c1","","","","","","","corroborated","GOV.UK: gilts consolidating South Sea Company stock from the 1720 bubble and debts used to finance the Napoleonic Wars were redeemed in 2015; Wikipedia's Consol (bond) article describes the same 2015 redemption. (https://www.gov.uk/government/news/repayment-of-26-billion-historical-debt-to-be-completed-by-government https://en.wikipedia.org/wiki/Consol_(bond))",""
"fact.how_money_works.govt_borrow_by_bonds","source.treasury_fiscaldata_deficit","unverified","To pay for a deficit, a government borrows, largely by selling bonds; the national debt is all that borrowing added up, plus interest owed.","https://fiscaldata.treasury.gov/americas-finance-guide/national-deficit/","L54 card.how_money_works.054.c3","L54 question.how_money_works.054.q2; L54 question.how_money_works.054.q3","","","","","","corroborated","Treasury Fiscal Data: the government borrows by selling Treasury bonds, bills and other securities, and the national debt is the accumulation of this borrowing plus interest; OpenStax 30.1 calls debt the sum of past deficits. (https://fiscaldata.treasury.gov/americas-finance-guide/national-deficit/ https://openstax.org/books/principles-economics-3e/pages/30-1-government-spending)",""
"fact.how_money_works.govt_deficit_vs_debt","source.openstax_government_spending","unverified","A deficit is one year's gap; the debt is the running total. Borrow $10,000 a year for four years and your yearly deficit is $10,000, but your debt is $40,000.","https://openstax.org/books/principles-economics-3e/pages/30-1-government-spending","L54 card.how_money_works.054.c3","L54 question.how_money_works.054.q2; L54 question.how_money_works.054.q3","","","","","","corroborated","OpenStax 30.1 uses exactly this student-loan example ($10,000 a year for four years, $40,000 debt); Treasury Fiscal Data likewise describes debt as accumulated deficits. (https://openstax.org/books/principles-economics-3e/pages/30-1-government-spending https://fiscaldata.treasury.gov/americas-finance-guide/national-deficit/)",""
"fact.how_money_works.govt_crowding_out","source.openstax_fiscal_policy_growth","unverified","Some economists worry that heavy government borrowing soaks up savings and leaves less for private investment, which they call crowding out.","https://openstax.org/books/principles-economics-3e/pages/31-4-fiscal-policy-investment-and-economic-growth","L54 card.how_money_works.054.c4","L60 question.how_money_works.060.q4","","","","","","corroborated","OpenStax 31.4 defines crowding out this way; Lumen Learning's macroeconomics text (""Crowding Out Revisited"") gives the same definition. (https://openstax.org/books/principles-economics-3e/pages/31-4-fiscal-policy-investment-and-economic-growth https://courses.lumenlearning.com/suny-macroeconomics/chapter/crowding-out-physical-capital-investment/)",""
"fact.how_money_works.govt_borrowing_for_growth","source.openstax_fiscal_policy_growth","unverified","Others point out that government spending on roads, water systems, education and research can encourage long-term growth.","https://openstax.org/books/principles-economics-3e/pages/31-4-fiscal-policy-investment-and-economic-growth","L54 card.how_money_works.054.c4","L60 question.how_money_works.060.q4","","","","","","corroborated","OpenStax 31.4 says government spending on roads or water systems, education, or research and development can encourage long-term growth; its chapter summary repeats the point. (https://openstax.org/books/principles-economics-3e/pages/31-4-fiscal-policy-investment-and-economic-growth https://openstax.org/books/principles-economics-3e/pages/31-key-concepts-and-summary)",""
"fact.how_money_works.govt_riksbank_1668","source.riksbank_founded_1668","unverified","Sweden's Riksbank, founded in 1668 from the ruins of the failed Stockholms Banco, is the world's oldest central bank.","https://www.riksbank.se/en-gb/about-the-riksbank/history/historical-timeline/1600-1699/sveriges-riksbank-is-founded/","L55 card.how_money_works.055.c1","L55 question.how_money_works.055.q3","","","","","","corroborated","The Riksbank's own timeline says it was established in 1668 from the ruins of Stockholms Banco as the world's oldest central bank; Wikipedia's Sveriges Riksbank article calls it the oldest surviving central bank. (https://www.riksbank.se/en-gb/about-the-riksbank/history/historical-timeline/1600-1699/sveriges-riksbank-is-founded/ https://en.wikipedia.org/wiki/Sveriges_Riksbank)",""
"fact.how_money_works.govt_palmstruch_sentence","source.riksbank_founded_1668","unverified","Johan Palmstruch, founder of Stockholms Banco, was found guilty of mismanaging it and sentenced to death, then reprieved.","https://www.riksbank.se/en-gb/about-the-riksbank/history/historical-timeline/1600-1699/sveriges-riksbank-is-founded/","L55 card.how_money_works.055.c1","L55 question.how_money_works.055.q3","","","","","","corroborated","The Riksbank's 1668 timeline entry: Palmstruch was found guilty of mismanagement, given the death sentence but reprieved; the New York Fed's Liberty Street Economics post on Palmstruch describes the 1668 death sentence, later commuted. (https://www.riksbank.se/en-gb/about-the-riksbank/history/historical-timeline/1600-1699/sveriges-riksbank-is-founded/ https://libertystreeteconomics.newyorkfed.org/2013/04/historical-echoes-central-bank-and-paper-money-innovator-given-death-sentence-for-his-efforts/)",""
"fact.how_money_works.govt_fed_1913_functions","source.fed_who_we_are","unverified","The US central bank, the Federal Reserve, was created in 1913; its jobs include conducting monetary policy, supervising banks, promoting financial stability and keeping payments safe.","https://www.federalreserve.gov/aboutthefed/fedexplained/who-we-are.htm","L55 card.how_money_works.055.c2","L55 question.how_money_works.055.q1; L56 question.how_money_works.056.q3","","","","","","corroborated","The Fed's 'Who We Are' page gives the Federal Reserve Act of 1913 and five functions; Federal Reserve History's essay on the Federal Reserve Act confirms the 1913 date. (https://www.federalreserve.gov/aboutthefed/fedexplained/who-we-are.htm https://www.federalreservehistory.org/essays/federal-reserve-act-signed)",""
"fact.how_money_works.govt_riksbank_fair_value","source.riksbank_founded_1668","unverified","From 1668, the Riksbank's law told it to keep the country's coinage at its 'right and fair value', an early price-stability goal.","https://www.riksbank.se/en-gb/about-the-riksbank/history/historical-timeline/1600-1699/sveriges-riksbank-is-founded/","L55 card.how_money_works.055.c2","L55 question.how_money_works.055.q1; L56 question.how_money_works.056.q3","","","","","","corroborated","The Riksbank timeline: between 1668 and 1897 the law included a clause to 'maintain the domestic coinage at its right and fair value'; the Riksbank's history pages describe price stability as a task from the start. (https://www.riksbank.se/en-gb/about-the-riksbank/history/historical-timeline/1600-1699/sveriges-riksbank-is-founded/ https://www.riksbank.se/en-gb/about-the-riksbank/history/)",""
"fact.how_money_works.govt_fed_dual_mandate","source.fedhistory_reform_act_1977","unverified","Since 1977, Congress has told the Federal Reserve to pursue maximum employment and stable prices, often called its dual mandate.","https://www.federalreservehistory.org/essays/fed-reform-act-of-1977","L55 card.how_money_works.055.c2; L56 card.how_money_works.056.c5","L55 question.how_money_works.055.q1; L56 question.how_money_works.056.q3","","","","","","corroborated","Federal Reserve History's essay on the Reform Act of 1977 and the Chicago Fed's dual mandate page both describe these goals; the Fed FAQ names maximum employment and stable prices as its key objectives. (https://www.federalreservehistory.org/essays/fed-reform-act-of-1977 https://www.chicagofed.org/research/dual-mandate/dual-mandate)",""
"fact.how_money_works.govt_fed_dual_mandate","source.fed_independence_faq","unverified","Since 1977, Congress has told the Federal Reserve to pursue maximum employment and stable prices, often called its dual mandate.","https://www.federalreserve.gov/faqs/about_12799.htm","L55 card.how_money_works.055.c2; L56 card.how_money_works.056.c5","L55 question.how_money_works.055.q1; L56 question.how_money_works.056.q3","","","","","","corroborated","Federal Reserve History's essay on the Reform Act of 1977 and the Chicago Fed's dual mandate page both describe these goals; the Fed FAQ names maximum employment and stable prices as its key objectives. (https://www.federalreservehistory.org/essays/fed-reform-act-of-1977 https://www.chicagofed.org/research/dual-mandate/dual-mandate)",""
"fact.how_money_works.govt_election_temptation","source.ecb_blog_independence_2025","unverified","Governments may be tempted to stimulate the economy, for example before elections, even at the cost of higher inflation.","https://www.ecb.europa.eu/press/blog/date/2025/html/ecb.blog.20251223~aad70ce537.en.html","L55 card.how_money_works.055.c3","L55 question.how_money_works.055.q2","","","","","","corroborated","The ECB blog says governments may be tempted to stimulate the economy even at the cost of higher inflation to boost re-election chances; AIER's explainer describes the same pre-election pressure. (https://www.ecb.europa.eu/press/blog/date/2025/html/ecb.blog.20251223~aad70ce537.en.html https://aier.org/article/what-is-central-bank-independence/)",""
"fact.how_money_works.govt_fed_14_year_terms","source.fed_independence_faq","unverified","Federal Reserve governors serve staggered 14-year terms, and elected officials are not allowed to serve on its Board.","https://www.federalreserve.gov/faqs/about_12799.htm","L55 card.how_money_works.055.c3","L55 question.how_money_works.055.q2","","","","","","corroborated","The Fed FAQ gives staggered 14-year terms and bars elected officials and members of the Administration; Wikipedia's Federal Reserve Board of Governors article also gives staggered 14-year terms. (https://www.federalreserve.gov/faqs/about_12799.htm https://en.wikipedia.org/wiki/Federal_Reserve_Board_of_Governors)",""
"fact.how_money_works.govt_independence_inflation_study","source.ecb_blog_independence_2025","unverified","A study of 155 central banks over 50 years found that greater independence helped keep inflation in check.","https://www.ecb.europa.eu/press/blog/date/2025/html/ecb.blog.20251223~aad70ce537.en.html","L55 card.how_money_works.055.c3","L55 question.how_money_works.055.q2","","","","","","corroborated","The ECB blog reports the 155-bank, 50-year study linking independence to price stability; a CEPR VoxEU column summarizes research finding reforms toward independence lowered inflation. (https://www.ecb.europa.eu/press/blog/date/2025/html/ecb.blog.20251223~aad70ce537.en.html https://cepr.org/voxeu/columns/central-bank-independence-update)",""
"fact.how_money_works.govt_unelected_power_critique","source.princeton_unelected_power","unverified","Critics question whether unelected central bankers should hold so much power; Paul Tucker, a former Bank of England deputy governor, explored this in his 2018 book Unelected Power.","https://press.princeton.edu/books/hardcover/9780691176734/unelected-power","L55 card.how_money_works.055.c4","","","","","","","corroborated","Princeton University Press's page (published 2018) describes central bankers as a pillar of unelected power and calls Tucker a former deputy governor of the Bank of England; Bruegel's event page on the book describes the same legitimacy question. (https://press.princeton.edu/books/hardcover/9780691176734/unelected-power https://www.bruegel.org/event/unelected-power-quest-legitimacy-central-banking-and-regulatory-state)",""
"fact.how_money_works.govt_fed_accountable","source.fed_independence_faq","unverified","The Federal Reserve answers to Congress: its chair testifies and it reports on monetary policy twice a year.","https://www.federalreserve.gov/faqs/about_12799.htm","L55 card.how_money_works.055.c4","","","","","","","corroborated","The Fed FAQ: the Chairman testifies before Congress and the Board submits the Monetary Policy Report twice a year; the Fed's 'Who We Are' page says the Board is directly accountable to Congress. (https://www.federalreserve.gov/faqs/about_12799.htm https://www.federalreserve.gov/aboutthefed/fedexplained/who-we-are.htm)",""
"fact.how_money_works.govt_policy_rate_feeds_through","source.boe_bank_rate","unverified","A central bank sets a core short-term interest rate, like the Bank of England's Bank Rate, which influences the rates banks charge on loans and pay on savings.","https://www.bankofengland.co.uk/monetary-policy/the-interest-rate-bank-rate","L56 card.how_money_works.056.c2","L56 question.how_money_works.056.q1","","","","","","corroborated","The Bank of England says Bank Rate influences the rates banks charge to borrow and pay on savings; the Fed FAQ says changes in the federal funds rate influence borrowing costs for households and businesses. (https://www.bankofengland.co.uk/monetary-policy/the-interest-rate-bank-rate https://www.federalreserve.gov/faqs/money_12856.htm)",""
"fact.how_money_works.govt_policy_rate_feeds_through","source.fed_monetary_policy_faq","unverified","A central bank sets a core short-term interest rate, like the Bank of England's Bank Rate, which influences the rates banks charge on loans and pay on savings.","https://www.federalreserve.gov/faqs/money_12856.htm","L56 card.how_money_works.056.c2","L56 question.how_money_works.056.q1","","","","","","corroborated","The Bank of England says Bank Rate influences the rates banks charge to borrow and pay on savings; the Fed FAQ says changes in the federal funds rate influence borrowing costs for households and businesses. (https://www.bankofengland.co.uk/monetary-policy/the-interest-rate-bank-rate https://www.federalreserve.gov/faqs/money_12856.htm)",""
"fact.how_money_works.govt_rate_rise_cools","source.boe_bank_rate","unverified","When a central bank raises rates, loan and mortgage payments rise and saving pays more, so people spend less and businesses find it harder to raise prices.","https://www.bankofengland.co.uk/monetary-policy/the-interest-rate-bank-rate","L56 card.how_money_works.056.c3","L56 question.how_money_works.056.q1; L56 question.how_money_works.056.q2","","","","","","corroborated","The Bank of England's Bank Rate page explains higher rates reduce household spending and make saving more attractive, easing price rises; Britannica Money's fiscal vs monetary policy explainer describes the same effect. (https://www.bankofengland.co.uk/monetary-policy/the-interest-rate-bank-rate https://www.britannica.com/money/fiscal-vs-monetary-policy)",""
"fact.how_money_works.govt_rate_cut_boosts","source.fed_monetary_policy_faq","unverified","When a central bank cuts rates, borrowing gets cheaper, so households and businesses spend more and businesses hire more workers.","https://www.federalreserve.gov/faqs/money_12856.htm","L56 card.how_money_works.056.c3","L56 question.how_money_works.056.q1; L56 question.how_money_works.056.q2","","","","","","corroborated","The Fed FAQ: lower rates make borrowing cheaper, raising spending and spurring hiring; the Bank of England describes lower rates encouraging spending. (https://www.federalreserve.gov/faqs/money_12856.htm https://www.bankofengland.co.uk/monetary-policy/the-interest-rate-bank-rate)",""
"fact.how_money_works.govt_rate_cut_boosts","source.boe_bank_rate","unverified","When a central bank cuts rates, borrowing gets cheaper, so households and businesses spend more and businesses hire more workers.","https://www.bankofengland.co.uk/monetary-policy/the-interest-rate-bank-rate","L56 card.how_money_works.056.c3","L56 question.how_money_works.056.q1; L56 question.how_money_works.056.q2","","","","","","corroborated","The Fed FAQ: lower rates make borrowing cheaper, raising spending and spurring hiring; the Bank of England describes lower rates encouraging spending. (https://www.federalreserve.gov/faqs/money_12856.htm https://www.bankofengland.co.uk/monetary-policy/the-interest-rate-bank-rate)",""
"fact.how_money_works.govt_friedman_lags","source.stlouisfed_long_variable_lags","unverified","In 1959, economist Milton Friedman told Congress that monetary policy works with a long and variable lag; in his study the delay ranged from 4 to 29 months.","https://www.stlouisfed.org/on-the-economy/2023/oct/what-are-long-variable-lags-monetary-policy","L56 card.how_money_works.056.c4","L56 question.how_money_works.056.q2","","","","","","corroborated","St. Louis Fed: Friedman's 1959 testimony and his finding of lags between four and 29 months; Marketplace's explainer gives the same history. (https://www.stlouisfed.org/on-the-economy/2023/oct/what-are-long-variable-lags-monetary-policy https://www.marketplace.org/story/2023/07/24/milton-friedmans-long-and-variable-lag-explained)",""
"fact.how_money_works.govt_volcker_20_percent","source.fedhistory_recession_1981","unverified","Under chair Paul Volcker, the Federal Reserve let its key interest rate, the federal funds rate, approach 20% in late 1980 and early 1981 to fight high inflation.","https://www.federalreservehistory.org/essays/recession-of-1981-82","L56 card.how_money_works.056.c1","","","","","","","corroborated","Federal Reserve History's Recession of 1981-82 essay says the rate approached 20 percent; its essay on Volcker's anti-inflation measures describes the policy's aim. (https://www.federalreservehistory.org/essays/recession-of-1981-82 https://www.federalreservehistory.org/essays/anti-inflation-measures)",""
"fact.how_money_works.govt_volcker_recession_cost","source.fedhistory_recession_1981","unverified","The high rates hit borrowing-dependent industries like construction and autos, and US unemployment reached nearly 11% late in 1982.","https://www.federalreservehistory.org/essays/recession-of-1981-82","L56 card.how_money_works.056.c5","L56 question.how_money_works.056.q3","","","","","","corroborated","Federal Reserve History: manufacturing, construction and autos were hit hardest and unemployment reached nearly 11 percent late in 1982; Wikipedia's early 1980s recession article gives a 10.8% peak. (https://www.federalreservehistory.org/essays/recession-of-1981-82 https://en.wikipedia.org/wiki/Early_1980s_recession_in_the_United_States)",""
"fact.how_money_works.govt_volcker_inflation_fell","source.fedhistory_recession_1981","unverified","By October 1982, US inflation had fallen to 5%.","https://www.federalreservehistory.org/essays/recession-of-1981-82","L56 card.how_money_works.056.c5","L56 question.how_money_works.056.q3","","","","","","corroborated","Federal Reserve History's recession essay: inflation declined to 5 percent by October 1982; the Volcker anti-inflation essay describes the fall from its 1980 peak. (https://www.federalreservehistory.org/essays/recession-of-1981-82 https://www.federalreservehistory.org/essays/anti-inflation-measures)",""
"fact.how_money_works.govt_camp_cigarette_flood","source.economica_radford_pow_camp","unverified","In Radford's camp, big deliveries of several hundred thousand cigarettes could arrive within a fortnight; prices soared, then fell as stocks ran out.","https://www.jstor.org/stable/2550133","L57 card.how_money_works.057.c1","L57 question.how_money_works.057.q1; L57 question.how_money_works.057.q3","","","","","","corroborated","Radford's 1945 paper (reproduced by Syncopate) describes quarterly Red Cross deliveries of several hundred thousand cigarettes, soaring prices and a later fall; the Mark Witte teaching notes on Radford summarize the same inflation-deflation cycle. (https://syncopate.us/articles/2006/n24a https://sites.google.com/site/markwitteeconomics/home/economics-201-introduction-to-macroeconomics/econ-201-lecture-notes-and-readings/radford-p-o-w-camp-sweeneys-babysitting-co-op)",""
"fact.how_money_works.govt_quantity_theory","source.imf_what_is_monetarism","unverified","The quantity theory of money says that when money grows faster than the output of goods and services, the extra money pushes up prices rather than output.","https://www.imf.org/external/pubs/ft/fandd/2014/03/basics.htm","L57 card.how_money_works.057.c2","L57 question.how_money_works.057.q1; L57 question.how_money_works.057.q2","","","","","","corroborated","IMF F&D's 'What Is Monetarism?' presents the quantity theory and the money supply as the key driver of the price level over longer periods; Econlib's monetarism entry gives the same relationship. (https://www.imf.org/external/pubs/ft/fandd/2014/03/basics.htm https://www.econlib.org/library/Enc/Monetarism.html)",""
"fact.how_money_works.govt_friedman_money_rule","source.imf_what_is_monetarism","unverified","Milton Friedman proposed that money should grow at the same rate as the economy: if output grows 2% a year, money should grow 2%, leaving prices unchanged.","https://www.imf.org/external/pubs/ft/fandd/2014/03/basics.htm","L57 card.how_money_works.057.c2","L57 question.how_money_works.057.q1; L57 question.how_money_works.057.q2","","","","","","corroborated","IMF F&D: Friedman's fixed rule would match money growth to real GDP growth, e.g. 2 percent for 2 percent, leaving the price level unchanged; Econlib's Monetarism entry describes Friedman's constant-growth-rate rule. (https://www.imf.org/external/pubs/ft/fandd/2014/03/basics.htm https://www.econlib.org/library/Enc/Monetarism.html)",""
"fact.how_money_works.govt_money_velocity_unstable","source.imf_what_is_monetarism","unverified","The link is not mechanical: in the 1980s and 1990s, how fast money changed hands became unstable, and many economists dropped strict money-growth rules.","https://www.imf.org/external/pubs/ft/fandd/2014/03/basics.htm","L57 card.how_money_works.057.c4","","","","","","","corroborated","IMF F&D: velocity became highly unstable in the 1980s and 1990s, the money-GDP link broke down and many economists abandoned the approach; Econlib's monetarism entry notes the same breakdown. (https://www.imf.org/external/pubs/ft/fandd/2014/03/basics.htm https://www.econlib.org/library/Enc/Monetarism.html)",""
"fact.how_money_works.govt_inflation_needs_money","source.imf_what_is_monetarism","unverified","Most economists now agree that prices cannot keep rising indefinitely without the money supply growing.","https://www.imf.org/external/pubs/ft/fandd/2014/03/basics.htm","L57 card.how_money_works.057.c4","","","","","","","corroborated","IMF F&D's conclusion: probably the most important lasting point is that inflation cannot continue indefinitely without increases in the money supply; Econlib's monetarism entry makes the same point. (https://www.imf.org/external/pubs/ft/fandd/2014/03/basics.htm https://www.econlib.org/library/Enc/Monetarism.html)",""
"fact.how_money_works.govt_potosi_silver","source.britannica_europe_price_revolution","unverified","From 1550 onward, silver from American mines, chiefly Potosí, arrived in Spain in huge volumes and spread across Europe.","https://www.britannica.com/topic/history-of-Europe/Prices-and-inflation","L57 card.how_money_works.057.c3","L57 question.how_money_works.057.q3","","","","","","corroborated","Britannica: American treasure, chiefly from Potosí, arrived in huge volumes in Spain and flowed to other European regions; Wikipedia's Price revolution article describes silver shipments from the 1540s. (https://www.britannica.com/topic/history-of-Europe/Prices-and-inflation https://en.wikipedia.org/wiki/Price_revolution)",""
"fact.how_money_works.govt_price_revolution_sixfold","source.britannica_europe_price_revolution","unverified","During the 16th-century price revolution, European prices rose about sixfold.","https://www.britannica.com/topic/history-of-Europe/Prices-and-inflation","L57 card.how_money_works.057.c3","L57 question.how_money_works.057.q3","","","","","","corroborated","Britannica: prices rose during the century by a factor of six in nominal terms; Wikipedia gives prices rising roughly sixfold over 150 years. (https://www.britannica.com/topic/history-of-Europe/Prices-and-inflation https://en.wikipedia.org/wiki/Price_revolution)",""
"fact.how_money_works.govt_price_revolution_population","source.britannica_europe_price_revolution","unverified","Historians also link the price revolution to a growing population needing food and housing, and still debate how much each cause mattered.","https://www.britannica.com/topic/history-of-Europe/Prices-and-inflation","L57 card.how_money_works.057.c3","L57 question.how_money_works.057.q3","","","","","","corroborated","Britannica names growing population alongside new silver; Wikipedia's Price revolution article and a Science news piece describe the continuing scholarly debate over silver's role. (https://www.britannica.com/topic/history-of-Europe/Prices-and-inflation https://www.science.org/content/article/conquistador-silver-may-not-have-sunk-spains-currency)",""
"fact.how_money_works.govt_jungle_1906","source.fda_1906_act","unverified","Upton Sinclair's 1906 novel The Jungle showed filthy conditions in Chicago's meatpacking plants and helped push food-safety laws through Congress.","https://www.fda.gov/about-fda/changes-science-law-and-regulatory-authorities/part-i-1906-food-and-drugs-act-and-its-enforcement","L58 card.how_money_works.058.c1","L58 question.how_money_works.058.q3","","","","","","corroborated","FDA history calls The Jungle the final precipitating force for the 1906 law; Britannica's Meat Inspection Act entry describes its depiction of Chicago meatpacking. (https://www.fda.gov/about-fda/changes-science-law-and-regulatory-authorities/part-i-1906-food-and-drugs-act-and-its-enforcement https://www.britannica.com/topic/Meat-Inspection-Act)",""
"fact.how_money_works.govt_jungle_1906","source.britannica_meat_inspection_act","unverified","Upton Sinclair's 1906 novel The Jungle showed filthy conditions in Chicago's meatpacking plants and helped push food-safety laws through Congress.","https://www.britannica.com/topic/Meat-Inspection-Act","L58 card.how_money_works.058.c1","L58 question.how_money_works.058.q3","","","","","","corroborated","FDA history calls The Jungle the final precipitating force for the 1906 law; Britannica's Meat Inspection Act entry describes its depiction of Chicago meatpacking. (https://www.fda.gov/about-fda/changes-science-law-and-regulatory-authorities/part-i-1906-food-and-drugs-act-and-its-enforcement https://www.britannica.com/topic/Meat-Inspection-Act)",""
"fact.how_money_works.govt_june_30_1906_laws","source.fda_1906_act","unverified","On June 30, 1906, President Theodore Roosevelt signed both the Meat Inspection Act and the Pure Food and Drug Act.","https://www.fda.gov/about-fda/changes-science-law-and-regulatory-authorities/part-i-1906-food-and-drugs-act-and-its-enforcement","L58 card.how_money_works.058.c1","L58 question.how_money_works.058.q3","","","","","","corroborated","FDA: Roosevelt signed the Food and Drugs Act on 30 June 1906; the Gilder Lehrman Institute and the U.S. Capitol Visitor Center note the Meat Inspection Act was signed the same day. (https://www.gilderlehrman.org/news/pure-food-and-drug-act-passed-day-1906 https://www.visitthecapitol.gov/exhibitions/congress-and-progressive-era/pure-food-and-drug-act)",""
"fact.how_money_works.govt_june_30_1906_laws","source.britannica_meat_inspection_act","unverified","On June 30, 1906, President Theodore Roosevelt signed both the Meat Inspection Act and the Pure Food and Drug Act.","https://www.britannica.com/topic/Meat-Inspection-Act","L58 card.how_money_works.058.c1","L58 question.how_money_works.058.q3","","","","","","corroborated","FDA: Roosevelt signed the Food and Drugs Act on 30 June 1906; the Gilder Lehrman Institute and the U.S. Capitol Visitor Center note the Meat Inspection Act was signed the same day. (https://www.gilderlehrman.org/news/pure-food-and-drug-act-passed-day-1906 https://www.visitthecapitol.gov/exhibitions/congress-and-progressive-era/pure-food-and-drug-act)",""
"fact.how_money_works.govt_asymmetric_info_def","source.openstax_asymmetric_information","unverified","Asymmetric information is when one side of a deal, buyer or seller, knows more about the product's quality than the other.","https://openstax.org/books/principles-economics-3e/pages/16-1-the-problem-of-imperfect-information-and-asymmetric-information","L58 card.how_money_works.058.c2","L58 question.how_money_works.058.q1; L58 question.how_money_works.058.q3","","","","","","corroborated","OpenStax 16.1 gives this definition; EBSCO Research Starters and the University of Hawaii open textbook define information asymmetry the same way. (https://openstax.org/books/principles-economics-3e/pages/16-1-the-problem-of-imperfect-information-and-asymmetric-information https://www.ebsco.com/research-starters/social-sciences-and-humanities/information-asymmetry/)",""
"fact.how_money_works.govt_1906_act_banned","source.fda_1906_act","unverified","The 1906 food law banned adulterated and misbranded food and drugs from being shipped between states.","https://www.fda.gov/about-fda/changes-science-law-and-regulatory-authorities/part-i-1906-food-and-drugs-act-and-its-enforcement","L58 card.how_money_works.058.c2","L58 question.how_money_works.058.q1; L58 question.how_money_works.058.q3","","","","","","corroborated","FDA's history of the 1906 Act: it prohibited interstate transport of adulterated and misbranded food and drugs; Wikipedia's Pure Food and Drug Act article agrees. (https://www.fda.gov/about-fda/changes-science-law-and-regulatory-authorities/part-i-1906-food-and-drugs-act-and-its-enforcement https://en.wikipedia.org/wiki/Pure_Food_and_Drug_Act)",""
"fact.how_money_works.govt_ftc_claim_true","source.openstax_asymmetric_information","unverified","US advertising rules allow exaggeration, but a claim presented as a fact must be true.","https://openstax.org/books/principles-economics-3e/pages/16-1-the-problem-of-imperfect-information-and-asymmetric-information","L58 card.how_money_works.058.c2","L58 question.how_money_works.058.q1; L58 question.how_money_works.058.q3","","","","","","corroborated","OpenStax 16.1 on the FTC: exaggeration is allowed but a claim presented as fact must be true; the FTC's Policy Statement on Advertising Substantiation requires objective claims to be substantiated, with puffery the exception. (https://openstax.org/books/principles-economics-3e/pages/16-1-the-problem-of-imperfect-information-and-asymmetric-information https://www.ftc.gov/legal-library/browse/ftc-policy-statement-regarding-advertising-substantiation)",""
"fact.how_money_works.govt_licensing_tradeoff","source.openstax_asymmetric_information","unverified","Occupational licenses reassure customers that a worker is trained, but they can also be a barrier to entering an industry.","https://openstax.org/books/principles-economics-3e/pages/16-1-the-problem-of-imperfect-information-and-asymmetric-information","L58 card.how_money_works.058.c4","","","","","","","corroborated","OpenStax 16.1: licenses show completed education or tests but also represent a barrier to entry; the Hamilton Project paper on occupational licensing describes licensing as a barrier to entry that raises prices, weighed against quality. (https://openstax.org/books/principles-economics-3e/pages/16-1-the-problem-of-imperfect-information-and-asymmetric-information https://www.hamiltonproject.org/publication/paper/occupational-licensing-and-american-workers/)",""
"fact.how_money_works.govt_bank_capital_cushion","source.philadelphiafed_capital_requirements","unverified","Regulators require banks to hold capital: owners' money that acts as a cushion, so a bank can absorb big losses without failing to repay its depositors.","https://www.philadelphiafed.org/the-economy/banking-and-financial-markets/are-higher-capital-requirements-worth-it","L58 card.how_money_works.058.c3","L58 question.how_money_works.058.q2","","","","","","corroborated","Philadelphia Fed: a well-capitalized bank can handle major writedowns without defaulting on creditors and depositors; CRS's Bank Capital Requirements primer describes capital as a buffer against losses. (https://www.philadelphiafed.org/the-economy/banking-and-financial-markets/are-higher-capital-requirements-worth-it https://www.congress.gov/crs-product/R47447)",""
"fact.how_money_works.govt_capital_avoid_bailouts","source.philadelphiafed_capital_requirements","unverified","Capital rules aim to make bank failures and government bailouts less likely.","https://www.philadelphiafed.org/the-economy/banking-and-financial-markets/are-higher-capital-requirements-worth-it","L58 card.how_money_works.058.c3","L58 question.how_money_works.058.q2","","","","","","corroborated","Philadelphia Fed: regulators require more capital to avoid straining deposit insurance funds and government bailouts; the CRS primer says capital requirements reduce the likelihood of bank failures. (https://www.philadelphiafed.org/the-economy/banking-and-financial-markets/are-higher-capital-requirements-worth-it https://www.congress.gov/crs-product/R47447)",""
"fact.how_money_works.govt_capital_tradeoff","source.philadelphiafed_capital_requirements","unverified","Higher capital requirements make banks safer but may slow growth by limiting how much banks lend.","https://www.philadelphiafed.org/the-economy/banking-and-financial-markets/are-higher-capital-requirements-worth-it","L58 card.how_money_works.058.c4","","","","","","","corroborated","Philadelphia Fed describes stability gains versus the cost of constrained lending; the CRS primer notes higher requirements can make loans harder or costlier to get. (https://www.philadelphiafed.org/the-economy/banking-and-financial-markets/are-higher-capital-requirements-worth-it https://www.congress.gov/crs-product/R47447)",""
"fact.how_money_works.govt_bismarck_1889","source.ssa_bismarck","unverified","In 1889, Germany, under Chancellor Otto von Bismarck, became the first nation to adopt old-age social insurance.","https://www.ssa.gov/history/ottob.html","L59 card.how_money_works.059.c1","L60 question.how_money_works.060.q5","","","","","","corroborated","SSA's Bismarck history page says Germany became the first nation with old-age social insurance in 1889; EBSCO Research Starters and the Bismarck-Biografie site give the same year. (https://www.ebsco.com/research-starters/history/bismarcks-social-security-programs https://www.bismarck-biografie.de/en/politik/bismarcks-sozialgesetzgebung-1881-1890)",""
"fact.how_money_works.govt_bismarck_age_70","source.bismarck_biografie_social_laws","unverified","Germany's 1889 old-age insurance gave workers basic security from age 70.","https://www.bismarck-biografie.de/en/politik/bismarcks-sozialgesetzgebung-1881-1890","L59 card.how_money_works.059.c1","L60 question.how_money_works.060.q5","","","","","","corroborated","Bismarck-Biografie: the June 1889 law granted workers basic security from the age of 70; the SSA ""Age 65 Retirement"" history page says Germany initially set age 70, lowered to 65 in 1916. (https://www.bismarck-biografie.de/en/politik/bismarcks-sozialgesetzgebung-1881-1890 https://www.ssa.gov/history/age65.html)",""
"fact.how_money_works.govt_bismarck_age_70","source.ssa_bismarck","unverified","Germany's 1889 old-age insurance gave workers basic security from age 70.","https://www.ssa.gov/history/ottob.html","L59 card.how_money_works.059.c1","L60 question.how_money_works.060.q5","","","","","","corroborated","Bismarck-Biografie: the June 1889 law granted workers basic security from the age of 70; the SSA ""Age 65 Retirement"" history page says Germany initially set age 70, lowered to 65 in 1916. (https://www.bismarck-biografie.de/en/politik/bismarcks-sozialgesetzgebung-1881-1890 https://www.ssa.gov/history/age65.html)",""
"fact.how_money_works.govt_bismarck_contributions","source.ssa_bismarck","unverified","Workers, employers and the government all paid into Germany's system.","https://www.ssa.gov/history/ottob.html","L59 card.how_money_works.059.c1","L60 question.how_money_works.060.q5","","","","","","corroborated","SSA's history page (as quoted in search results) describes contributions from the employee, the employer and the government; EBSCO Research Starters describes the same three-way funding. (https://www.ssa.gov/history/ottob.html https://www.ebsco.com/research-starters/history/bismarcks-social-security-programs)",""
"fact.how_money_works.govt_ui_def","source.dol_unemployment_insurance","unverified","Unemployment insurance gives temporary, partial wage replacement to workers who lose their jobs through no fault of their own.","https://oui.doleta.gov/unemploy/uifactsheet.asp","L59 card.how_money_works.059.c2","L59 question.how_money_works.059.q1","","","","","","corroborated","The Department of Labor's UI fact sheet and CRS's UI benefits report both describe temporary, partial wage replacement for workers unemployed through no fault of their own. (https://oui.doleta.gov/unemploy/uifactsheet.asp https://www.congress.gov/crs-product/R46687)",""
"fact.how_money_works.govt_ui_pay_bills","source.chicagofed_ui_job_search","unverified","Unemployment benefits help people who lost a job keep paying their bills while they look for work.","https://www.chicagofed.org/publications/chicago-fed-letter/2020/441","L59 card.how_money_works.059.c2","L59 question.how_money_works.059.q1","","","","","","corroborated","Chicago Fed Letter 441: UI helps recipients pay their bills and maintain consumption; IZA World of Labor's review describes the same consumption-smoothing role. (https://www.chicagofed.org/publications/chicago-fed-letter/2020/441 https://wol.iza.org/articles/unemployment-benefits-and-unemployment/long)",""
"fact.how_money_works.govt_ui_duration_tradeoff","source.chicagofed_ui_job_search","unverified","Studies find that longer benefits can lengthen unemployment somewhat, yet people receiving benefits search hard for work.","https://www.chicagofed.org/publications/chicago-fed-letter/2020/441","L59 card.how_money_works.059.c4","","","","","","","corroborated","Chicago Fed Letter 441 reports longer eligibility raises durations somewhat and recipients search intensely; IZA World of Labor also finds more generous benefits tend to lengthen unemployment spells. (https://www.chicagofed.org/publications/chicago-fed-letter/2020/441 https://wol.iza.org/articles/unemployment-benefits-and-unemployment/long)",""
"fact.how_money_works.govt_social_security_payg","source.pew_social_security_data","unverified","US Social Security is pay-as-you-go: taxes paid by today's workers fund payments to today's beneficiaries, rather than filling personal accounts.","https://www.pewresearch.org/short-reads/2025/05/20/what-the-data-says-about-social-security/","L59 card.how_money_works.059.c3","L59 question.how_money_works.059.q2; L59 question.how_money_works.059.q3","","","","","","corroborated","Pew: the taxes paid by today's workers fund payments to today's beneficiaries; an SSA Office of the Chief Actuary presentation describes Social Security as basically pay-as-you-go. (https://www.pewresearch.org/short-reads/2025/05/20/what-the-data-says-about-social-security/ https://www.ssa.gov/OACT/presentations/scgoss_20230928.pdf)",""
"fact.how_money_works.govt_workers_per_beneficiary","source.pew_social_security_data","unverified","In 1965, there were about four workers paying into US Social Security for each beneficiary; by 2023, there were 2.7.","https://www.pewresearch.org/short-reads/2025/05/20/what-the-data-says-about-social-security/","L59 card.how_money_works.059.c3","L59 question.how_money_works.059.q2; L59 question.how_money_works.059.q3","","","","","","corroborated","Pew gives 80.5 million workers and 20.2 million beneficiaries in 1965 and 2.7 workers per beneficiary in 2023; the Peterson Foundation's worker-ratio article and the 2024 Trustees Report highlights give 2.7. (https://www.pewresearch.org/short-reads/2025/05/20/what-the-data-says-about-social-security/ https://www.pgpf.org/article/the-ratio-of-workers-to-social-security-beneficiaries-is-at-a-low-and-projected-to-decline-further/)",""
"fact.how_money_works.govt_payg_ageing_strain","source.oecd_ecoscope_ageing","unverified","Pay-as-you-go pension systems come under strain as the number of retirees grows relative to the workers paying in.","https://oecdecoscope.blog/2025/11/07/the-fiscal-impact-of-population-ageing-how-can-we-afford-getting-older/","L59 card.how_money_works.059.c4","","","","","","","corroborated","OECD Ecoscope: defined-benefit pay-as-you-go systems are particularly vulnerable as contributions struggle to keep up with growing retirement cohorts; the OECD working paper on pay-as-you-go systems describes the same demographic pressure. (https://oecdecoscope.blog/2025/11/07/the-fiscal-impact-of-population-ageing-how-can-we-afford-getting-older/ https://www.oecd.org/en/publications/the-problems-and-prospects-faced-by-pay-as-you-go-pension-systems_286670310381.html)",""
"fact.how_money_works.govt_fiscal_policy_def","source.stlouisfed_fiscal_vs_monetary","unverified","Fiscal policy means government spending and taxing decisions; in the US, Congress and the administration make them.","https://www.stlouisfed.org/open-vault/2018/october/difference-between-fiscal-monetary-policy","L60 card.how_money_works.060.c2; L60 card.how_money_works.060.c4","L60 question.how_money_works.060.q1; L60 question.how_money_works.060.q2","","","","","","corroborated","St. Louis Fed: fiscal policy refers to government spending and taxing decisions by Congress and the administration; Britannica Money's fiscal vs monetary explainer agrees. (https://www.stlouisfed.org/open-vault/2018/october/difference-between-fiscal-monetary-policy https://www.britannica.com/money/fiscal-vs-monetary-policy)",""
"fact.how_money_works.govt_monetary_policy_def","source.stlouisfed_fiscal_vs_monetary","unverified","Monetary policy means the actions a central bank takes, mainly on interest rates, to pursue goals like stable prices and maximum employment.","https://www.stlouisfed.org/open-vault/2018/october/difference-between-fiscal-monetary-policy","L60 card.how_money_works.060.c3; L60 card.how_money_works.060.c4","L60 question.how_money_works.060.q2","","","","","","corroborated","St. Louis Fed defines monetary policy as central bank actions pursuing price stability, maximum employment and stable growth; Britannica Money describes central banks using interest rates and the money supply. (https://www.stlouisfed.org/open-vault/2018/october/difference-between-fiscal-monetary-policy https://www.britannica.com/money/fiscal-vs-monetary-policy)",""
"fact.how_money_works.govt_fed_no_fiscal_role","source.stlouisfed_fiscal_vs_monetary","unverified","The Federal Reserve plays no role in setting taxes or government spending.","https://www.stlouisfed.org/open-vault/2018/october/difference-between-fiscal-monetary-policy","L60 card.how_money_works.060.c3","L60 question.how_money_works.060.q2","","","","","","corroborated","St. Louis Fed: the Fed does not play a role in determining fiscal policy; Britannica Money notes fiscal policy is set by governments and monetary policy by central banks. (https://www.stlouisfed.org/open-vault/2018/october/difference-between-fiscal-monetary-policy https://www.britannica.com/money/fiscal-vs-monetary-policy)",""
"fact.how_money_works.pow_cigarette_flood","source.economica_radford_pow_camp","unverified","In Radford's camp, several hundred thousand cigarettes might arrive in a fortnight; prices soared, then fell as stocks ran out.","https://www.jstor.org/stable/2550133","L61 card.how_money_works.061.c1","","","","","","","corroborated","A transcription of Radford's 1945 paper reads: 'Several hundred thousand cigarettes might arrive in the space of a fortnight. Prices soared, and then began to fall.' Finance Watch's summary describes the same inflation when cigarettes flooded in. (https://syncopate.us/articles/2006/n24a https://www.finance-watch.org/blog/the-perfect-draw-when-cigarettes-became-a-war-camp-currency/)",""
"fact.how_money_works.infl_definition","source.imf_what_is_inflation","unverified","Inflation is the rate at which prices rise over a period of time; it is a broad measure of the overall increase in prices in a country.","https://www.imf.org/external/pubs/ft/fandd/2010/03/basics.htm","L61 card.how_money_works.061.c2","L61 question.how_money_works.061.q1; L62 question.how_money_works.062.q3; L65 question.how_money_works.065.q3","","","","","","corroborated","IMF F&D: 'Inflation is the rate of increase in prices over a given period of time' and 'typically a broad measure, such as the overall increase in prices'. Britannica defines it as a general increase in prices. (https://www.imf.org/external/pubs/ft/fandd/2010/03/basics.htm https://www.britannica.com/money/inflation-economics)",""
"fact.how_money_works.infl_definition","source.brit_inflation","unverified","Inflation is the rate at which prices rise over a period of time; it is a broad measure of the overall increase in prices in a country.","https://www.britannica.com/money/inflation-economics","L61 card.how_money_works.061.c2","L61 question.how_money_works.061.q1; L62 question.how_money_works.062.q3; L65 question.how_money_works.065.q3","","","","","","corroborated","IMF F&D: 'Inflation is the rate of increase in prices over a given period of time' and 'typically a broad measure, such as the overall increase in prices'. Britannica defines it as a general increase in prices. (https://www.imf.org/external/pubs/ft/fandd/2010/03/basics.htm https://www.britannica.com/money/inflation-economics)",""
"fact.how_money_works.infl_purchasing_power","source.brit_inflation","unverified","Inflation lowers purchasing power: each unit of money buys less, and people whose income rises more slowly than prices can afford less.","https://www.britannica.com/money/inflation-economics","L61 card.how_money_works.061.c3","L61 question.how_money_works.061.q3; L64 question.how_money_works.064.q3","","","","","","corroborated","Britannica: inflation causes the purchasing power of a currency to decline. IMF F&D: households whose nominal income does not rise as much as prices are worse off because they can afford less. (https://www.britannica.com/money/inflation-economics https://www.imf.org/external/pubs/ft/fandd/2010/03/basics.htm)",""
"fact.how_money_works.infl_purchasing_power","source.imf_what_is_inflation","unverified","Inflation lowers purchasing power: each unit of money buys less, and people whose income rises more slowly than prices can afford less.","https://www.imf.org/external/pubs/ft/fandd/2010/03/basics.htm","L61 card.how_money_works.061.c3","L61 question.how_money_works.061.q3; L64 question.how_money_works.064.q3","","","","","","corroborated","Britannica: inflation causes the purchasing power of a currency to decline. IMF F&D: households whose nominal income does not rise as much as prices are worse off because they can afford less. (https://www.britannica.com/money/inflation-economics https://www.imf.org/external/pubs/ft/fandd/2010/03/basics.htm)",""
"fact.how_money_works.infl_demand_pull","source.imf_what_is_inflation","unverified","Demand-pull inflation happens when overall demand grows faster than an economy can produce: 'too much money chasing too few goods'.","https://www.imf.org/external/pubs/ft/fandd/2010/03/basics.htm","L61 card.how_money_works.061.c4","L61 question.how_money_works.061.q2","","","","","","corroborated","IMF F&D: demand exceeding production capacity produces 'demand-pull' inflation. Britannica describes demand-pull as 'too much money chasing too few goods'. The Cleveland Fed explainer gives the same account. (https://www.imf.org/external/pubs/ft/fandd/2010/03/basics.htm https://www.britannica.com/money/inflation-economics https://www.clevelandfed.org/center-for-inflation-research/inflation-explained-your-guide-to-inflation-basics/what-causes-inflation)",""
"fact.how_money_works.infl_demand_pull","source.brit_inflation","unverified","Demand-pull inflation happens when overall demand grows faster than an economy can produce: 'too much money chasing too few goods'.","https://www.britannica.com/money/inflation-economics","L61 card.how_money_works.061.c4","L61 question.how_money_works.061.q2","","","","","","corroborated","IMF F&D: demand exceeding production capacity produces 'demand-pull' inflation. Britannica describes demand-pull as 'too much money chasing too few goods'. The Cleveland Fed explainer gives the same account. (https://www.imf.org/external/pubs/ft/fandd/2010/03/basics.htm https://www.britannica.com/money/inflation-economics https://www.clevelandfed.org/center-for-inflation-research/inflation-explained-your-guide-to-inflation-basics/what-causes-inflation)",""
"fact.how_money_works.infl_cost_push","source.imf_what_is_inflation","unverified","Cost-push inflation happens when a supply shock, such as higher oil prices, raises production costs or disrupts supply.","https://www.imf.org/external/pubs/ft/fandd/2010/03/basics.htm","L61 card.how_money_works.061.c4","L61 question.how_money_works.061.q2","","","","","","corroborated","IMF F&D: supply shocks that raise production costs, such as high oil prices, cause 'cost-push' inflation. Britannica: cost-push comes from rising costs of production. (https://www.imf.org/external/pubs/ft/fandd/2010/03/basics.htm https://www.britannica.com/money/inflation-economics)",""
"fact.how_money_works.infl_cost_push","source.brit_inflation","unverified","Cost-push inflation happens when a supply shock, such as higher oil prices, raises production costs or disrupts supply.","https://www.britannica.com/money/inflation-economics","L61 card.how_money_works.061.c4","L61 question.how_money_works.061.q2","","","","","","corroborated","IMF F&D: supply shocks that raise production costs, such as high oil prices, cause 'cost-push' inflation. Britannica: cost-push comes from rising costs of production. (https://www.imf.org/external/pubs/ft/fandd/2010/03/basics.htm https://www.britannica.com/money/inflation-economics)",""
"fact.how_money_works.infl_expectations","source.imf_what_is_inflation","unverified","If people and firms expect higher prices, they build those expectations into wage deals and contract prices.","https://www.imf.org/external/pubs/ft/fandd/2010/03/basics.htm","L61 card.how_money_works.061.c4","L61 question.how_money_works.061.q2","","","","","","corroborated","IMF F&D: 'If people or firms anticipate higher prices, they build these expectations into wage negotiations and contractual price adjustments.' The Cleveland Fed lists expectations among inflation's causes. (https://www.imf.org/external/pubs/ft/fandd/2010/03/basics.htm https://www.clevelandfed.org/center-for-inflation-research/inflation-explained-your-guide-to-inflation-basics/what-causes-inflation)",""
"fact.how_money_works.infl_causes_debate","source.brit_inflation","unverified","Economists disagree on inflation's causes: monetarists stress money supply growth; Keynesians put more weight on spending and demand.","https://www.britannica.com/money/inflation-economics","L61 card.how_money_works.061.c4","L61 question.how_money_works.061.q2","","","","","","corroborated","Britannica sets out the monetarist (quantity theory) view against the Keynesian emphasis on demand. The San Francisco Fed speech discusses where the money-inflation link holds and where it weakens. (https://www.britannica.com/money/inflation-economics https://www.frbsf.org/news-and-media/speeches/williams-speeches/2012/07/williams-monetary-policy-money-inflation/)",""
"fact.how_money_works.infl_friedman_monetary","source.frbsf_williams_money_inflation","unverified","Milton Friedman argued that 'inflation is always and everywhere a monetary phenomenon'.","https://www.frbsf.org/news-and-media/speeches/williams-speeches/2012/07/williams-monetary-policy-money-inflation/","L61 card.how_money_works.061.c4","L61 question.how_money_works.061.q2","","","","","","corroborated","The San Francisco Fed speech quotes Friedman's line in full; Econlib's Friedman biography also cites it. (https://www.frbsf.org/news-and-media/speeches/williams-speeches/2012/07/williams-monetary-policy-money-inflation/ https://www.econlib.org/library/Enc/bios/Friedman.html)",""
"fact.how_money_works.cpi_definition","source.bls_cpi_faq","unverified","The consumer price index (CPI) tracks the cost of a representative basket of goods and services households buy; its rise measures inflation.","https://www.bls.gov/cpi/questions-and-answers.htm","L62 card.how_money_works.062.c2","L62 question.how_money_works.062.q1; L62 question.how_money_works.062.q3","","","","","","corroborated","BLS: the CPI is 'a measure of the average change over time in the prices paid by consumers for a representative basket'. IMF F&D describes tracking a basket's cost as the CPI, the common inflation measure. (https://www.bls.gov/cpi/questions-and-answers.htm https://www.imf.org/external/pubs/ft/fandd/2010/03/basics.htm)",""
"fact.how_money_works.cpi_definition","source.imf_what_is_inflation","unverified","The consumer price index (CPI) tracks the cost of a representative basket of goods and services households buy; its rise measures inflation.","https://www.imf.org/external/pubs/ft/fandd/2010/03/basics.htm","L62 card.how_money_works.062.c2","L62 question.how_money_works.062.q1; L62 question.how_money_works.062.q3","","","","","","corroborated","BLS: the CPI is 'a measure of the average change over time in the prices paid by consumers for a representative basket'. IMF F&D describes tracking a basket's cost as the CPI, the common inflation measure. (https://www.bls.gov/cpi/questions-and-answers.htm https://www.imf.org/external/pubs/ft/fandd/2010/03/basics.htm)",""
"fact.how_money_works.cpi_80000_items","source.bls_cpi_faq","unverified","For the US CPI, data collectors record the prices of about 80,000 items every month.","https://www.bls.gov/cpi/questions-and-answers.htm","L62 card.how_money_works.062.c2","L62 question.how_money_works.062.q1; L62 question.how_money_works.062.q3","","","","","","corroborated","BLS FAQ: 'the prices of about 80,000 items each month'. OpenStax: data collectors gather prices on 80,000 specific products every month. (https://www.bls.gov/cpi/questions-and-answers.htm https://openstax.org/books/principles-economics-3e/pages/22-2-how-to-measure-changes-in-the-cost-of-living)",""
"fact.how_money_works.cpi_80000_items","source.openstax_cost_of_living","unverified","For the US CPI, data collectors record the prices of about 80,000 items every month.","https://openstax.org/books/principles-economics-3e/pages/22-2-how-to-measure-changes-in-the-cost-of-living","L62 card.how_money_works.062.c2","L62 question.how_money_works.062.q1; L62 question.how_money_works.062.q3","","","","","","corroborated","BLS FAQ: 'the prices of about 80,000 items each month'. OpenStax: data collectors gather prices on 80,000 specific products every month. (https://www.bls.gov/cpi/questions-and-answers.htm https://openstax.org/books/principles-economics-3e/pages/22-2-how-to-measure-changes-in-the-cost-of-living)",""
"fact.how_money_works.cpi_weights_spending","source.bls_cpi_faq","unverified","Each item in the CPI basket is weighted by how much households actually spend on it, based on surveys of what they buy.","https://www.bls.gov/cpi/questions-and-answers.htm","L62 card.how_money_works.062.c2","L62 question.how_money_works.062.q1; L62 question.how_money_works.062.q3","","","","","","corroborated","BLS: basket composition relies on expenditure information from families on what they actually bought (Consumer Expenditure Surveys). OpenStax shows category weights by spending share. (https://www.bls.gov/cpi/questions-and-answers.htm https://openstax.org/books/principles-economics-3e/pages/22-2-how-to-measure-changes-in-the-cost-of-living)",""
"fact.how_money_works.cpi_housing_largest","source.openstax_cost_of_living","unverified","Housing is the largest part of the US CPI basket, far bigger than clothing.","https://openstax.org/books/principles-economics-3e/pages/22-2-how-to-measure-changes-in-the-cost-of-living","L62 card.how_money_works.062.c2","L62 question.how_money_works.062.q1; L62 question.how_money_works.062.q3","","","","","","corroborated","OpenStax gives housing about 42% of the CPI and apparel about 2.7%. BLS relative-importance tables likewise put housing far above apparel. (https://openstax.org/books/principles-economics-3e/pages/22-2-how-to-measure-changes-in-the-cost-of-living https://www.bls.gov/cpi/questions-and-answers.htm)",""
"fact.how_money_works.ons_basket_744_yearly","source.ons_basket_2024","unverified","In 2024, the UK's inflation basket held 744 items, and its contents and weights are updated every year.","https://www.ons.gov.uk/economy/inflationandpriceindices/articles/ukconsumerpriceinflationbasketofgoodsandservices/2024","L62 card.how_money_works.062.c3","","","","","","","corroborated","ONS: 16 items added and 15 removed from a total of 744; 'The contents of the basket and associated expenditure weights are updated annually.' ITV and AJ Bell coverage report the same figures. (https://www.ons.gov.uk/economy/inflationandpriceindices/articles/ukconsumerpriceinflationbasketofgoodsandservices/2024 https://www.itv.com/news/2024-03-11/vinyl-records-and-air-fryers-to-track-inflation-in-basket-of-goods-update)",""
"fact.how_money_works.ons_2024_added","source.ons_basket_2024","unverified","In 2024, the UK added air fryers to its inflation basket, for their energy savings, and vinyl records returned after over thirty years.","https://www.ons.gov.uk/economy/inflationandpriceindices/articles/ukconsumerpriceinflationbasketofgoodsandservices/2024","L62 card.how_money_works.062.c1; L62 card.how_money_works.062.c3","","","","","","","corroborated","ONS: air fryers added, with consumers drawn to energy-saving features; vinyl records added back for the first time in over thirty years. ITV reports both additions. (https://www.ons.gov.uk/economy/inflationandpriceindices/articles/ukconsumerpriceinflationbasketofgoodsandservices/2024 https://www.itv.com/news/2024-03-11/vinyl-records-and-air-fryers-to-track-inflation-in-basket-of-goods-update)",""
"fact.how_money_works.ons_2024_removed","source.ons_basket_2024","unverified","In 2024, hand sanitiser was dropped from the UK's inflation basket as its shelf space shrank after the pandemic.","https://www.ons.gov.uk/economy/inflationandpriceindices/articles/ukconsumerpriceinflationbasketofgoodsandservices/2024","L62 card.how_money_works.062.c1; L62 card.how_money_works.062.c3","","","","","","","corroborated","ONS: hand hygiene gel removed after a reduction in shelf space since the height of the COVID-19 pandemic. AJ Bell reports 'hand sanitiser out'. (https://www.ons.gov.uk/economy/inflationandpriceindices/articles/ukconsumerpriceinflationbasketofgoodsandservices/2024 https://www.ajbell.co.uk/group/news/inflation-basket-vinyl-and-gluten-free-bread-sofa-beds-and-hand-sanitiser-out)",""
"fact.how_money_works.cpi_substitution_bias","source.openstax_cost_of_living","unverified","A fixed basket overstates the rise in living costs because people switch away from goods whose prices rise: substitution bias.","https://openstax.org/books/principles-economics-3e/pages/22-2-how-to-measure-changes-in-the-cost-of-living","L62 card.how_money_works.062.c4","L62 question.how_money_works.062.q2","","","","","","corroborated","OpenStax: substitution bias 'tends to overstate the rise in a consumer's true cost of living' because consumers substitute away from goods whose prices rose. Wikipedia's substitution bias entry agrees. (https://openstax.org/books/principles-economics-3e/pages/22-2-how-to-measure-changes-in-the-cost-of-living https://en.wikipedia.org/wiki/Substitution_bias)",""
"fact.how_money_works.cpi_quality_bias","source.openstax_cost_of_living","unverified","A fixed basket also misses quality improvements and new goods, which likewise makes it overstate the rise in the cost of living.","https://openstax.org/books/principles-economics-3e/pages/22-2-how-to-measure-changes-in-the-cost-of-living","L62 card.how_money_works.062.c4","L62 question.how_money_works.062.q2","","","","","","corroborated","OpenStax: the quality/new goods bias means a fixed basket overstates the rise in the true cost of living. The BLS FAQ notes the CPI differs from a complete cost-of-living measure. (https://openstax.org/books/principles-economics-3e/pages/22-2-how-to-measure-changes-in-the-cost-of-living https://www.bls.gov/cpi/questions-and-answers.htm)",""
"fact.how_money_works.cpi_bls_substitution_methods","source.openstax_cost_of_living","unverified","By the early 2000s, US statisticians were using methods that allow for some switching between goods.","https://openstax.org/books/principles-economics-3e/pages/22-2-how-to-measure-changes-in-the-cost-of-living","L62 card.how_money_works.062.c4","L62 question.how_money_works.062.q2","","","","","","corroborated","OpenStax: by the early 2000s, BLS was using alternative mathematical methods to allow for some substitution between goods. Search results from OpenStax summary pages repeat this. (https://openstax.org/books/principles-economics-3e/pages/22-2-how-to-measure-changes-in-the-cost-of-living https://openstax.org/books/principles-macroeconomics-3e/pages/9-key-concepts-and-summary)",""
"fact.how_money_works.hyper_cagan_50","source.brit_hyperinflation","unverified","In 1956, economist Phillip Cagan defined hyperinflation as monthly inflation above 50%.","https://www.britannica.com/money/hyperinflation","L63 card.how_money_works.063.c2","L63 question.how_money_works.063.q2","","","","","","corroborated","Britannica cites Cagan's 1956 definition of hyperinflation as a monthly rate above 50%. Wikipedia and a Stanley Fischer NBER paper use the same threshold. (https://www.britannica.com/money/hyperinflation https://en.wikipedia.org/wiki/Hyperinflation)",""
"fact.how_money_works.hyper_printing_cause","source.brit_hyperinflation","unverified","Hyperinflations usually start when governments create new money to pay for spending, faster than the economy can produce.","https://www.britannica.com/money/hyperinflation","L63 card.how_money_works.063.c2","L63 question.how_money_works.063.q2","","","","","","corroborated","Britannica: governments with deficits create new money to finance spending, and when this outpaces productive capacity the currency loses value. IMF F&D: money growing too big relative to the economy lowers its purchasing power. (https://www.britannica.com/money/hyperinflation https://www.imf.org/external/pubs/ft/fandd/2010/03/basics.htm)",""
"fact.how_money_works.hyper_printing_cause","source.imf_what_is_inflation","unverified","Hyperinflations usually start when governments create new money to pay for spending, faster than the economy can produce.","https://www.imf.org/external/pubs/ft/fandd/2010/03/basics.htm","L63 card.how_money_works.063.c2","L63 question.how_money_works.063.q2","","","","","","corroborated","Britannica: governments with deficits create new money to finance spending, and when this outpaces productive capacity the currency loses value. IMF F&D: money growing too big relative to the economy lowers its purchasing power. (https://www.britannica.com/money/hyperinflation https://www.imf.org/external/pubs/ft/fandd/2010/03/basics.htm)",""
"fact.how_money_works.hyper_trust_spiral","source.brit_hyperinflation","unverified","As trust in the money collapses, people spend it faster and flee to foreign currencies, which pushes prices up even faster.","https://www.britannica.com/money/hyperinflation","L63 card.how_money_works.063.c2","L63 question.how_money_works.063.q2","","","","","","corroborated","Britannica: as trust erodes, people accelerate spending and flee to foreign currencies and real assets, a self-reinforcing cycle. Wikipedia describes the same loss of confidence. (https://www.britannica.com/money/hyperinflation https://en.wikipedia.org/wiki/Hyperinflation)",""
"fact.how_money_works.weimar_marks_per_dollar","source.brit_weimar_hyperinflation","unverified","A US dollar cost just over four German marks in 1914; by late 1923, it cost about 4.2 trillion.","https://www.britannica.com/event/hyperinflation-in-the-Weimar-Republic","L63 card.how_money_works.063.c1","","","","","","","corroborated","Britannica: 'just over four marks to the U.S. dollar' in 1914. Smithsonian: the rate topped out at 4.2 trillion marks to the dollar in late 1923. Wikipedia gives 4.2 trillion in November 1923. (https://www.britannica.com/event/hyperinflation-in-the-Weimar-Republic https://www.smithsonianmag.com/history/how-hyperinflation-heralded-the-fall-of-german-democracy-180982204/ https://en.wikipedia.org/wiki/Hyperinflation_in_the_Weimar_Republic)",""
"fact.how_money_works.weimar_marks_per_dollar","source.smithsonian_weimar_hyperinflation","unverified","A US dollar cost just over four German marks in 1914; by late 1923, it cost about 4.2 trillion.","https://www.smithsonianmag.com/history/how-hyperinflation-heralded-the-fall-of-german-democracy-180982204/","L63 card.how_money_works.063.c1","","","","","","","corroborated","Britannica: 'just over four marks to the U.S. dollar' in 1914. Smithsonian: the rate topped out at 4.2 trillion marks to the dollar in late 1923. Wikipedia gives 4.2 trillion in November 1923. (https://www.britannica.com/event/hyperinflation-in-the-Weimar-Republic https://www.smithsonianmag.com/history/how-hyperinflation-heralded-the-fall-of-german-democracy-180982204/ https://en.wikipedia.org/wiki/Hyperinflation_in_the_Weimar_Republic)",""
"fact.how_money_works.weimar_printing","source.brit_weimar_hyperinflation","unverified","After World War I, Germany's government printed more and more money to pay its bills, including war reparations.","https://www.britannica.com/event/hyperinflation-in-the-Weimar-Republic","L63 card.how_money_works.063.c3","L63 question.how_money_works.063.q1","","","","","","corroborated","Britannica: Germany 'chose to print yet more money in order to pay the reparation debt'. Britannica Money: reparations and strained production led the government to print money. Smithsonian: the postwar government continued to print money. (https://www.britannica.com/event/hyperinflation-in-the-Weimar-Republic https://www.britannica.com/money/hyperinflation https://www.smithsonianmag.com/history/how-hyperinflation-heralded-the-fall-of-german-democracy-180982204/)",""
"fact.how_money_works.weimar_printing","source.brit_hyperinflation","unverified","After World War I, Germany's government printed more and more money to pay its bills, including war reparations.","https://www.britannica.com/money/hyperinflation","L63 card.how_money_works.063.c3","L63 question.how_money_works.063.q1","","","","","","corroborated","Britannica: Germany 'chose to print yet more money in order to pay the reparation debt'. Britannica Money: reparations and strained production led the government to print money. Smithsonian: the postwar government continued to print money. (https://www.britannica.com/event/hyperinflation-in-the-Weimar-Republic https://www.britannica.com/money/hyperinflation https://www.smithsonianmag.com/history/how-hyperinflation-heralded-the-fall-of-german-democracy-180982204/)",""
"fact.how_money_works.weimar_ruhr_1923","source.smithsonian_weimar_hyperinflation","unverified","In early 1923, French and Belgian troops occupied Germany's Ruhr region and coal output there stopped, driving prices up further.","https://www.smithsonianmag.com/history/how-hyperinflation-heralded-the-fall-of-german-democracy-180982204/","L63 card.how_money_works.063.c3","L63 question.how_money_works.063.q1","","","","","","corroborated","Smithsonian: the early-1923 Ruhr occupation by France and Belgium halted coal production, helping drive up prices. Wikipedia describes the occupation and passive resistance. (https://www.smithsonianmag.com/history/how-hyperinflation-heralded-the-fall-of-german-democracy-180982204/ https://en.wikipedia.org/wiki/Hyperinflation_in_the_Weimar_Republic)",""
"fact.how_money_works.weimar_savings_wiped","source.brit_weimar_hyperinflation","unverified","Germany's hyperinflation wiped out many people's savings.","https://www.britannica.com/event/hyperinflation-in-the-Weimar-Republic","L63 card.how_money_works.063.c3","L63 question.how_money_works.063.q1","","","","","","corroborated","Britannica: 'a lifetime of savings could not buy a newspaper'. History guides such as Alpha History describe middle-class savings wiped out. (https://www.britannica.com/event/hyperinflation-in-the-Weimar-Republic https://alphahistory.com/weimarrepublic/1923-hyperinflation/)",""
"fact.how_money_works.weimar_blame_debate","source.smithsonian_weimar_hyperinflation","unverified","Historians still debate how much blame lies with reparations and how much with Germany's own choices, such as printing rather than taxing.","https://www.smithsonianmag.com/history/how-hyperinflation-heralded-the-fall-of-german-democracy-180982204/","L63 card.how_money_works.063.c3","L63 question.how_money_works.063.q1","","","","","","corroborated","Smithsonian: the government printed rather than raising taxes and at times fanned inflation. Britannica stresses reparations and notes speculators. Wikipedia: historians are divided on how far reparations caused it. (https://www.smithsonianmag.com/history/how-hyperinflation-heralded-the-fall-of-german-democracy-180982204/ https://www.britannica.com/event/hyperinflation-in-the-Weimar-Republic https://en.wikipedia.org/wiki/Hyperinflation_in_the_Weimar_Republic)",""
"fact.how_money_works.weimar_blame_debate","source.brit_weimar_hyperinflation","unverified","Historians still debate how much blame lies with reparations and how much with Germany's own choices, such as printing rather than taxing.","https://www.britannica.com/event/hyperinflation-in-the-Weimar-Republic","L63 card.how_money_works.063.c3","L63 question.how_money_works.063.q1","","","","","","corroborated","Smithsonian: the government printed rather than raising taxes and at times fanned inflation. Britannica stresses reparations and notes speculators. Wikipedia: historians are divided on how far reparations caused it. (https://www.smithsonianmag.com/history/how-hyperinflation-heralded-the-fall-of-german-democracy-180982204/ https://www.britannica.com/event/hyperinflation-in-the-Weimar-Republic https://en.wikipedia.org/wiki/Hyperinflation_in_the_Weimar_Republic)",""
"fact.how_money_works.zim_land_reform_printing","source.brit_hyperinflation","unverified","After land reforms crippled Zimbabwe's farm output, its government printed money aggressively.","https://www.britannica.com/money/hyperinflation","L63 card.how_money_works.063.c4","L63 question.how_money_works.063.q3","","","","","","corroborated","Britannica: 'Government land reforms crippled the country's agricultural output', prompting aggressive money printing. Wikipedia's article on Zimbabwe's hyperinflation gives the same causes. (https://www.britannica.com/money/hyperinflation https://en.wikipedia.org/wiki/Hyperinflation_in_Zimbabwe)",""
"fact.how_money_works.zim_peak_2008","source.brit_hyperinflation","unverified","At its peak in mid-November 2008, Zimbabwe's monthly inflation was about 79.6 billion percent, with prices doubling roughly every day.","https://www.britannica.com/money/hyperinflation","L63 card.how_money_works.063.c4","L63 question.how_money_works.063.q3","","","","","","corroborated","Britannica: peak monthly inflation of 79.6 billion percent. Hanke and Kwok's measurement (reported by Wikipedia and Cato) puts it in mid-November 2008 with prices doubling about every 24.7 hours. (https://www.britannica.com/money/hyperinflation https://en.wikipedia.org/wiki/Hyperinflation_in_Zimbabwe https://www.cato.org/sites/cato.org/files/serials/files/cato-journal/2009/5/cj29n2-8.pdf)",""
"fact.how_money_works.zim_peak_2008","source.cato_hanke_zimbabwe","unverified","At its peak in mid-November 2008, Zimbabwe's monthly inflation was about 79.6 billion percent, with prices doubling roughly every day.","https://www.cato.org/sites/cato.org/files/serials/files/cato-journal/2009/5/cj29n2-8.pdf","L63 card.how_money_works.063.c4","L63 question.how_money_works.063.q3","","","","","","corroborated","Britannica: peak monthly inflation of 79.6 billion percent. Hanke and Kwok's measurement (reported by Wikipedia and Cato) puts it in mid-November 2008 with prices doubling about every 24.7 hours. (https://www.britannica.com/money/hyperinflation https://en.wikipedia.org/wiki/Hyperinflation_in_Zimbabwe https://www.cato.org/sites/cato.org/files/serials/files/cato-journal/2009/5/cj29n2-8.pdf)",""
"fact.how_money_works.zim_100_trillion_note","source.cnn_zimbabwe_100_trillion","unverified","In January 2009, Zimbabwe's central bank put a 100 trillion dollar note into circulation.","https://www.cnn.com/2009/WORLD/africa/01/16/zimbawe.currency/","L63 card.how_money_works.063.c4","L63 question.how_money_works.063.q3","","","","","","corroborated","CNN (January 16, 2009) reported the first $100 trillion note. Wikipedia: issued by the Reserve Bank of Zimbabwe on 16 January 2009. (https://www.cnn.com/2009/WORLD/africa/01/16/zimbawe.currency/ https://en.wikipedia.org/wiki/Zimbabwean_one_hundred_trillion_dollar_note)",""
"fact.how_money_works.zim_abandoned_2009","source.brit_hyperinflation","unverified","In 2009, Zimbabwe abandoned its own currency, and people used foreign money, mainly US dollars.","https://www.britannica.com/money/hyperinflation","L63 card.how_money_works.063.c4","L63 question.how_money_works.063.q3","","","","","","corroborated","Britannica: 'Zimbabwe abandoned its currency in 2009 and adopted a multicurrency system, with the U.S. dollar as the primary unit of exchange.' Wikipedia gives April 2009 and a multi-currency system anchored on the US dollar. (https://www.britannica.com/money/hyperinflation https://en.wikipedia.org/wiki/Zimbabwean_one_hundred_trillion_dollar_note)",""
"fact.how_money_works.defl_definition","source.fed_bernanke_deflation_2002","unverified","In 2002, Fed governor Ben Bernanke defined deflation as a general decline in prices, stressing the word 'general'.","https://www.federalreserve.gov/boarddocs/speeches/2002/20021121/default.htm","L64 card.how_money_works.064.c2","L64 question.how_money_works.064.q1","","","","","","corroborated","Bernanke (Nov 21, 2002): 'Deflation is defined as a general decline in prices, with emphasis on the word ""general.""' IMF F&D likewise describes deflation as falling prices. (https://www.federalreserve.gov/boarddocs/speeches/2002/20021121/default.htm https://www.imf.org/external/pubs/ft/fandd/2010/03/basics.htm)",""
"fact.how_money_works.defl_sector_productivity","source.fed_bernanke_deflation_2002","unverified","Prices falling in one sector because productivity is rising there are generally not a problem for the economy as a whole.","https://www.federalreserve.gov/boarddocs/speeches/2002/20021121/default.htm","L64 card.how_money_works.064.c2","L64 question.how_money_works.064.q1","","","","","","corroborated","Bernanke: sector-specific price declines from rising productivity 'are generally not a problem for the economy as a whole.' Wikipedia's deflation discussion notes productivity-driven price falls as distinct. (https://www.federalreserve.gov/boarddocs/speeches/2002/20021121/default.htm https://en.wikipedia.org/wiki/Deflation)",""
"fact.how_money_works.defl_demand_collapse","source.fed_bernanke_deflation_2002","unverified","Deflation is almost always a side effect of a collapse in spending so severe that producers must keep cutting prices to find buyers.","https://www.federalreserve.gov/boarddocs/speeches/2002/20021121/default.htm","L64 card.how_money_works.064.c2","L64 question.how_money_works.064.q1","","","","","","corroborated","Bernanke: deflation 'is in almost all cases a side effect of a collapse of aggregate demand', with producers cutting prices to find buyers. Wheelock's Fed essay describes falling spending forcing price cuts in the Depression. (https://www.federalreserve.gov/boarddocs/speeches/2002/20021121/default.htm https://www.federalreserveeducation.org/resources/lessons/lesson--great-depression-introduction-essay-wheelock.pdf)",""
"fact.how_money_works.defl_delay_purchases","source.imf_what_is_inflation","unverified","When prices are falling, people delay purchases if they can, which means less economic activity, less income and slower growth.","https://www.imf.org/external/pubs/ft/fandd/2010/03/basics.htm","L64 card.how_money_works.064.c3","L64 question.how_money_works.064.q2; L70 question.how_money_works.070.q4","","","","","","corroborated","IMF F&D: 'consumers delay making purchases if they can... less economic activity, less income generated by producers, and lower economic growth.' Other explainers describe the same deferral effect. (https://www.imf.org/external/pubs/ft/fandd/2010/03/basics.htm https://en.wikipedia.org/wiki/Debt_deflation)",""
"fact.how_money_works.defl_debt_burden","source.fed_bernanke_deflation_2002","unverified","When prices fall, borrowers must still repay the same amount of money, in dollars of ever-increasing real value.","https://www.federalreserve.gov/boarddocs/speeches/2002/20021121/default.htm","L64 card.how_money_works.064.c4","L64 question.how_money_works.064.q3; L69 question.how_money_works.069.q3","","","","","","corroborated","Bernanke: borrowers 'must still repay the principal in dollars of increasing (perhaps rapidly increasing) real value'. Wheelock: deflation 'increased the real burden of debt'. (https://www.federalreserve.gov/boarddocs/speeches/2002/20021121/default.htm https://www.federalreserveeducation.org/resources/lessons/lesson--great-depression-introduction-essay-wheelock.pdf)",""
"fact.how_money_works.defl_japan_2002","source.fed_bernanke_deflation_2002","unverified","By 2002, a mild fall in Japanese consumer prices, about 1% a year, had come with years of painfully slow growth.","https://www.federalreserve.gov/boarddocs/speeches/2002/20021121/default.htm","L64 card.how_money_works.064.c4","L64 question.how_money_works.064.q3; L69 question.how_money_works.069.q3","","","","","","corroborated","Bernanke: in Japan, 'a decline in consumer prices of about 1 percent per year--has been associated with years of painfully slow growth.' An IMF working paper (2003) documents CPI deflation in Japan since 1998. (https://www.federalreserve.gov/boarddocs/speeches/2002/20021121/default.htm https://www.imf.org/external/pubs/ft/wp/2003/wp03215.pdf)",""
"fact.how_money_works.gdp_definition","source.imf_gdp_basics","unverified","GDP measures the market value of the final goods and services produced in a country in a given period, such as a quarter or a year.","https://www.imf.org/external/pubs/ft/fandd/basics/14_gdp.htm","L65 card.how_money_works.065.c1; L65 card.how_money_works.065.c2","L65 question.how_money_works.065.q1","","","","","","corroborated","IMF F&D: 'GDP measures the monetary value of final goods and services... produced in a country in a given period of time (say a quarter or a year).' BEA uses the same definition. (https://www.imf.org/external/pubs/ft/fandd/basics/14_gdp.htm https://www.bea.gov/news/blog/2012-04-09/gdp-and-national-accounts-one-great-inventions-20th-century)",""
"fact.how_money_works.gdp_final_goods","source.imf_gdp_basics","unverified","Only final products count in GDP: flour sold to a baker is an intermediate input, and the bread is the final product.","https://www.imf.org/external/pubs/ft/fandd/basics/14_gdp.htm","L65 card.how_money_works.065.c2","L65 question.how_money_works.065.q1","","","","","","corroborated","IMF F&D: 'flour would be an intermediate input and bread the final product'. Standard textbook treatments (OpenStax) exclude intermediate goods to avoid double counting. (https://www.imf.org/external/pubs/ft/fandd/basics/14_gdp.htm https://openstax.org/books/principles-economics-3e/pages/19-1-measuring-the-size-of-the-economy-gross-domestic-product)",""
"fact.how_money_works.gdp_three_ways","source.imf_gdp_basics","unverified","GDP can be added up three ways: value added at each stage of production, spending by final users, or incomes earned from production.","https://www.imf.org/external/pubs/ft/fandd/basics/14_gdp.htm","L65 card.how_money_works.065.c2","L65 question.how_money_works.065.q1","","","","","","corroborated","IMF F&D describes the production, expenditure and income approaches. BEA also measures GDP by expenditure and income. (https://www.imf.org/external/pubs/ft/fandd/basics/14_gdp.htm https://www.bea.gov/news/blog/2012-04-09/gdp-and-national-accounts-one-great-inventions-20th-century)",""
"fact.how_money_works.gdp_real_vs_nominal","source.imf_gdp_basics","unverified","Real GDP adjusts GDP for price changes, so it shows growth in output rather than just rising prices.","https://www.imf.org/external/pubs/ft/fandd/basics/14_gdp.htm","L65 card.how_money_works.065.c3","L65 question.how_money_works.065.q3; L66 question.how_money_works.066.q3","","","","","","corroborated","IMF F&D: 'To determine ""real"" GDP, its nominal value must be adjusted to take into account price changes.' OpenStax makes the same distinction. (https://www.imf.org/external/pubs/ft/fandd/basics/14_gdp.htm https://openstax.org/books/principles-economics-3e/pages/19-2-adjusting-nominal-values-to-real-values)",""
"fact.how_money_works.gdp_excludes_unpaid","source.imf_gdp_basics","unverified","GDP leaves out unpaid work, such as housework and volunteering, because it is hard to measure and value.","https://www.imf.org/external/pubs/ft/fandd/basics/14_gdp.htm","L65 card.how_money_works.065.c1; L65 card.how_money_works.065.c4","L65 question.how_money_works.065.q2","","","","","","corroborated","IMF F&D: 'Unpaid work (such as that performed in the home or by volunteers) and black-market activities are not included because they are difficult to measure and value accurately.' Marketplace makes the same point. (https://www.imf.org/external/pubs/ft/fandd/basics/14_gdp.htm https://www.marketplace.org/story/2023/09/01/gdp-measure-of-economic-growth)",""
"fact.how_money_works.gdp_ignores_wellbeing","source.imf_gdp_basics","unverified","GDP also ignores environmental damage, lost leisure and how income is shared, so it is not a full measure of well-being.","https://www.imf.org/external/pubs/ft/fandd/basics/14_gdp.htm","L65 card.how_money_works.065.c4","L65 question.how_money_works.065.q2","","","","","","corroborated","IMF F&D notes GDP ignores environmental damage, reduced leisure and income distribution and does not capture overall well-being. Marketplace (2023) reports the same limits. (https://www.imf.org/external/pubs/ft/fandd/basics/14_gdp.htm https://www.marketplace.org/story/2023/09/01/gdp-measure-of-economic-growth)",""
"fact.how_money_works.kuznets_1934_accounts","source.bea_gdp_great_invention","unverified","In 1934, economist Simon Kuznets presented the first set of US national economic accounts in a report to Congress.","https://www.bea.gov/news/blog/2012-04-09/gdp-and-national-accounts-one-great-inventions-20th-century","L65 card.how_money_works.065.c4","L65 question.how_money_works.065.q2","","","","","","corroborated","BEA: Kuznets developed 'the first set of national economic accounts, which were presented in a report to Congress in 1934.' The report itself (National Income, 1929-32) is on FRASER. (https://www.bea.gov/news/blog/2012-04-09/gdp-and-national-accounts-one-great-inventions-20th-century https://fraser.stlouisfed.org/files/docs/publications/natincome_1934/19340104_nationalinc.pdf)",""
"fact.how_money_works.kuznets_1934_accounts","source.fraser_kuznets_national_income_1934","unverified","In 1934, economist Simon Kuznets presented the first set of US national economic accounts in a report to Congress.","https://fraser.stlouisfed.org/files/docs/publications/natincome_1934/19340104_nationalinc.pdf","L65 card.how_money_works.065.c4","L65 question.how_money_works.065.q2","","","","","","corroborated","BEA: Kuznets developed 'the first set of national economic accounts, which were presented in a report to Congress in 1934.' The report itself (National Income, 1929-32) is on FRASER. (https://www.bea.gov/news/blog/2012-04-09/gdp-and-national-accounts-one-great-inventions-20th-century https://fraser.stlouisfed.org/files/docs/publications/natincome_1934/19340104_nationalinc.pdf)",""
"fact.how_money_works.kuznets_welfare_warning","source.fraser_kuznets_national_income_1934","unverified","In that 1934 report, Kuznets warned that the welfare of a nation can scarcely be inferred from a measurement of national income.","https://fraser.stlouisfed.org/files/docs/publications/natincome_1934/19340104_nationalinc.pdf","L65 card.how_money_works.065.c4","L65 question.how_money_works.065.q2","","","","","","corroborated","The report reads: 'The welfare of a nation can, therefore, scarcely be inferred from a measurement of national income'. Marketplace (2023) quotes the same line. (https://fraser.stlouisfed.org/files/docs/publications/natincome_1934/19340104_nationalinc.pdf https://www.marketplace.org/story/2023/09/01/gdp-measure-of-economic-growth)",""
"fact.how_money_works.cycle_definition","source.econlib_romer_business_cycles","unverified","Economies go through expansions, or booms, when activity grows, and recessions, when it declines.","https://www.econlib.org/library/Enc/BusinessCycles.html","L66 card.how_money_works.066.c2","L66 question.how_money_works.066.q1; L67 question.how_money_works.067.q3","","","","","","corroborated","Romer (Econlib): 'Periods of economic prosperity are typically called expansions or booms; periods of economic decline are called recessions'. Britannica defines business cycles as fluctuations in economic activity. (https://www.econlib.org/library/Enc/BusinessCycles.html https://www.britannica.com/money/business-cycle)",""
"fact.how_money_works.cycle_definition","source.brit_business_cycle","unverified","Economies go through expansions, or booms, when activity grows, and recessions, when it declines.","https://www.britannica.com/money/business-cycle","L66 card.how_money_works.066.c2","L66 question.how_money_works.066.q1; L67 question.how_money_works.067.q3","","","","","","corroborated","Romer (Econlib): 'Periods of economic prosperity are typically called expansions or booms; periods of economic decline are called recessions'. Britannica defines business cycles as fluctuations in economic activity. (https://www.econlib.org/library/Enc/BusinessCycles.html https://www.britannica.com/money/business-cycle)",""
"fact.how_money_works.cycle_irregular","source.econlib_romer_business_cycles","unverified","Expansions and recessions come at irregular intervals and last for different lengths of time.","https://www.econlib.org/library/Enc/BusinessCycles.html","L66 card.how_money_works.066.c2","L66 question.how_money_works.066.q1; L67 question.how_money_works.067.q3","","","","","","corroborated","Romer: 'Expansions and recessions occur at irregular intervals and last for varying lengths of time.' Britannica: the movements are not strictly cyclic or wavelike. (https://www.econlib.org/library/Enc/BusinessCycles.html https://www.britannica.com/money/business-cycle)",""
"fact.how_money_works.cycle_irregular","source.brit_business_cycle","unverified","Expansions and recessions come at irregular intervals and last for different lengths of time.","https://www.britannica.com/money/business-cycle","L66 card.how_money_works.066.c2","L66 question.how_money_works.066.q1; L67 question.how_money_works.067.q3","","","","","","corroborated","Romer: 'Expansions and recessions occur at irregular intervals and last for varying lengths of time.' Britannica: the movements are not strictly cyclic or wavelike. (https://www.econlib.org/library/Enc/BusinessCycles.html https://www.britannica.com/money/business-cycle)",""
"fact.how_money_works.cycle_peak_trough","source.nber_business_cycle_dating","unverified","A peak is the last month of an expansion; a trough is the last month of a recession.","https://www.nber.org/research/business-cycle-dating","L66 card.how_money_works.066.c2","L66 question.how_money_works.066.q1; L67 question.how_money_works.067.q3","","","","","","corroborated","NBER: the peak is 'the last month of the expansion' and the trough 'the last month of the recession'. The NBER FAQ uses the same terms. (https://www.nber.org/research/business-cycle-dating https://www.nber.org/research/business-cycle-dating/business-cycle-dating-procedure-frequently-asked-questions)",""
"fact.how_money_works.nber_recession_definition","source.nber_business_cycle_dating","unverified","The NBER dates US recessions: a significant decline in economic activity, spread across the economy, lasting more than a few months.","https://www.nber.org/research/business-cycle-dating","L66 card.how_money_works.066.c3","L66 question.how_money_works.066.q3","","","","","","corroborated","NBER: 'a recession involves a significant decline in economic activity that is spread across the economy and lasts more than a few months.' The NBER FAQ repeats it. (https://www.nber.org/research/business-cycle-dating https://www.nber.org/research/business-cycle-dating/business-cycle-dating-procedure-frequently-asked-questions)",""
"fact.how_money_works.nber_two_quarters","source.nber_dating_faq","unverified","Two straight quarters of falling real GDP is a popular rule of thumb, not the NBER's definition, though most recessions fit it.","https://www.nber.org/research/business-cycle-dating/business-cycle-dating-procedure-frequently-asked-questions","L66 card.how_money_works.066.c3","L66 question.how_money_works.066.q3","","","","","","corroborated","NBER FAQ: 'Most of the recessions identified by our procedures do consist of two or more consecutive quarters of declining real GDP, but not all of them.' CRS reports describe the rule of thumb. (https://www.nber.org/research/business-cycle-dating/business-cycle-dating-procedure-frequently-asked-questions https://www.everycrsreport.com/reports/R40052.html)",""
"fact.how_money_works.nber_dec2008_announcement","source.nber_dec2008_announcement","unverified","On December 1, 2008, the NBER announced that a US recession had begun in December 2007.","https://www.nber.org/news/business-cycle-dating-committee-announcement-december-1-2008","L66 card.how_money_works.066.c1","","","","","","","corroborated","NBER announcement of December 1, 2008: a peak occurred in December 2007. CNN Money (Dec 1, 2008): 'It's official: U.S. in a recession since December 2007'. (https://www.nber.org/news/business-cycle-dating-committee-announcement-december-1-2008 https://money.cnn.com/2008/12/01/news/economy/recession/)",""
"fact.how_money_works.recession_2020_two_months","source.nber_business_cycle_dating","unverified","The US recession of 2020 lasted about two months, from a peak in February to a trough in April.","https://www.nber.org/research/business-cycle-dating","L66 card.how_money_works.066.c3","L66 question.how_money_works.066.q3","","","","","","corroborated","NBER chronology: peak February 2020, trough April 2020. The NBER announcement of July 2021 and widespread coverage describe it as the shortest US recession on record. (https://www.nber.org/research/business-cycle-dating https://www.nber.org/news/business-cycle-dating-committee-announcement-july-19-2021)",""
"fact.how_money_works.cycle_spending_shocks","source.econlib_romer_business_cycles","unverified","Many economists see spending swings as a main driver: a surge in private or public spending fuels a boom; a pullback brings a recession.","https://www.econlib.org/library/Enc/BusinessCycles.html","L66 card.how_money_works.066.c4","L66 question.how_money_works.066.q2","","","","","","corroborated","Romer: 'Inflationary booms can be generated by surges in private or public spending' and recessions by the same forces in reverse. OpenStax's Keynesian model stresses aggregate demand as a cause of cycles. (https://www.econlib.org/library/Enc/BusinessCycles.html https://openstax.org/books/principles-economics-3e/pages/26-3-balancing-keynesian-and-neoclassical-models)",""
"fact.how_money_works.cycle_interest_rates","source.econlib_romer_business_cycles","unverified","Central banks can also push the cycle, generating recessions or booms by raising or lowering interest rates.","https://www.econlib.org/library/Enc/BusinessCycles.html","L66 card.how_money_works.066.c4","L66 question.how_money_works.066.q2","","","","","","corroborated","Romer: 'By raising or lowering interest rates, the Federal Reserve is able to generate recessions or booms.' The Econlib entry cites the Volcker disinflation as an example. (https://www.econlib.org/library/Enc/BusinessCycles.html https://openstax.org/books/principles-economics-3e/pages/26-3-balancing-keynesian-and-neoclassical-models)",""
"fact.how_money_works.cycle_new_classical","source.econlib_romer_business_cycles","unverified","Economists in the new classical tradition argue that cycles come largely from shocks to productivity and tastes, not changes in demand.","https://www.econlib.org/library/Enc/BusinessCycles.html","L66 card.how_money_works.066.c4","L66 question.how_money_works.066.q2","","","","","","corroborated","Romer: in the new classical framework 'business cycles are largely the result of disturbances in productivity and tastes, not of changes in aggregate demand.' Britannica lists technological theories among cycle explanations. (https://www.econlib.org/library/Enc/BusinessCycles.html https://www.britannica.com/money/business-cycle)",""
"fact.how_money_works.cycle_views_debate","source.econlib_romer_business_cycles","unverified","Economists still disagree about what drives business cycles.","https://www.econlib.org/library/Enc/BusinessCycles.html","L66 card.how_money_works.066.c4","L66 question.how_money_works.066.q2","","","","","","corroborated","Romer contrasts Keynesian and new classical explanations; Britannica lists many competing theories (monetary, investment, technological and others). (https://www.econlib.org/library/Enc/BusinessCycles.html https://www.britannica.com/money/business-cycle)",""
"fact.how_money_works.cycle_views_debate","source.brit_business_cycle","unverified","Economists still disagree about what drives business cycles.","https://www.britannica.com/money/business-cycle","L66 card.how_money_works.066.c4","L66 question.how_money_works.066.q2","","","","","","corroborated","Romer contrasts Keynesian and new classical explanations; Britannica lists many competing theories (monetary, investment, technological and others). (https://www.econlib.org/library/Enc/BusinessCycles.html https://www.britannica.com/money/business-cycle)",""
"fact.how_money_works.unemp_cps_60000","source.bls_how_unemployment_measured","unverified","The US measures unemployment each month with the Current Population Survey, a survey of about 60,000 households.","https://www.bls.gov/cps/cps_htgm.htm","L67 card.how_money_works.067.c2","L67 question.how_money_works.067.q1","","","","","","corroborated","BLS: the CPS is 'a monthly survey of approximately 60,000 households'. St. Louis Fed: BLS 'surveys 60,000 households'. (https://www.bls.gov/cps/cps_htgm.htm https://www.stlouisfed.org/publications/page-one-economics/2016/02/01/making-sense-of-unemployment-data/)",""
"fact.how_money_works.unemp_cps_60000","source.stlouisfed_unemployment_data","unverified","The US measures unemployment each month with the Current Population Survey, a survey of about 60,000 households.","https://www.stlouisfed.org/publications/page-one-economics/2016/02/01/making-sense-of-unemployment-data/","L67 card.how_money_works.067.c2","L67 question.how_money_works.067.q1","","","","","","corroborated","BLS: the CPS is 'a monthly survey of approximately 60,000 households'. St. Louis Fed: BLS 'surveys 60,000 households'. (https://www.bls.gov/cps/cps_htgm.htm https://www.stlouisfed.org/publications/page-one-economics/2016/02/01/making-sense-of-unemployment-data/)",""
"fact.how_money_works.unemp_definition","source.bls_how_unemployment_measured","unverified","People count as unemployed if they have no job, have actively looked for work in the prior 4 weeks, and are available to work.","https://www.bls.gov/cps/cps_htgm.htm","L67 card.how_money_works.067.c2","L67 question.how_money_works.067.q1","","","","","","corroborated","BLS: 'People are classified as unemployed if they do not have a job, have actively looked for work in the prior 4 weeks, and are currently available for work.' St. Louis Fed gives the same four-week test. (https://www.bls.gov/cps/cps_htgm.htm https://www.stlouisfed.org/publications/page-one-economics/2016/02/01/making-sense-of-unemployment-data/)",""
"fact.how_money_works.unemp_not_ui_claims","source.bls_how_unemployment_measured","unverified","Unemployment is not counted from benefit claims, because many jobless people are not eligible or never apply.","https://www.bls.gov/cps/cps_htgm.htm","L67 card.how_money_works.067.c2","L67 question.how_money_works.067.q1","","","","","","corroborated","BLS: UI data aren't used because some people are jobless after benefits run out 'and many more are not eligible at all or delay or never apply for benefits.' (https://www.bls.gov/cps/cps_htgm.htm https://www.stlouisfed.org/publications/page-one-economics/2016/02/01/making-sense-of-unemployment-data/)",""
"fact.how_money_works.unemp_rate","source.bls_how_unemployment_measured","unverified","The labor force is everyone employed or unemployed; the unemployment rate is the unemployed as a percentage of the labor force.","https://www.bls.gov/cps/cps_htgm.htm","L67 card.how_money_works.067.c3","L67 question.how_money_works.067.q2","","","","","","corroborated","BLS: the labor force is the employed plus the unemployed, and the rate is 'the number of unemployed people as a percentage of the labor force.' St. Louis Fed gives the same formula. (https://www.bls.gov/cps/cps_htgm.htm https://www.stlouisfed.org/publications/page-one-economics/2016/02/01/making-sense-of-unemployment-data/)",""
"fact.how_money_works.unemp_not_in_labor_force","source.bls_how_unemployment_measured","unverified","Retirees, students and discouraged workers who have stopped looking are outside the labor force, so they are not counted as unemployed.","https://www.bls.gov/cps/cps_htgm.htm","L67 card.how_money_works.067.c1; L67 card.how_money_works.067.c3","L67 question.how_money_works.067.q2","","","","","","corroborated","BLS lists retirees, students and discouraged workers as not in the labor force. St. Louis Fed: discouraged workers are excluded from labor force calculations. (https://www.bls.gov/cps/cps_htgm.htm https://www.stlouisfed.org/publications/page-one-economics/2016/02/01/making-sense-of-unemployment-data/)",""
"fact.how_money_works.unemp_not_in_labor_force","source.stlouisfed_unemployment_data","unverified","Retirees, students and discouraged workers who have stopped looking are outside the labor force, so they are not counted as unemployed.","https://www.stlouisfed.org/publications/page-one-economics/2016/02/01/making-sense-of-unemployment-data/","L67 card.how_money_works.067.c1; L67 card.how_money_works.067.c3","L67 question.how_money_works.067.q2","","","","","","corroborated","BLS lists retirees, students and discouraged workers as not in the labor force. St. Louis Fed: discouraged workers are excluded from labor force calculations. (https://www.bls.gov/cps/cps_htgm.htm https://www.stlouisfed.org/publications/page-one-economics/2016/02/01/making-sense-of-unemployment-data/)",""
"fact.how_money_works.unemp_frictional","source.openstax_unemployment_long_run","unverified","Frictional unemployment happens while people move between jobs or look for their first one, so some always exists.","https://openstax.org/books/principles-economics-3e/pages/21-4-what-causes-changes-in-unemployment-over-the-long-run","L67 card.how_money_works.067.c4","L67 question.how_money_works.067.q3; L70 question.how_money_works.070.q3","","","","","","corroborated","OpenStax: frictional unemployment occurs as workers move between jobs. St. Louis Fed: people new to the job market or searching for a better job; a certain amount is inevitable. (https://openstax.org/books/principles-economics-3e/pages/21-4-what-causes-changes-in-unemployment-over-the-long-run https://www.stlouisfed.org/publications/page-one-economics/2016/02/01/making-sense-of-unemployment-data/)",""
"fact.how_money_works.unemp_frictional","source.stlouisfed_unemployment_data","unverified","Frictional unemployment happens while people move between jobs or look for their first one, so some always exists.","https://www.stlouisfed.org/publications/page-one-economics/2016/02/01/making-sense-of-unemployment-data/","L67 card.how_money_works.067.c4","L67 question.how_money_works.067.q3; L70 question.how_money_works.070.q3","","","","","","corroborated","OpenStax: frictional unemployment occurs as workers move between jobs. St. Louis Fed: people new to the job market or searching for a better job; a certain amount is inevitable. (https://openstax.org/books/principles-economics-3e/pages/21-4-what-causes-changes-in-unemployment-over-the-long-run https://www.stlouisfed.org/publications/page-one-economics/2016/02/01/making-sense-of-unemployment-data/)",""
"fact.how_money_works.unemp_structural","source.openstax_unemployment_long_run","unverified","Structural unemployment happens when workers' skills no longer match what employers want, as when demand shifts away from those skills.","https://openstax.org/books/principles-economics-3e/pages/21-4-what-causes-changes-in-unemployment-over-the-long-run","L67 card.how_money_works.067.c4","L67 question.how_money_works.067.q3; L70 question.how_money_works.070.q3","","","","","","corroborated","OpenStax: jobless because demand has shifted away from their skills. St. Louis Fed: a mismatch between skills held and skills demanded. (https://openstax.org/books/principles-economics-3e/pages/21-4-what-causes-changes-in-unemployment-over-the-long-run https://www.stlouisfed.org/publications/page-one-economics/2016/02/01/making-sense-of-unemployment-data/)",""
"fact.how_money_works.unemp_structural","source.stlouisfed_unemployment_data","unverified","Structural unemployment happens when workers' skills no longer match what employers want, as when demand shifts away from those skills.","https://www.stlouisfed.org/publications/page-one-economics/2016/02/01/making-sense-of-unemployment-data/","L67 card.how_money_works.067.c4","L67 question.how_money_works.067.q3; L70 question.how_money_works.070.q3","","","","","","corroborated","OpenStax: jobless because demand has shifted away from their skills. St. Louis Fed: a mismatch between skills held and skills demanded. (https://openstax.org/books/principles-economics-3e/pages/21-4-what-causes-changes-in-unemployment-over-the-long-run https://www.stlouisfed.org/publications/page-one-economics/2016/02/01/making-sense-of-unemployment-data/)",""
"fact.how_money_works.unemp_cyclical","source.openstax_unemployment_long_run","unverified","Cyclical unemployment rises during recessions and falls during expansions.","https://openstax.org/books/principles-economics-3e/pages/21-4-what-causes-changes-in-unemployment-over-the-long-run","L67 card.how_money_works.067.c4","L67 question.how_money_works.067.q3; L70 question.how_money_works.070.q3","","","","","","corroborated","OpenStax: 'Cyclical unemployment explains why unemployment rises during a recession and falls during an economic expansion.' St. Louis Fed: jobs lost due to recession. (https://openstax.org/books/principles-economics-3e/pages/21-4-what-causes-changes-in-unemployment-over-the-long-run https://www.stlouisfed.org/publications/page-one-economics/2016/02/01/making-sense-of-unemployment-data/)",""
"fact.how_money_works.unemp_cyclical","source.stlouisfed_unemployment_data","unverified","Cyclical unemployment rises during recessions and falls during expansions.","https://www.stlouisfed.org/publications/page-one-economics/2016/02/01/making-sense-of-unemployment-data/","L67 card.how_money_works.067.c4","L67 question.how_money_works.067.q3; L70 question.how_money_works.070.q3","","","","","","corroborated","OpenStax: 'Cyclical unemployment explains why unemployment rises during a recession and falls during an economic expansion.' St. Louis Fed: jobs lost due to recession. (https://openstax.org/books/principles-economics-3e/pages/21-4-what-causes-changes-in-unemployment-over-the-long-run https://www.stlouisfed.org/publications/page-one-economics/2016/02/01/making-sense-of-unemployment-data/)",""
"fact.how_money_works.unemp_natural_rate","source.openstax_unemployment_long_run","unverified","Frictional plus structural unemployment make up the natural rate, which exists even when the economy is neither booming nor in recession.","https://openstax.org/books/principles-economics-3e/pages/21-4-what-causes-changes-in-unemployment-over-the-long-run","L67 card.how_money_works.067.c4","L67 question.how_money_works.067.q3; L70 question.how_money_works.070.q3","","","","","","corroborated","OpenStax defines the natural rate as unemployment with the economy neither booming nor in recession. St. Louis Fed: the natural rate is the sum of frictional and structural unemployment. (https://openstax.org/books/principles-economics-3e/pages/21-4-what-causes-changes-in-unemployment-over-the-long-run https://www.stlouisfed.org/publications/page-one-economics/2016/02/01/making-sense-of-unemployment-data/)",""
"fact.how_money_works.unemp_natural_rate","source.stlouisfed_unemployment_data","unverified","Frictional plus structural unemployment make up the natural rate, which exists even when the economy is neither booming nor in recession.","https://www.stlouisfed.org/publications/page-one-economics/2016/02/01/making-sense-of-unemployment-data/","L67 card.how_money_works.067.c4","L67 question.how_money_works.067.q3; L70 question.how_money_works.070.q3","","","","","","corroborated","OpenStax defines the natural rate as unemployment with the economy neither booming nor in recession. St. Louis Fed: the natural rate is the sum of frictional and structural unemployment. (https://openstax.org/books/principles-economics-3e/pages/21-4-what-causes-changes-in-unemployment-over-the-long-run https://www.stlouisfed.org/publications/page-one-economics/2016/02/01/making-sense-of-unemployment-data/)",""
"fact.how_money_works.bubble_definition","source.chicagofed_asset_bubbles","unverified","A bubble is when an asset's market price sits far above the price its fundamentals justify, for a long time.","https://www.chicagofed.org/publications/chicago-fed-letter/2012/november-304","L68 card.how_money_works.068.c2","L68 question.how_money_works.068.q2; L70 question.how_money_works.070.q2","","","","","","corroborated","Chicago Fed: 'A bubble exists when the market price of an asset exceeds its price determined by fundamental factors by a significant amount for a prolonged period.' LOC: prices exceed their fundamental value. (https://www.chicagofed.org/publications/chicago-fed-letter/2012/november-304 https://guides.loc.gov/business-booms-busts/introduction)",""
"fact.how_money_works.bubble_definition","source.loc_booms_busts_intro","unverified","A bubble is when an asset's market price sits far above the price its fundamentals justify, for a long time.","https://guides.loc.gov/business-booms-busts/introduction","L68 card.how_money_works.068.c2","L68 question.how_money_works.068.q2; L70 question.how_money_works.070.q2","","","","","","corroborated","Chicago Fed: 'A bubble exists when the market price of an asset exceeds its price determined by fundamental factors by a significant amount for a prolonged period.' LOC: prices exceed their fundamental value. (https://www.chicagofed.org/publications/chicago-fed-letter/2012/november-304 https://guides.loc.gov/business-booms-busts/introduction)",""
"fact.how_money_works.bubble_sell_to_optimist","source.chicagofed_asset_bubbles","unverified","In a bubble, buyers may pay above fundamental value because they expect to sell to someone even more optimistic.","https://www.chicagofed.org/publications/chicago-fed-letter/2012/november-304","L68 card.how_money_works.068.c2","L68 question.how_money_works.068.q2; L70 question.how_money_works.070.q2","","","","","","corroborated","Chicago Fed: a buyer pays above fundamentals because the buyer obtains 'an option to sell the asset to other traders who have more optimistic beliefs'. Search results from Fed explainers describe buyers expecting to sell for more. (https://www.chicagofed.org/publications/chicago-fed-letter/2012/november-304 https://www.stlouisfed.org/publications/regional-economist/july-2015/asset-bubbles-detecting-and-measuring-them-are-not-easy-tasks)",""
"fact.how_money_works.bubble_hindsight","source.chicagofed_asset_bubbles","unverified","Bubbles are hard to identify while they happen, and many are only seen as bubbles in hindsight.","https://www.chicagofed.org/publications/chicago-fed-letter/2012/november-304","L68 card.how_money_works.068.c2","L68 question.how_money_works.068.q2; L70 question.how_money_works.070.q2","","","","","","corroborated","Chicago Fed: 'It is difficult to identify a bubble'. LOC: 'these ""bubbles"" may have only been seen as bubbles in retrospect'. St. Louis Fed: 'little agreement' on metrics to identify one. (https://www.chicagofed.org/publications/chicago-fed-letter/2012/november-304 https://guides.loc.gov/business-booms-busts/introduction https://www.stlouisfed.org/publications/regional-economist/july-2015/asset-bubbles-detecting-and-measuring-them-are-not-easy-tasks)",""
"fact.how_money_works.bubble_hindsight","source.loc_booms_busts_intro","unverified","Bubbles are hard to identify while they happen, and many are only seen as bubbles in hindsight.","https://guides.loc.gov/business-booms-busts/introduction","L68 card.how_money_works.068.c2","L68 question.how_money_works.068.q2; L70 question.how_money_works.070.q2","","","","","","corroborated","Chicago Fed: 'It is difficult to identify a bubble'. LOC: 'these ""bubbles"" may have only been seen as bubbles in retrospect'. St. Louis Fed: 'little agreement' on metrics to identify one. (https://www.chicagofed.org/publications/chicago-fed-letter/2012/november-304 https://guides.loc.gov/business-booms-busts/introduction https://www.stlouisfed.org/publications/regional-economist/july-2015/asset-bubbles-detecting-and-measuring-them-are-not-easy-tasks)",""
"fact.how_money_works.bubble_fama_shiller","source.nobel_2013_economics","unverified","In 2013, Robert Shiller, who says prices can drift from fundamentals, shared the economics Nobel with efficient-markets pioneer Eugene Fama.","https://www.nobelprize.org/prizes/economic-sciences/2013/press-release/","L68 card.how_money_works.068.c4","L68 question.how_money_works.068.q3","","","","","","corroborated","NobelPrize.org: 2013 prize to Fama, Hansen and Shiller; Fama showed new information is quickly incorporated into prices. ESSEC: Shiller argues markets move away from fundamentals into bubbles; Fama that prices reflect information. (https://www.nobelprize.org/prizes/economic-sciences/2013/press-release/ https://knowledge.essec.edu/en/economy-finance/nobel-prize-in-economics-2013.html)",""
"fact.how_money_works.bubble_fama_shiller","source.essec_nobel_2013","unverified","In 2013, Robert Shiller, who says prices can drift from fundamentals, shared the economics Nobel with efficient-markets pioneer Eugene Fama.","https://knowledge.essec.edu/en/economy-finance/nobel-prize-in-economics-2013.html","L68 card.how_money_works.068.c4","L68 question.how_money_works.068.q3","","","","","","corroborated","NobelPrize.org: 2013 prize to Fama, Hansen and Shiller; Fama showed new information is quickly incorporated into prices. ESSEC: Shiller argues markets move away from fundamentals into bubbles; Fama that prices reflect information. (https://www.nobelprize.org/prizes/economic-sciences/2013/press-release/ https://knowledge.essec.edu/en/economy-finance/nobel-prize-in-economics-2013.html)",""
"fact.how_money_works.tulip_first_bubble","source.loc_tulip_mania","unverified","Dutch tulip mania in the 1630s has long been considered the first recorded speculative bubble.","https://guides.loc.gov/business-booms-busts/tulip-mania","L68 card.how_money_works.068.c1","","","","","","","corroborated","LOC: Tulip Mania 'has long been considered the first recorded speculative or asset bubble.' Smithsonian describes the long-told legend of the craze. (https://guides.loc.gov/business-booms-busts/tulip-mania https://www.smithsonianmag.com/history/there-never-was-real-tulip-fever-180964915/)",""
"fact.how_money_works.tulip_broken_bulbs","source.smithsonian_tulip_fever","unverified","Collectors prized 'broken' tulips with striped petals; the stripes came from a virus that made those bulbs rare and unpredictable.","https://www.smithsonianmag.com/history/there-never-was-real-tulip-fever-180964915/","L68 card.how_money_works.068.c3","L68 question.how_money_works.068.q1; L68 question.how_money_works.068.q3","","","","","","corroborated","Smithsonian: collectors desired broken bulbs; the striping came from a mosaic virus that made bulbs unpredictable. Michigan State University Extension describes the same virus-striped tulips. (https://www.smithsonianmag.com/history/there-never-was-real-tulip-fever-180964915/ https://www.canr.msu.edu/news/tulip_mania_the_history_of_the_tulip_market)",""
"fact.how_money_works.tulip_crash_1637","source.smithsonian_tulip_fever","unverified","The Dutch tulip market cracked in February 1637, when many buyers said they couldn't pay the prices they had agreed.","https://www.smithsonianmag.com/history/there-never-was-real-tulip-fever-180964915/","L68 card.how_money_works.068.c1; L68 card.how_money_works.068.c3","L68 question.how_money_works.068.q1; L68 question.how_money_works.068.q3","","","","","","corroborated","Smithsonian: in February 1637 numerous buyers announced they couldn't pay agreed prices. LOC: 'by February 1637, prices began to decline.' (https://www.smithsonianmag.com/history/there-never-was-real-tulip-fever-180964915/ https://guides.loc.gov/business-booms-busts/tulip-mania)",""
"fact.how_money_works.tulip_crash_1637","source.loc_tulip_mania","unverified","The Dutch tulip market cracked in February 1637, when many buyers said they couldn't pay the prices they had agreed.","https://guides.loc.gov/business-booms-busts/tulip-mania","L68 card.how_money_works.068.c1; L68 card.how_money_works.068.c3","L68 question.how_money_works.068.q1; L68 question.how_money_works.068.q3","","","","","","corroborated","Smithsonian: in February 1637 numerous buyers announced they couldn't pay agreed prices. LOC: 'by February 1637, prices began to decline.' (https://www.smithsonianmag.com/history/there-never-was-real-tulip-fever-180964915/ https://guides.loc.gov/business-booms-busts/tulip-mania)",""
"fact.how_money_works.tulip_mackay_legend","source.smithsonian_tulip_fever","unverified","Charles Mackay's 1841 book spread the story that everyone from rich merchants to chimney sweeps joined the tulip frenzy.","https://www.smithsonianmag.com/history/there-never-was-real-tulip-fever-180964915/","L68 card.how_money_works.068.c3","L68 question.how_money_works.068.q1; L68 question.how_money_works.068.q3","","","","","","corroborated","Smithsonian: Mackay's 1841 Extraordinary Popular Delusions popularized the tale of merchants to chimney sweeps speculating. LOC notes long-held assumptions challenged by Goldgar. (https://www.smithsonianmag.com/history/there-never-was-real-tulip-fever-180964915/ https://guides.loc.gov/business-booms-busts/tulip-mania)",""
"fact.how_money_works.tulip_goldgar","source.smithsonian_tulip_fever","unverified","Historian Anne Goldgar searched the archives and found few people involved, minor damage, and nobody she could find who went bankrupt.","https://www.smithsonianmag.com/history/there-never-was-real-tulip-fever-180964915/","L68 card.how_money_works.068.c3","L68 question.how_money_works.068.q1; L68 question.how_money_works.068.q3","","","","","","corroborated","Smithsonian quotes Goldgar: 'There weren't that many people involved and the economic repercussions were pretty minor. I couldn't find anybody that went bankrupt.' LOC: neither the height nor the bursting were as dramatic as told. (https://www.smithsonianmag.com/history/there-never-was-real-tulip-fever-180964915/ https://guides.loc.gov/business-booms-busts/tulip-mania)",""
"fact.how_money_works.tulip_goldgar","source.loc_tulip_mania","unverified","Historian Anne Goldgar searched the archives and found few people involved, minor damage, and nobody she could find who went bankrupt.","https://guides.loc.gov/business-booms-busts/tulip-mania","L68 card.how_money_works.068.c3","L68 question.how_money_works.068.q1; L68 question.how_money_works.068.q3","","","","","","corroborated","Smithsonian quotes Goldgar: 'There weren't that many people involved and the economic repercussions were pretty minor. I couldn't find anybody that went bankrupt.' LOC: neither the height nor the bursting were as dramatic as told. (https://www.smithsonianmag.com/history/there-never-was-real-tulip-fever-180964915/ https://guides.loc.gov/business-booms-busts/tulip-mania)",""
"fact.how_money_works.dotcom_rise","source.loc_dotcom_real_estate","unverified","In the late 1990s, money poured into internet start-ups, many of them overvalued with little to show in products or profits.","https://guides.loc.gov/business-booms-busts/dot-com-real-estate","L68 card.how_money_works.068.c4","L68 question.how_money_works.068.q3","","","","","","corroborated","LOC: abundant venture funding for start-ups, 'many of the start-ups were overvalued often with little to show'. EBSCO: investors overlooked profit potential and relied on soaring stock prices. (https://guides.loc.gov/business-booms-busts/dot-com-real-estate https://www.ebsco.com/research-starters/economics/dot-com-bubble)",""
"fact.how_money_works.dotcom_nasdaq_fall","source.ebsco_nasdaq_dotcom_crash","unverified","The tech-heavy Nasdaq index peaked in March 2000, and by October 2002 it had fallen more than 78% from its high.","https://www.ebsco.com/research-starters/economics/nasdaq-dive-prompts-dot-com-crash","L68 card.how_money_works.068.c4","L68 question.how_money_works.068.q3","","","","","","corroborated","EBSCO: 'By October, 2002, the NASDAQ Composite bottomed out at 1141, more than 78 percent off from the high.' LOC: peak on March 10, 2000. Wikipedia gives a 78% fall by October 2002. (https://www.ebsco.com/research-starters/economics/nasdaq-dive-prompts-dot-com-crash https://guides.loc.gov/business-booms-busts/dot-com-real-estate https://en.wikipedia.org/wiki/Dot-com_bubble)",""
"fact.how_money_works.dotcom_nasdaq_fall","source.loc_dotcom_real_estate","unverified","The tech-heavy Nasdaq index peaked in March 2000, and by October 2002 it had fallen more than 78% from its high.","https://guides.loc.gov/business-booms-busts/dot-com-real-estate","L68 card.how_money_works.068.c4","L68 question.how_money_works.068.q3","","","","","","corroborated","EBSCO: 'By October, 2002, the NASDAQ Composite bottomed out at 1141, more than 78 percent off from the high.' LOC: peak on March 10, 2000. Wikipedia gives a 78% fall by October 2002. (https://www.ebsco.com/research-starters/economics/nasdaq-dive-prompts-dot-com-crash https://guides.loc.gov/business-booms-busts/dot-com-real-estate https://en.wikipedia.org/wiki/Dot-com_bubble)",""
"fact.how_money_works.depression_dates","source.fedhistory_great_depression","unverified","The Great Depression lasted from 1929 until about 1941, the longest and deepest downturn in US history.","https://www.federalreservehistory.org/essays/great-depression","L69 card.how_money_works.069.c2","L69 question.how_money_works.069.q1; L69 question.how_money_works.069.q3","","","","","","corroborated","Federal Reserve History: from August 1929 to 1941, 'the longest and deepest downturn in the history of the United States'. Britannica gives the same span and severity. (https://www.federalreservehistory.org/essays/great-depression https://www.britannica.com/event/Great-Depression)",""
"fact.how_money_works.depression_output_jobs","source.fededucation_wheelock_depression","unverified","Between 1929 and 1933, US output fell by about a third and unemployment reached about 25% of the labor force.","https://www.federalreserveeducation.org/resources/lessons/lesson--great-depression-introduction-essay-wheelock.pdf","L69 card.how_money_works.069.c2","L69 question.how_money_works.069.q1; L69 question.how_money_works.069.q3","","","","","","corroborated","Wheelock: output 'fell by one-third' and unemployment 'soared to 25 percent'. Britannica: real GDP fell 30%. BLS-based series put 1933 unemployment at 24.9%. (https://www.federalreserveeducation.org/resources/lessons/lesson--great-depression-introduction-essay-wheelock.pdf https://www.britannica.com/event/Great-Depression)",""
"fact.how_money_works.depression_output_jobs","source.brit_great_depression","unverified","Between 1929 and 1933, US output fell by about a third and unemployment reached about 25% of the labor force.","https://www.britannica.com/event/Great-Depression","L69 card.how_money_works.069.c2","L69 question.how_money_works.069.q1; L69 question.how_money_works.069.q3","","","","","","corroborated","Wheelock: output 'fell by one-third' and unemployment 'soared to 25 percent'. Britannica: real GDP fell 30%. BLS-based series put 1933 unemployment at 24.9%. (https://www.federalreserveeducation.org/resources/lessons/lesson--great-depression-introduction-essay-wheelock.pdf https://www.britannica.com/event/Great-Depression)",""
"fact.how_money_works.depression_banks_failed","source.fededucation_wheelock_depression","unverified","Thousands of US banks failed during the Depression: more than 1,000 a year from 1930 to 1933.","https://www.federalreserveeducation.org/resources/lessons/lesson--great-depression-introduction-essay-wheelock.pdf","L69 card.how_money_works.069.c2","L69 question.how_money_works.069.q1; L69 question.how_money_works.069.q3","","","","","","corroborated","Wheelock: 'some 7,000 banks failed' and 'In each year from 1930 to 1933, more than 1,000 U.S. banks closed.' Britannica: 20% of banks existing in 1930 had failed by 1933. (https://www.federalreserveeducation.org/resources/lessons/lesson--great-depression-introduction-essay-wheelock.pdf https://www.britannica.com/event/Great-Depression)",""
"fact.how_money_works.depression_prices_fell","source.fed_bernanke_deflation_2002","unverified","US prices fell about 10% a year from 1930 to 1933.","https://www.federalreserve.gov/boarddocs/speeches/2002/20021121/default.htm","L69 card.how_money_works.069.c2","L69 question.how_money_works.069.q1; L69 question.how_money_works.069.q3","","","","","","corroborated","Bernanke (2002): 'In the years 1930-33... the U.S. price level fell about 10 percent per year.' Britannica: wholesale prices fell 33% from 1929 to 1933. (https://www.federalreserve.gov/boarddocs/speeches/2002/20021121/default.htm https://www.britannica.com/event/Great-Depression)",""
"fact.how_money_works.depression_reforms","source.fededucation_wheelock_depression","unverified","The Depression brought federal deposit insurance, securities regulation, Social Security and the first national minimum wage.","https://www.federalreserveeducation.org/resources/lessons/lesson--great-depression-introduction-essay-wheelock.pdf","L69 card.how_money_works.069.c4","","","","","","","corroborated","Wheelock: the Depression 'brought us the Federal Deposit Insurance Corp. (FDIC), regulation of securities markets, the birth of the Social Security System and the first national minimum wage.' Federal Reserve History lists the FDIC and Banking Acts. (https://www.federalreserveeducation.org/resources/lessons/lesson--great-depression-introduction-essay-wheelock.pdf https://www.federalreservehistory.org/essays/great-depression)",""
"fact.how_money_works.depression_changed_policy","source.brit_great_depression","unverified","The Depression sparked fundamental changes in economic institutions, economic policy and economic theory.","https://www.britannica.com/event/Great-Depression","L69 card.how_money_works.069.c4","","","","","","","corroborated","Britannica: the Depression 'sparked fundamental changes in economic institutions, macroeconomic policy, and economic theory.' Federal Reserve History describes the Fed's transformation. (https://www.britannica.com/event/Great-Depression https://www.federalreservehistory.org/essays/great-depression)",""
"fact.how_money_works.bernanke_we_did_it","source.fed_bernanke_friedman_2002","unverified","In 2002, Fed governor Ben Bernanke told Friedman and Schwartz: 'Regarding the Great Depression. You're right, we did it. We're very sorry.'","https://www.federalreserve.gov/boarddocs/speeches/2002/20021108/","L69 card.how_money_works.069.c1","","","","","","","corroborated","Bernanke's remarks of November 8, 2002 on federalreserve.gov end with this line; Federal Reserve History quotes it. (https://www.federalreserve.gov/boarddocs/speeches/2002/20021108/ https://www.federalreservehistory.org/essays/great-depression)",""
"fact.how_money_works.bernanke_we_did_it","source.fedhistory_great_depression","unverified","In 2002, Fed governor Ben Bernanke told Friedman and Schwartz: 'Regarding the Great Depression. You're right, we did it. We're very sorry.'","https://www.federalreservehistory.org/essays/great-depression","L69 card.how_money_works.069.c1","","","","","","","corroborated","Bernanke's remarks of November 8, 2002 on federalreserve.gov end with this line; Federal Reserve History quotes it. (https://www.federalreserve.gov/boarddocs/speeches/2002/20021108/ https://www.federalreservehistory.org/essays/great-depression)",""
"fact.how_money_works.bernanke_wont_again","source.fed_bernanke_friedman_2002","unverified","Bernanke's 2002 apology ended: 'But thanks to you, we won't do it again.'","https://www.federalreserve.gov/boarddocs/speeches/2002/20021108/","L69 card.how_money_works.069.c4","","","","","","","corroborated","Bernanke's remarks (federalreserve.gov): 'But thanks to you, we won't do it again.' Federal Reserve History quotes 'We won't do it again.' (https://www.federalreserve.gov/boarddocs/speeches/2002/20021108/ https://www.federalreservehistory.org/essays/great-depression)",""
"fact.how_money_works.depression_causes_disagree","source.fededucation_wheelock_depression","unverified","Economists still disagree about what caused the Great Depression; there is no single agreed explanation.","https://www.federalreserveeducation.org/resources/lessons/lesson--great-depression-introduction-essay-wheelock.pdf","L69 card.how_money_works.069.c3; L70 card.how_money_works.070.c4","L69 question.how_money_works.069.q2","","","","","","corroborated","Wheelock: 'Economists continue to study the Great Depression because they still disagree on what caused it... there remains no single, universally agreed-upon explanation.' An ECB working paper on the Friedman-Schwartz hypothesis describes the continuing debate. (https://www.federalreserveeducation.org/resources/lessons/lesson--great-depression-introduction-essay-wheelock.pdf https://www.ecb.europa.eu/pub/pdf/scpwps/ecbwp326.pdf)",""
"fact.how_money_works.depression_crash_spending","source.fededucation_wheelock_depression","unverified","The 1929 stock market crash destroyed wealth and sparked doubts that led consumers and firms to cut their spending.","https://www.federalreserveeducation.org/resources/lessons/lesson--great-depression-introduction-essay-wheelock.pdf","L69 card.how_money_works.069.c3","L69 question.how_money_works.069.q2","","","","","","corroborated","Wheelock: the crash destroyed wealth and sparked doubts that led consumers and firms to postpone spending. Britannica: the crash undermined confidence. (https://www.federalreserveeducation.org/resources/lessons/lesson--great-depression-introduction-essay-wheelock.pdf https://www.britannica.com/event/Great-Depression)",""
"fact.how_money_works.depression_crash_spending","source.brit_great_depression","unverified","The 1929 stock market crash destroyed wealth and sparked doubts that led consumers and firms to cut their spending.","https://www.britannica.com/event/Great-Depression","L69 card.how_money_works.069.c3","L69 question.how_money_works.069.q2","","","","","","corroborated","Wheelock: the crash destroyed wealth and sparked doubts that led consumers and firms to postpone spending. Britannica: the crash undermined confidence. (https://www.federalreserveeducation.org/resources/lessons/lesson--great-depression-introduction-essay-wheelock.pdf https://www.britannica.com/event/Great-Depression)",""
"fact.how_money_works.depression_friedman_schwartz","source.fededucation_wheelock_depression","unverified","Milton Friedman and Anna Schwartz argued that a falling money stock, as banks failed, cut spending and drove down output and prices.","https://www.federalreserveeducation.org/resources/lessons/lesson--great-depression-introduction-essay-wheelock.pdf","L69 card.how_money_works.069.c3","L69 question.how_money_works.069.q2","","","","","","corroborated","Wheelock: Friedman and Schwartz 'make a strong case that a falling money stock caused the sharp decline in output and prices'; as the money stock fell, spending declined. Federal Reserve History gives the same account. (https://www.federalreserveeducation.org/resources/lessons/lesson--great-depression-introduction-essay-wheelock.pdf https://www.federalreservehistory.org/essays/great-depression)",""
"fact.how_money_works.depression_money_fell","source.fedhistory_great_depression","unverified","During the banking panics of 1930 to 1933, the Fed failed to act as lender of last resort, and the money supply fell by nearly 30%.","https://www.federalreservehistory.org/essays/great-depression","L69 card.how_money_works.069.c3","L69 question.how_money_works.069.q2","","","","","","corroborated","Federal Reserve History: the Fed failed to act as lender of last resort during the 1930-33 panics and the money supply fell by nearly 30 percent. Friedman and Schwartz summaries give roughly a one-third fall. (https://www.federalreservehistory.org/essays/great-depression https://fee.org/articles/the-great-depression-according-to-milton-friedman/)",""
"fact.how_money_works.depression_gold_standard","source.brit_great_depression","unverified","The gold standard helped spread the slump from country to country.","https://www.britannica.com/event/Great-Depression","L69 card.how_money_works.069.c3","L69 question.how_money_works.069.q2","","","","","","corroborated","Britannica lists the gold standard as a key channel of transmission. Federal Reserve History: Fed tightening triggered recessions abroad through the gold standard linkage. (https://www.britannica.com/event/Great-Depression https://www.federalreservehistory.org/essays/great-depression)",""
"fact.how_money_works.depression_gold_standard","source.fedhistory_great_depression","unverified","The gold standard helped spread the slump from country to country.","https://www.federalreservehistory.org/essays/great-depression","L69 card.how_money_works.069.c3","L69 question.how_money_works.069.q2","","","","","","corroborated","Britannica lists the gold standard as a key channel of transmission. Federal Reserve History: Fed tightening triggered recessions abroad through the gold standard linkage. (https://www.britannica.com/event/Great-Depression https://www.federalreservehistory.org/essays/great-depression)",""
"fact.how_money_works.gfc_house_prices_doubled","source.fedhistory_great_recession","unverified","US home prices more than doubled between 1998 and 2006, the sharpest rise in US history.","https://www.federalreservehistory.org/essays/great-recession-and-its-aftermath","L70 card.how_money_works.070.c2","L70 question.how_money_works.070.q1","","","","","","corroborated","Federal Reserve History: 'Average home prices in the United States more than doubled between 1998 and 2006, the sharpest increase recorded in US history'. LOC: housing prices rose until they peaked in 2006. (https://www.federalreservehistory.org/essays/great-recession-and-its-aftermath https://guides.loc.gov/business-booms-busts/dot-com-real-estate)",""
"fact.how_money_works.gfc_risky_mortgages","source.fedhistory_great_recession","unverified","In the mid-2000s, risky mortgages were packaged into securities, widening access to credit and pushing up house prices.","https://www.federalreservehistory.org/essays/great-recession-and-its-aftermath","L70 card.how_money_works.070.c3","L70 question.how_money_works.070.q2; L70 question.how_money_works.070.q3; L70 question.how_money_works.070.q4","","","","","","corroborated","Federal Reserve History: high-risk mortgages packaged into securities expanded credit and fueled demand that drove up prices. LOC: declining prices devalued housing-related securities. (https://www.federalreservehistory.org/essays/great-recession-and-its-aftermath https://guides.loc.gov/business-booms-busts/dot-com-real-estate)",""
"fact.how_money_works.gfc_prices_fell_fifth","source.fedhistory_great_recession","unverified","US home prices fell by over a fifth on average from early 2007 to mid-2011, leading to mortgage defaults and foreclosures.","https://www.federalreservehistory.org/essays/great-recession-and-its-aftermath","L70 card.how_money_works.070.c2; L70 card.how_money_works.070.c3","L70 question.how_money_works.070.q1; L70 question.how_money_works.070.q2; L70 question.how_money_works.070.q3; L70 question.how_money_works.070.q4","","","","","","corroborated","Federal Reserve History: home prices 'fell by over a fifth on average... from the first quarter of 2007 to the second quarter of 2011.' LOC: the decline led to delinquencies and foreclosures. (https://www.federalreservehistory.org/essays/great-recession-and-its-aftermath https://guides.loc.gov/business-booms-busts/dot-com-real-estate)",""
"fact.how_money_works.gfc_prices_fell_fifth","source.loc_dotcom_real_estate","unverified","US home prices fell by over a fifth on average from early 2007 to mid-2011, leading to mortgage defaults and foreclosures.","https://guides.loc.gov/business-booms-busts/dot-com-real-estate","L70 card.how_money_works.070.c2; L70 card.how_money_works.070.c3","L70 question.how_money_works.070.q1; L70 question.how_money_works.070.q2; L70 question.how_money_works.070.q3; L70 question.how_money_works.070.q4","","","","","","corroborated","Federal Reserve History: home prices 'fell by over a fifth on average... from the first quarter of 2007 to the second quarter of 2011.' LOC: the decline led to delinquencies and foreclosures. (https://www.federalreservehistory.org/essays/great-recession-and-its-aftermath https://guides.loc.gov/business-booms-busts/dot-com-real-estate)",""
"fact.how_money_works.gfc_lehman_2008","source.fedhistory_great_recession","unverified","In September 2008, the investment bank Lehman Brothers filed for bankruptcy, and the crisis spread through the financial system.","https://www.federalreservehistory.org/essays/great-recession-and-its-aftermath","L70 card.how_money_works.070.c1; L70 card.how_money_works.070.c2","L70 question.how_money_works.070.q1","","","","","","corroborated","Federal Reserve History: 'In September, Lehman Brothers filed for bankruptcy'. The filing date, September 15, 2008, is widely documented (e.g., Wikipedia). (https://www.federalreservehistory.org/essays/great-recession-and-its-aftermath https://en.wikipedia.org/wiki/Bankruptcy_of_Lehman_Brothers)",""
"fact.how_money_works.gfc_recession_dates","source.fedhistory_great_recession","unverified","The Great Recession lasted 18 months, from December 2007 to June 2009, the longest US recession since World War II.","https://www.federalreservehistory.org/essays/great-recession-and-its-aftermath","L70 card.how_money_works.070.c2; L70 card.how_money_works.070.c3","L70 question.how_money_works.070.q1; L70 question.how_money_works.070.q2; L70 question.how_money_works.070.q3; L70 question.how_money_works.070.q4","","","","","","corroborated","Federal Reserve History: entered recession in December 2007, ended June 2009, the longest at eighteen months since WWII. NBER FAQ confirms the June 2009 trough. (https://www.federalreservehistory.org/essays/great-recession-and-its-aftermath https://www.nber.org/research/business-cycle-dating/business-cycle-dating-procedure-frequently-asked-questions)",""
"fact.how_money_works.gfc_recession_dates","source.nber_dating_faq","unverified","The Great Recession lasted 18 months, from December 2007 to June 2009, the longest US recession since World War II.","https://www.nber.org/research/business-cycle-dating/business-cycle-dating-procedure-frequently-asked-questions","L70 card.how_money_works.070.c2; L70 card.how_money_works.070.c3","L70 question.how_money_works.070.q1; L70 question.how_money_works.070.q2; L70 question.how_money_works.070.q3; L70 question.how_money_works.070.q4","","","","","","corroborated","Federal Reserve History: entered recession in December 2007, ended June 2009, the longest at eighteen months since WWII. NBER FAQ confirms the June 2009 trough. (https://www.federalreservehistory.org/essays/great-recession-and-its-aftermath https://www.nber.org/research/business-cycle-dating/business-cycle-dating-procedure-frequently-asked-questions)",""
"fact.how_money_works.gfc_unemployment_10","source.fedhistory_great_recession","unverified","During the Great Recession, US unemployment more than doubled, from under 5% to 10%.","https://www.federalreservehistory.org/essays/great-recession-and-its-aftermath","L70 card.how_money_works.070.c3","L70 question.how_money_works.070.q2; L70 question.how_money_works.070.q3; L70 question.how_money_works.070.q4","","","","","","corroborated","Federal Reserve History: 'The unemployment rate more than doubled, from less than 5 percent to 10 percent.' BLS data show a 10.0% peak in October 2009. (https://www.federalreservehistory.org/essays/great-recession-and-its-aftermath https://data.bls.gov/timeseries/LNS14000000)",""
"fact.how_money_works.gfc_cpi_fell_2009","source.bls_cpi_march_2009","unverified","In the 12 months to March 2009, US consumer prices fell 0.4%, the first such decline since 1955.","https://www.bls.gov/opub/ted/2009/apr/wk2/art04.htm","L70 card.how_money_works.070.c2; L70 card.how_money_works.070.c3","L70 question.how_money_works.070.q1; L70 question.how_money_works.070.q2; L70 question.how_money_works.070.q3; L70 question.how_money_works.070.q4","","","","","","corroborated","BLS Economics Daily: 'For the 12-month period ending in March 2009, the CPI-U decreased 0.4 percent... the first 12-month decline in this index since August 1955.' The BLS April 2009 news release reports the same. (https://www.bls.gov/opub/ted/2009/apr/wk2/art04.htm https://www.bls.gov/news.release/archives/cpi_04152009.pdf)",""
"fact.how_money_works.gfc_causes_debate","source.fedhistory_great_recession","unverified","John Taylor blamed the housing boom on the Fed keeping rates low too long; Bernanke said that explains little, citing a global savings glut.","https://www.federalreservehistory.org/essays/great-recession-and-its-aftermath","L70 card.how_money_works.070.c4","L70 question.how_money_works.070.q5","","","","","","corroborated","Federal Reserve History: some (Taylor 2007) say low rates for a prolonged period fed the housing expansion; others (Bernanke 2010) say it explains only a small part, with global savings depressing rates (Bernanke 2005). (https://www.federalreservehistory.org/essays/great-recession-and-its-aftermath https://www.federalreserve.gov/newsevents/speech/bernanke20100103a.htm)",""
"fact.how_money_works.trade_both_better_off","source.stlouisfed_trade_winners_losers","unverified","For a voluntary trade to happen, it must make both parties better off, which makes trade a positive-sum game.","https://www.stlouisfed.org/publications/page-one-economics/2017/11/01/does-international-trade-create-winners-and-losers","L71 card.how_money_works.071.c2; L73 card.how_money_works.073.c4","L71 question.how_money_works.071.q1; L72 question.how_money_works.072.q3; L73 question.how_money_works.073.q3","","","","","","corroborated","St. Louis Fed education page: for trade to occur, the transaction must make both buyer and seller better off, a positive-sum game; CFR: trade is not a zero-sum game. (https://www.stlouisfed.org/education/is-trade-a-zero-sum-game https://www.cfr.org/education/learn/reading/what-trade-deficit-means)",""
"fact.how_money_works.trade_same_everywhere","source.stlouisfed_trade_winners_losers","unverified","People trade because it makes them better off, in a school cafeteria or in the global marketplace.","https://www.stlouisfed.org/publications/page-one-economics/2017/11/01/does-international-trade-create-winners-and-losers","L71 card.how_money_works.071.c2","L71 question.how_money_works.071.q1; L72 question.how_money_works.072.q3; L73 question.how_money_works.073.q3","","","","","","corroborated","St. Louis Fed: people trade because it will make them better off, which is true in school cafeterias as well as in the global marketplace. (https://www.stlouisfed.org/education/is-trade-a-zero-sum-game)","one-page"
"fact.how_money_works.trade_winners_losers","source.stlouisfed_trade_winners_losers","unverified","Trade gives consumers lower prices and more variety and exporters bigger markets, but some firms fail against foreign rivals and their workers lose jobs.","https://www.stlouisfed.org/publications/page-one-economics/2017/11/01/does-international-trade-create-winners-and-losers","L71 card.how_money_works.071.c4","L71 question.how_money_works.071.q2; L74 question.how_money_works.074.q3","","","","","","corroborated","PIIE: globalization lowers prices; some workers benefited while certain manufacturing workers in specific regions lost out. (https://www.piie.com/microsites/globalization/what-is-globalization)","one-page"
"fact.how_money_works.trade_gains_spread_costs_focused","source.piie_what_is_globalization","unverified","Trade's gains are spread widely and are hard to see, while its costs land on specific companies and workers.","https://www.piie.com/microsites/globalization/what-is-globalization","L71 card.how_money_works.071.c4","L71 question.how_money_works.071.q2; L74 question.how_money_works.074.q3","","","","","","corroborated","St. Louis Fed: trade generates net benefits but distributes them unevenly, with costs to specific displaced workers and diffuse gains to consumers. (https://www.stlouisfed.org/publications/page-one-economics/2017/11/01/does-international-trade-create-winners-and-losers)","one-page"
"fact.how_money_works.trade_smith_scotland_wine","source.oll_smith_wine_free_trade","unverified","Adam Smith wrote that very good wine could be made in Scotland with glass, hotbeds and heated walls, at about 30 times the cost of importing it.","https://oll.libertyfund.org/quotes/adam-smith-good-wine-free-trade","L71 card.how_money_works.071.c1","","","","","","","corroborated","Adam Smith Institute quotes page: 'very good wine too can be made of them at about thirty times the expense for which at least equally good can be brought from foreign countries' (Wealth of Nations, Book IV, ch. II). (https://www.adamsmith.org/adam-smith-quotes/)","one-page"
"fact.how_money_works.trade_natural_advantages","source.openstax_comparative_advantage","unverified","Countries have different natural advantages: Chile has copper and Guatemala's climate suits coffee, so Chile provides copper, Guatemala coffee, and they trade.","https://openstax.org/books/principles-economics-3e/pages/33-1-absolute-and-comparative-advantage","L71 card.how_money_works.071.c3","L71 question.how_money_works.071.q3","","","","","","corroborated","USGS: Chile is the world's leading copper producer; coffee is one of Guatemala's leading agricultural exports. (https://www.usgs.gov/centers/national-minerals-information-center/chile https://worldcoffeeresearch.org/countries/guatemala)",""
"fact.how_money_works.trade_exports_money_in","source.openstax_trade_balances","unverified","Exports bring money into a country, and imports send money out of it.","https://openstax.org/books/principles-economics-3e/pages/23-1-measuring-trade-balances","L71 card.how_money_works.071.c3; L73 card.how_money_works.073.c2","L71 question.how_money_works.071.q3","","","","","","corroborated","BEA: foreign visitors' spending is recorded as US exports, an inflow in the balance of payments; OpenStax: exports are money flowing in, imports money flowing out. (https://www.bea.gov/help/faq/1298)","one-page"
"fact.how_money_works.absolute_advantage_def","source.openstax_comparative_advantage","unverified","A country has an absolute advantage in a good if it can produce more of it than another country with the same resources.","https://openstax.org/books/principles-economics-3e/pages/33-1-absolute-and-comparative-advantage","L72 card.how_money_works.072.c3","L72 question.how_money_works.072.q1; L72 question.how_money_works.072.q2; L80 question.how_money_works.080.q3","","","","","","corroborated","Britannica Money contrasts comparative advantage with making goods more efficiently in absolute terms; OpenStax defines absolute advantage as a productivity edge. (https://www.britannica.com/money/comparative-advantage)","one-page"
"fact.how_money_works.comparative_advantage_def","source.openstax_comparative_advantage","unverified","A country has a comparative advantage in a good when it can produce it at a lower cost in terms of the other goods it gives up.","https://openstax.org/books/principles-economics-3e/pages/33-1-absolute-and-comparative-advantage","L72 card.how_money_works.072.c3; L80 card.how_money_works.080.c3","L72 question.how_money_works.072.q1; L72 question.how_money_works.072.q2; L80 question.how_money_works.080.q3","","","","","","corroborated","HBS (Moss): countries gain by specializing in what they are relatively best at producing, measured against what else they could make. (https://www.library.hbs.edu/working-knowledge/an-economic-principle-for-us-all-comparative-advantage)","one-page"
"fact.how_money_works.comparative_real_world","source.britmoney_comparative_advantage","unverified","Comparative advantage gets more complex in real life, once limited resources and the state of a country's labor and jobs are counted.","https://www.britannica.com/money/comparative-advantage","L72 card.how_money_works.072.c4","L72 question.how_money_works.072.q2","","","","","","corroborated","HBS (Moss): conditions can be specified under which mutual gains from trade break down, though most economists think they are rare in practice. (https://www.library.hbs.edu/working-knowledge/an-economic-principle-for-us-all-comparative-advantage)","one-page"
"fact.how_money_works.ricardo_1817","source.openstax_comparative_advantage","unverified","In 1817, David Ricardo argued that specialization and free trade benefit all trading partners, even relatively inefficient ones.","https://openstax.org/books/principles-economics-3e/pages/33-1-absolute-and-comparative-advantage","L72 card.how_money_works.072.c1","","","","","","","corroborated","Britannica Money: Ricardo showed that even if one country can make everything more efficiently than another, trade is still beneficial; his Principles appeared in 1817. (https://www.britannica.com/money/comparative-advantage https://www.econlib.org/library/Ricardo/ricP2a.html)",""
"fact.how_money_works.ricardo_numbers","source.econlib_ricardo_principles_ch7","unverified","In Ricardo's example, England needs 100 workers for a year to make its cloth and 120 for its wine; Portugal needs 90 for the cloth and 80 for the wine.","https://www.econlib.org/library/Ricardo/ricP2a.html","L72 card.how_money_works.072.c2; L72 card.how_money_works.072.c3","L72 question.how_money_works.072.q2; L80 question.how_money_works.080.q3","","","","","","corroborated","University of Athens course notes and HBS both present Ricardo's example: Portugal 80 men for wine and 90 for cloth, England 120 for wine and 100 for cloth. (https://eclass.uoa.gr/modules/document/file.php/ECON419/3.%20Ricardo.pdf https://www.library.hbs.edu/working-knowledge/an-economic-principle-for-us-all-comparative-advantage)",""
"fact.how_money_works.ricardo_both_gain","source.hbs_comparative_advantage","unverified","If Portugal makes only wine and England only cloth and they trade, each can consume more wine and more cloth than by making both itself.","https://www.library.hbs.edu/working-knowledge/an-economic-principle-for-us-all-comparative-advantage","L72 card.how_money_works.072.c4","L72 question.how_money_works.072.q2; L72 question.how_money_works.072.q3","","","","","","corroborated","OpenStax 33.2: even when one country has an absolute advantage in all goods, both countries can still benefit from trade. (https://openstax.org/books/principles-economics-3e/pages/33-2-what-happens-when-a-country-has-an-absolute-advantage-in-all-goods)","one-page"
"fact.how_money_works.trade_export_import_def","source.cfr_trade_deficit_means","unverified","Exports are goods and services a country sells to other countries; imports are goods and services it buys from them.","https://www.cfr.org/education/learn/reading/what-trade-deficit-means","L73 card.how_money_works.073.c2; L80 card.how_money_works.080.c3","L73 question.how_money_works.073.q1","","","","","","corroborated","OpenStax 23.1 measures exports and imports of goods and services flowing between the US and other countries. (https://openstax.org/books/principles-economics-3e/pages/23-1-measuring-trade-balances)","one-page"
"fact.how_money_works.trade_services_count","source.openstax_trade_balances","unverified","Countries trade services such as finance, software, consulting and design, not only goods.","https://openstax.org/books/principles-economics-3e/pages/23-1-measuring-trade-balances","L73 card.how_money_works.073.c2","L73 question.how_money_works.073.q1","","","","","","corroborated","PIIE: services are business activities conducted between countries, such as tourism, professional consulting and finance. (https://www.piie.com/microsites/globalization/what-is-globalization)","one-page"
"fact.how_money_works.trade_travel_counts","source.ita_travel_receipts","unverified","What foreign visitors spend in a country counts as that country's exports; what its residents spend on trips abroad counts as imports.","https://www.trade.gov/international-travel-receipts-and-payments-program","L73 card.how_money_works.073.c1; L73 card.how_money_works.073.c2","L73 question.how_money_works.073.q1","","","","","","corroborated","BEA: expenditures by foreign visitors are recorded as US exports of travel. (https://www.bea.gov/help/faq/1298)","one-page"
"fact.how_money_works.trade_balance_def","source.cfr_trade_deficit_means","unverified","The trade balance is exports minus imports: a country that exports more than it imports runs a trade surplus, and one that imports more runs a trade deficit.","https://www.cfr.org/education/learn/reading/what-trade-deficit-means","L73 card.how_money_works.073.c3; L77 card.how_money_works.077.c3; L80 card.how_money_works.080.c3","L73 question.how_money_works.073.q2; L77 question.how_money_works.077.q3","","","","","","corroborated","World Economic Forum explainer: a trade deficit occurs when a country imports more than it exports. (https://www.weforum.org/stories/2022/11/trade-deficit-global-economy/)","one-page"
"fact.how_money_works.trade_balance_def","source.dallasfed_trade_deficits","unverified","The trade balance is exports minus imports: a country that exports more than it imports runs a trade surplus, and one that imports more runs a trade deficit.","https://www.dallasfed.org/research/economics/2025/0904","L73 card.how_money_works.073.c3; L77 card.how_money_works.077.c3; L80 card.how_money_works.080.c3","L73 question.how_money_works.073.q2; L77 question.how_money_works.077.q3","","","","","","corroborated","World Economic Forum explainer: a trade deficit occurs when a country imports more than it exports. (https://www.weforum.org/stories/2022/11/trade-deficit-global-economy/)","one-page"
"fact.how_money_works.us_deficit_since_1970s","source.dallasfed_trade_deficits","unverified","The United States has run a trade deficit year after year since the mid-1970s.","https://www.dallasfed.org/research/economics/2025/0904","L73 card.how_money_works.073.c3","L73 question.how_money_works.073.q2; L77 question.how_money_works.077.q3","","","","","","corroborated","Cato Institute: 1975 was the last year the US had an annual trade surplus; it has run a deficit in goods and services every year since 1976. (https://www.cato.org/trade-policy-analysis/americas-maligned-misunderstood-trade-deficit)","one-page"
"fact.how_money_works.trade_deficit_views","source.cfr_trade_deficit_means","unverified","Some policymakers see a trade deficit as proof a country is losing at trade; most experts say a deficit or surplus is in itself neither good nor bad.","https://www.cfr.org/education/learn/reading/what-trade-deficit-means","L73 card.how_money_works.073.c4","L73 question.how_money_works.073.q3","","","","","","corroborated","Dallas Fed: trade deficits are not inherently problematic and can support domestic investment; debate over whether deficits need reducing continues. (https://www.dallasfed.org/research/economics/2025/0904 https://www.weforum.org/stories/2018/10/why-trade-deficits-aren-t-so-bad/)",""
"fact.how_money_works.tariff_definition","source.brit_tariff","unverified","A tariff is a tax on goods as they cross a national border, usually charged by the importing country's government.","https://www.britannica.com/topic/tariff","L74 card.how_money_works.074.c2","L74 question.how_money_works.074.q1; L75 question.how_money_works.075.q3","","","","","","corroborated","USAFacts: tariffs, sometimes called duties or customs duties, are taxes on goods traded between nations. (https://usafacts.org/articles/what-are-tariffs-and-how-do-they-work/)","one-page"
"fact.how_money_works.tariff_importer_pays","source.usafacts_tariffs","unverified","The importing company, not the foreign country, pays the tariff to the customs authority.","https://usafacts.org/articles/what-are-tariffs-and-how-do-they-work/","L74 card.how_money_works.074.c2","L74 question.how_money_works.074.q1; L75 question.how_money_works.075.q3","","","","","","corroborated","PBS NewsHour: 'it is importers, American companies, that pay tariffs', and they typically pass costs to consumers. (https://www.pbs.org/newshour/economy/5-things-to-know-about-tariffs-and-how-they-work)","one-page"
"fact.how_money_works.tariff_cost_sharing","source.usafacts_tariffs","unverified","Importers can pass tariff costs on to shoppers as higher prices or absorb them, and foreign exporters may accept lower profit margins.","https://usafacts.org/articles/what-are-tariffs-and-how-do-they-work/","L74 card.how_money_works.074.c2; L80 card.how_money_works.080.c3","L74 question.how_money_works.074.q1; L75 question.how_money_works.075.q3","","","","","","corroborated","Britannica: manufacturers, distributors and retailers absorb tariff costs along the supply chain, with consumers seeing higher prices. (https://www.britannica.com/topic/How-Do-Tariffs-Work)","one-page"
"fact.how_money_works.washer_tariff_prices","source.aea_washer_tariffs","unverified","After US tariffs on imported washing machines in early 2018, washer prices rose about 12%, and dryers, which had no tariff, rose by a similar amount.","https://www.aeaweb.org/research/washing-machines-2018-tariffs-effect","L74 card.how_money_works.074.c1; L74 card.how_money_works.074.c3","L74 question.how_money_works.074.q2; L80 question.how_money_works.080.q4","","","","","","corroborated","UChicago News: washing machine prices climbed about 12 percent and dryer prices increased by the same amount, though dryers were not affected by the tariffs. (https://news.uchicago.edu/story/what-washing-machines-can-teach-us-about-cost-tariffs)","one-page"
"fact.how_money_works.washer_tariff_dryers_why","source.aea_washer_tariffs","unverified","Washers and dryers are often bought together, so sellers facing the washer tariff raised dryer prices too.","https://www.aeaweb.org/research/washing-machines-2018-tariffs-effect","L74 card.how_money_works.074.c3","L74 question.how_money_works.074.q2; L80 question.how_money_works.080.q4","","","","","","corroborated","Econlib summary of the study: washers and dryers are complementary goods usually bought together, and firms raised dryer prices alongside washers. (https://www.econlib.org/effects-of-the-2018-tariffs-on-washing-machines/)","one-page"
"fact.how_money_works.washer_tariff_jobs","source.aea_washer_tariffs","unverified","The 2018 washer tariffs created about 1,800 US jobs, at a yearly cost to consumers of roughly $815,000 per job (Flaaen, Hortaçsu and Tintelnot).","https://www.aeaweb.org/research/washing-machines-2018-tariffs-effect","L74 card.how_money_works.074.c3","","","","","","","corroborated","AEI and UChicago report about 1,800 jobs at roughly $815,000 to $820,000 per job in consumer costs; the AEA highlight gives $815,000. (https://www.aei.org/carpe-diem/trumps-washing-machine-tariffs-created-1800-us-jobs-but-at-a-yuge-cost-to-consumers-of-820000-job/ https://news.uchicago.edu/story/what-washing-machines-can-teach-us-about-cost-tariffs)",""
"fact.how_money_works.tariff_supporters","source.brit_how_tariffs_work","unverified","Supporters say tariffs protect domestic industries, preserve jobs and bolster national security.","https://www.britannica.com/topic/How-Do-Tariffs-Work","L74 card.how_money_works.074.c4","L74 question.how_money_works.074.q3","","","","","","corroborated","PBS NewsHour: tariffs protect domestic industries by raising import prices and can penalize unfair trade practices. (https://www.pbs.org/newshour/economy/5-things-to-know-about-tariffs-and-how-they-work)","one-page"
"fact.how_money_works.tariff_revenue_leverage","source.usafacts_tariffs","unverified","Governments also use tariffs to raise revenue and as political leverage.","https://usafacts.org/articles/what-are-tariffs-and-how-do-they-work/","L74 card.how_money_works.074.c4","L74 question.how_money_works.074.q3","","","","","","corroborated","Britannica: tariffs are levied either to raise revenue or to protect domestic industries. (https://www.britannica.com/topic/tariff)","one-page"
"fact.how_money_works.tariff_infant_industry","source.openstax_restricting_imports","unverified","The infant-industry argument is to block imports for a limited time so a young industry can grow up before facing full competition.","https://openstax.org/books/principles-economics-3e/pages/34-3-arguments-in-support-of-restricting-imports","L74 card.how_money_works.074.c4","L74 question.how_money_works.074.q3","","","","","","corroborated","Britannica: protectionism can help emergent industries in developing nations. (https://www.britannica.com/topic/protectionism)","one-page"
"fact.how_money_works.tariff_critics","source.brit_how_tariffs_work","unverified","Critics say tariffs distort markets, raise costs and provoke retaliation from trading partners.","https://www.britannica.com/topic/How-Do-Tariffs-Work","L74 card.how_money_works.074.c4","L74 question.how_money_works.074.q3","","","","","","corroborated","PBS NewsHour: retaliatory tariffs from other nations typically cause additional economic harm; mainstream economists remain skeptical. (https://www.pbs.org/newshour/economy/5-things-to-know-about-tariffs-and-how-they-work)","one-page"
"fact.how_money_works.fx_turnover_2025","source.bis_fx_turnover_2025","unverified","Foreign exchange trading averaged $9.6 trillion a day in April 2025, up from $7.5 trillion in 2022.","https://www.bis.org/statistics/rpfx25_fx.htm","L75 card.how_money_works.075.c1","","","","","","","corroborated","The Full FX and CLS report the BIS 2025 Triennial Survey: FX trading reached $9.6 trillion per day in April 2025, up 28% from 2022. (https://thefullfx.com/fx-turnover-hits-9-6-trillion-in-bis-triennial-survey/ https://www.cls-group.com/insights/data-analysis/bis-triennial-survey-2025-clsmarketdata-insights/)",""
"fact.how_money_works.fx_market_def","source.openstax_fx_market","unverified","The foreign exchange market is where people and firms use one currency to buy another.","https://openstax.org/books/principles-economics-3e/pages/29-1-how-the-foreign-exchange-market-works","L75 card.how_money_works.075.c1","","","","","","","corroborated","Britannica Money describes the foreign exchange market as the global market where currencies are exchanged. (https://www.britannica.com/money/foreign-exchange-market)","one-page"
"fact.how_money_works.fx_rate_def","source.imf_exchange_rate_regimes","unverified","An exchange rate is how much one currency is worth in terms of another.","https://www.imf.org/external/pubs/ft/fandd/2008/03/basics.htm","L75 card.how_money_works.075.c2","L75 question.how_money_works.075.q1","","","","","","corroborated","Britannica: exchange rates express how much one currency is worth relative to another and are set by supply and demand. (https://www.britannica.com/question/What-determines-currency-exchange-rates)","one-page"
"fact.how_money_works.fx_participants","source.openstax_fx_market","unverified","Tourists, firms that trade across borders and investors buying assets abroad all buy and sell currencies.","https://openstax.org/books/principles-economics-3e/pages/29-1-how-the-foreign-exchange-market-works","L75 card.how_money_works.075.c2","L75 question.how_money_works.075.q1","","","","","","corroborated","Britannica: demand for a currency comes from trade, investment and other flows; investors and businesses shift demand. (https://www.britannica.com/question/What-determines-currency-exchange-rates)","one-page"
"fact.how_money_works.fx_appreciate_depreciate","source.openstax_fx_market","unverified","A currency that buys more of another than before has appreciated, or strengthened; one that buys less has depreciated, or weakened.","https://openstax.org/books/principles-economics-3e/pages/29-1-how-the-foreign-exchange-market-works","L75 card.how_money_works.075.c2","L75 question.how_money_works.075.q1","","","","","","corroborated","FRED Blog explains strong and weak currencies as changes in how much of another currency one unit buys. (https://fredblog.stlouisfed.org/2023/09/strong-and-weak-currencies/)","one-page"
"fact.how_money_works.fx_strong_weak_effects","source.openstax_fx_market","unverified","A stronger dollar helps Americans buying imports or traveling abroad; a weaker dollar helps US exporters and foreign tourists visiting the US.","https://openstax.org/books/principles-economics-3e/pages/29-1-how-the-foreign-exchange-market-works","L75 card.how_money_works.075.c4; L80 card.how_money_works.080.c3","L75 question.how_money_works.075.q3; L80 question.how_money_works.080.q5","","","","","","corroborated","FRED Blog: a strong currency makes imports cheaper and exports more expensive abroad; a weak one does the reverse. (https://fredblog.stlouisfed.org/2023/09/strong-and-weak-currencies/)","one-page"
"fact.how_money_works.fx_floating","source.imf_exchange_rate_regimes","unverified","A floating exchange rate is mainly set by the market, through supply of and demand for the currency.","https://www.imf.org/external/pubs/ft/fandd/2008/03/basics.htm","L75 card.how_money_works.075.c3","L75 question.how_money_works.075.q2","","","","","","corroborated","Britannica: exchange rates are determined by supply and demand in the global currency market. (https://www.britannica.com/question/What-determines-currency-exchange-rates)","one-page"
"fact.how_money_works.fx_interest_rates","source.openstax_fx_shifts","unverified","Relatively high interest rates attract funds from abroad, raising demand for a country's currency and tending to push it up.","https://openstax.org/books/principles-economics-3e/pages/29-2-demand-and-supply-shifts-in-foreign-exchange-markets","L75 card.how_money_works.075.c3","L75 question.how_money_works.075.q2","","","","","","corroborated","Britannica: higher yields make a country's assets more attractive to investors, increasing demand for its currency. (https://www.britannica.com/question/What-determines-currency-exchange-rates https://fredblog.stlouisfed.org/2026/02/the-link-between-interest-rates-and-exchange-rates/)",""
"fact.how_money_works.fx_inflation","source.openstax_fx_shifts","unverified","Relatively high inflation erodes a currency's buying power, which tends to make it depreciate.","https://openstax.org/books/principles-economics-3e/pages/29-2-demand-and-supply-shifts-in-foreign-exchange-markets","L75 card.how_money_works.075.c3","L75 question.how_money_works.075.q2","","","","","","corroborated","Britannica: inflation erodes the real value of a currency; lower-inflation countries see greater currency demand. (https://www.britannica.com/question/What-determines-currency-exchange-rates)","one-page"
"fact.how_money_works.fx_expectations","source.openstax_fx_shifts","unverified","If people expect a currency to rise, they buy it, which can push its value up.","https://openstax.org/books/principles-economics-3e/pages/29-2-demand-and-supply-shifts-in-foreign-exchange-markets","L75 card.how_money_works.075.c3","L75 question.how_money_works.075.q2","","","","","","corroborated","Britannica lists investor sentiment among the forces that move exchange rates. (https://www.britannica.com/question/What-determines-currency-exchange-rates)","one-page"
"fact.how_money_works.fx_fixed","source.imf_exchange_rate_regimes","unverified","Under a fixed, or pegged, exchange rate, a country holds its currency's value steady against another currency.","https://www.imf.org/external/pubs/ft/fandd/2008/03/basics.htm","L75 card.how_money_works.075.c4","","","","","","","corroborated","IMF F&D (Ghosh, 2009) compares pegged regimes, which fix the rate, with floating ones. (https://www.imf.org/external/pubs/ft/fandd/2009/12/ghosh.htm)","one-page"
"fact.how_money_works.silk_road_route","source.brit_silk_road","unverified","The Silk Road was a caravan route of about 6,400 km linking China with the West, carrying goods and ideas between China and Rome.","https://www.britannica.com/topic/Silk-Road-trade-route","L76 card.how_money_works.076.c2","L76 question.how_money_works.076.q1; L76 question.how_money_works.076.q3","","","","","","corroborated","National Geographic: the Silk Road extended approximately 6,437 kilometers (4,000 miles). (https://education.nationalgeographic.org/resource/silk-road/)","one-page"
"fact.how_money_works.silk_road_goods","source.brit_silk_road","unverified","On the Silk Road, silk went west while wool, gold and silver went east, and religions and diseases traveled it too.","https://www.britannica.com/topic/Silk-Road-trade-route","L76 card.how_money_works.076.c2","L76 question.how_money_works.076.q1; L76 question.how_money_works.076.q3","","","","","","corroborated","National Geographic: merchants carried silk from China to Europe; religion, ideas and diseases also spread along the route. (https://education.nationalgeographic.org/resource/silk-road/)","one-page"
"fact.how_money_works.silk_road_middlemen","source.brit_silk_road","unverified","Few people traveled the whole Silk Road; goods moved along it in stages, handled by middlemen.","https://www.britannica.com/topic/Silk-Road-trade-route","L76 card.how_money_works.076.c1","L76 question.how_money_works.076.q1","","","","","","corroborated","National Geographic: few people traveled the entire route, giving rise to a host of middlemen and trading posts along the way. (https://education.nationalgeographic.org/resource/silk-road/)","one-page"
"fact.how_money_works.silk_road_middlemen","source.natgeo_silk_road","unverified","Few people traveled the whole Silk Road; goods moved along it in stages, handled by middlemen.","https://education.nationalgeographic.org/resource/silk-road/","L76 card.how_money_works.076.c1","L76 question.how_money_works.076.q1","","","","","","corroborated","National Geographic: few people traveled the entire route, giving rise to a host of middlemen and trading posts along the way. (https://education.nationalgeographic.org/resource/silk-road/)","one-page"
"fact.how_money_works.silk_road_mongols","source.brit_silk_road","unverified","After it became unsafe and little traveled, the Silk Road was revived under the Mongols, when Marco Polo traveled it.","https://www.britannica.com/topic/Silk-Road-trade-route","L76 card.how_money_works.076.c2","L76 question.how_money_works.076.q1; L76 question.how_money_works.076.q3","","","","","","corroborated","National Geographic: Marco Polo traveled to China and reached Kublai Khan's palace in 1275. (https://education.nationalgeographic.org/resource/silk-road/)","one-page"
"fact.how_money_works.breakbulk_slow","source.porthouston_ideal_x","unverified","Before containers, loose break-bulk cargo could take several days to load, so ships often sat in port for long periods.","https://porthouston.com/ideal-x/","L76 card.how_money_works.076.c3","L76 question.how_money_works.076.q2","","","","","","corroborated","Geography of Transport Systems: conventional loading of a ship cost about $5.83 a ton, far more than containers. (https://transportgeography.org/contents/chapter1/the-setting-of-global-transportation-systems/idealx-first-containeriship-1956/)","one-page"
"fact.how_money_works.ideal_x_voyage","source.porthouston_ideal_x","unverified","On April 26, 1956, trucking entrepreneur Malcolm McLean's ship Ideal X left Newark for Houston carrying 58 metal containers.","https://porthouston.com/ideal-x/","L76 card.how_money_works.076.c4","L76 question.how_money_works.076.q2","","","","","","corroborated","Geography of Transport Systems: on April 26, 1956, the Ideal-X left Newark for Houston carrying 58 containers. (https://transportgeography.org/contents/chapter1/the-setting-of-global-transportation-systems/idealx-first-containeriship-1956/)","one-page"
"fact.how_money_works.ideal_x_cost","source.transportgeography_ideal_x","unverified","In 1956, loading a ship the conventional way cost more than $5.80 a ton; loading the Ideal X's containers cost about 16 cents a ton.","https://transportgeography.org/contents/chapter1/the-setting-of-global-transportation-systems/idealx-first-containeriship-1956/","L76 card.how_money_works.076.c4; L80 card.how_money_works.080.c3","L76 question.how_money_works.076.q2","","","","","","corroborated","Maritime Executive and other accounts: break-bulk handling cost $5.86 per ton against $0.16 per ton on the Ideal-X. (https://maritime-executive.com/editorials/celebrating-the-birthday-of-the-shipping-container)","one-page"
"fact.how_money_works.suez_ever_given","source.porteconomics_suez_2021","unverified","The container ship Ever Given ran aground in the Suez Canal on March 23, 2021, and was refloated on March 29.","https://porteconomicsmanagement.org/pemp/contents/part10/port-resilience/suez-canal-blockage-2021/","L77 card.how_money_works.077.c1","","","","","","","corroborated","Widely reported: the Suez Canal was blocked for six days, from 23 to 29 March 2021, by the grounded Ever Given. (https://en.wikipedia.org/wiki/2021_Suez_Canal_obstruction)","one-page weak-pages"
"fact.how_money_works.suez_9_billion","source.porteconomics_suez_2021","unverified","The Suez Canal blockage held up about $9 billion of global trade each day.","https://porteconomicsmanagement.org/pemp/contents/part10/port-resilience/suez-canal-blockage-2021/","L77 card.how_money_works.077.c1","","","","","","","corroborated","Al Jazeera and gCaptain, citing Lloyd's List: the blockage held up about $9.6 billion of goods a day. (https://www.aljazeera.com/economy/2021/3/25/suez-blockage-seen-halting-9-6-billion-a-day-of-ship-traffic https://gcaptain.com/the-9-6-billion-a-day-price-of-a-suez-stuck-ship/)",""
"fact.how_money_works.supply_chains_half","source.piie_what_is_globalization","unverified","About half of global trade takes place within global supply chains, which build products from parts and services sourced around the world.","https://www.piie.com/microsites/globalization/what-is-globalization","L77 card.how_money_works.077.c1; L77 card.how_money_works.077.c2","L77 question.how_money_works.077.q1","","","","","","corroborated","World Bank WDR 2020: global value chains account for almost half of all trade. (https://www.worldbank.org/en/news/press-release/2019/10/08/global-value-chains-have-spurred-growth-but-momentum-is-flagging)","one-page"
"fact.how_money_works.iphone_parts","source.adbi_iphone_trade_deficit","unverified","The iPhone 3G's parts came from firms in Japan, South Korea, Germany and the US, and were assembled in China.","https://www.adb.org/sites/default/files/publication/156112/adbi-wp257.pdf","L77 card.how_money_works.077.c2","L77 question.how_money_works.077.q1","","","","","","corroborated","Trade Diversion summary of Xing and Detert: iPhone components from Toshiba, Samsung, Infineon and others were shipped to Foxconn in China for assembly. (https://tradediversion.net/2010/12/17/are-iphones-made-in-china-measuring-value-added-in-trade-flows/)","one-page"
"fact.how_money_works.iphone_assembly_value","source.adbi_iphone_trade_deficit","unverified","Assembly in China added about $6.50 to an iPhone 3G that cost $178.96 to make, about 3.6% of the total (Xing and Detert, 2010).","https://www.adb.org/sites/default/files/publication/156112/adbi-wp257.pdf","L77 card.how_money_works.077.c3","L77 question.how_money_works.077.q3","","","","","","corroborated","Multiple summaries: Chinese assembly accounted for $6.50 of a $178.96 iPhone 3G, or 3.6%. (https://cepr.org/voxeu/columns/how-iphone-widens-us-trade-deficit-china-case-iphone-x https://www.iphonelife.com/blog/11445/breakdown-iphone-components-assembled-china-us650)",""
"fact.how_money_works.iphone_trade_stats","source.adbi_iphone_trade_deficit","unverified","Trade statistics counted the whole $178.96 as a Chinese export when an iPhone 3G was shipped to the US.","https://www.adb.org/sites/default/files/publication/156112/adbi-wp257.pdf","L77 card.how_money_works.077.c3","L77 question.how_money_works.077.q3","","","","","","corroborated","CEPR/VoxEU: when the iPhone leaves China, Chinese customs records the full $178.96 as a Chinese export. (https://cepr.org/voxeu/columns/how-iphone-widens-us-trade-deficit-china-case-iphone-x)","one-page"
"fact.how_money_works.globalization_lower_prices","source.piie_what_is_globalization","unverified","Globalization lets countries specialize, which lowers the prices of goods and services.","https://www.piie.com/microsites/globalization/what-is-globalization","L77 card.how_money_works.077.c4","L77 question.how_money_works.077.q2","","","","","","corroborated","St. Louis Fed: consumers benefit from trade through lower prices and greater variety. (https://www.stlouisfed.org/publications/page-one-economics/2017/11/01/does-international-trade-create-winners-and-losers)","one-page"
"fact.how_money_works.globalization_poverty","source.piie_what_is_globalization","unverified","More open economies helped once extremely poor countries grow faster and reduce poverty.","https://www.piie.com/microsites/globalization/what-is-globalization","L77 card.how_money_works.077.c4","L77 question.how_money_works.077.q2","","","","","","corroborated","World Bank WDR 2020: GVC trade enabled poor countries to grow rapidly and begin catching up with richer ones. (https://www.worldbank.org/en/news/press-release/2019/10/08/global-value-chains-have-spurred-growth-but-momentum-is-flagging)","one-page"
"fact.how_money_works.china_shock_jobs","source.mit_china_shock_qa","unverified","Economists David Autor, David Dorn and Gordon Hanson found that by 2011, cheap Chinese imports had cost the US about 2.4 million jobs.","https://global.mit.edu/?p=8253","L77 card.how_money_works.077.c4","L77 question.how_money_works.077.q2","","","","","","corroborated","Search and Minneapolis Fed coverage of Autor, Dorn and Hanson: by 2011 the China shock was responsible for 1 million manufacturing and 2.4 million total job losses. (https://www.minneapolisfed.org/article/2025/old-jobs-new-jobs-how-the-labor-landscape-has-changed-two-decades-after-trade-with-china-opened)","one-page"
"fact.how_money_works.china_shock_places","source.mit_china_shock_qa","unverified","The China shock's job losses were concentrated in particular places, which saw persistently lower employment and earnings.","https://global.mit.edu/?p=8253","L77 card.how_money_works.077.c4","L77 question.how_money_works.077.q2","","","","","","corroborated","Minneapolis Fed: highly exposed commuting zones saw manufacturing declines that neither plateaued nor reversed; employment-to-population ratios did not rebound. (https://www.minneapolisfed.org/article/2025/old-jobs-new-jobs-how-the-labor-landscape-has-changed-two-decades-after-trade-with-china-opened)","one-page"
"fact.how_money_works.china_shock_consumers","source.mit_china_shock_qa","unverified","While workers in many US places lost their livelihoods to the China shock, consumers nationwide got slightly cheaper goods.","https://global.mit.edu/?p=8253","L77 card.how_money_works.077.c4","L77 question.how_money_works.077.q2","","","","","","corroborated","Minneapolis Fed: trade theory predicts benefits in the form of lower prices for consumers. (https://www.minneapolisfed.org/article/2025/old-jobs-new-jobs-how-the-labor-landscape-has-changed-two-decades-after-trade-with-china-opened)","one-page"
"fact.how_money_works.nogales_split","source.nobel_econ_2024_popular","unverified","Nogales is cut in half by the US–Mexico border fence; people in Nogales, Arizona, are generally much better off than those in Nogales, Sonora.","https://www.nobelprize.org/prizes/economic-sciences/2024/popular-information/","L78 card.how_money_works.078.c1","L78 question.how_money_works.078.q2","","","","","","corroborated","Coverage of Why Nations Fail: people on the US side of Nogales earn about three times as much and are more likely to be educated and healthy. (https://www.econlib.org/library/columns/y2025/salinasleonnogales.html https://www.litcharts.com/lit/why-nations-fail/symbols/nogales)",""
"fact.how_money_works.nogales_same_culture","source.nobel_econ_2024_popular","unverified","The two halves of Nogales share a climate, many ancestors, food and music, so the laureates argue the difference is institutions, not geography or culture.","https://www.nobelprize.org/prizes/economic-sciences/2024/popular-information/","L78 card.how_money_works.078.c1; L78 card.how_money_works.078.c3","L78 question.how_money_works.078.q1; L78 question.how_money_works.078.q2; L78 question.how_money_works.078.q3","","","","","","corroborated","Why Nations Fail summaries: both sides share history, culture and geography, so the rules of the game explain the difference. (https://www.litcharts.com/lit/why-nations-fail/symbols/nogales)","one-page"
"fact.how_money_works.wealth_gap_30x","source.nobel_econ_2024_popular","unverified","The richest 20% of the world's countries are about 30 times richer than the poorest 20%.","https://www.nobelprize.org/prizes/economic-sciences/2024/popular-information/","L78 card.how_money_works.078.c2","","","","","","","corroborated","CNBC on the 2024 prize: the richest 20 percent of countries are now around 30 times richer than the poorest 20 percent. (https://www.cnbc.com/2024/10/14/nobel-economics-prize-given-to-us-based-economists-for-work-on-prosperity.html)","one-page"
"fact.how_money_works.wealth_gap_persistent","source.nobel_econ_2024_popular","unverified","The poorest countries have become richer, but they are not catching up with the most prosperous.","https://www.nobelprize.org/prizes/economic-sciences/2024/popular-information/","L78 card.how_money_works.078.c2","","","","","","","corroborated","The Conversation on the 2024 prize: the income gap between rich and poor countries has persisted. (https://theconversation.com/this-years-nobel-prize-in-economics-awarded-to-team-that-examined-what-makes-some-countries-rich-and-others-poor-240890)","one-page"
"fact.how_money_works.nobel_2024_institutions","source.nobel_econ_2024_popular","unverified","Daron Acemoglu, Simon Johnson and James Robinson won the 2024 economics Nobel for studies of how institutions are formed and affect prosperity.","https://www.nobelprize.org/prizes/economic-sciences/2024/popular-information/","L78 card.how_money_works.078.c3","L78 question.how_money_works.078.q1; L78 question.how_money_works.078.q2; L78 question.how_money_works.078.q3","","","","","","corroborated","Nobel press release and UChicago News: the prize was awarded 'for studies of how institutions are formed and affect prosperity'. (https://news.uchicago.edu/story/james-robinson-shares-nobel-prize-research-global-inequality)","one-page"
"fact.how_money_works.inclusive_extractive","source.nobel_econ_2024_popular","unverified","Inclusive institutions, with secure property rights and the rule of law, support long-run growth; extractive ones benefit a small elite at others' expense.","https://www.nobelprize.org/prizes/economic-sciences/2024/popular-information/","L78 card.how_money_works.078.c3","L78 question.how_money_works.078.q1; L78 question.how_money_works.078.q2; L78 question.how_money_works.078.q3","","","","","","corroborated","Nobel press release: extractive institutions give short-term gains to those in power; inclusive institutions create long-term benefits for everyone. (https://www.nobelprize.org/prizes/economic-sciences/2024/press-release/)","one-page"
"fact.how_money_works.sachs_geography","source.imf_fd_sachs_institutions","unverified","Economist Jeffrey Sachs argued in 2003 that institutions matter, but not for everything: disease such as malaria and geographic isolation also hold poor countries back.","https://www.imf.org/external/pubs/ft/fandd/2003/06/pdf/sachs.pdf","L78 card.how_money_works.078.c4","L78 question.how_money_works.078.q3","","","","","","corroborated","Sachs's NBER paper (w9490) argues geography, including malaria and transport costs, matters directly for income; CEPR summarizes and disputes the geography view. (https://www.nber.org/system/files/working_papers/w9490/w9490.pdf https://cepr.org/voxeu/columns/lost-tropics-sachs-misguided-african-geography)",""
"fact.how_money_works.productivity_drivers","source.openstax_labor_productivity","unverified","Labor productivity, the value each worker produces, rises with education and better technology, and it underpins a country's standard of living.","https://openstax.org/books/principles-economics-3e/pages/20-2-labor-productivity-and-economic-growth","L78 card.how_money_works.078.c4","L78 question.how_money_works.078.q3","","","","","","corroborated","St. Louis Fed: productivity is key to improvements in the standard of living; human capital and technological change drive it. (https://www.stlouisfed.org/publications/page-one-economics/2017/03/03/the-productivity-puzzle)","one-page"
"fact.how_money_works.bw_conference_1944","source.fedhistory_bretton_woods_created","unverified","In July 1944, a year before World War II ended, delegates from 44 nations met at the Mount Washington Hotel in Bretton Woods, New Hampshire.","https://www.federalreservehistory.org/essays/bretton-woods-created","L79 card.how_money_works.079.c1","L79 question.how_money_works.079.q1; L79 question.how_money_works.079.q3","","","","","","corroborated","World Bank history: in July 1944, delegates from 44 countries met at the Mount Washington Hotel in Bretton Woods, New Hampshire. (https://www.worldbank.org/en/about/history)","one-page"
"fact.how_money_works.bw_created_imf_wb","source.fedhistory_bretton_woods_created","unverified","The Bretton Woods conference created the International Monetary Fund and the International Bank for Reconstruction and Development, now the World Bank.","https://www.federalreservehistory.org/essays/bretton-woods-created","L79 card.how_money_works.079.c1","L79 question.how_money_works.079.q1; L79 question.how_money_works.079.q3","","","","","","corroborated","World Bank history: the conference resulted in the formation of the IMF and the IBRD (World Bank). (https://www.worldbank.org/en/about/history)","one-page"
"fact.how_money_works.imf_original_role","source.fedhistory_bretton_woods_created","unverified","The IMF was set up to watch over exchange rates and lend to countries short of foreign currency to pay their international bills.","https://www.federalreservehistory.org/essays/bretton-woods-created","L79 card.how_money_works.079.c2","","","","","","","corroborated","Britannica: the IMF stabilizes exchange rates and finances the short-term balance-of-payments deficits of member countries. (https://www.britannica.com/topic/International-Monetary-Fund)","one-page"
"fact.how_money_works.imf_conditions","source.imf_conditionality","unverified","Countries that borrow from the IMF agree to adjust their economic policies to overcome the problems that led them to seek help.","https://www.imf.org/en/About/Factsheets/Sheets/2023/IMF-Conditionality","L79 card.how_money_works.079.c2","","","","","","","corroborated","Britannica: IMF aid comes with conditions, such as required macroeconomic adjustments and structural reforms. (https://www.britannica.com/topic/International-Monetary-Fund)","one-page"
"fact.how_money_works.imf_critics","source.brit_imf","unverified","Critics argue that austere IMF loan conditions can reduce growth, worsen crises and hurt the poorest people.","https://www.britannica.com/topic/International-Monetary-Fund","L79 card.how_money_works.079.c2","","","","","","","corroborated","Human Rights Watch: IMF austerity loan conditions risk harming rights, with spending cuts that can hurt the poorest. (https://www.hrw.org/news/2023/09/25/imf-austerity-loan-conditions-risk-undermining-rights)","one-page"
"fact.how_money_works.wb_first_loan","source.worldbank_history","unverified","The World Bank's first loan went to France for postwar rebuilding; when the Marshall Plan took over in Europe, the Bank turned to power, irrigation and transport.","https://www.worldbank.org/en/about/history","L79 card.how_money_works.079.c3","","","","","","","corroborated","World Bank timeline: the Bank's first loan, $250 million to France for reconstruction, was signed on May 9, 1947. (https://timeline.worldbank.org/en/timeline/eventdetail/1636)","one-page"
"fact.how_money_works.wb_ida_today","source.worldbank_who_we_are","unverified","Today, part of the World Bank gives grants and low-interest loans to help low-income countries invest and develop.","https://www.worldbank.org/en/who-we-are","L79 card.how_money_works.079.c3","","","","","","","corroborated","IDA: the part of the World Bank that helps low-income countries through grants and zero- to low-interest loans. (https://ida.worldbank.org/en/what-is-ida)","one-page"
"fact.how_money_works.wto_founded","source.wto_what_is","unverified","The World Trade Organization began on 1 January 1995, succeeding the General Agreement on Tariffs and Trade (GATT) of 1947.","https://www.wto.org/english/thewto_e/whatis_e/whatis_e.htm","L79 card.how_money_works.079.c4","L79 question.how_money_works.079.q2","","","","","","corroborated","Britannica: the WTO began operations on January 1, 1995, as the successor to GATT. (https://www.britannica.com/topic/World-Trade-Organization)","one-page"
"fact.how_money_works.wto_functions","source.wto_what_is","unverified","The WTO runs trade agreements, hosts trade negotiations and handles trade disputes between its members.","https://www.wto.org/english/thewto_e/whatis_e/whatis_e.htm","L79 card.how_money_works.079.c4","L79 question.how_money_works.079.q2","","","","","","corroborated","Britannica: the WTO sets and enforces rules for international trade, provides a forum for negotiation and resolves trade disputes. (https://www.britannica.com/topic/World-Trade-Organization)","one-page"
"fact.how_money_works.wto_members","source.wto_what_is","unverified","The WTO has 166 members, which together account for 98% of world trade.","https://www.wto.org/english/thewto_e/whatis_e/whatis_e.htm","L79 card.how_money_works.079.c4","L79 question.how_money_works.079.q2","","","","","","corroborated","Search of CRS and other summaries: the WTO has 166 members representing over 98% of global trade. (https://www.everycrsreport.com/reports/R41291.html)","one-page"
"fact.how_money_works.wto_critics","source.brit_wto","unverified","Critics say the WTO favors large corporations and raise concerns about its effects on the environment, labor rights and national sovereignty.","https://www.britannica.com/topic/World-Trade-Organization","L79 card.how_money_works.079.c4","L79 question.how_money_works.079.q2","","","","","","corroborated","CRS report: WTO critics include environmental, labor and consumer groups; the WTO's own pages respond to charges on sovereignty, labor and the environment. (https://www.wto.org/english/thewto_e/minist_e/min99_e/english/misinf_e/09sov_e.htm https://www.everycrsreport.com/reports/R41291.html)",""
"fact.how_money_works.bigmac_origin","source.britmoney_big_mac_index","unverified","The Economist created the Big Mac index in 1986 as a lighthearted way to illustrate purchasing power parity.","https://www.britannica.com/money/Big-Mac-index","L80 card.how_money_works.080.c1","L80 question.how_money_works.080.q1","","","","","","corroborated","The Economist: 'We invented the Big Mac index in 1986 as a lighthearted guide to whether currencies are at their correct level.' (https://www.linkedin.com/posts/the-economist_we-invented-the-big-mac-index-in-1986-as-activity-6957847078999887872-1ARq)","one-page"
"fact.how_money_works.ppp_def","source.openstax_fx_shifts","unverified","Purchasing power parity is the idea that exchange rates should move toward the rate that makes the same goods cost the same in different countries.","https://openstax.org/books/principles-economics-3e/pages/29-2-demand-and-supply-shifts-in-foreign-exchange-markets","L80 card.how_money_works.080.c2","L80 question.how_money_works.080.q1; L80 question.how_money_works.080.q2","","","","","","corroborated","The Economist (via search) and Britannica: PPP holds that in the long run exchange rates move toward equalizing the prices of an identical basket in any two countries. (https://www.britannica.com/money/Big-Mac-index)","one-page"
"fact.how_money_works.bigmac_valuation","source.britmoney_big_mac_index","unverified","If a Big Mac costs less abroad, in dollars, than in the US, the index suggests that currency may be undervalued; if it costs more, overvalued.","https://www.britannica.com/money/Big-Mac-index","L80 card.how_money_works.080.c2","L80 question.how_money_works.080.q1; L80 question.how_money_works.080.q2","","","","","","corroborated","Visual Capitalist: undervalued currencies have a lower local Big Mac price than the US price; overvalued ones a higher price. (https://www.visualcapitalist.com/cp/big-mac-index-purchasing-power-parity-burger-inflation/)","one-page"
"fact.how_money_works.bigmac_limits","source.britmoney_big_mac_index","unverified","The Big Mac index can't fully account for local wages, taxes and other costs of doing business, and one burger can't represent a whole economy.","https://www.britannica.com/money/Big-Mac-index","L80 card.how_money_works.080.c2","L80 question.how_money_works.080.q1; L80 question.how_money_works.080.q2","","","","","","corroborated","Visual Capitalist: a Big Mac's price is influenced by costs such as labor, which do not reflect relative currency values. (https://www.visualcapitalist.com/cp/big-mac-index-purchasing-power-parity-burger-inflation/)","one-page"
"fact.how_money_works.company_sole_proprietorship","source.openstax_finance_business_structures","unverified","A sole proprietorship is a business owned by one person, who has unlimited personal liability for all of its debts.","https://openstax.org/books/principles-finance/pages/2-1-business-structures","L81 card.how_money_works.081.c2","L81 question.how_money_works.081.q3; L82 question.how_money_works.082.q3","","","","","","corroborated","OpenStax Introduction to Business 4.1 says the sole proprietor and the company are one and the same, so the owner is personally responsible for all its debts; Principles of Finance 2.1 says the same. (https://openstax.org/books/introduction-business/pages/4-1-going-it-alone-sole-proprietorships https://openstax.org/books/principles-finance/pages/2-1-business-structures)",""
"fact.how_money_works.company_partnership","source.openstax_finance_business_structures","unverified","In a partnership, two or more people own a business together, and in a general partnership every partner faces unlimited personal liability.","https://openstax.org/books/principles-finance/pages/2-1-business-structures","L81 card.how_money_works.081.c2; L82 card.how_money_works.082.c2","L81 question.how_money_works.081.q3; L82 question.how_money_works.082.q3","","","","","","corroborated","OpenStax Principles of Finance defines a partnership as an arrangement between two or more people whose partners are all subject to unlimited liability; OpenStax Introduction to Business key terms define a partnership the same way. (https://openstax.org/books/introduction-business/pages/4-key-terms https://openstax.org/books/principles-finance/pages/2-1-business-structures)",""
"fact.how_money_works.company_corporation_entity","source.openstax_business_corporations","unverified","A corporation is a legal entity separate from its owners: it can own property, enter into contracts, and sue and be sued.","https://openstax.org/books/introduction-business/pages/4-3-corporations-limiting-your-liability","L81 card.how_money_works.081.c3; L90 card.how_money_works.090.c4","L81 question.how_money_works.081.q3","","","","","","corroborated","OpenStax Introduction to Business 4.3 says a corporation can own property, enter into contracts, sue and be sued; Principles of Finance 2.1 says it operates separately and distinctly from its owners and managers. (https://openstax.org/books/introduction-business/pages/4-3-corporations-limiting-your-liability https://openstax.org/books/principles-finance/pages/2-1-business-structures)",""
"fact.how_money_works.company_corporation_entity","source.openstax_finance_business_structures","unverified","A corporation is a legal entity separate from its owners: it can own property, enter into contracts, and sue and be sued.","https://openstax.org/books/principles-finance/pages/2-1-business-structures","L81 card.how_money_works.081.c3; L90 card.how_money_works.090.c4","L81 question.how_money_works.081.q3","","","","","","corroborated","OpenStax Introduction to Business 4.3 says a corporation can own property, enter into contracts, sue and be sued; Principles of Finance 2.1 says it operates separately and distinctly from its owners and managers. (https://openstax.org/books/introduction-business/pages/4-3-corporations-limiting-your-liability https://openstax.org/books/principles-finance/pages/2-1-business-structures)",""
"fact.how_money_works.company_limited_liability","source.openstax_business_corporations","unverified","With limited liability, a corporation's owners can lose no more than the amount they invested in it.","https://openstax.org/books/introduction-business/pages/4-3-corporations-limiting-your-liability","L81 card.how_money_works.081.c3","L81 question.how_money_works.081.q3","","","","","","corroborated","Both OpenStax texts say stockholders' liability is limited to the amount of their investment in the firm. (https://openstax.org/books/introduction-business/pages/4-3-corporations-limiting-your-liability https://openstax.org/books/principles-finance/pages/2-1-business-structures)",""
"fact.how_money_works.company_limited_liability","source.openstax_finance_business_structures","unverified","With limited liability, a corporation's owners can lose no more than the amount they invested in it.","https://openstax.org/books/principles-finance/pages/2-1-business-structures","L81 card.how_money_works.081.c3","L81 question.how_money_works.081.q3","","","","","","corroborated","Both OpenStax texts say stockholders' liability is limited to the amount of their investment in the firm. (https://openstax.org/books/introduction-business/pages/4-3-corporations-limiting-your-liability https://openstax.org/books/principles-finance/pages/2-1-business-structures)",""
"fact.how_money_works.company_salomon_1892","source.translex_salomon_judgment","unverified","In 1892, Aron Salomon, a leather boot maker in Whitechapel, London, turned the business he had run as a sole proprietor into a limited company, keeping nearly all of its shares.","https://www.trans-lex.org/310810/_/salomon-v-salomon-co-ltd-[1897]-ac-22/","L81 card.how_money_works.081.c1; L81 card.how_money_works.081.c2; L90 card.how_money_works.090.c3","L81 question.how_money_works.081.q3; L90 question.how_money_works.090.q5","","","","","","corroborated","Case summaries agree: Salomon, a Whitechapel boot manufacturer trading on his own account, incorporated A. Salomon & Co Ltd in 1892 and took 20,001 of its 20,007 shares. (https://en.wikipedia.org/wiki/Salomon_v_A_Salomon_%26_Co_Ltd https://www.casemine.com/commentary/uk/salomon-v.-salomon-&-co-ltd:-establishing-corporate-personality-and-limited-liability/view)",""
"fact.how_money_works.company_salomon_ruling","source.translex_salomon_judgment","unverified","Salomon's company soon failed owing money. Its liquidator argued that Salomon should be personally liable, but the House of Lords ruled that the company was a separate person in law.","https://www.trans-lex.org/310810/_/salomon-v-salomon-co-ltd-[1897]-ac-22/","L81 card.how_money_works.081.c1; L81 card.how_money_works.081.c3","L81 question.how_money_works.081.q2; L81 question.how_money_works.081.q3","","","","","","corroborated","Case summaries report that after boot sales declined the company became insolvent, the liquidator sought to make Salomon personally liable, and the House of Lords unanimously upheld the company's separate legal personality. (https://en.wikipedia.org/wiki/Salomon_v_A_Salomon_%26_Co_Ltd https://bylawyers.co.uk/news/articles/case-summary-salomon-v-salomon-co-ltd-1896-ukhl-1/)",""
"fact.how_money_works.company_board_officers","source.openstax_business_corporations","unverified","In a corporation, shareholders elect a board of directors, which sets major goals and policies and hires officers, such as the chief executive officer (CEO), to run the firm.","https://openstax.org/books/introduction-business/pages/4-3-corporations-limiting-your-liability","L81 card.how_money_works.081.c4","L81 question.how_money_works.081.q1","","","","","","corroborated","OpenStax Introduction to Business 4.3 and its key terms describe stockholders electing a board of directors that sets goals and policies and hires the officers, including the CEO, who carry them out. (https://openstax.org/books/introduction-business/pages/4-3-corporations-limiting-your-liability https://openstax.org/books/introduction-business/pages/4-key-terms)",""
"fact.how_money_works.startup_entrepreneur_definition","source.brit_entrepreneurship","unverified","An entrepreneur is a person who organizes, manages and takes on the risk of a business; the word comes from the Old French entreprendre, ""to undertake"".","https://www.britannica.com/money/entrepreneurship","L82 card.how_money_works.082.c2; L90 card.how_money_works.090.c4","L82 question.how_money_works.082.q3","","","","","","corroborated","Britannica defines an entrepreneur as a person who organizes, manages and assumes the risk of a business, from Old French entreprendre; the Britannica Dictionary and Dictionary.com give the same sense and origin. (https://www.britannica.com/money/entrepreneurship https://www.dictionary.com/browse/entrepreneur)",""
"fact.how_money_works.startup_hp_garage","source.hp_garage_history","unverified","Bill Hewlett and Dave Packard began part-time work in a Palo Alto garage with $538 in working capital, including the value of Packard's used drill press.","https://www.hp.com/hpinfo/abouthp/histnfacts/publications/garage/garage_2010-06.pdf","L82 card.how_money_works.082.c1; L82 card.how_money_works.082.c3","","","","","","","corroborated","The HP Memory Project and HP history pages both say Hewlett and Packard started in the Addison Avenue garage with $538 in working capital. (https://www.hpmemoryproject.org/wa_pages/wall_a_page_00.htm https://www.hp.com/us-en/shop/tech-takes/history-of-hp)",""
"fact.how_money_works.startup_hp_landmark","source.ca_ohp_birthplace_silicon_valley","unverified","California has made the HP garage a state historical landmark, the ""Birthplace of Silicon Valley"".","https://ohp.parks.ca.gov/ListedResources/Detail/976","L82 card.how_money_works.082.c1","","","","","","","corroborated","The garage at 367 Addison Avenue is California Historical Landmark No. 976, registered in 1987 as the Birthplace of Silicon Valley, per landmark listings and the HP garage brochure. (https://noehill.com/santaclara/cal0976.asp https://www.hmdb.org/m.asp?m=3402)",""
"fact.how_money_works.startup_hp_partnership","source.hp_garage_history","unverified","On January 1, 1939, Hewlett and Packard formalized their partnership, and they chose the company's name with a coin toss.","https://www.hp.com/hpinfo/abouthp/histnfacts/publications/garage/garage_2010-06.pdf","L82 card.how_money_works.082.c2","L82 question.how_money_works.082.q3","","","","","","corroborated","This Day in Tech History and the HPCA archives record that Hewlett and Packard formalized their partnership on January 1, 1939, settling the name order with a coin toss. (https://thisdayintechhistory.com/01/01/hewlett-and-packard-formalize-partnership/ https://www.hewlettpackardhistory.com/story/the-founding-of-hp/)",""
"fact.how_money_works.startup_survival_2013","source.bls_business_survival_2013","unverified","Of US business establishments that opened in March 2013, 79.6% were still operating after one year, 50.6% after five years and 34.7% after ten.","https://www.bls.gov/opub/ted/2024/34-7-percent-of-business-establishments-born-in-2013-were-still-operating-in-2023.htm","L82 card.how_money_works.082.c4","L82 question.how_money_works.082.q1","","","","","","corroborated","BLS Business Employment Dynamics summaries put one-year survival near 78 to 80% and five-year survival near 50% across recent cohorts, matching the 2013 cohort figures. (https://www.bls.gov/opub/ted/2024/1-year-survival-rates-for-new-business-establishments-by-year-and-location.htm https://startbusinessbystate.com/business-survival-rates-by-state/)",""
"fact.how_money_works.startup_costs_types","source.sba_startup_costs","unverified","Start-up costs include one-time expenses, such as major equipment, permits and licenses, and ongoing ones, such as rent, salaries and utilities.","https://www.sba.gov/business-guide/plan-your-business/calculate-your-startup-costs","L82 card.how_money_works.082.c3","L82 question.how_money_works.082.q2; L83 question.how_money_works.083.q3","","","","","","corroborated","The SBA guide separates one-time expenses (equipment, permits, licenses, fees) from monthly expenses (salaries, rent, utilities); small-business guides from NerdWallet and the US Chamber make the same split. (https://www.sba.gov/business-guide/plan-your-business/calculate-your-startup-costs https://www.nerdwallet.com/business/learn/business-startup-costs)",""
"fact.how_money_works.startup_funding_sources","source.sba_startup_costs","unverified","New businesses are commonly funded by the founders' own savings, by loans, or by investors who put in money in return for a share of ownership.","https://www.sba.gov/business-guide/plan-your-business/calculate-your-startup-costs","L82 card.how_money_works.082.c3","L82 question.how_money_works.082.q2; L83 question.how_money_works.083.q3","","","","","","corroborated","The SBA lists self-funding, loans and venture capital (investment in return for equity); U.S. Bank and Stripe startup-funding guides describe the same options. (https://www.sba.gov/business-guide/plan-your-business/calculate-your-startup-costs https://www.usbank.com/business-banking/business-resource-center/what-are-the-types-of-startup-funding.html)",""
"fact.how_money_works.profit_revenue_definition","source.openstax_accounting_economic_profit","unverified","A firm's total revenue is the income it gets from selling its products: the price times the quantity sold.","https://openstax.org/books/principles-economics-3e/pages/7-1-explicit-and-implicit-costs-and-accounting-and-economic-profit","L83 card.how_money_works.083.c2","L83 question.how_money_works.083.q1; L83 question.how_money_works.083.q2; L89 question.how_money_works.089.q3","","","","","","corroborated","Lumen Learning's Costs and Profit reading gives Total Revenue = Price x Quantity, the income from selling products. (https://courses.lumenlearning.com/wm-microeconomics/chapter/costs-and-profit/ https://en.wikipedia.org/wiki/Total_revenue)",""
"fact.how_money_works.profit_definition","source.openstax_accounting_economic_profit","unverified","Profit is total revenue minus total cost; when costs are bigger than revenue, the result is a loss.","https://openstax.org/books/principles-economics-3e/pages/7-1-explicit-and-implicit-costs-and-accounting-and-economic-profit","L83 card.how_money_works.083.c2; L90 card.how_money_works.090.c4","L83 question.how_money_works.083.q1; L83 question.how_money_works.083.q2; L89 question.how_money_works.089.q3","","","","","","corroborated","Lumen Learning's Costs and Profit reading gives Profit = Total Revenue minus Total Cost, and its worked example shows a negative result as a loss. (https://courses.lumenlearning.com/wm-microeconomics/chapter/costs-and-profit/ https://www.dummies.com/article/business-careers-money/business/economics/how-to-maximize-profit-with-total-cost-and-revenue-167047/)",""
"fact.how_money_works.profit_amazon_2002","source.sec_amazon_2003_results","unverified","In 2002, Amazon had net sales of about $3.9 billion but a net loss of about $149 million.","https://www.sec.gov/Archives/edgar/data/0001018724/000119312504009751/dex991.htm","L83 card.how_money_works.083.c1; L83 card.how_money_works.083.c2","L83 question.how_money_works.083.q1; L83 question.how_money_works.083.q2; L89 question.how_money_works.089.q3","","","","","","corroborated","Computerworld and E-Commerce Times reported Amazon's 2002 net loss of $149 million; the SEC filing shows 2002 net sales of $3,932,936 thousand. (https://www.computerworld.com/article/1325643/amazon-records-first-profitable-year-in-its-history.html https://www.ecommercetimes.com/story/amazon-posts-first-full-year-profit-32708.html)",""
"fact.how_money_works.profit_amazon_2003","source.sec_amazon_2003_results","unverified","In 2003, Amazon made its first full-year profit: about $35 million on net sales of about $5.26 billion.","https://www.sec.gov/Archives/edgar/data/0001018724/000119312504009751/dex991.htm","L83 card.how_money_works.083.c4","","","","","","","corroborated","Computerworld reported 2003 as Amazon's first profitable year, with net income of $35 million on revenue of $5.26 billion. (https://www.computerworld.com/article/1325643/amazon-records-first-profitable-year-in-its-history.html https://www.ecommercetimes.com/story/amazon-posts-first-full-year-profit-32708.html)",""
"fact.how_money_works.profit_fixed_costs","source.openstax_short_run_costs","unverified","Fixed costs, such as rent on a factory or shop, machinery and advertising, stay the same however much a firm produces.","https://openstax.org/books/principles-economics-3e/pages/7-3-costs-in-the-short-run","L83 card.how_money_works.083.c3; L84 card.how_money_works.084.c2","L83 question.how_money_works.083.q3; L84 question.how_money_works.084.q3; L86 question.how_money_works.086.q3","","","","","","corroborated","OpenStax 7.3 lists rent, machinery, equipment and advertising as fixed costs that do not change with the level of production; OpenStax 7.2 describes fixed inputs the same way. (https://openstax.org/books/principles-economics-3e/pages/7-3-costs-in-the-short-run https://openstax.org/books/principles-economics-3e/pages/7-2-production-in-the-short-run)",""
"fact.how_money_works.profit_variable_costs","source.openstax_short_run_costs","unverified","Variable costs, such as labor and raw materials, rise and fall with how much a firm produces.","https://openstax.org/books/principles-economics-3e/pages/7-3-costs-in-the-short-run","L83 card.how_money_works.083.c3","L83 question.how_money_works.083.q3; L84 question.how_money_works.084.q3; L86 question.how_money_works.086.q3","","","","","","corroborated","OpenStax 7.3 defines variable costs as the costs of variable inputs such as labor and raw materials, which rise and fall with output; OpenStax 7.2 describes variable inputs the same way. (https://openstax.org/books/principles-economics-3e/pages/7-3-costs-in-the-short-run https://openstax.org/books/principles-economics-3e/pages/7-2-production-in-the-short-run)",""
"fact.how_money_works.scale_average_cost","source.openstax_short_run_costs","unverified","Average cost is total cost divided by the number of units produced, and it falls as fixed costs are spread over more output.","https://openstax.org/books/principles-economics-3e/pages/7-3-costs-in-the-short-run","L84 card.how_money_works.084.c2","L84 question.how_money_works.084.q3; L85 question.how_money_works.085.q3","","","","","","corroborated","OpenStax 7.5's alarm-clock example shows cost per unit falling as a factory produces more; the Corporate Finance Institute describes economies of scale as spreading initial costs over more goods. (https://openstax.org/books/principles-economics-3e/pages/7-5-costs-in-the-long-run https://corporatefinanceinstitute.com/resources/economics/economies-of-scale/)",""
"fact.how_money_works.scale_economies_definition","source.openstax_long_run_costs","unverified","Economies of scale occur when the cost per unit falls as the quantity produced goes up.","https://openstax.org/books/principles-economics-3e/pages/7-5-costs-in-the-long-run","L84 card.how_money_works.084.c3; L90 card.how_money_works.090.c4","L84 question.how_money_works.084.q1; L90 question.how_money_works.090.q3","","","","","","corroborated","The Corporate Finance Institute and Study.com define economies of scale as cost per unit falling as the quantity produced rises. (https://corporatefinanceinstitute.com/resources/economics/economies-of-scale/ https://study.com/academy/lesson/video/economies-diseconomies-of-scale.html)",""
"fact.how_money_works.scale_model_t_price","source.thehenryford_assembly_line","unverified","From 1908 to 1927, Ford built more than 15 million Model Ts, and the price dropped from $850 to as little as $260.","https://www.thehenryford.org/collections/explore/sets/detail/henry-ford-assembly-line","L84 card.how_money_works.084.c1; L84 card.how_money_works.084.c3; L90 card.how_money_works.090.c3","L84 question.how_money_works.084.q1; L90 question.how_money_works.090.q3","","","","","","corroborated","Ford Motor Company's own history says more than 15 million Model Ts were built and sold at prices between $260 and $850; History Hit gives $850 in 1908 and $260 by 1925. (https://corporate.ford.com/articles/history/the-model-t/ https://www.historyhit.com/ford-model-t-the-invention-of-the-worlds-first-affordable-car/)",""
"fact.how_money_works.scale_model_t_mass_production","source.ford_model_t_history","unverified","Mass production let Ford sell the Model T cheaply, and by the early 1920s more than half of the registered cars in the world were Fords.","https://corporate.ford.com/articles/history/the-model-t/","L84 card.how_money_works.084.c3","L84 question.how_money_works.084.q1; L90 question.how_money_works.090.q3","","","","","","corroborated","The Henry Ford ties the falling price to Ford's moving assembly line and mass production; Ford's history says more than half of the world's registered cars were Fords by the early 1920s. (https://www.thehenryford.org/collections/explore/sets/detail/henry-ford-assembly-line https://corporate.ford.com/articles/history/the-model-t/)",""
"fact.how_money_works.scale_diseconomies_definition","source.openstax_long_run_costs","unverified","Diseconomies of scale happen when a firm grows so large it is hard to manage: layers of managers struggle to communicate, work gets disrupted, and cost per unit rises.","https://openstax.org/books/principles-economics-3e/pages/7-5-costs-in-the-long-run","L84 card.how_money_works.084.c4","L84 question.how_money_works.084.q2","","","","","","corroborated","tutor2u and Wall Street Prep describe diseconomies of scale as rising unit costs when growth brings management and communication problems through more layers of hierarchy. (https://www.tutor2u.net/business/reference/diseconomies-of-scale https://www.wallstreetprep.com/knowledge/diseconomies-of-scale/)",""
"fact.how_money_works.pin_wealth_of_nations_1776","source.econlib_smith_wealth_of_nations","unverified","Adam Smith's The Wealth of Nations, published in 1776, opens with a chapter on the division of labour.","https://www.econlib.org/library/Smith/smWN.html","L85 card.how_money_works.085.c1; L90 card.how_money_works.090.c3","L90 question.how_money_works.090.q5","","","","","","corroborated","The University of Pittsburgh excerpt dates The Wealth of Nations to 1776, and Adam Smith Works titles Book I, Chapter I ""Of the Division of Labour"". (https://sites.pitt.edu/~syd/ASIND.html https://www.adamsmithworks.org/documents/chapter-1-of-the-division-of-labour)",""
"fact.how_money_works.pin_eighteen_operations","source.econlib_smith_wealth_of_nations","unverified","In Smith's pin factory, making a pin was divided into about 18 distinct operations: one worker draws out the wire, another straightens it, a third cuts it, and so on.","https://www.econlib.org/library/Smith/smWN.html","L85 card.how_money_works.085.c2","L85 question.how_money_works.085.q1; L85 question.how_money_works.085.q3","","","","","","corroborated","The text of Book I, Chapter I (University of Texas and Adam Smith Works editions) describes one man drawing the wire, another straightening it, a third cutting it, in about eighteen distinct operations. (http://la.utexas.edu/users/hcleaver/368/368smithchapteronetable.pdf https://www.adamsmithworks.org/documents/chapter-1-of-the-division-of-labour)",""
"fact.how_money_works.pin_ten_workers_48000","source.econlib_smith_wealth_of_nations","unverified","Smith described ten workers who, by dividing the operations, could make upwards of 48,000 pins a day, about 4,800 each.","https://www.econlib.org/library/Smith/smWN.html","L85 card.how_money_works.085.c1; L85 card.how_money_works.085.c2","L85 question.how_money_works.085.q1; L85 question.how_money_works.085.q3","","","","","","corroborated","The standard text says ten persons could make upwards of forty-eight thousand pins in a day, each making four thousand eight hundred. (http://la.utexas.edu/users/hcleaver/368/368smithchapteronetable.pdf https://www.adamsmithworks.org/documents/chapter-1-of-the-division-of-labour)",""
"fact.how_money_works.pin_alone_twenty","source.econlib_smith_wealth_of_nations","unverified","Working alone, Smith wrote, each worker could certainly not make 20 pins a day, and perhaps not even one.","https://www.econlib.org/library/Smith/smWN.html","L85 card.how_money_works.085.c1; L85 card.how_money_works.085.c2","L85 question.how_money_works.085.q1; L85 question.how_money_works.085.q3","","","","","","corroborated","The standard text says that working separately they certainly could not each have made twenty, perhaps not one pin in a day. (http://la.utexas.edu/users/hcleaver/368/368smithchapteronetable.pdf https://www.adamsmithworks.org/documents/chapter-1-of-the-division-of-labour)",""
"fact.how_money_works.pin_three_reasons","source.econlib_smith_wealth_of_nations","unverified","Smith gave three reasons dividing work raises output: workers grow more skilled at one task, they lose no time switching tasks, and it leads to machines that save labour.","https://www.econlib.org/library/Smith/smWN.html","L85 card.how_money_works.085.c3; L88 card.how_money_works.088.c5","L88 question.how_money_works.088.q3","","","","","","corroborated","Book I, Chapter I names three circumstances: increased dexterity, saving the time lost passing between kinds of work, and the invention of machines that facilitate and abridge labour. (http://la.utexas.edu/users/hcleaver/368/368smithchapteronetable.pdf https://www.adamsmithworks.org/documents/chapter-1-of-the-division-of-labour)",""
"fact.how_money_works.pin_smith_warning_quote","source.econlib_smith_wealth_of_nations","unverified","In Book V, Smith warned that a worker who spends a whole life performing a few simple operations ""generally becomes as stupid and ignorant as it is possible for a human creature to become"".","https://www.econlib.org/library/Smith/smWN.html","L85 card.how_money_works.085.c4","L85 question.how_money_works.085.q2","","","","","","corroborated","The Book V, Chapter I passage is quoted verbatim by Adam Smith Works and in the University of Texas course reading of Book V. (https://www.adamsmithworks.org/speakings/adam-smith-and-the-costs-of-the-division-of-labor https://la.utexas.edu/users/hcleaver/368/368SmithBk5Ch1Pt3Art2table.pdf)",""
"fact.how_money_works.wage_price_of_labor","source.openstax_labor_markets","unverified","In a labor market, the wage or salary is the price of labor: employers demand workers, and workers supply their labor.","https://openstax.org/books/principles-economics-3e/pages/4-1-demand-and-supply-at-work-in-labor-markets","L86 card.how_money_works.086.c2; L87 card.how_money_works.087.c4; L90 card.how_money_works.090.c4","L86 question.how_money_works.086.q1; L86 question.how_money_works.086.q3; L87 question.how_money_works.087.q3","","","","","","corroborated","Federal Reserve Education's labor market lesson describes wages adjusting through the supply of and demand for workers. (https://www.federalreserveeducation.org/teaching-resources/economics/labor-income/the-labor-market)","one-page"
"fact.how_money_works.wage_demand_productivity","source.openstax_labor_markets","unverified","Employers' demand for workers rises when those workers are more productive, for example better trained, and when demand rises for the products they make.","https://openstax.org/books/principles-economics-3e/pages/4-1-demand-and-supply-at-work-in-labor-markets","L86 card.how_money_works.086.c2; L86 card.how_money_works.086.c3","L86 question.how_money_works.086.q1; L86 question.how_money_works.086.q3; L87 question.how_money_works.087.q3","","","","","","corroborated","Economics references describe labor demand as a derived demand from demand for the product, and human capital theory holds that education raises worker productivity. (https://www.nber.org/system/files/working_papers/w26428/w26428.pdf https://www.federalreserveeducation.org/teaching-resources/economics/labor-income/the-labor-market)",""
"fact.how_money_works.wage_supply_training","source.openstax_labor_markets","unverified","Jobs that need more education or training have a smaller supply of qualified workers.","https://openstax.org/books/principles-economics-3e/pages/4-1-demand-and-supply-at-work-in-labor-markets","L86 card.how_money_works.086.c2; L86 card.how_money_works.086.c3","L86 question.how_money_works.086.q1; L86 question.how_money_works.086.q3; L87 question.how_money_works.087.q3","","","","","","corroborated","Federal Reserve Education's labor market lesson explains that jobs with few qualified providers command higher pay, and that education and training requirements limit the pool of workers. (https://www.federalreserveeducation.org/teaching-resources/economics/labor-income/the-labor-market)","one-page"
"fact.how_money_works.wage_education_2024","source.bls_education_pays_2024","unverified","In 2024, US full-time workers aged 25 and over with a bachelor's degree had median weekly earnings of $1,543, compared with $930 for those with only a high school diploma.","https://www.bls.gov/careeroutlook/2025/data-on-display/education-pays.htm","L86 card.how_money_works.086.c3","","","","","","","corroborated","Summaries of the BLS Education Pays 2024 chart give $930 for high school graduates and $1,543 for bachelor's degree holders. (https://degreecalc.com/blog/salary-by-degree-level/ https://www.quantumrun.com/consulting/income-by-education-level/)",""
"fact.how_money_works.wage_smith_hardship","source.econlib_smith_wealth_of_nations","unverified","Adam Smith wrote that wages vary with the ease or hardship, the cleanliness or dirtiness, and the honourableness of a job.","https://www.econlib.org/library/Smith/smWN.html","L86 card.how_money_works.086.c4","L86 question.how_money_works.086.q2","","","","","","corroborated","The Book I, Chapter X passage is quoted by Oxford Reference and textbooks discussing compensating differentials. (https://en.wikipedia.org/wiki/Compensating_differential https://pressbooks.pub/wagedifferentials/chapter/compensating-wage-differentials/)",""
"fact.how_money_works.wage_smith_collier","source.econlib_smith_wealth_of_nations","unverified","Smith noted that a journeyman blacksmith seldom earned in 12 hours what a coal miner earned in 8, because mining was dirtier, more dangerous and done underground.","https://www.econlib.org/library/Smith/smWN.html","L86 card.how_money_works.086.c1; L86 card.how_money_works.086.c4","L86 question.how_money_works.086.q2","","","","","","corroborated","Smith's blacksmith and collier example (twelve hours versus eight; dirt, danger, daylight and above ground) is quoted in discussions of compensating differentials. (https://en.wikipedia.org/wiki/Compensating_differential https://pressbooks.pub/wagedifferentials/chapter/compensating-wage-differentials/)",""
"fact.how_money_works.wage_compensating_definition","source.econlib_compensating_differentials","unverified","Economists call the extra pay needed to attract workers to dangerous or unpleasant jobs a compensating differential.","https://www.econlib.org/compensating-differentials-and-job-desirability/","L86 card.how_money_works.086.c4","L86 question.how_money_works.086.q2","","","","","","corroborated","Oxford Reference and open textbooks define compensating differentials as higher wages paid for hazardous or unpleasant work. (https://www.oxfordreference.com/display/10.1093/oi/authority.20110803095628783 https://pressbooks.pub/wagedifferentials/chapter/compensating-wage-differentials/)",""
"fact.how_money_works.union_definition","source.brit_organized_labor","unverified","A labor union is an association of workers that tries to improve working conditions through collective action.","https://www.britannica.com/topic/organized-labor","L87 card.how_money_works.087.c2","L87 question.how_money_works.087.q3","","","","","","corroborated","The Teamsters' glossary and Cornell's Legal Information Institute describe a union as workers organized to negotiate collectively with employers over wages, hours and conditions. (https://teamster.org/member-resources/definitions-common-labor-terms/ https://www.law.cornell.edu/wex/collective_bargaining)",""
"fact.how_money_works.union_collective_bargaining","source.brit_collective_bargaining","unverified","Collective bargaining is negotiation between workers' representatives and employers to set the conditions of employment, such as wages, hours and working conditions.","https://www.britannica.com/money/collective-bargaining","L87 card.how_money_works.087.c2; L87 card.how_money_works.087.c4","L87 question.how_money_works.087.q1; L87 question.how_money_works.087.q3","","","","","","corroborated","The AFL-CIO and Cornell's Legal Information Institute describe collective bargaining as workers, through unions, negotiating pay, hours and other terms of employment with employers. (https://aflcio.org/what-unions-do/empower-workers/collective-bargaining https://www.law.cornell.edu/wex/collective_bargaining)",""
"fact.how_money_works.union_strike_definition","source.brit_strike","unverified","A strike is a collective refusal by employees to work under the conditions their employer requires.","https://www.britannica.com/topic/strike-industrial-relations","L87 card.how_money_works.087.c2","L87 question.how_money_works.087.q3","","","","","","corroborated","The National Labor Relations Board's fact sheet on the right to strike treats a strike as employees collectively stopping work to press demands on an employer. (https://www.nlrb.gov/news-outreach/fact-sheets/nlra-and-right-strike)","one-page"
"fact.how_money_works.union_membership_rate","source.bls_union_members_2025","unverified","In the US, 10.0% of wage and salary workers (about 1 in 10) were union members in 2025, down from 20.1% in 1983.","https://www.bls.gov/news.release/union2.nr0.htm","L87 card.how_money_works.087.c4","L87 question.how_money_works.087.q1","","","","","","corroborated","The BLS Economics Daily and trade press (MCAA) report the 2025 union membership rate as 10.0%; BLS gives 20.1% for 1983, the first year of comparable data. (https://www.bls.gov/opub/ted/2026/union-membership-rate-10-0-percent-in-2025.htm https://www.mcaa.org/u-s-union-membership-held-at-10-in-2025-bls-reports/)",""
"fact.how_money_works.union_flint_dates","source.loc_flint_sitdown_strike","unverified","The Flint sit-down strike against General Motors lasted 44 days, from December 30, 1936, to February 11, 1937.","https://guides.loc.gov/this-month-in-business-history/february/flint-michigan-sit-down-strike","L87 card.how_money_works.087.c1; L87 card.how_money_works.087.c3","L87 question.how_money_works.087.q2; L90 question.how_money_works.090.q4","","","","","","corroborated","EBSCO Research Starters and the Social Welfare History Project give the same dates and 44-day length. (https://www.ebsco.com/research-starters/history/flint-sit-down-strike-1936-1937 https://socialwelfare.library.vcu.edu/eras/great-depression/flint-sit-strike-1936-1937/)",""
"fact.how_money_works.union_flint_inside","source.loc_flint_sitdown_strike","unverified","The Flint strikers occupied GM's plants instead of picketing outside, which protected them from the weather and from being replaced by other workers.","https://guides.loc.gov/this-month-in-business-history/february/flint-michigan-sit-down-strike","L87 card.how_money_works.087.c1; L87 card.how_money_works.087.c3","L87 question.how_money_works.087.q2; L90 question.how_money_works.090.q4","","","","","","corroborated","History.com and EBSCO describe workers sitting down inside the Fisher Body plants and staying, which kept GM from bringing in replacements. (https://www.history.com/articles/flint-sit-down-strike-general-motors-uaw https://www.ebsco.com/research-starters/history/flint-sit-down-strike-1936-1937)",""
"fact.how_money_works.union_flint_recognition","source.loc_flint_sitdown_strike","unverified","On February 11, 1937, General Motors agreed to recognize the strikers' union, the United Auto Workers (UAW).","https://guides.loc.gov/this-month-in-business-history/february/flint-michigan-sit-down-strike","L87 card.how_money_works.087.c3; L90 card.how_money_works.090.c3","L87 question.how_money_works.087.q2; L90 question.how_money_works.090.q4","","","","","","corroborated","EBSCO and History.com report that the February 11, 1937 agreement recognized the UAW as bargaining agent for GM workers. (https://www.ebsco.com/research-starters/history/flint-sit-down-strike-1936-1937 https://www.history.com/articles/flint-sit-down-strike-general-motors-uaw)",""
"fact.how_money_works.union_sitdown_illegal","source.brit_strike","unverified","Sit-down strikes are now counted among illegal kinds of strike.","https://www.britannica.com/topic/strike-industrial-relations","L87 card.how_money_works.087.c3","L87 question.how_money_works.087.q2; L90 question.how_money_works.090.q4","","","","","","corroborated","Britannica lists sit-down strikes among illegal strikes; in NLRB v. Fansteel (1939) the US Supreme Court held sit-down strikers could be lawfully discharged. (https://www.britannica.com/topic/strike-industrial-relations https://en.wikipedia.org/wiki/NLRB_v._Fansteel_Metallurgical_Corp.)",""
"fact.how_money_works.automation_luddites_1811","source.smithsonian_luddites","unverified","The Luddite protests began near Nottingham, England, in March 1811, when workers smashed knitting machines called stocking frames.","https://www.smithsonianmag.com/history/what-the-luddites-really-fought-against-264412/","L88 card.how_money_works.088.c1; L88 card.how_money_works.088.c2; L90 card.how_money_works.090.c3","L88 question.how_money_works.088.q1; L90 question.how_money_works.090.q5","","","","","","corroborated","Historic UK and the Nottinghamshire Heritage Gateway date the first attack to 11 March 1811 at Arnold near Nottingham, where framework knitters destroyed frames. (https://www.historic-uk.com/HistoryUK/HistoryofBritain/The-Luddites/ http://www.nottsheritagegateway.org.uk/people/luddites.htm)",""
"fact.how_money_works.automation_ned_ludd","source.smithsonian_luddites","unverified","The Luddites claimed to follow ""Ned Ludd"", a leader who never existed, and used his name to sign threatening letters.","https://www.smithsonianmag.com/history/what-the-luddites-really-fought-against-264412/","L88 card.how_money_works.088.c1","","","","","","","corroborated","The National Archives and History.com describe Ned Ludd as a mythical figure whose name was used to sign threatening letters. (https://www.nationalarchives.gov.uk/explore-the-collection/stories/the-proclamation-of-ned-ludd/ https://www.history.com/articles/who-were-the-luddites)",""
"fact.how_money_works.automation_luddites_grievance","source.smithsonian_luddites","unverified","The Luddites were not against machines as such; they objected to owners using machines to get around labor standards, with cheaper, lower-quality work.","https://www.smithsonianmag.com/history/what-the-luddites-really-fought-against-264412/","L88 card.how_money_works.088.c2","L88 question.how_money_works.088.q1","","","","","","corroborated","History.com and National Geographic say the Luddites objected to machines being used to cut wages and produce shoddy goods with untrained workers, not to machinery itself. (https://www.history.com/articles/industrial-revolution-luddites-workers https://www.nationalgeographic.com/history/article/luddite-industrial-revolution-anti-technology)",""
"fact.how_money_works.automation_machine_breaking_capital","source.smithsonian_luddites","unverified","Parliament made machine-breaking a capital crime.","https://www.smithsonianmag.com/history/what-the-luddites-really-fought-against-264412/","L88 card.how_money_works.088.c2","L88 question.how_money_works.088.q1","","","","","","corroborated","Spartacus Educational and the record of the Destruction of Stocking Frames, etc. Act 1812 show Parliament made machine-breaking a capital offence in 1812. (https://spartacus-educational.com/PRluddites.htm https://en.wikipedia.org/wiki/Destruction_of_Stocking_Frames,_etc._Act_1812)",""
"fact.how_money_works.automation_farm_share","source.usda_ers_farm_transformation","unverified","The share of the US workforce employed in agriculture fell from 41% in 1900 to 1.9% in 2000, as tractors replaced horses and mules.","https://www.ers.usda.gov/media/8254/eib-3.pdf","L88 card.how_money_works.088.c3","L88 question.how_money_works.088.q3","","","","","","corroborated","strategy+business and EH.net's history of tractors report the same fall (41% in 1900 to 1.9% in 2000) and tractors replacing animal power. (https://www.strategy-business.com/blog/US-Farms-Still-Feed-the-World-But-Farm-Jobs-Dwindle https://eh.net/encyclopedia/economic-history-of-tractors-in-the-united-states/)",""
"fact.how_money_works.automation_farm_freed_workers","source.usda_ers_farm_transformation","unverified","More productive farms freed a large share of the population for jobs outside farming.","https://www.ers.usda.gov/media/8254/eib-3.pdf","L88 card.how_money_works.088.c3","L88 question.how_money_works.088.q3","","","","","","corroborated","EH.net's economic history of tractors says mechanization freed millions of farm workers, many of whom moved to manufacturing and service jobs. (https://eh.net/encyclopedia/economic-history-of-tractors-in-the-united-states/)","one-page"
"fact.how_money_works.automation_atm_tellers","source.imf_bessen_toil_technology","unverified","As ATMs spread, tellers per urban bank branch fell from 20 to 13 between 1988 and 2004, but banks opened 43% more urban branches, so teller jobs did not disappear.","https://www.imf.org/external/pubs/ft/fandd/2015/03/bessen.htm","L88 card.how_money_works.088.c4","L88 question.how_money_works.088.q2","","","","","","corroborated","ATM Marketplace and Newsweek summaries of Bessen's research give the same 20-to-13 and 43% figures and the conclusion that teller employment held up. (https://www.atmmarketplace.com/articles/tellers-technology-and-atms/ https://www.newsweek.com/the-lessons-for-us-about-ai-from-the-atm-opinion-12338225)",""
"fact.how_money_works.automation_teller_role","source.imf_bessen_toil_technology","unverified","Tellers' work shifted away from handling cash toward helping customers with other services.","https://www.imf.org/external/pubs/ft/fandd/2015/03/bessen.htm","L88 card.how_money_works.088.c4","L88 question.how_money_works.088.q2","","","","","","corroborated","ATM Marketplace's summary of Bessen says tellers became part of relationship-banking teams as cash handling mattered less. (https://www.atmmarketplace.com/articles/tellers-technology-and-atms/ https://www.newsweek.com/the-lessons-for-us-about-ai-from-the-atm-opinion-12338225)",""
"fact.how_money_works.automation_unimate_1961","source.nihf_devol_unimate","unverified","In 1961, Unimate, the first industrial robot, went to work at a General Motors plant, lifting and stacking hot die-cast metal parts.","https://www.invent.org/inductees/george-devol","L88 card.how_money_works.088.c5; L90 card.how_money_works.090.c3","L90 question.how_money_works.090.q5","","","","","","corroborated","The Henry Ford's record of the first Unimate installed on an assembly line (1961) and summaries of the GM Ewing Township installation describe it handling hot die castings. (https://www.thehenryford.org/collections/explore/artifact/183434 https://en.wikipedia.org/wiki/Unimate)",""
"fact.how_money_works.advert_benham_eyeglasses","source.econlib_advertising","unverified","Economist Lee Benham found in 1972 that eyeglasses cost more in US states that banned advertising than in states that allowed it.","https://www.econlib.org/library/Enc/Advertising.html","L89 card.how_money_works.089.c2","L89 question.how_money_works.089.q1","","","","","","corroborated","Kobayashi and Muris (George Mason, Antonin Scalia Law School) and RePEc summarize Benham's Journal of Law and Economics study finding higher prices where optometrist advertising was banned. (https://www.law.gmu.edu/pubs/papers/16_16 https://ideas.repec.org/a/ucp/jlawec/v15y1972i2p337-52.html)",""
"fact.how_money_works.advert_information_role","source.econlib_advertising","unverified","Advertising gives buyers information about products and their prices, which helps them compare.","https://www.econlib.org/library/Enc/Advertising.html","L89 card.how_money_works.089.c2","L89 question.how_money_works.089.q1","","","","","","corroborated","The Concise Encyclopedia of Economics and the Kobayashi and Muris review of Benham both stress advertising's role in informing consumers about products and prices. (https://www.econlib.org/library/Enc/Advertising.html https://www.law.gmu.edu/pubs/papers/16_16)",""
"fact.how_money_works.advert_brand_ketchup","source.openstax_monopolistic_competition","unverified","Many people cannot tell common ketchups or mayonnaises apart blindfolded, yet past habits and advertising give them strong brand preferences.","https://openstax.org/books/principles-economics-3e/pages/10-1-monopolistic-competition","L89 card.how_money_works.089.c3","L89 question.how_money_works.089.q2","","","","","","corroborated","Lumen Learning's microeconomics reading, adapted from OpenStax, repeats the blindfold ketchup and mayonnaise example. (https://courses.lumenlearning.com/wm-microeconomics/chapter/product-differentiation-and-advertising/ https://courses.lumenlearning.com/suny-microeconomics/chapter/how-advertising-impacts-monopolistic-competition/)",""
"fact.how_money_works.advert_diamond_slogan","source.sothebys_diamond_forever","unverified","Copywriter Frances Gerety of the agency N. W. Ayer wrote ""A Diamond Is Forever"" for De Beers in 1947.","https://www.sothebys.com/en/articles/how-de-beers-changed-the-diamond-market-with-one-simple-tagline","L89 card.how_money_works.089.c1; L89 card.how_money_works.089.c3","L89 question.how_money_works.089.q2","","","","","","corroborated","The Marketing Society and The Drum both credit Frances Gerety at N. W. Ayer with the 1947 line for De Beers. (https://www.marketingsociety.com/the-library/tagline-forever https://www.thedrum.com/news/1948-de-beers-diamond-forever-campaign-invents-the-modern-day-engagement-ring)",""
"fact.how_money_works.advert_diamond_century","source.sothebys_diamond_forever","unverified","In 1999, Advertising Age named ""A Diamond Is Forever"" the best advertising slogan of the 20th century.","https://www.sothebys.com/en/articles/how-de-beers-changed-the-diamond-market-with-one-simple-tagline","L89 card.how_money_works.089.c1","","","","","","","corroborated","The Marketing Society and Clean Origin report Advertising Age's 1999 ranking of the line as the best slogan of the 20th century. (https://www.marketingsociety.com/the-library/tagline-forever https://www.cleanorigin.com/blog/the-iconic-a-diamond-is-forever-slogan/)",""
"fact.how_money_works.advert_diamond_ring_standard","source.sothebys_diamond_forever","unverified","The campaign helped make the diamond solitaire the standard engagement ring; earlier engagement rings often used colored gems, small diamonds or pearls.","https://www.sothebys.com/en/articles/how-de-beers-changed-the-diamond-market-with-one-simple-tagline","L89 card.how_money_works.089.c3","L89 question.how_money_works.089.q2","","","","","","corroborated","The Drum's history of the campaign credits it with inventing the modern-day diamond engagement ring. (https://www.thedrum.com/news/1948-de-beers-diamond-forever-campaign-invents-the-modern-day-engagement-ring)","one-page"
"fact.how_money_works.advert_pigou_cancel","source.openstax_monopolistic_competition","unverified","In 1920, economist A. C. Pigou argued that rival firms' advertising may simply cancel out, leaving each as it would have been if neither had advertised.","https://openstax.org/books/principles-economics-3e/pages/10-1-monopolistic-competition","L89 card.how_money_works.089.c4","L89 question.how_money_works.089.q3","","","","","","corroborated","Lumen Learning microeconomics readings quote the passage from Pigou's 1920 The Economics of Welfare about competing advertisers neutralising one another. (https://courses.lumenlearning.com/suny-microeconomics/chapter/how-advertising-impacts-monopolistic-competition/ https://courses.lumenlearning.com/wm-microeconomics/chapter/product-differentiation-and-advertising/)",""
"fact.how_money_works.coase_question_1937","source.econlib_coase_bio","unverified","In his 1937 paper ""The Nature of the Firm"", Ronald Coase asked why firms exist at all if markets can coordinate work.","https://www.econlib.org/library/Enc/bios/Coase.html","L90 card.how_money_works.090.c1; L90 card.how_money_works.090.c3","","","","","","","corroborated","Britannica describes Coase's 1937 paper as using transaction costs to explain why business firms exist alongside markets. (https://www.britannica.com/money/Ronald-Coase https://en.wikipedia.org/wiki/The_Nature_of_the_Firm)",""
"fact.how_money_works.coase_question_1937","source.economica_coase_nature_firm","unverified","In his 1937 paper ""The Nature of the Firm"", Ronald Coase asked why firms exist at all if markets can coordinate work.","https://onlinelibrary.wiley.com/doi/10.1111/j.1468-0335.1937.tb00002.x","L90 card.how_money_works.090.c1; L90 card.how_money_works.090.c3","","","","","","","corroborated","Britannica describes Coase's 1937 paper as using transaction costs to explain why business firms exist alongside markets. (https://www.britannica.com/money/Ronald-Coase https://en.wikipedia.org/wiki/The_Nature_of_the_Firm)",""
"fact.how_money_works.coase_transaction_costs","source.economica_coase_nature_firm","unverified","Coase's answer: using markets has costs, such as discovering prices and negotiating a separate contract for each deal, now called transaction costs.","https://onlinelibrary.wiley.com/doi/10.1111/j.1468-0335.1937.tb00002.x","L90 card.how_money_works.090.c2","L90 question.how_money_works.090.q1; L90 question.how_money_works.090.q2","","","","","","corroborated","Excerpts of the 1937 paper (Mason LEC) name the costs of discovering the relevant prices and of negotiating a separate contract for each exchange; Britannica links his work to transaction costs. (https://masonlec.org/site/rte_uploads/files/Masten_Coase_Nature%20of%20the%20Firm%20-excerpt.pdf https://www.britannica.com/money/Ronald-Coase)",""
"fact.how_money_works.coase_transaction_costs","source.econlib_coase_bio","unverified","Coase's answer: using markets has costs, such as discovering prices and negotiating a separate contract for each deal, now called transaction costs.","https://www.econlib.org/library/Enc/bios/Coase.html","L90 card.how_money_works.090.c2","L90 question.how_money_works.090.q1; L90 question.how_money_works.090.q2","","","","","","corroborated","Excerpts of the 1937 paper (Mason LEC) name the costs of discovering the relevant prices and of negotiating a separate contract for each exchange; Britannica links his work to transaction costs. (https://masonlec.org/site/rte_uploads/files/Masten_Coase_Nature%20of%20the%20Firm%20-excerpt.pdf https://www.britannica.com/money/Ronald-Coase)",""
"fact.how_money_works.coase_direction_inside","source.economica_coase_nature_firm","unverified","Inside a firm, work is directed by managers instead of being arranged through prices and a separate contract for each task.","https://onlinelibrary.wiley.com/doi/10.1111/j.1468-0335.1937.tb00002.x","L90 card.how_money_works.090.c2; L90 card.how_money_works.090.c4","L90 question.how_money_works.090.q1; L90 question.how_money_works.090.q2","","","","","","corroborated","The Mason LEC excerpt of the 1937 paper says that within a firm market transactions are replaced by an entrepreneur-coordinator who directs production. (https://masonlec.org/site/rte_uploads/files/Masten_Coase_Nature%20of%20the%20Firm%20-excerpt.pdf)","one-page"
"fact.how_money_works.coase_direction_inside","source.econlib_coase_bio","unverified","Inside a firm, work is directed by managers instead of being arranged through prices and a separate contract for each task.","https://www.econlib.org/library/Enc/bios/Coase.html","L90 card.how_money_works.090.c2; L90 card.how_money_works.090.c4","L90 question.how_money_works.090.q1; L90 question.how_money_works.090.q2","","","","","","corroborated","The Mason LEC excerpt of the 1937 paper says that within a firm market transactions are replaced by an entrepreneur-coordinator who directs production. (https://masonlec.org/site/rte_uploads/files/Masten_Coase_Nature%20of%20the%20Firm%20-excerpt.pdf)","one-page"
"fact.how_money_works.coase_nobel_1991","source.econlib_coase_bio","unverified","Coase won the 1991 Nobel Prize in economics, partly for showing why transaction costs matter for how the economy is organized.","https://www.econlib.org/library/Enc/bios/Coase.html","L90 card.how_money_works.090.c2","L90 question.how_money_works.090.q1; L90 question.how_money_works.090.q2","","","","","","corroborated","Britannica confirms Coase received the 1991 Nobel Prize for Economics for his work on how transaction costs and property rights affect business and society. (https://www.britannica.com/money/Ronald-Coase)","one-page"
"fact.how_money_works.ideas_smith_wealth_of_nations","source.brit_adam_smith","unverified","Scottish philosopher Adam Smith published The Wealth of Nations in 1776.","https://www.britannica.com/biography/Adam-Smith","L91 card.how_money_works.091.c1","L91 question.how_money_works.091.q3; L92 question.how_money_works.092.q3","","","","","","corroborated","Britannica biography: Smith was a Scottish social philosopher; The Wealth of Nations appeared in 1776. Econlib and Britannica ""invisible hand"" give the same date. (https://www.britannica.com/biography/Adam-Smith https://www.econlib.org/library/Enc/bios/Smith.html)",""
"fact.how_money_works.ideas_smith_butcher","source.econlib_adam_smith","unverified","Smith wrote that we expect our dinner not from the benevolence of the butcher, the brewer or the baker, but from their regard to their own interest.","https://www.econlib.org/library/Enc/bios/Smith.html","L91 card.how_money_works.091.c2","L100 question.how_money_works.100.q5","","","","","","corroborated","The sentence appears in The Wealth of Nations, Book I, ch. 2; quoted by Econlib, the Online Library of Liberty and the Adam Smith Works site. (https://www.econlib.org/library/Enc/bios/Smith.html https://oll.libertyfund.org/quotes/adam-smith-butcher-brewer-baker https://www.adamsmithworks.org/speakings/butcher-baker-brewer-adam-smiths-most-famous-sentences)",""
"fact.how_money_works.ideas_smith_invisible_hand_meaning","source.brit_invisible_hand","unverified","The invisible hand is Smith's metaphor for how good social and economic outcomes can arise from many self-interested actions, none meant to produce them.","https://www.britannica.com/money/invisible-hand","L91 card.how_money_works.091.c2; L91 card.how_money_works.091.c3","L91 question.how_money_works.091.q1; L96 question.how_money_works.096.q3; L100 question.how_money_works.100.q5","","","","","","corroborated","Britannica: beneficial outcomes ""may arise from the accumulated self-interested actions of individuals, none of whom intends to bring about such outcomes."" Wikipedia describes the metaphor the same way. (https://www.britannica.com/money/invisible-hand https://www.econlib.org/library/Enc/bios/Smith.html https://en.wikipedia.org/wiki/Invisible_hand)",""
"fact.how_money_works.ideas_smith_invisible_hand_once","source.brit_invisible_hand","unverified","Smith used the phrase 'invisible hand' only once in The Wealth of Nations, and once in The Theory of Moral Sentiments (1759).","https://www.britannica.com/money/invisible-hand","L91 card.how_money_works.091.c3","L91 question.how_money_works.091.q1; L96 question.how_money_works.096.q3; L100 question.how_money_works.100.q5","","","","","","corroborated","Britannica says Smith used the phrase on two occasions, once in each book; FEE and other commentaries note it appears only once in The Wealth of Nations. (https://www.britannica.com/money/invisible-hand https://fee.org/articles/adam-smith-reveals-his-invisible-hand/ https://en.wikipedia.org/wiki/Invisible_hand)",""
"fact.how_money_works.ideas_smith_invisible_hand_quote","source.econlib_adam_smith","unverified","Smith wrote that a person who 'intends only his own gain' is 'led by an invisible hand to promote an end which was no part of his intention.'","https://www.econlib.org/library/Enc/bios/Smith.html","L91 card.how_money_works.091.c3","L91 question.how_money_works.091.q1; L96 question.how_money_works.096.q3; L100 question.how_money_works.100.q5","","","","","","corroborated","Econlib quotes the passage from Wealth of Nations Book IV, ch. 2; the Online Library of Liberty quotes the same words. (https://www.econlib.org/library/Enc/bios/Smith.html https://oll.libertyfund.org/quotes/adam-smith-on-the-natural-ordering-tendency-of-free-markets-or-what-he-called-the-invisible-hand-1776)",""
"fact.how_money_works.ideas_invisible_hand_stretched","source.brit_invisible_hand","unverified","The invisible hand has also been used, more controversially, to argue that free markets deliver the best possible outcomes.","https://www.britannica.com/money/invisible-hand","L91 card.how_money_works.091.c3","L91 question.how_money_works.091.q1; L96 question.how_money_works.096.q3; L100 question.how_money_works.100.q5","","","","","","corroborated","Britannica notes the concept has been used ""more controversially"" to argue free markets produce optimal outcomes; Wikipedia describes the same later use and debate. (https://www.britannica.com/money/invisible-hand https://www.econlib.org/library/Enc/bios/Smith.html https://en.wikipedia.org/wiki/Invisible_hand)",""
"fact.how_money_works.ideas_smith_three_duties","source.econlib_wealth_of_nations","unverified","Smith gave government three duties: defense, justice, and public works like roads and bridges that help society but would not pay a private builder.","https://www.econlib.org/library/Smith/smWN.html","L91 card.how_money_works.091.c4","L91 question.how_money_works.091.q2","","","","","","corroborated","Wealth of Nations Book V sets out defence, the administration of justice, and public works unprofitable for individuals; the Adam Smith Works guidebook and Econlib's Smith biography (roads and bridges) agree. (https://www.econlib.org/library/Smith/smWN.html https://www.adamsmithworks.org/documents/guidebook-to-the-wealth-of-nations-ch-10-book-v-1 https://www.econlib.org/library/Enc/bios/Smith.html)",""
"fact.how_money_works.ideas_smith_same_trade","source.econlib_wealth_of_nations","unverified","Smith warned that people of the same trade seldom meet without the talk ending in a conspiracy against the public or a scheme to raise prices.","https://www.econlib.org/library/Smith/smWN.html","L91 card.how_money_works.091.c4","L91 question.how_money_works.091.q2","","","","","","corroborated","The American Economic Association quotes the full sentence from The Wealth of Nations: ""People of the same trade seldom meet together... conspiracy against the public, or in some contrivance to raise prices."" (https://www.aeaweb.org/research/conspiracies-against-the-public https://www.econlib.org/library/Smith/smWN.html)",""
"fact.how_money_works.ideas_stiglitz_not_there","source.guardian_stiglitz_invisible_hand","unverified","In 2002, economist Joseph Stiglitz wrote that the invisible hand is invisible, at least in part, because it is not there.","https://business.columbia.edu/sites/default/files-efs/imce-uploads/Joseph_Stiglitz/There_Is_No_Invisible_Hand.pdf","L91 card.how_money_works.091.c5","L98 question.how_money_works.098.q3","","","","","","corroborated","The Guardian column (Dec 20, 2002), hosted by Columbia, reads: the invisible hand ""is invisible, at least in part, because it is not there."" Wikiquote records the same line and a 2006 variant. (https://business.columbia.edu/sites/default/files-efs/imce-uploads/Joseph_Stiglitz/There_Is_No_Invisible_Hand.pdf https://en.wikiquote.org/wiki/Joseph_Stiglitz)",""
"fact.how_money_works.ideas_marx_manifesto_kapital","source.brit_karl_marx","unverified","Karl Marx published The Communist Manifesto with Friedrich Engels in 1848, and the first volume of Das Kapital in 1867.","https://www.britannica.com/biography/Karl-Marx","L92 card.how_money_works.092.c1","","","","","","","corroborated","Britannica gives the Manifesto (1848, with Engels); Econlib says volume one of Das Kapital was published in 1867, later volumes in 1885 and 1894. (https://www.britannica.com/biography/Karl-Marx https://www.econlib.org/library/Enc/bios/Marx.html)",""
"fact.how_money_works.ideas_marx_manifesto_kapital","source.econlib_karl_marx","unverified","Karl Marx published The Communist Manifesto with Friedrich Engels in 1848, and the first volume of Das Kapital in 1867.","https://www.econlib.org/library/Enc/bios/Marx.html","L92 card.how_money_works.092.c1","","","","","","","corroborated","Britannica gives the Manifesto (1848, with Engels); Econlib says volume one of Das Kapital was published in 1867, later volumes in 1885 and 1894. (https://www.britannica.com/biography/Karl-Marx https://www.econlib.org/library/Enc/bios/Marx.html)",""
"fact.how_money_works.ideas_marx_inherited_smith_ricardo","source.brit_marxism","unverified","Marx built on concepts inherited from earlier economists, including Adam Smith and David Ricardo.","https://www.britannica.com/topic/Marxism","L92 card.how_money_works.092.c2","L92 question.how_money_works.092.q1; L92 question.how_money_works.092.q3","","","","","","corroborated","Britannica: his work ""teems with concepts"" inherited from Hegel, Adam Smith, David Ricardo and John Stuart Mill. Wikipedia traces the labour theory of value from Smith and Ricardo to Marx. (https://www.britannica.com/topic/Marxism https://en.wikipedia.org/wiki/Labor_theory_of_value)",""
"fact.how_money_works.ideas_labor_theory_value","source.brit_labor_theory_value","unverified","The labor theory of value holds that a product's value is set by the amount of labor needed to make it.","https://www.britannica.com/topic/labor-theory-of-value","L92 card.how_money_works.092.c2","L92 question.how_money_works.092.q1; L92 question.how_money_works.092.q3","","","","","","corroborated","Britannica: ""The value of a product is determined by the amount of labor required to produce it."" Econlib lists the labor theory of value as key to Marx. (https://www.britannica.com/topic/labor-theory-of-value https://www.econlib.org/library/Enc/bios/Marx.html)",""
"fact.how_money_works.ideas_marx_surplus_value","source.brit_surplus_value","unverified","Marx argued that owners pay workers less than the value their labor adds, usually just enough to live on, and keep the rest, surplus value, as profit.","https://www.britannica.com/money/surplus-value","L92 card.how_money_works.092.c2","L92 question.how_money_works.092.q1; L92 question.how_money_works.092.q3","","","","","","corroborated","Britannica: the capitalist pays workers less than the value their labour added, usually enough for subsistence, and appropriates the surplus value as profit. Britannica's labour theory entry agrees. (https://www.britannica.com/money/surplus-value https://www.britannica.com/topic/labor-theory-of-value)",""
"fact.how_money_works.ideas_marx_class_struggle","source.econlib_karl_marx","unverified","Marx saw history as a series of class struggles; under capitalism, between owners of capital and workers.","https://www.econlib.org/library/Enc/bios/Marx.html","L92 card.how_money_works.092.c3","L97 question.how_money_works.097.q3; L100 question.how_money_works.100.q6","","","","","","corroborated","Econlib: history was ""a series of class struggles between owners of capital (capitalists) and workers (the proletariat)"". Britannica's Marxism entry describes the same view. (https://www.britannica.com/topic/Marxism https://www.econlib.org/library/Enc/bios/Marx.html)",""
"fact.how_money_works.ideas_marx_predicted_overthrow","source.brit_marxism","unverified","Marx and Engels predicted that the industrial working class would one day overthrow capitalism.","https://www.britannica.com/topic/Marxism","L92 card.how_money_works.092.c3","L97 question.how_money_works.097.q3; L100 question.how_money_works.100.q6","","","","","","corroborated","Britannica: works ""predicting the ultimate overthrow of capitalism by the industrial proletariat."" Econlib describes the predicted revolution and classless society. (https://www.britannica.com/topic/Marxism https://www.econlib.org/library/Enc/bios/Marx.html)",""
"fact.how_money_works.ideas_marx_wealth_concentration","source.econlib_karl_marx","unverified","Marx expected capitalism to concentrate wealth in fewer hands.","https://www.econlib.org/library/Enc/bios/Marx.html","L92 card.how_money_works.092.c3","L97 question.how_money_works.097.q3; L100 question.how_money_works.100.q6","","","","","","corroborated","Econlib: ""increasing concentration of wealth"" is a key component of Marx's economic thought. FEE and Mises commentaries discuss the same prediction. (https://www.econlib.org/library/Enc/bios/Marx.html https://fee.org/articles/how-marx-got-on-the-wrong-side-of-history/)",""
"fact.how_money_works.ideas_marx_russia_agrarian","source.brit_marxism","unverified","Marx expected revolution in industrialized countries; Lenin's version stressed peasants in mostly agrarian societies such as Russia.","https://www.britannica.com/topic/Marxism","L92 card.how_money_works.092.c3","L97 question.how_money_works.097.q3; L100 question.how_money_works.100.q6","","","","","","corroborated","Britannica: Marxism envisioned a proletarian revolution in industrialized countries, while Leninism emphasized peasants in agrarian societies such as Russia. (https://www.britannica.com/topic/Marxism https://en.wikipedia.org/wiki/Leninism)",""
"fact.how_money_works.ideas_communism_one_third","source.brit_communism","unverified","For much of the 20th century, about a third of the world's population lived under communist governments.","https://www.britannica.com/topic/communism","L92 card.how_money_works.092.c4","L92 question.how_money_works.092.q2; L94 question.how_money_works.094.q3","","","","","","corroborated","Britannica communism: ""For much of the 20th century, in fact, about one-third of the world's population lived under communist regimes."" Other references give one-third by 1985. (https://www.britannica.com/topic/communism https://en.wikipedia.org/wiki/Communism)",""
"fact.how_money_works.ideas_marx_lenin_mao","source.econlib_karl_marx","unverified","Leaders including Lenin and Mao built on Marx's writings to impose communism on more than twenty countries.","https://www.econlib.org/library/Enc/bios/Marx.html","L92 card.how_money_works.092.c4","L92 question.how_money_works.092.q2; L94 question.how_money_works.094.q3","","","","","","corroborated","Econlib: his writings laid the foundation for Lenin and Mao ""to impose communism on more than twenty countries."" Britannica notes Marxism became the basis of Marxism-Leninism and Maoism. (https://www.britannica.com/topic/Marxism https://www.econlib.org/library/Enc/bios/Marx.html)",""
"fact.how_money_works.ideas_austrian_utility_critique","source.brit_labor_theory_value","unverified","The Austrian school argued that a thing's value comes from its ability to satisfy wants, not the labor used to make it.","https://www.britannica.com/topic/labor-theory-of-value","L92 card.how_money_works.092.c4","L92 question.how_money_works.092.q2; L94 question.how_money_works.094.q3","","","","","","corroborated","Britannica: the Austrian school's utility theory contradicted Marx's labour theory of value. Wikipedia notes the labour theory was superseded by marginal utility in mainstream economics. (https://www.britannica.com/topic/labor-theory-of-value https://en.wikipedia.org/wiki/Labor_theory_of_value)",""
"fact.how_money_works.ideas_labor_hard_to_measure","source.brit_labor_theory_value","unverified","Linking value to labor has proved hard to measure, because labor varies in skill and training.","https://www.britannica.com/topic/labor-theory-of-value","L92 card.how_money_works.092.c4","L92 question.how_money_works.092.q2; L94 question.how_money_works.094.q3","","","","","","corroborated","Britannica: attempts to relate value to the precise quantity of labour ""have proven difficult, as labor itself varies in skill, training, and other factors."" Wikipedia discusses the same heterogeneous-labour problem. (https://www.britannica.com/topic/labor-theory-of-value https://en.wikipedia.org/wiki/Labor_theory_of_value)",""
"fact.how_money_works.ideas_marx_labor_movements","source.brit_marxism","unverified","Marx's ideas also inspired labor and socialist movements in western Europe.","https://www.britannica.com/topic/Marxism","L92 card.how_money_works.092.c4","L92 question.how_money_works.092.q2; L94 question.how_money_works.094.q3","","","","","","corroborated","Britannica: Marxism ""helped to consolidate, inspire, and radicalize elements of the labour and socialist movements in western Europe."" Wikipedia on Marxism agrees. (https://www.britannica.com/topic/Marxism https://en.wikipedia.org/wiki/Marxism)",""
"fact.how_money_works.ideas_keynes_general_theory_1936","source.econlib_keynes","unverified","John Maynard Keynes published The General Theory of Employment, Interest and Money in 1936.","https://www.econlib.org/library/Enc/bios/Keynes.html","L93 card.how_money_works.093.c1","","","","","","","corroborated","Econlib and Britannica date The General Theory to 1936 (Britannica: 1935-36). (https://www.britannica.com/money/John-Maynard-Keynes https://www.econlib.org/library/Enc/bios/Keynes.html https://www.britannica.com/money/Keynesian-economics)",""
"fact.how_money_works.ideas_keynes_aggregate_demand","source.econlib_keynes","unverified","Keynes's theory centers on total spending in the economy, called aggregate demand.","https://www.econlib.org/library/Enc/bios/Keynes.html","L93 card.how_money_works.093.c2","L93 question.how_money_works.093.q1","","","","","","corroborated","Econlib: The General Theory introduced aggregate demand, the sum of consumption, investment and government spending. Econlib's Keynesian economics entry: ""a theory of total spending in the economy (called aggregate demand)"". (https://www.britannica.com/money/John-Maynard-Keynes https://www.econlib.org/library/Enc/bios/Keynes.html https://www.britannica.com/money/Keynesian-economics)",""
"fact.how_money_works.ideas_keynes_aggregate_demand","source.brit_keynesian_economics","unverified","Keynes's theory centers on total spending in the economy, called aggregate demand.","https://www.britannica.com/money/Keynesian-economics","L93 card.how_money_works.093.c2","L93 question.how_money_works.093.q1","","","","","","corroborated","Econlib: The General Theory introduced aggregate demand, the sum of consumption, investment and government spending. Econlib's Keynesian economics entry: ""a theory of total spending in the economy (called aggregate demand)"". (https://www.britannica.com/money/John-Maynard-Keynes https://www.econlib.org/library/Enc/bios/Keynes.html https://www.britannica.com/money/Keynesian-economics)",""
"fact.how_money_works.ideas_keynes_unemployment_demand","source.brit_keynesian_economics","unverified","In Keynes's view, businesses won't hire workers to make goods that can't be sold, so unemployment comes from too little demand.","https://www.britannica.com/money/Keynesian-economics","L93 card.how_money_works.093.c2","L93 question.how_money_works.093.q1","","","","","","corroborated","Britannica: ""businesses will not employ workers to produce goods that cannot be sold"" and ""unemployment results from an insufficient demand for goods and services."" (https://www.britannica.com/money/Keynesian-economics https://www.econlib.org/library/Enc/KeynesianEconomics.html)",""
"fact.how_money_works.ideas_keynes_wage_cuts","source.brit_keynes","unverified","Keynes argued that cutting wages would not cure unemployment; government should raise spending and run a budget deficit.","https://www.britannica.com/money/John-Maynard-Keynes","L93 card.how_money_works.093.c2; L93 card.how_money_works.093.c3","L93 question.how_money_works.093.q1; L93 question.how_money_works.093.q2","","","","","","corroborated","Britannica: a reduction in wage rates would not reduce unemployment; the key was to increase government spending and run a budget deficit. Econlib: he advocated deficit spending in downturns. (https://www.britannica.com/money/John-Maynard-Keynes https://www.econlib.org/library/Enc/bios/Keynes.html https://www.britannica.com/money/Keynesian-economics)",""
"fact.how_money_works.ideas_keynes_bottles","source.keynes_general_theory_ch10","unverified","Keynes wrote that burying banknotes in bottles in old coal mines for firms to dig up would end unemployment, though building houses would be more sensible.","https://www.marxists.org/reference/subject/economics/keynes/general-theory/ch10.htm","L93 card.how_money_works.093.c1; L93 card.how_money_works.093.c3","L93 question.how_money_works.093.q2","","","","","","corroborated","General Theory ch. 10: if the Treasury filled old bottles with banknotes and buried them in disused coalmines, ""there need be no more unemployment... It would, indeed, be more sensible to build houses"". Northwestern's ""Quotable Keynes"" and Moneyness quote it. (https://www.marxists.org/reference/subject/economics/keynes/general-theory/ch10.htm https://faculty.wcas.northwestern.edu/rcoen/documents/Quotable_Keynes.pdf https://www.moneyness.ca/2019/04/banknotes-in-bottles-in-coal-mines.html)",""
"fact.how_money_works.ideas_keynes_bretton_woods","source.econlib_keynes","unverified","At the 1944 Bretton Woods conference, Keynes was one of the architects of the postwar system of fixed exchange rates.","https://www.econlib.org/library/Enc/bios/Keynes.html","L93 card.how_money_works.093.c4","L93 question.how_money_works.093.q3; L100 question.how_money_works.100.q7","","","","","","corroborated","Econlib: ""At the 1944 Bretton Woods Conference... Keynes was one of the architects of the postwar system of fixed exchange rates."" Britannica also notes his role at Bretton Woods. (https://www.britannica.com/money/John-Maynard-Keynes https://www.econlib.org/library/Enc/bios/Keynes.html https://www.britannica.com/money/Keynesian-economics)",""
"fact.how_money_works.ideas_keynes_dominant_1970s","source.brit_keynesian_economics","unverified","Keynesian economics guided most Western governments until the 1970s, when monetarism eclipsed it.","https://www.britannica.com/money/Keynesian-economics","L93 card.how_money_works.093.c4","L93 question.how_money_works.093.q3; L100 question.how_money_works.100.q7","","","","","","corroborated","Britannica: Keynesian economics was ""the prevailing approach to economic policy among most Western governments until the 1970s""; ""Starting in the 1970s, Keynesian economics was eclipsed in its influence by monetarism."" (https://www.britannica.com/money/Keynesian-economics https://www.britannica.com/money/monetarism)",""
"fact.how_money_works.ideas_monetarism_friedman","source.brit_monetarism","unverified","Monetarists, led by Milton Friedman, argued government should steady the economy only by growing the money supply at a steady rate.","https://www.britannica.com/money/monetarism","L93 card.how_money_works.093.c4","L93 question.how_money_works.093.q3; L100 question.how_money_works.100.q7","","","","","","corroborated","Britannica: Friedman is monetarism's leading exponent; government should promote stability ""only by controlling the rate of growth of the money supply."" Econlib's Friedman biography agrees. (https://www.britannica.com/money/monetarism https://www.econlib.org/library/Enc/bios/Friedman.html)",""
"fact.how_money_works.ideas_hayek_keynes_debate","source.econlib_hayek","unverified","Most economists believe Keynes won his 1930s debate with Friedrich Hayek, but Hayek never believed it.","https://www.econlib.org/library/Enc/bios/Hayek.html","L93 card.how_money_works.093.c4","L93 question.how_money_works.093.q3; L100 question.how_money_works.100.q7","","","","","","corroborated","Econlib Hayek biography: the two built rival models at the same time; ""Most economists believe that Keynes's General Theory won the war. Hayek, until his dying day, never believed that."" (https://www.econlib.org/library/Enc/bios/Hayek.html https://en.wikipedia.org/wiki/Keynes%E2%80%93Hayek_debate)",""
"fact.how_money_works.ideas_market_economy_def","source.openstax_economic_systems","unverified","In a market economy, decision-making is spread out among buyers and sellers, and it rests on private enterprise.","https://openstax.org/books/principles-economics-3e/pages/1-4-how-to-organize-economies-an-overview-of-economic-systems","L94 card.how_money_works.094.c2","L94 question.how_money_works.094.q1; L94 question.how_money_works.094.q3","","","","","","corroborated","OpenStax: ""In a market economy, decision-making is decentralized. Market economies are based on private enterprise."" Britannica's market economy entry agrees. (https://openstax.org/books/principles-economics-3e/pages/1-4-how-to-organize-economies-an-overview-of-economic-systems https://en.wikipedia.org/wiki/Market_economy)",""
"fact.how_money_works.ideas_command_economy_def","source.openstax_economic_systems","unverified","In a command economy, economic effort serves goals handed down from a ruler or ruling class.","https://openstax.org/books/principles-economics-3e/pages/1-4-how-to-organize-economies-an-overview-of-economic-systems","L94 card.how_money_works.094.c2","L94 question.how_money_works.094.q1; L94 question.how_money_works.094.q3","","","","","","corroborated","OpenStax: ""In a command economy, economic effort is devoted to goals passed down from a ruler or ruling class."" Wikipedia on planned economies agrees. (https://openstax.org/books/principles-economics-3e/pages/1-4-how-to-organize-economies-an-overview-of-economic-systems https://en.wikipedia.org/wiki/Planned_economy)",""
"fact.how_money_works.ideas_mixed_most","source.openstax_economic_systems","unverified","Most economies in the real world are mixed, combining elements of market and command systems.","https://openstax.org/books/principles-economics-3e/pages/1-4-how-to-organize-economies-an-overview-of-economic-systems","L94 card.how_money_works.094.c2; L94 card.how_money_works.094.c4","L94 question.how_money_works.094.q1; L94 question.how_money_works.094.q3","","","","","","corroborated","OpenStax: ""Most economies in the real world are mixed. They combine elements of command and market (and even traditional) systems."" (https://openstax.org/books/principles-economics-3e/pages/1-4-how-to-organize-economies-an-overview-of-economic-systems https://en.wikipedia.org/wiki/Mixed_economy)",""
"fact.how_money_works.ideas_soviet_five_year_1928","source.brit_gosplan","unverified","The Soviet Union's planning board, Gosplan, turned the party's goals into national plans, starting its first Five-Year Plan in 1928.","https://www.britannica.com/money/Gosplan","L94 card.how_money_works.094.c2; L94 card.how_money_works.094.c4","L94 question.how_money_works.094.q1; L94 question.how_money_works.094.q3","","","","","","corroborated","Britannica: Gosplan translated the Communist Party's economic objectives into national plans and took on a fuller role in 1928 when the First Five-Year Plan was adopted. (https://www.britannica.com/money/Gosplan https://www.britannica.com/money/Five-Year-Plans https://en.wikipedia.org/wiki/Five-year_plans_of_the_Soviet_Union)",""
"fact.how_money_works.ideas_soviet_inefficiency","source.brit_communism","unverified","The inefficiency of communist economies played a large part in the collapse of the Soviet Union in 1991.","https://www.britannica.com/topic/communism","L94 card.how_money_works.094.c4","","","","","","","corroborated","Britannica communism: ""The inefficiency of these economies played a large part in the collapse of the Soviet Union in 1991."" (https://www.britannica.com/topic/communism https://en.wikipedia.org/wiki/Dissolution_of_the_Soviet_Union)",""
"fact.how_money_works.ideas_market_rules","source.openstax_economic_systems","unverified","Even market economies rely on government rules that protect property, enforce contracts, prevent fraud and collect taxes.","https://openstax.org/books/principles-economics-3e/pages/1-4-how-to-organize-economies-an-overview-of-economic-systems","L94 card.how_money_works.094.c4","","","","","","","corroborated","OpenStax: regulations define ""the rules of the game"" through laws safeguarding property, enforcing contracts, preventing fraud and collecting taxes. (https://openstax.org/books/principles-economics-3e/pages/1-4-how-to-organize-economies-an-overview-of-economic-systems https://en.wikipedia.org/wiki/Mixed_economy)",""
"fact.how_money_works.ideas_hayek_essay_1945","source.aer_hayek_use_of_knowledge","unverified","Friedrich Hayek set out his argument in 'The Use of Knowledge in Society', published in 1945.","https://www.econlib.org/library/Essays/hykKnw.html","L94 card.how_money_works.094.c1","","","","","","","corroborated","Econlib gives the citation: American Economic Review, Vol. XXXV, No. 4 (1945). Econlib's Hayek biography discusses the essay. (https://www.econlib.org/library/Essays/hykKnw.html https://www.econlib.org/library/Enc/bios/Hayek.html)",""
"fact.how_money_works.ideas_hayek_dispersed","source.econlib_hayek","unverified","Hayek argued that the knowledge an economy needs exists in no single mind; each person knows things about their own resources that a planner never can.","https://www.econlib.org/library/Enc/bios/Hayek.html","L94 card.how_money_works.094.c3; L94 card.how_money_works.094.c4","L94 question.how_money_works.094.q2","","","","","","corroborated","Econlib: ""The data do not exist, and cannot exist, in any one mind""; ""each individual has knowledge ... that a central planner can never have."" (https://www.econlib.org/library/Essays/hykKnw.html https://www.econlib.org/library/Enc/bios/Hayek.html)",""
"fact.how_money_works.ideas_hayek_tin","source.aer_hayek_use_of_knowledge","unverified","In Hayek's tin example, tens of thousands of tin users need not know why it became scarce; with no order given, the price tells them to use less.","https://www.econlib.org/library/Essays/hykKnw.html","L94 card.how_money_works.094.c1; L94 card.how_money_works.094.c3","L94 question.how_money_works.094.q2","","","","","","corroborated","Hayek (1945): ""All that the users of tin need to know is that some of the tin they used to consume is now more profitably employed elsewhere and that, in consequence, they must economize tin."" (https://www.econlib.org/library/Essays/hykKnw.html https://www.econlib.org/library/Enc/bios/Hayek.html)",""
"fact.how_money_works.ideas_hayek_telecom","source.aer_hayek_use_of_knowledge","unverified","Hayek described the price system as a kind of telecommunications system.","https://www.econlib.org/library/Essays/hykKnw.html","L94 card.how_money_works.094.c3","L94 question.how_money_works.094.q2","","","","","","corroborated","Hayek (1945): ""It is more than a metaphor to describe the price system as ... a system of telecommunications"". (https://www.econlib.org/library/Essays/hykKnw.html https://www.econlib.org/library/Enc/bios/Hayek.html)",""
"fact.how_money_works.ideas_behav_mug_experiment","source.nobel_2017_thaler_popular","unverified","In a 1990 experiment by Thaler, Kahneman and Knetsch, randomly chosen people got mugs they could sell; theory predicted about half would trade, but far fewer did.","https://www.nobelprize.org/uploads/2018/06/popular-economicsciences2017-1.pdf","L95 card.how_money_works.095.c1","L95 question.how_money_works.095.q2","","","","","","corroborated","Nobel popular background (2017): mugs handed to randomly chosen subjects; around half should have been sold, but ""far fewer than half the mugs changed hands."" The Nobel press release describes the same experiment. (https://www.nobelprize.org/uploads/2018/06/popular-economicsciences2017-1.pdf https://www.nobelprize.org/prizes/economic-sciences/2017/press-release/)",""
"fact.how_money_works.ideas_behav_traditional_assumes","source.nobel_2017_thaler_popular","unverified","Traditional economic theory assumes people have good information and can process it perfectly.","https://www.nobelprize.org/uploads/2018/06/popular-economicsciences2017-1.pdf","L95 card.how_money_works.095.c2","","","","","","","corroborated","Nobel 2017 background: ""Traditional economic theory assumes that people have good access to information and can process it perfectly."" Econlib's behavioral economics entry contrasts the same assumption. (https://www.nobelprize.org/uploads/2018/06/popular-economicsciences2017-1.pdf https://www.nobelprize.org/prizes/economic-sciences/2017/press-release/ https://www.econlib.org/library/Enc/BehavioralEconomics.html)",""
"fact.how_money_works.ideas_kahneman_nobel_2002","source.brit_kahneman","unverified","Psychologist Daniel Kahneman won the 2002 economics Nobel for bringing psychological research into economics.","https://www.britannica.com/biography/Daniel-Kahneman","L95 card.how_money_works.095.c2","","","","","","","corroborated","Britannica: Israeli-born psychologist, co-recipient of the 2002 Nobel ""for his integration of psychological research into economic science."" Stiglitz's 2002 Guardian column also hails the prize. (https://www.britannica.com/biography/Daniel-Kahneman https://business.columbia.edu/sites/default/files-efs/imce-uploads/Joseph_Stiglitz/There_Is_No_Invisible_Hand.pdf)",""
"fact.how_money_works.ideas_kahneman_tversky_1979","source.brit_kahneman","unverified","Kahneman's work with Amos Tversky included 'Prospect Theory', published in 1979.","https://www.britannica.com/biography/Daniel-Kahneman","L95 card.how_money_works.095.c2","","","","","","","corroborated","Britannica cites Kahneman and Tversky's ""Prospect Theory: An Analysis of Decisions Under Risk"" (1979); Econlib's behavioral economics bibliography lists it in Econometrica, 1979. (https://www.britannica.com/biography/Daniel-Kahneman https://www.econlib.org/library/Enc/BehavioralEconomics.html)",""
"fact.how_money_works.ideas_behav_loss_aversion","source.nobel_2017_thaler_popular","unverified","Loss aversion is the tendency to feel a loss more strongly than an equally large gain.","https://www.nobelprize.org/uploads/2018/06/popular-economicsciences2017-1.pdf","L95 card.how_money_works.095.c3","L95 question.how_money_works.095.q1; L95 question.how_money_works.095.q2; L100 question.how_money_works.100.q8","","","","","","corroborated","Nobel 2017 background: people ""experience the negative feeling of a loss more strongly than the positive sense of an equally large gain, known as loss aversion."" (https://www.nobelprize.org/uploads/2018/06/popular-economicsciences2017-1.pdf https://www.nobelprize.org/prizes/economic-sciences/2017/press-release/)",""
"fact.how_money_works.ideas_behav_endowment_effect","source.nobel_2017_thaler_popular","unverified","Thaler explained the endowment effect, valuing something more once you own it, through loss aversion.","https://www.nobelprize.org/uploads/2018/06/popular-economicsciences2017-1.pdf","L95 card.how_money_works.095.c3","L95 question.how_money_works.095.q1; L95 question.how_money_works.095.q2; L100 question.how_money_works.100.q8","","","","","","corroborated","Nobel 2017 background: ""Thaler's explanation for the endowment effect is based upon ... loss aversion""; mug owners valued mugs more than non-owners. (https://www.nobelprize.org/uploads/2018/06/popular-economicsciences2017-1.pdf https://www.nobelprize.org/prizes/economic-sciences/2017/press-release/)",""
"fact.how_money_works.ideas_behav_list_experience","source.qje_list_market_experience","unverified","In 2003, economist John List found that as traders gained market experience, the endowment effect faded.","https://academic.oup.com/qje/article-abstract/118/1/41/1917048","L95 card.how_money_works.095.c5","","","","","","","corroborated","QJE abstract (via RePEc): field and experimental evidence that behavior converges to the neoclassical prediction as market experience increases, and that experience plays a significant role in eliminating the endowment effect. (https://ideas.repec.org/a/oup/qjecon/v118y2003i1p41-71..html https://academic.oup.com/qje/article-abstract/118/1/41/1917048)",""
"fact.how_money_works.ideas_behav_mental_accounting","source.nobel_2017_thaler_popular","unverified","Mental accounting describes how people sort money into separate accounts in their heads and judge each decision on its own.","https://www.nobelprize.org/uploads/2018/06/popular-economicsciences2017-1.pdf","L95 card.how_money_works.095.c4","L95 question.how_money_works.095.q3","","","","","","corroborated","Nobel 2017: people simplify financial decisions by ""creating separate accounts in their minds, focusing on the narrow impact of each individual decision rather than its overall effect."" (https://www.nobelprize.org/uploads/2018/06/popular-economicsciences2017-1.pdf https://www.nobelprize.org/prizes/economic-sciences/2017/press-release/)",""
"fact.how_money_works.ideas_behav_house_money","source.nobel_2017_thaler_popular","unverified","Losing feels less painful if you're still 'in the black' in that mental account, which Thaler calls the house money effect.","https://www.nobelprize.org/uploads/2018/06/popular-economicsciences2017-1.pdf","L95 card.how_money_works.095.c4","L95 question.how_money_works.095.q3","","","","","","corroborated","Nobel 2017 background: ""It is less painful to lose if we are still 'in the black' in our mental account ... (something Thaler calls the house money effect)."" (https://www.nobelprize.org/uploads/2018/06/popular-economicsciences2017-1.pdf https://www.nobelprize.org/prizes/economic-sciences/2017/press-release/)",""
"fact.how_money_works.ideas_thaler_nobel_2017","source.nobel_2017_thaler_popular","unverified","Richard Thaler won the 2017 economics Nobel for his contributions to behavioral economics.","https://www.nobelprize.org/uploads/2018/06/popular-economicsciences2017-1.pdf","L95 card.how_money_works.095.c4","L95 question.how_money_works.095.q3","","","","","","corroborated","The Nobel press release and popular background: awarded to Richard H. Thaler ""for his contributions to behavioural economics."" (https://www.nobelprize.org/uploads/2018/06/popular-economicsciences2017-1.pdf https://www.nobelprize.org/prizes/economic-sciences/2017/press-release/)",""
"fact.how_money_works.ideas_pd_shopkeepers","source.brit_game_theory","unverified","When two shopkeepers each cut prices to win customers, neither gains customers and both earn smaller profits.","https://www.britannica.com/science/game-theory/The-prisoners-dilemma","L96 card.how_money_works.096.c1; L96 card.how_money_works.096.c3","L100 question.how_money_works.100.q9","","","","","","corroborated","Britannica game theory: two shopkeepers each lower prices, ""with the result that neither gains any customers and both earn smaller profits."" (https://www.britannica.com/science/game-theory/The-prisoners-dilemma https://plato.stanford.edu/entries/prisoner-dilemma/)",""
"fact.how_money_works.ideas_pd_payoffs","source.brit_game_theory","unverified","In the prisoners' dilemma, both silent means 1 year each, both confessing 5 years each; a lone confessor goes free and the silent one gets 20 years.","https://www.britannica.com/science/game-theory/The-prisoners-dilemma","L96 card.how_money_works.096.c2","L96 question.how_money_works.096.q1; L96 question.how_money_works.096.q3; L100 question.how_money_works.100.q9","","","","","","corroborated","Britannica: both confess, five years; neither confesses, one year; one confesses, the confessor goes free and the silent one gets 20 years. (https://www.britannica.com/science/game-theory/The-prisoners-dilemma https://plato.stanford.edu/entries/prisoner-dilemma/)",""
"fact.how_money_works.ideas_pd_dominant","source.sep_prisoners_dilemma","unverified","Whatever the other suspect does, each does better by confessing, yet both confessing is worse for each than both staying silent.","https://plato.stanford.edu/entries/prisoner-dilemma/","L96 card.how_money_works.096.c2","L96 question.how_money_works.096.q1; L96 question.how_money_works.096.q3; L100 question.how_money_works.100.q9","","","","","","corroborated","SEP: ""each is better off confessing than remaining silent"", yet the outcome when both confess ""is worse for each"" than if both stayed silent. Britannica gives the same reasoning. (https://www.britannica.com/science/game-theory/The-prisoners-dilemma https://plato.stanford.edu/entries/prisoner-dilemma/)",""
"fact.how_money_works.ideas_pd_dominant","source.brit_game_theory","unverified","Whatever the other suspect does, each does better by confessing, yet both confessing is worse for each than both staying silent.","https://www.britannica.com/science/game-theory/The-prisoners-dilemma","L96 card.how_money_works.096.c2","L96 question.how_money_works.096.q1; L96 question.how_money_works.096.q3; L100 question.how_money_works.100.q9","","","","","","corroborated","SEP: ""each is better off confessing than remaining silent"", yet the outcome when both confess ""is worse for each"" than if both stayed silent. Britannica gives the same reasoning. (https://www.britannica.com/science/game-theory/The-prisoners-dilemma https://plato.stanford.edu/entries/prisoner-dilemma/)",""
"fact.how_money_works.ideas_pd_origin","source.sep_prisoners_dilemma","unverified","Merrill Flood and Melvin Dresher devised the game at the RAND Corporation in 1950; Albert Tucker later added the prison story.","https://plato.stanford.edu/entries/prisoner-dilemma/","L96 card.how_money_works.096.c3","L100 question.how_money_works.100.q9","","","","","","corroborated","SEP: Flood and Dresher framed the puzzle in 1950 while at RAND; Tucker invented the prison story for an audience of Stanford psychologists. Wikipedia agrees. (https://plato.stanford.edu/entries/prisoner-dilemma/ https://en.wikipedia.org/wiki/Prisoner%27s_dilemma)",""
"fact.how_money_works.ideas_pd_arms_race","source.brit_game_theory","unverified","In an arms race, two nations keep buying weapons; neither gains an advantage and both end up poorer.","https://www.britannica.com/science/game-theory/The-prisoners-dilemma","L96 card.how_money_works.096.c3","L100 question.how_money_works.100.q9","","","","","","corroborated","Britannica: ""When two nations keep buying more weapons... neither gains an advantage and both are poorer than when they started."" (https://www.britannica.com/science/game-theory/The-prisoners-dilemma https://plato.stanford.edu/entries/prisoner-dilemma/)",""
"fact.how_money_works.ideas_pd_repeat_unknown_end","source.brit_game_theory","unverified","When the game repeats and players don't know which round is last, cooperation can emerge.","https://www.britannica.com/science/game-theory/The-prisoners-dilemma","L96 card.how_money_works.096.c4","L96 question.how_money_works.096.q2","","","","","","corroborated","Britannica: with a fixed known number of rounds cooperation unravels, but ""cooperation emerges when players don't know when the sequence ends."" SEP discusses the same result for iterated play. (https://www.britannica.com/science/game-theory/The-prisoners-dilemma https://plato.stanford.edu/entries/prisoner-dilemma/)",""
"fact.how_money_works.ideas_tit_for_tat","source.sep_prisoners_dilemma","unverified","In Robert Axelrod's tournaments, Anatol Rapoport's tit for tat, cooperate first and then copy the partner's last move, did famously well.","https://plato.stanford.edu/entries/prisoner-dilemma/","L96 card.how_money_works.096.c4","L96 question.how_money_works.096.q2","","","","","","corroborated","SEP: Rapoport's Tit for Tat succeeded in Axelrod's tournaments. Wikipedia and PLOS One describe it winning both of Axelrod's computer tournaments. (https://plato.stanford.edu/entries/prisoner-dilemma/ https://en.wikipedia.org/wiki/Tit_for_tat https://journals.plos.org/plosone/article?id=10.1371%2Fjournal.pone.0134128)",""
"fact.how_money_works.ideas_axelrod_nice","source.brit_game_theory","unverified","Axelrod found that every 'nice' strategy, one that never betrays first, beat every strategy that wasn't nice.","https://www.britannica.com/science/game-theory/The-prisoners-dilemma","L96 card.how_money_works.096.c4","L96 question.how_money_works.096.q2","","","","","","corroborated","Britannica: Axelrod found that ""every nice strategy outperformed every strategy that was not nice""; nice meaning never the first to defect. SEP discusses the same results. (https://www.britannica.com/science/game-theory/The-prisoners-dilemma https://plato.stanford.edu/entries/prisoner-dilemma/)",""
"fact.how_money_works.ideas_gini_1912","source.brit_gini_coefficient","unverified","Italian statistician Corrado Gini devised the Gini coefficient in 1912.","https://www.britannica.com/topic/Gini-coefficient","L97 card.how_money_works.097.c2","L97 question.how_money_works.097.q1","","","","","","corroborated","Britannica: developed by Italian statistician Corrado Gini in his 1912 paper Variabilita e mutabilita. Wikipedia agrees. (https://www.britannica.com/topic/Gini-coefficient https://en.wikipedia.org/wiki/Gini_coefficient)",""
"fact.how_money_works.ideas_gini_scale","source.brit_gini_coefficient","unverified","A Gini coefficient of 0 means perfect equality; 1 means one person gets all the income and everyone else none.","https://www.britannica.com/topic/Gini-coefficient","L97 card.how_money_works.097.c1; L97 card.how_money_works.097.c2","L97 question.how_money_works.097.q1","","","","","","corroborated","Britannica: ""A Gini of 0 indicates perfect equality, while 1 indicates that all income goes to one person and none to everyone else."" The World Bank and Wikipedia use the same scale. (https://www.britannica.com/topic/Gini-coefficient https://en.wikipedia.org/wiki/Gini_coefficient)",""
"fact.how_money_works.ideas_lorenz_curve","source.brit_gini_coefficient","unverified","The Gini is tied to the Lorenz curve, a 1905 chart of what share of income goes to what share of people.","https://www.britannica.com/topic/Gini-coefficient","L97 card.how_money_works.097.c2","L97 question.how_money_works.097.q1","","","","","","corroborated","Britannica: closely tied to the Lorenz curve, developed in 1905 by Max Lorenz, which plots cumulative income share against cumulative population share. (https://www.britannica.com/topic/Gini-coefficient https://en.wikipedia.org/wiki/Gini_coefficient)",""
"fact.how_money_works.ideas_gini_not_why","source.brit_gini_coefficient","unverified","The Gini shows how unequal a distribution is but not why; two countries with very different income patterns can share a score.","https://www.britannica.com/topic/Gini-coefficient","L97 card.how_money_works.097.c4","L97 question.how_money_works.097.q2","","","","","","corroborated","Britannica: the measure ""shows how unequal a distribution is, but not why""; two countries with very different patterns can arrive at the same score. (https://www.britannica.com/topic/Gini-coefficient https://en.wikipedia.org/wiki/Gini_coefficient)",""
"fact.how_money_works.ideas_gini_consumption","source.brit_gini_coefficient","unverified","Some countries measure consumption rather than income, which can miss how much wealth the richest households hold.","https://www.britannica.com/topic/Gini-coefficient","L97 card.how_money_works.097.c4","L97 question.how_money_works.097.q2","","","","","","corroborated","Britannica: in some nations the figure reflects consumption rather than income, failing to capture the extreme concentration of wealth among the richest households. (https://www.britannica.com/topic/Gini-coefficient https://en.wikipedia.org/wiki/Gini_coefficient)",""
"fact.how_money_works.ideas_wealth_stock_income_flow","source.oecd_household_wealth_2018","unverified","Wealth is a stock of resources you own; income is a flow of money coming in.","https://www.oecd.org/en/publications/inequalities-in-household-wealth-across-oecd-countries_7e1bf673-en.html","L97 card.how_money_works.097.c3","L97 question.how_money_works.097.q3","","","","","","corroborated","OECD (2018) treats assets ""as a stock of material resources complementary to a flow of current income."" Economics texts draw the same stock-flow distinction. (https://www.oecd.org/content/dam/oecd/en/publications/reports/2018/06/inequalities-in-household-wealth-across-oecd-countries_a91f464f/7e1bf673-en.pdf https://www.oecd.org/en/publications/society-at-a-glance-2024_918d8db3-en/full-report/income-and-wealth-inequalities_7ac4178f.html)",""
"fact.how_money_works.ideas_oecd_top10_wealth","source.oecd_household_wealth_2018","unverified","Across 28 OECD countries, the richest 10% of households held 52% of household wealth; the top 10% of earners got 24% of income.","https://www.oecd.org/en/publications/inequalities-in-household-wealth-across-oecd-countries_7e1bf673-en.html","L97 card.how_money_works.097.c3","L97 question.how_money_works.097.q3","","","","","","corroborated","OECD (2018): ""the wealthiest 10% of households hold 52% of total net wealth, compared with 24% of total income held by the 10% of people at the top of the income distribution,"" across 28 countries. Society at a Glance 2024 reports a similar pattern. (https://www.oecd.org/content/dam/oecd/en/publications/reports/2018/06/inequalities-in-household-wealth-across-oecd-countries_a91f464f/7e1bf673-en.pdf https://www.oecd.org/en/publications/society-at-a-glance-2024_918d8db3-en/full-report/income-and-wealth-inequalities_7ac4178f.html)",""
"fact.how_money_works.ideas_oecd_wealth_twice","source.oecd_household_wealth_2018","unverified","On average, wealth inequality across OECD countries is about twice the level of income inequality.","https://www.oecd.org/en/publications/inequalities-in-household-wealth-across-oecd-countries_7e1bf673-en.html","L97 card.how_money_works.097.c3","L97 question.how_money_works.097.q3","","","","","","corroborated","OECD (2018): ""Wealth inequality is twice the level of income inequality on average."" (https://www.oecd.org/content/dam/oecd/en/publications/reports/2018/06/inequalities-in-household-wealth-across-oecd-countries_a91f464f/7e1bf673-en.pdf https://www.oecd.org/en/publications/society-at-a-glance-2024_918d8db3-en/full-report/income-and-wealth-inequalities_7ac4178f.html)",""
"fact.how_money_works.ideas_ext_definition","source.openstax_pollution","unverified","An externality is the effect of a market exchange on a third party who is outside the exchange.","https://openstax.org/books/principles-economics-3e/pages/12-1-the-economics-of-pollution","L98 card.how_money_works.098.c2","L98 question.how_money_works.098.q1; L98 question.how_money_works.098.q3","","","","","","corroborated","OpenStax: ""The effect of a market exchange on a third party who is outside or 'external' to the exchange is called an externality."" Wikipedia defines it the same way. (https://openstax.org/books/principles-economics-3e/pages/12-1-the-economics-of-pollution https://www.econlib.org/library/Enc/Externalities.html https://en.wikipedia.org/wiki/Externality)",""
"fact.how_money_works.ideas_ext_concert","source.openstax_pollution","unverified","An outdoor concert's noise affects neighbors who had no part in buying the tickets.","https://openstax.org/books/principles-economics-3e/pages/12-1-the-economics-of-pollution","L98 card.how_money_works.098.c1","","","","","","","corroborated","OpenStax illustrates externalities with an outdoor arena whose concert noise affects nearby residents who had no role in the ticket purchase. (https://openstax.org/books/principles-economics-3e/pages/12-1-the-economics-of-pollution)","one-page"
"fact.how_money_works.ideas_ext_pollution","source.openstax_pollution","unverified","Pollution is a negative externality: a producer's costs cover labor and materials, but not the harm its pollution does to others.","https://openstax.org/books/principles-economics-3e/pages/12-1-the-economics-of-pollution","L98 card.how_money_works.098.c2","L98 question.how_money_works.098.q1; L98 question.how_money_works.098.q3","","","","","","corroborated","OpenStax: ""Pollution is a negative externality""; it distinguishes private costs (labor, materials) from external pollution costs borne by society. Econlib calls air pollution a negative externality. (https://openstax.org/books/principles-economics-3e/pages/12-1-the-economics-of-pollution https://www.econlib.org/library/Enc/Externalities.html https://en.wikipedia.org/wiki/Externality)",""
"fact.how_money_works.ideas_ext_overproduce","source.openstax_pollution","unverified","When firms don't pay for the pollution they cause, the market produces too much of the product.","https://openstax.org/books/principles-economics-3e/pages/12-1-the-economics-of-pollution","L98 card.how_money_works.098.c2","L98 question.how_money_works.098.q1; L98 question.how_money_works.098.q3","","","","","","corroborated","OpenStax: when firms ignore pollution costs, market equilibrium yields ""too much of the product"" compared with the socially optimal level. (https://openstax.org/books/principles-economics-3e/pages/12-1-the-economics-of-pollution https://www.econlib.org/library/Enc/Externalities.html https://en.wikipedia.org/wiki/Externality)",""
"fact.how_money_works.ideas_ext_positive_rnd","source.econlib_externalities","unverified","Externalities can be positive too; research and development is a standard example.","https://www.econlib.org/library/Enc/Externalities.html","L98 card.how_money_works.098.c2","L98 question.how_money_works.098.q1; L98 question.how_money_works.098.q3","","","","","","corroborated","Econlib: ""Research and development is a standard example of a positive externality."" Wikipedia lists R&D and education among positive externalities. (https://www.econlib.org/library/Enc/Externalities.html https://en.wikipedia.org/wiki/Externality)",""
"fact.how_money_works.ideas_pigou_1920","source.brit_pigou","unverified","Economist Arthur Pigou's most influential work was The Economics of Welfare, published in 1920.","https://www.britannica.com/biography/Arthur-Cecil-Pigou","L98 card.how_money_works.098.c3","L100 question.how_money_works.100.q10","","","","","","corroborated","Britannica: ""Pigou's most influential work was The Economics of Welfare (1920)."" The PMC centenary tribute agrees. (https://www.britannica.com/biography/Arthur-Cecil-Pigou https://pmc.ncbi.nlm.nih.gov/articles/PMC7814863/)",""
"fact.how_money_works.ideas_pigou_tax_subsidy","source.brit_pigou","unverified","Pigou argued that negative externalities should be offset by a tax and positive externalities by a subsidy.","https://www.britannica.com/biography/Arthur-Cecil-Pigou","L98 card.how_money_works.098.c3","L100 question.how_money_works.100.q10","","","","","","corroborated","Britannica: Pigou argued negative externalities ""should be offset by a tax, while positive externalities should be offset by a subsidy."" Wikipedia on Pigouvian taxes agrees. (https://www.britannica.com/biography/Arthur-Cecil-Pigou https://en.wikipedia.org/wiki/Pigouvian_tax)",""
"fact.how_money_works.ideas_pigou_carbon","source.pmc_pigou_carbon","unverified","A carbon tax is a modern Pigouvian tax, ideally set equal to the social cost of carbon.","https://pmc.ncbi.nlm.nih.gov/articles/PMC7814863/","L98 card.how_money_works.098.c3","L100 question.how_money_works.100.q10","","","","","","corroborated","PMC tribute: ""A Pigouvian tax on carbon emissions has to be set equal to the social cost of carbon."" Wikipedia cites carbon taxes as a Pigouvian example. (https://pmc.ncbi.nlm.nih.gov/articles/PMC7814863/ https://en.wikipedia.org/wiki/Pigouvian_tax)",""
"fact.how_money_works.ideas_coase_1960","source.econlib_coase","unverified","Ronald Coase challenged Pigou's approach in his 1960 paper 'The Problem of Social Cost'.","https://www.econlib.org/library/Enc/bios/Coase.html","L98 card.how_money_works.098.c4","L98 question.how_money_works.098.q2","","","","","","corroborated","Econlib: before Coase, economists accepted Pigou's view; Coase's 1960 ""The Problem of Social Cost"" challenged it. Wikipedia on the Coase theorem agrees. (https://www.econlib.org/library/Enc/bios/Coase.html https://en.wikipedia.org/wiki/Coase_theorem)",""
"fact.how_money_works.ideas_coase_rancher","source.econlib_coase","unverified","Coase's example: a rancher whose cattle damage a neighbor's crops, and a farmer who could pay the rancher to keep fewer cattle.","https://www.econlib.org/library/Enc/bios/Coase.html","L98 card.how_money_works.098.c4","L98 question.how_money_works.098.q2","","","","","","corroborated","Econlib: a steer earns the rancher $2 but causes $3 of crop damage, so the farmer would pay up to $3 for the rancher to reduce his herd. (https://www.econlib.org/library/Enc/bios/Coase.html https://en.wikipedia.org/wiki/Coase_theorem)",""
"fact.how_money_works.ideas_coase_low_costs","source.econlib_coase","unverified","Coase showed that if deals cost little to make, the parties can bargain to an efficient outcome without government, whoever the law favors.","https://www.econlib.org/library/Enc/bios/Coase.html","L98 card.how_money_works.098.c4","L98 question.how_money_works.098.q2","","","","","","corroborated","Econlib Externalities: ""as long as transactions costs are low, then the affected parties negotiate tolerably efficient solutions without government intervention""; efficiency doesn't depend on which party the law favors. (https://www.econlib.org/library/Enc/bios/Coase.html https://en.wikipedia.org/wiki/Coase_theorem https://www.econlib.org/library/Enc/Externalities.html)",""
"fact.how_money_works.ideas_coase_low_costs","source.econlib_externalities","unverified","Coase showed that if deals cost little to make, the parties can bargain to an efficient outcome without government, whoever the law favors.","https://www.econlib.org/library/Enc/Externalities.html","L98 card.how_money_works.098.c4","L98 question.how_money_works.098.q2","","","","","","corroborated","Econlib Externalities: ""as long as transactions costs are low, then the affected parties negotiate tolerably efficient solutions without government intervention""; efficiency doesn't depend on which party the law favors. (https://www.econlib.org/library/Enc/bios/Coase.html https://en.wikipedia.org/wiki/Coase_theorem https://www.econlib.org/library/Enc/Externalities.html)",""
"fact.how_money_works.ideas_transaction_costs_vary","source.econlib_externalities","unverified","The costs of making a deal vary from negligible to enormous.","https://www.econlib.org/library/Enc/Externalities.html","L98 card.how_money_works.098.c4","L98 question.how_money_works.098.q2","","","","","","corroborated","Econlib Externalities: ""every exchange has some transactions costs, which vary from negligible ... to enormous."" Wikipedia on the Coase theorem stresses the same limit. (https://www.econlib.org/library/Enc/Externalities.html https://en.wikipedia.org/wiki/Coase_theorem)",""
"fact.how_money_works.ideas_coase_nobel_1991","source.econlib_coase","unverified","Coase won the 1991 economics Nobel for his work on transaction costs and property rights.","https://www.econlib.org/library/Enc/bios/Coase.html","L98 card.how_money_works.098.c4","L98 question.how_money_works.098.q2","","","","","","corroborated","Econlib: Nobel ""for his discovery and clarification of the significance of transaction costs and property rights."" Britannica lists the 1991 prize. (https://www.econlib.org/library/Enc/bios/Coase.html https://en.wikipedia.org/wiki/Coase_theorem)",""
"fact.how_money_works.ideas_keynes_1930_prediction","source.keynes_grandchildren_essay","unverified","In 1930, Keynes predicted living standards four to eight times higher a century later, and a 15-hour work week.","https://www.marxists.org/reference/subject/economics/keynes/1930/our-grandchildren.htm","L99 card.how_money_works.099.c2","L99 question.how_money_works.099.q1","","","","","","corroborated","The essay says the standard of life ""a hundred years hence will be between 4 and 8 times as high"" and mentions ""a fifteen-hour week""; Crafts (2022) and Quote Investigator summarize the same prediction. (https://www.marxists.org/reference/subject/economics/keynes/1930/our-grandchildren.htm https://warwick.ac.uk/fac/soc/economics/research/workingpapers/2021/twerp_1360_-_crafts.pdf https://quoteinvestigator.com/2025/02/03/work-week/)",""
"fact.how_money_works.ideas_keynes_1930_prediction","source.warwick_crafts_15_hour_week","unverified","In 1930, Keynes predicted living standards four to eight times higher a century later, and a 15-hour work week.","https://warwick.ac.uk/fac/soc/economics/research/workingpapers/2021/twerp_1360_-_crafts.pdf","L99 card.how_money_works.099.c2","L99 question.how_money_works.099.q1","","","","","","corroborated","The essay says the standard of life ""a hundred years hence will be between 4 and 8 times as high"" and mentions ""a fifteen-hour week""; Crafts (2022) and Quote Investigator summarize the same prediction. (https://www.marxists.org/reference/subject/economics/keynes/1930/our-grandchildren.htm https://warwick.ac.uk/fac/soc/economics/research/workingpapers/2021/twerp_1360_-_crafts.pdf https://quoteinvestigator.com/2025/02/03/work-week/)",""
"fact.how_money_works.ideas_crafts_no_15_hours","source.warwick_crafts_15_hour_week","unverified","Economist Nicholas Crafts concluded that Keynes's 15-hour week will not arrive by 2030.","https://warwick.ac.uk/fac/soc/economics/research/workingpapers/2021/twerp_1360_-_crafts.pdf","L99 card.how_money_works.099.c2","L99 question.how_money_works.099.q1","","","","","","corroborated","Crafts abstract: ""In 1930 Keynes opined that by 2030 people would work only 15 hours per week. As such, this prediction will not be realised."" A BLS summary also notes no shift to a 15-hour week. (https://warwick.ac.uk/fac/soc/economics/research/workingpapers/2021/twerp_1360_-_crafts.pdf https://onlinelibrary.wiley.com/doi/10.1111/ecca.12439)",""
"fact.how_money_works.ideas_crafts_leisure_58","source.warwick_crafts_15_hour_week","unverified","UK expected lifetime hours of leisure and home production rose 58% from 1931 to 2011, reflecting longer lives and longer retirements.","https://warwick.ac.uk/fac/soc/economics/research/workingpapers/2021/twerp_1360_-_crafts.pdf","L99 card.how_money_works.099.c2","L99 question.how_money_works.099.q1","","","","","","corroborated","Crafts abstract: expected lifetime hours of leisure and home production in the UK ""rose by 58 per cent between 1931 and 2011"", reflecting life expectancy at older ages and longer retirements. (https://warwick.ac.uk/fac/soc/economics/research/workingpapers/2021/twerp_1360_-_crafts.pdf https://onlinelibrary.wiley.com/doi/10.1111/ecca.12439)",""
"fact.how_money_works.ideas_nudge_default","source.nobel_2017_thaler_popular","unverified","Behavioral economists find that simple details, like the default option (what happens unless you choose otherwise), shape decisions.","https://www.nobelprize.org/uploads/2018/06/popular-economicsciences2017-1.pdf","L99 card.how_money_works.099.c3","L99 question.how_money_works.099.q3","","","","","","corroborated","Nobel 2017: improvements ""often involve simple things, such as how the default option is defined - the one that is the result unless you actively choose something else."" Madrian and Shea (2001) found automatic enrollment sharply raised 401(k) participation. (https://www.nobelprize.org/uploads/2018/06/popular-economicsciences2017-1.pdf https://www.nber.org/papers/w7682)",""
"fact.how_money_works.ideas_save_more_tomorrow","source.nobel_2017_thaler_popular","unverified","Thaler and Shlomo Benartzi's Save More Tomorrow plan uses the fact that promising to save more in the future, especially after a raise, feels easier.","https://www.nobelprize.org/uploads/2018/06/popular-economicsciences2017-1.pdf","L99 card.how_money_works.099.c3","L99 question.how_money_works.099.q3","","","","","","corroborated","Nobel 2017: ""It is often easier to promise to save more in the future, particularly if they expect their salary to increase. This insight has been used in the Save More Tomorrow programme"" by Thaler and Benartzi. (https://www.nobelprize.org/uploads/2018/06/popular-economicsciences2017-1.pdf https://www.nobelprize.org/prizes/economic-sciences/2017/press-release/)",""
"fact.how_money_works.ideas_nudge_paternalism","source.nobel_2017_thaler_popular","unverified","Some critics call such programs paternalistic; supporters stress that joining is voluntary and people can opt out at any time.","https://www.nobelprize.org/uploads/2018/06/popular-economicsciences2017-1.pdf","L99 card.how_money_works.099.c3","L99 question.how_money_works.099.q3","","","","","","corroborated","Nobel 2017: ""this type of programme has been criticised for being paternalistic, but ... joining the programme is completely voluntary and ... participants are free to opt out from it at any time."" (https://www.nobelprize.org/uploads/2018/06/popular-economicsciences2017-1.pdf https://www.nobelprize.org/prizes/economic-sciences/2017/press-release/)",""
"fact.how_money_works.ideas_sunk_cost_def","source.obhdp_arkes_blumer_sunk_cost","unverified","The sunk cost effect is a greater tendency to keep going with something once money, effort or time has been invested in it.","https://www.sciencedirect.com/science/article/abs/pii/0749597885900494","L99 card.how_money_works.099.c4","L99 question.how_money_works.099.q2","","","","","","corroborated","Arkes and Blumer (1985) abstract: ""The sunk cost effect is manifested in a greater tendency to continue an endeavor once an investment in money, effort, or time has been made."" Quoted widely, e.g. ResearchGate copy. (https://www.sciencedirect.com/science/article/abs/pii/0749597885900494 https://www.coglode.com/research/sunk-cost-effect https://www.researchgate.net/publication/4812596_The_psychology_of_sunk_cost)",""
"fact.how_money_works.ideas_sunk_cost_theater","source.obhdp_arkes_blumer_sunk_cost","unverified","In a 1985 study, theater-goers randomly charged full price for season tickets went to more plays over the next six months than those given discounts.","https://www.sciencedirect.com/science/article/abs/pii/0749597885900494","L99 card.how_money_works.099.c4","L99 question.how_money_works.099.q2","","","","","","corroborated","Arkes and Blumer (1985): customers who paid more for a season subscription attended more plays during the next six months; Coglode: full-price buyers used more tickets than those at either discount. (https://www.sciencedirect.com/science/article/abs/pii/0749597885900494 https://www.coglode.com/research/sunk-cost-effect https://www.researchgate.net/publication/4812596_The_psychology_of_sunk_cost)",""
