fact_id,source_id,status,claim,source_url,appears_in,tested_by,supporting_quote,checked_by,checked_at,notes,pre_check,fact_check,fact_check_evidence,weak_evidence
"fact.world_geography.surface_71_water","source.noaa_how_many_oceans","unverified","About 71% of Earth's surface is covered by water.","https://oceanservice.noaa.gov/facts/howmanyoceans.html","L1 card.world_geography.001.c1; L10 card.world_geography.010.c3; L21 card.world_geography.021.c3; L28 card.world_geography.028.c1; L50 card.world_geography.050.c2; L59 card.world_geography.059.c3; L97 card.world_geography.097.c5","L1 question.world_geography.001.q1; L10 question.world_geography.010.q4; L21 question.world_geography.021.q3; L41 question.world_geography.041.q3; L59 question.world_geography.059.q3; L96 question.world_geography.096.q3; L97 question.world_geography.097.q3","","","","","","corroborated","USGS: about 71 percent of the Earth's surface is water-covered. NOAA's ocean-coverage page agrees the ocean covers more than 70 percent of the planet's surface. (https://www.usgs.gov/special-topics/water-science-school/science/how-much-water-there-earth https://oceanservice.noaa.gov/facts/oceanwater.html)",""
"fact.world_geography.surface_71_water","source.usgs_water_on_earth","unverified","About 71% of Earth's surface is covered by water.","https://www.usgs.gov/special-topics/water-science-school/science/how-much-water-there-earth","L1 card.world_geography.001.c1; L10 card.world_geography.010.c3; L21 card.world_geography.021.c3; L28 card.world_geography.028.c1; L50 card.world_geography.050.c2; L59 card.world_geography.059.c3; L97 card.world_geography.097.c5","L1 question.world_geography.001.q1; L10 question.world_geography.010.q4; L21 question.world_geography.021.q3; L41 question.world_geography.041.q3; L59 question.world_geography.059.q3; L96 question.world_geography.096.q3; L97 question.world_geography.097.q3","","","","","","corroborated","USGS: about 71 percent of the Earth's surface is water-covered. NOAA's ocean-coverage page agrees the ocean covers more than 70 percent of the planet's surface. (https://oceanservice.noaa.gov/facts/oceanwater.html)",""
"fact.world_geography.continent_definition","source.natgeo_continent","unverified","A continent is one of Earth's seven main divisions of land.","https://education.nationalgeographic.org/resource/Continent/","L1 card.world_geography.001.c2; L13 card.world_geography.013.c2","L1 question.world_geography.001.q3; L2 question.world_geography.002.q3; L52 question.world_geography.052.q3; L89 question.world_geography.089.q3; L94 question.world_geography.094.q3","","","","","","corroborated","National Geographic Education defines a continent as one of Earth's seven main divisions of land; Britannica and school atlases list the same seven. (https://education.nationalgeographic.org/resource/Continent/5th-grade/ https://phys.org/news/2022-12-smallest-continent-earth-continents-size.html)",""
"fact.world_geography.seven_continent_names","source.natgeo_continent","unverified","The seven continents are Asia, Africa, North America, South America, Antarctica, Europe and Australia.","https://education.nationalgeographic.org/resource/Continent/","L1 card.world_geography.001.c2","L1 question.world_geography.001.q3; L2 question.world_geography.002.q3; L52 question.world_geography.052.q3; L89 question.world_geography.089.q3; L94 question.world_geography.094.q3","","","","","","corroborated","National Geographic Education lists the continents as Asia, Africa, North America, South America, Antarctica, Europe and Australia. (https://education.nationalgeographic.org/resource/Continent/5th-grade/ https://phys.org/news/2022-12-smallest-continent-earth-continents-size.html)",""
"fact.world_geography.antarctica_no_residents","source.natgeo_continent","unverified","Antarctica is the only continent with no permanent human population; the people there are researchers and support staff.","https://education.nationalgeographic.org/resource/Continent/","L1 card.world_geography.001.c2; L89 card.world_geography.089.c4","L1 question.world_geography.001.q3; L2 question.world_geography.002.q3; L52 question.world_geography.052.q3; L89 question.world_geography.089.q3; L94 question.world_geography.094.q3","","","","","","corroborated","National Geographic: unlike the other continents, Antarctica has no permanent human population; people there are scientific researchers and support staff. (https://poseidonexpeditions.com/about/articles/antarctica-population/ https://education.nationalgeographic.org/resource/Continent/5th-grade/)",""
"fact.world_geography.five_ocean_names","source.noaa_how_many_oceans","unverified","The four historically named oceans are the Atlantic, Pacific, Indian and Arctic; most countries now count the Southern Ocean as a fifth.","https://oceanservice.noaa.gov/facts/howmanyoceans.html","L1 card.world_geography.001.c3","L1 question.world_geography.001.q3","","","","","","corroborated","NOAA: historically four named oceans (Atlantic, Pacific, Indian, Arctic); most countries, including the US, now recognize the Southern as the fifth. National Geographic lists the same five. (https://www.nationalgeographic.com/environment/article/theres-a-new-ocean-now-can-you-name-all-five-southern-ocean https://www.npr.org/2021/06/11/1005668441/coming-soon-to-an-atlas-near-you-a-fifth-ocean)",""
"fact.world_geography.southern_ocean_newest","source.natgeo_southern_ocean","unverified","The Southern Ocean, which encircles Antarctica, is the newest named ocean; National Geographic began recognizing it in 2021.","https://www.nationalgeographic.com/environment/article/theres-a-new-ocean-now-can-you-name-all-five-southern-ocean","L1 card.world_geography.001.c3","L1 question.world_geography.001.q3","","","","","","corroborated","National Geographic announced on June 8, 2021 (World Oceans Day) that it recognizes the Southern Ocean around Antarctica as the fifth ocean; NOAA calls it the newest named ocean. (https://www.smithsonianmag.com/smart-news/wave-hello-earths-newest-ocean-180977974/ https://www.snopes.com/news/2021/06/09/worlds-fifth-ocean-recognized/)",""
"fact.world_geography.southern_ocean_newest","source.noaa_how_many_oceans","unverified","The Southern Ocean, which encircles Antarctica, is the newest named ocean; National Geographic began recognizing it in 2021.","https://oceanservice.noaa.gov/facts/howmanyoceans.html","L1 card.world_geography.001.c3","L1 question.world_geography.001.q3","","","","","","corroborated","National Geographic announced on June 8, 2021 (World Oceans Day) that it recognizes the Southern Ocean around Antarctica as the fifth ocean; NOAA calls it the newest named ocean. (https://www.smithsonianmag.com/smart-news/wave-hello-earths-newest-ocean-180977974/ https://www.snopes.com/news/2021/06/09/worlds-fifth-ocean-recognized/)",""
"fact.world_geography.one_global_ocean","source.noaa_how_many_oceans","unverified","There is only one global ocean: the named oceans are connected regions of it, divided by lines people drew.","https://oceanservice.noaa.gov/facts/howmanyoceans.html","L1 card.world_geography.001.c4; L8 card.world_geography.008.c3; L22 card.world_geography.022.c3","L1 question.world_geography.001.q2; L22 question.world_geography.022.q2","","","","","","corroborated","NOAA: there is only one global ocean; the body of water covering 71 percent of Earth is geographically divided into distinct named regions. (https://manoa.hawaii.edu/exploringourfluidearth/physical/world-ocean/ocean-basins-and-continents https://www.worldatlas.com/articles/the-oceans-of-the-world-by-size.html)",""
"fact.world_geography.every_map_distorts","source.natgeo_map_projection","unverified","A round Earth can't be flattened without distortion, so every flat map has some distortion.","https://education.nationalgeographic.org/resource/selecting-map-projection/","L2 card.world_geography.002.c2","L2 question.world_geography.002.q1","","","","","","corroborated","National Geographic: once projected on a flat surface only some qualities can be represented accurately; every map has some sort of distortion. Britannica's map projection article agrees. (https://www.britannica.com/science/Mercator-projection)","one-page"
"fact.world_geography.globe_keeps_all","source.natgeo_map_projection","unverified","A globe can keep size, shape, distance and direction true; a flat map must give up some of them.","https://education.nationalgeographic.org/resource/selecting-map-projection/","L2 card.world_geography.002.c2","L2 question.world_geography.002.q1","","","","","","corroborated","National Geographic: size, shape, distance and scale can be measured accurately on the globe, but a flat projection can represent only some of them accurately. (https://courses.ems.psu.edu/geog486/node/856)","one-page"
"fact.world_geography.mercator_1569","source.brit_mercator_projection","unverified","Gerardus Mercator introduced his map projection in 1569.","https://www.britannica.com/science/Mercator-projection","L2 card.world_geography.002.c3","L2 question.world_geography.002.q2; L8 question.world_geography.008.q3; L100 question.world_geography.100.q1","","","","","","corroborated","Britannica: introduced in 1569 by Gerardus Mercator. National Geographic: first designed and used by Gerardus Mercator in 1569. (https://education.nationalgeographic.org/resource/selecting-map-projection/)",""
"fact.world_geography.mercator_1569","source.natgeo_map_projection","unverified","Gerardus Mercator introduced his map projection in 1569.","https://education.nationalgeographic.org/resource/selecting-map-projection/","L2 card.world_geography.002.c3","L2 question.world_geography.002.q2; L8 question.world_geography.008.q3; L100 question.world_geography.100.q1","","","","","","corroborated","Britannica: introduced in 1569 by Gerardus Mercator. National Geographic: first designed and used by Gerardus Mercator in 1569. (https://www.britannica.com/science/Mercator-projection)",""
"fact.world_geography.mercator_navigation","source.brit_mercator_projection","unverified","On a Mercator map, a straight line is a line of constant compass bearing, which made it useful for navigation.","https://www.britannica.com/science/Mercator-projection","L2 card.world_geography.002.c3","L2 question.world_geography.002.q2; L8 question.world_geography.008.q3; L100 question.world_geography.100.q1","","","","","","corroborated","Britannica: any straight line on a Mercator map is a line of constant true bearing, letting a navigator plot a straight-line course. It became the standard for navigation. (https://handwiki.org/wiki/Mercator_projection)","one-page"
"fact.world_geography.mercator_inflates_far_from_equator","source.brit_mercator_projection","unverified","The Mercator projection makes places look larger the farther they are from the Equator.","https://www.britannica.com/science/Mercator-projection","L2 card.world_geography.002.c3; L8 card.world_geography.008.c4; L51 card.world_geography.051.c2","L2 question.world_geography.002.q2; L8 question.world_geography.008.q3; L100 question.world_geography.100.q1","","","","","","corroborated","Britannica: areas farther from the Equator appear disproportionately large. National Geographic: Mercator is not good for areas near the poles. (https://education.nationalgeographic.org/resource/selecting-map-projection/)",""
"fact.world_geography.mercator_inflates_far_from_equator","source.natgeo_map_projection","unverified","The Mercator projection makes places look larger the farther they are from the Equator.","https://education.nationalgeographic.org/resource/selecting-map-projection/","L2 card.world_geography.002.c3; L8 card.world_geography.008.c4; L51 card.world_geography.051.c2","L2 question.world_geography.002.q2; L8 question.world_geography.008.q3; L100 question.world_geography.100.q1","","","","","","corroborated","Britannica: areas farther from the Equator appear disproportionately large. National Geographic: Mercator is not good for areas near the poles. (https://www.britannica.com/science/Mercator-projection)",""
"fact.world_geography.africa_14_greenland","source.natgeo_map_projection","unverified","Africa is about 14 times larger than Greenland, yet Greenland looks about as big on a Mercator map.","https://education.nationalgeographic.org/resource/selecting-map-projection/","L2 card.world_geography.002.c1; L2 card.world_geography.002.c4; L51 card.world_geography.051.c2","L100 question.world_geography.100.q1","","","","","","corroborated","National Geographic: Africa is fourteen times larger than Greenland, though Greenland appears larger on Mercator maps. Area figures (about 30.4 vs 2.17 million km2) agree. (https://www.citinewsroom.com/2025/12/replacing-mercator-with-equal-earth-456-years-of-cartographic-distortion-of-africa-and-greenland/)","one-page"
"fact.world_geography.equal_area_true_sizes","source.natgeo_map_projection","unverified","Equal-area maps show the true relative sizes of places but distort their shapes.","https://education.nationalgeographic.org/resource/selecting-map-projection/","L2 card.world_geography.002.c4","L2 question.world_geography.002.q3; L100 question.world_geography.100.q1","","","","","","corroborated","National Geographic: equal area maps distort shape and direction but display the true relative sizes of all areas. (https://gisgeography.com/equal-area-projection-maps/ https://courses.ems.psu.edu/geog486/node/856)",""
"fact.world_geography.latitude_definition","source.noaa_latitude","unverified","Latitude measures distance north or south of the Equator, from 0° at the Equator to 90° at each pole.","https://oceanservice.noaa.gov/facts/latitude.html","L3 card.world_geography.003.c2; L90 card.world_geography.090.c1","L3 question.world_geography.003.q1; L4 question.world_geography.004.q3; L7 question.world_geography.007.q3; L9 question.world_geography.009.q3; L10 question.world_geography.010.q2; L10 question.world_geography.010.q5; L43 question.world_geography.043.q3; L63 question.world_geography.063.q3; L93 question.world_geography.093.q3","","","","","","corroborated","NOAA: latitude measures distance north or south of the equator, 0 degrees at the equator, reaching 90 degrees at each pole. (https://www.britannica.com/science/latitude https://manoa.hawaii.edu/exploringourfluidearth/physical/world-ocean/locating-points-globe)",""
"fact.world_geography.parallels_never_meet","source.noaa_latitude","unverified","Lines of latitude, also called parallels, are parallel to each other, so they never meet.","https://oceanservice.noaa.gov/facts/latitude.html","L3 card.world_geography.003.c2","L3 question.world_geography.003.q1; L4 question.world_geography.004.q3; L7 question.world_geography.007.q3; L9 question.world_geography.009.q3; L10 question.world_geography.010.q2; L10 question.world_geography.010.q5; L43 question.world_geography.043.q3; L63 question.world_geography.063.q3; L93 question.world_geography.093.q3","","","","","","corroborated","NOAA: unlike longitude lines, which get closer at the poles, latitude lines are parallel. They are commonly called parallels. (https://www.britannica.com/science/latitude https://oceanservice.noaa.gov/facts/longitude.html)",""
"fact.world_geography.longitude_definition","source.noaa_longitude","unverified","Longitude measures distance east or west of the prime meridian, from 0° up to 180°.","https://oceanservice.noaa.gov/facts/longitude.html","L3 card.world_geography.003.c3","L3 question.world_geography.003.q2; L5 question.world_geography.005.q3; L6 question.world_geography.006.q3; L9 question.world_geography.009.q3; L10 question.world_geography.010.q2","","","","","","corroborated","NOAA: longitude measures distance east or west of the prime meridian, from 0 degrees there to 180 degrees on the opposite side of Earth. (https://www.britannica.com/science/latitude https://manoa.hawaii.edu/exploringourfluidearth/physical/world-ocean/locating-points-globe)",""
"fact.world_geography.meridians_pole_to_pole","source.noaa_longitude","unverified","Lines of longitude, called meridians, run north to south from pole to pole and meet at the poles.","https://oceanservice.noaa.gov/facts/longitude.html","L3 card.world_geography.003.c3","L3 question.world_geography.003.q2; L5 question.world_geography.005.q3; L6 question.world_geography.006.q3; L9 question.world_geography.009.q3; L10 question.world_geography.010.q2","","","","","","corroborated","NOAA: lines of longitude, also called meridians, run north to south from pole to pole; they are farthest apart at the equator and meet at the poles. (https://www.britannica.com/science/latitude)","one-page"
"fact.world_geography.greenwich_1884","source.brit_meridian_conference","unverified","Countries once used their own prime meridians; in 1884 an international conference chose the one through Greenwich, England, as 0° longitude.","https://www.britannica.com/topic/International-Prime-Meridian-Conference","L3 card.world_geography.003.c3","L3 question.world_geography.003.q2; L5 question.world_geography.005.q3; L6 question.world_geography.006.q3; L9 question.world_geography.009.q3; L10 question.world_geography.010.q2","","","","","","corroborated","Britannica: the 1884 Washington conference designated the meridian through the Royal Observatory, Greenwich, as 0 degrees; before that countries used their own prime meridians. (https://www.royalobservatorygreenwich.org/articles.php?article=1240)",""
"fact.world_geography.greenwich_1884","source.noaa_longitude","unverified","Countries once used their own prime meridians; in 1884 an international conference chose the one through Greenwich, England, as 0° longitude.","https://oceanservice.noaa.gov/facts/longitude.html","L3 card.world_geography.003.c3","L3 question.world_geography.003.q2; L5 question.world_geography.005.q3; L6 question.world_geography.006.q3; L9 question.world_geography.009.q3; L10 question.world_geography.010.q2","","","","","","corroborated","Britannica: the 1884 Washington conference designated the meridian through the Royal Observatory, Greenwich, as 0 degrees; before that countries used their own prime meridians. (https://www.britannica.com/topic/International-Prime-Meridian-Conference https://www.royalobservatorygreenwich.org/articles.php?article=1240)",""
"fact.world_geography.coordinates_pin_spot","source.noaa_latitude","unverified","A latitude and a longitude together pin down one exact spot on Earth.","https://oceanservice.noaa.gov/facts/latitude.html","L3 card.world_geography.003.c1; L3 card.world_geography.003.c4","L3 question.world_geography.003.q3","","","","","","corroborated","NOAA's latitude and longitude pages describe the two measurements as the north-south and east-west coordinates that together locate a position on Earth. (https://www.britannica.com/science/latitude https://oceanservice.noaa.gov/facts/longitude.html)",""
"fact.world_geography.coordinates_pin_spot","source.noaa_longitude","unverified","A latitude and a longitude together pin down one exact spot on Earth.","https://oceanservice.noaa.gov/facts/longitude.html","L3 card.world_geography.003.c1; L3 card.world_geography.003.c4","L3 question.world_geography.003.q3","","","","","","corroborated","NOAA's latitude and longitude pages describe the two measurements as the north-south and east-west coordinates that together locate a position on Earth. (https://www.britannica.com/science/latitude https://oceanservice.noaa.gov/facts/latitude.html)",""
"fact.world_geography.zero_zero_ocean","source.geographyrealm_zero_zero","unverified","The point 0° latitude, 0° longitude is open water in the Atlantic Ocean, in the Gulf of Guinea off West Africa.","https://www.geographyrealm.com/zero-degrees-latitude-and-zero-degrees-longitude/","L3 card.world_geography.003.c4","L3 question.world_geography.003.q3","","","","","","corroborated","Geography Realm and GIS Geography: the equator and prime meridian meet in the Atlantic's Gulf of Guinea off western Africa, with no land there (only a buoy). (https://gisgeography.com/null-island/ https://en.wikipedia.org/wiki/Null_Island)",""
"fact.world_geography.null_island","source.geographyrealm_zero_zero","unverified","Mapping software sometimes gives records with missing locations the coordinates 0°, 0°, a spot mapmakers jokingly call Null Island.","https://www.geographyrealm.com/zero-degrees-latitude-and-zero-degrees-longitude/","L3 card.world_geography.003.c4","L3 question.world_geography.003.q3","","","","","","corroborated","Geography Realm: records GIS tools can't locate may be assigned 0,0 so they can be flagged; the spot is humorously called Null Island. GIS Geography describes the same errors. (https://gisgeography.com/null-island/ https://en.wikipedia.org/wiki/Null_Island)",""
"fact.world_geography.equator_halfway","source.natgeo_equator","unverified","The Equator is at 0° latitude, halfway between the North and South Poles.","https://education.nationalgeographic.org/resource/equator/","L4 card.world_geography.004.c2","L4 question.world_geography.004.q1; L56 question.world_geography.056.q3; L78 question.world_geography.078.q3; L91 question.world_geography.091.q3","","","","","","corroborated","National Geographic: the Equator is halfway between the north pole and the south pole, at 0 degrees latitude. NOAA agrees it is 0 degrees latitude. (https://oceanservice.noaa.gov/facts/latitude.html)","one-page"
"fact.world_geography.equator_hemispheres","source.natgeo_equator","unverified","The Equator divides Earth into the Northern and Southern Hemispheres.","https://education.nationalgeographic.org/resource/equator/","L4 card.world_geography.004.c2; L78 card.world_geography.078.c1; L91 card.world_geography.091.c5","L4 question.world_geography.004.q1; L56 question.world_geography.056.q3; L78 question.world_geography.078.q3; L91 question.world_geography.091.q3","","","","","","corroborated","NOAA: at 0 degrees latitude, the equator equally divides the Earth into the Northern and Southern hemispheres. (https://oceanservice.noaa.gov/facts/latitude.html)",""
"fact.world_geography.equator_hemispheres","source.noaa_latitude","unverified","The Equator divides Earth into the Northern and Southern Hemispheres.","https://oceanservice.noaa.gov/facts/latitude.html","L4 card.world_geography.004.c2; L78 card.world_geography.078.c1; L91 card.world_geography.091.c5","L4 question.world_geography.004.q1; L56 question.world_geography.056.q3; L78 question.world_geography.078.q3; L91 question.world_geography.091.q3","","","","","","corroborated","NOAA: at 0 degrees latitude, the equator equally divides the Earth into the Northern and Southern hemispheres. (https://education.nationalgeographic.org/resource/equator/)",""
"fact.world_geography.equator_equinox_sun","source.natgeo_equator","unverified","Twice a year, at the equinoxes, the Sun passes directly over the Equator.","https://education.nationalgeographic.org/resource/equator/","L4 card.world_geography.004.c2","L4 question.world_geography.004.q1; L56 question.world_geography.056.q3; L78 question.world_geography.078.q3; L91 question.world_geography.091.q3","","","","","","corroborated","National Geographic: twice a year, during the spring and autumn equinoxes, the sun passes directly over the Equator. Other references say observers at the equator see the Sun overhead at noon on an equinox. (https://en.wikipedia.org/wiki/Equinox)","one-page weak-pages"
"fact.world_geography.earth_tilt_23_5","source.brit_arctic_circle","unverified","Earth's axis is tilted about 23.5°, which is why the tropics lie about 23.5° from the Equator and the polar circles about 23.5° from the poles.","https://www.britannica.com/place/Arctic-Circle","L4 card.world_geography.004.c3; L4 card.world_geography.004.c4; L90 card.world_geography.090.c4","L4 question.world_geography.004.q2; L32 question.world_geography.032.q3; L38 question.world_geography.038.q3; L42 question.world_geography.042.q3; L51 question.world_geography.051.q3; L71 question.world_geography.071.q3; L77 question.world_geography.077.q3","","","","","","corroborated","Britannica: Earth's inclination of about 23 1/2 degrees sets the Arctic Circle; the tropics mark the Sun's greatest declination. The Arctic Circle equals 90 degrees minus the axial tilt. (https://www.lpi.usra.edu/education/skytellers/seasons/)",""
"fact.world_geography.earth_tilt_23_5","source.brit_tropic_of_cancer","unverified","Earth's axis is tilted about 23.5°, which is why the tropics lie about 23.5° from the Equator and the polar circles about 23.5° from the poles.","https://www.britannica.com/place/Tropic-of-Cancer","L4 card.world_geography.004.c3; L4 card.world_geography.004.c4; L90 card.world_geography.090.c4","L4 question.world_geography.004.q2; L32 question.world_geography.032.q3; L38 question.world_geography.038.q3; L42 question.world_geography.042.q3; L51 question.world_geography.051.q3; L71 question.world_geography.071.q3; L77 question.world_geography.077.q3","","","","","","corroborated","Britannica: Earth's inclination of about 23 1/2 degrees sets the Arctic Circle; the tropics mark the Sun's greatest declination. The Arctic Circle equals 90 degrees minus the axial tilt. (https://www.britannica.com/place/Arctic-Circle https://www.lpi.usra.edu/education/skytellers/seasons/)",""
"fact.world_geography.tropics_latitudes","source.natgeo_tropics","unverified","The Tropic of Cancer lies at about 23.5° N and the Tropic of Capricorn at about 23.5° S.","https://education.nationalgeographic.org/resource/tropics/","L4 card.world_geography.004.c3; L42 card.world_geography.042.c3; L43 card.world_geography.043.c3; L71 card.world_geography.071.c4","L4 question.world_geography.004.q2; L32 question.world_geography.032.q3; L38 question.world_geography.038.q3; L42 question.world_geography.042.q3; L51 question.world_geography.051.q3; L71 question.world_geography.071.q3; L77 question.world_geography.077.q3","","","","","","corroborated","National Geographic: 23.5 degrees north and south of the Equator. Britannica: approximately 23 degrees 27 minutes N and S. (https://www.britannica.com/place/Tropic-of-Cancer https://www.britannica.com/place/Tropic-of-Capricorn)",""
"fact.world_geography.tropics_latitudes","source.brit_tropic_of_cancer","unverified","The Tropic of Cancer lies at about 23.5° N and the Tropic of Capricorn at about 23.5° S.","https://www.britannica.com/place/Tropic-of-Cancer","L4 card.world_geography.004.c3; L42 card.world_geography.042.c3; L43 card.world_geography.043.c3; L71 card.world_geography.071.c4","L4 question.world_geography.004.q2; L32 question.world_geography.032.q3; L38 question.world_geography.038.q3; L42 question.world_geography.042.q3; L51 question.world_geography.051.q3; L71 question.world_geography.071.q3; L77 question.world_geography.077.q3","","","","","","corroborated","National Geographic: 23.5 degrees north and south of the Equator. Britannica: approximately 23 degrees 27 minutes N and S. (https://education.nationalgeographic.org/resource/tropics/ https://www.britannica.com/place/Tropic-of-Capricorn)",""
"fact.world_geography.tropics_latitudes","source.brit_tropic_of_capricorn","unverified","The Tropic of Cancer lies at about 23.5° N and the Tropic of Capricorn at about 23.5° S.","https://www.britannica.com/place/Tropic-of-Capricorn","L4 card.world_geography.004.c3; L42 card.world_geography.042.c3; L43 card.world_geography.043.c3; L71 card.world_geography.071.c4","L4 question.world_geography.004.q2; L32 question.world_geography.032.q3; L38 question.world_geography.038.q3; L42 question.world_geography.042.q3; L51 question.world_geography.051.q3; L71 question.world_geography.071.q3; L77 question.world_geography.077.q3","","","","","","corroborated","National Geographic: 23.5 degrees north and south of the Equator. Britannica: approximately 23 degrees 27 minutes N and S. (https://education.nationalgeographic.org/resource/tropics/ https://www.britannica.com/place/Tropic-of-Cancer)",""
"fact.world_geography.sun_overhead_solstices","source.brit_tropic_of_cancer","unverified","The noon Sun is directly over the Tropic of Cancer around June 21 and over the Tropic of Capricorn around December 21, its farthest points north and south.","https://www.britannica.com/place/Tropic-of-Cancer","L4 card.world_geography.004.c3","L4 question.world_geography.004.q2; L32 question.world_geography.032.q3; L38 question.world_geography.038.q3; L42 question.world_geography.042.q3; L51 question.world_geography.051.q3; L71 question.world_geography.071.q3; L77 question.world_geography.077.q3","","","","","","corroborated","Britannica: around June 21 the Sun is directly over the Tropic of Cancer, and around December 21 over the Tropic of Capricorn, its northernmost and southernmost declinations. (https://storymaps.arcgis.com/stories/3437069dfe404a17bac14140039aa03b https://www.britannica.com/place/Tropic-of-Capricorn)",""
"fact.world_geography.sun_overhead_solstices","source.brit_tropic_of_capricorn","unverified","The noon Sun is directly over the Tropic of Cancer around June 21 and over the Tropic of Capricorn around December 21, its farthest points north and south.","https://www.britannica.com/place/Tropic-of-Capricorn","L4 card.world_geography.004.c3","L4 question.world_geography.004.q2; L32 question.world_geography.032.q3; L38 question.world_geography.038.q3; L42 question.world_geography.042.q3; L51 question.world_geography.051.q3; L71 question.world_geography.071.q3; L77 question.world_geography.077.q3","","","","","","corroborated","Britannica: around June 21 the Sun is directly over the Tropic of Cancer, and around December 21 over the Tropic of Capricorn, its northernmost and southernmost declinations. (https://storymaps.arcgis.com/stories/3437069dfe404a17bac14140039aa03b https://www.britannica.com/place/Tropic-of-Cancer)",""
"fact.world_geography.overhead_only_tropics","source.bishop_museum_lahaina_noon","unverified","The Sun is never directly overhead outside the tropics; when it is overhead, an upright pole casts no shadow at noon.","https://www.bishopmuseum.org/planetarium/astronomy-resources/lahaina-noon/","L4 card.world_geography.004.c1; L4 card.world_geography.004.c3; L32 card.world_geography.032.c3; L77 card.world_geography.077.c3","L4 question.world_geography.004.q2; L32 question.world_geography.032.q3; L38 question.world_geography.038.q3; L42 question.world_geography.042.q3; L51 question.world_geography.051.q3; L71 question.world_geography.071.q3; L77 question.world_geography.077.q3","","","","","","corroborated","Bishop Museum: the Sun is never directly overhead outside the tropics; when it is, a flagpole has no shadow. Wikipedia's Lahaina Noon article agrees. (https://en.wikipedia.org/wiki/Lahaina_Noon)","one-page weak-pages"
"fact.world_geography.hawaii_only_state","source.bishop_museum_lahaina_noon","unverified","Hawaii is the only US state in the tropics, so it's the only state where flagpoles lose their noon shadows, twice a year.","https://www.bishopmuseum.org/planetarium/astronomy-resources/lahaina-noon/","L4 card.world_geography.004.c1; L4 card.world_geography.004.c3","L4 question.world_geography.004.q2; L32 question.world_geography.032.q3; L38 question.world_geography.038.q3; L42 question.world_geography.042.q3; L51 question.world_geography.051.q3; L71 question.world_geography.071.q3; L77 question.world_geography.077.q3","","","","","","corroborated","Bishop Museum and Wikipedia: Hawaii is the only US state in the tropics and the only one to see Lahaina Noon, which happens twice a year (May and July). (https://en.wikipedia.org/wiki/Lahaina_Noon)","one-page weak-pages"
"fact.world_geography.polar_circles_66_5","source.brit_arctic_circle","unverified","The Arctic Circle lies at about 66.5° N and the Antarctic Circle at about 66.5° S.","https://www.britannica.com/place/Arctic-Circle","L4 card.world_geography.004.c4; L46 card.world_geography.046.c2; L71 card.world_geography.071.c4","L4 question.world_geography.004.q3; L46 question.world_geography.046.q3","","","","","","corroborated","Britannica: Arctic Circle at approximately 66 degrees 30 minutes N; Antarctic Circle at 66 degrees 30 minutes S. (https://www.lpi.usra.edu/education/skytellers/seasons/ https://www.britannica.com/place/Antarctic-Circle)",""
"fact.world_geography.polar_circles_66_5","source.brit_antarctic_circle","unverified","The Arctic Circle lies at about 66.5° N and the Antarctic Circle at about 66.5° S.","https://www.britannica.com/place/Antarctic-Circle","L4 card.world_geography.004.c4; L46 card.world_geography.046.c2; L71 card.world_geography.071.c4","L4 question.world_geography.004.q3; L46 question.world_geography.046.q3","","","","","","corroborated","Britannica: Arctic Circle at approximately 66 degrees 30 minutes N; Antarctic Circle at 66 degrees 30 minutes S. (https://www.lpi.usra.edu/education/skytellers/seasons/ https://www.britannica.com/place/Arctic-Circle)",""
"fact.world_geography.polar_day_night","source.brit_arctic_circle","unverified","On a polar circle the Sun stays up for a full day at least once a year and stays down for a full day, too; at the poles this stretches to six months.","https://www.britannica.com/place/Arctic-Circle","L4 card.world_geography.004.c4","L4 question.world_geography.004.q3; L46 question.world_geography.046.q3","","","","","","corroborated","Britannica: on the Arctic Circle the Sun does not set about June 21 or rise about December 21; continuous day or night increases to six months at the pole. Same for the Antarctic Circle. (https://www.lpi.usra.edu/education/skytellers/seasons/ https://www.britannica.com/place/Antarctic-Circle)",""
"fact.world_geography.polar_day_night","source.brit_antarctic_circle","unverified","On a polar circle the Sun stays up for a full day at least once a year and stays down for a full day, too; at the poles this stretches to six months.","https://www.britannica.com/place/Antarctic-Circle","L4 card.world_geography.004.c4","L4 question.world_geography.004.q3; L46 question.world_geography.046.q3","","","","","","corroborated","Britannica: on the Arctic Circle the Sun does not set about June 21 or rise about December 21; continuous day or night increases to six months at the pole. Same for the Antarctic Circle. (https://www.lpi.usra.edu/education/skytellers/seasons/ https://www.britannica.com/place/Arctic-Circle)",""
"fact.world_geography.earth_turns_15_per_hour","source.brit_standard_time","unverified","Earth turns 360° in about 24 hours, which is 15° of longitude every hour.","https://www.britannica.com/science/standard-time","L5 card.world_geography.005.c2; L5 card.world_geography.005.c3; L10 card.world_geography.010.c4; L64 card.world_geography.064.c4","L5 question.world_geography.005.q1; L10 question.world_geography.010.q3; L64 question.world_geography.064.q3; L100 question.world_geography.100.q2","","","","","","corroborated","Britannica: 24 time zones on meridians 15 degrees apart. Teaching sources: Earth rotates 360 degrees in about 24 hours, 15 degrees per hour. (https://amsi.org.au/ESA_Senior_Years/SeniorTopic8/8b/8b_2content_10.html https://maps.unomaha.community/Peterson/geog1000/Notes/Notes_Exam1/Time_Zones.html)",""
"fact.world_geography.local_sun_time","source.brit_standard_time","unverified","Before standard time, communities kept their own local time by the Sun, and the spread of railways made that confusion urgent.","https://www.britannica.com/science/standard-time","L5 card.world_geography.005.c2","L5 question.world_geography.005.q1; L10 question.world_geography.010.q3; L64 question.world_geography.064.q3; L100 question.world_geography.100.q2","","","","","","corroborated","Britannica: standard time arose in the late 19th century to end confusion from communities keeping separate local times; railway expansion made it urgent. (https://guides.loc.gov/this-month-in-business-history/november/day-of-two-noons)","one-page"
"fact.world_geography.twenty_four_zones","source.brit_standard_time","unverified","Standard time divides the world into 24 time zones, based on meridians 15° apart counted from Greenwich, each one hour apart.","https://www.britannica.com/science/standard-time","L5 card.world_geography.005.c3; L64 card.world_geography.064.c4","L64 question.world_geography.064.q3; L100 question.world_geography.100.q2","","","","","","corroborated","Britannica: the system divides Earth into 24 zones using meridians 15 degrees apart from Greenwich, differing from UTC by whole hours. (https://amsi.org.au/ESA_Senior_Years/SeniorTopic8/8b/8b_2content_10.html)","one-page"
"fact.world_geography.zones_1884","source.brit_meridian_conference","unverified","The 1884 conference that chose the Greenwich prime meridian also adopted the system of standard time zones.","https://www.britannica.com/topic/International-Prime-Meridian-Conference","L5 card.world_geography.005.c3","L64 question.world_geography.064.q3; L100 question.world_geography.100.q2","","","","","","corroborated","Britannica: the current internationally accepted system of standard time zones was adopted at the 1884 conference. Other histories of the conference agree. (https://en.wikipedia.org/wiki/International_Meridian_Conference)","one-page weak-pages"
"fact.world_geography.zone_borders_bend","source.brit_standard_time","unverified","Real time-zone borders bend away from straight meridians to follow political borders.","https://www.britannica.com/science/standard-time","L5 card.world_geography.005.c3","L64 question.world_geography.064.q3; L100 question.world_geography.100.q2","","","","","","corroborated","Britannica: practical zone boundaries often deviate from the theoretical meridians to follow political borders. GeoCurrents makes the same point. (https://www.geocurrents.info/blog/2025/11/28/time-zones-are-based-on-longitude-overruled-by-political-geography/)","one-page weak-pages"
"fact.world_geography.date_line_180","source.natgeo_date_line","unverified","The International Date Line roughly follows the 180° meridian, halfway around the world from the prime meridian.","https://education.nationalgeographic.org/resource/date-line/","L5 card.world_geography.005.c4","L5 question.world_geography.005.q2; L5 question.world_geography.005.q3; L85 question.world_geography.085.q3","","","","","","corroborated","National Geographic: roughly follows the 180-degree meridian, about halfway around the globe from the prime meridian. Britannica: corresponds along most of its length to the 180th meridian. (https://www.britannica.com/topic/International-Date-Line)",""
"fact.world_geography.date_line_180","source.brit_international_date_line","unverified","The International Date Line roughly follows the 180° meridian, halfway around the world from the prime meridian.","https://www.britannica.com/topic/International-Date-Line","L5 card.world_geography.005.c4","L5 question.world_geography.005.q2; L5 question.world_geography.005.q3; L85 question.world_geography.085.q3","","","","","","corroborated","National Geographic: roughly follows the 180-degree meridian, about halfway around the globe from the prime meridian. Britannica: corresponds along most of its length to the 180th meridian. (https://education.nationalgeographic.org/resource/date-line/)",""
"fact.world_geography.date_line_reset","source.brit_international_date_line","unverified","Travelers crossing the date line westward move their calendars a day ahead; going eastward, a day back.","https://www.britannica.com/topic/International-Date-Line","L5 card.world_geography.005.c1; L5 card.world_geography.005.c4","L5 question.world_geography.005.q2; L5 question.world_geography.005.q3; L85 question.world_geography.085.q3","","","","","","corroborated","Britannica: eastward travelers set calendars back one day, westward travelers a day ahead. National Geographic: areas west of the line are one day ahead. (https://education.nationalgeographic.org/resource/date-line/)",""
"fact.world_geography.date_line_reset","source.natgeo_date_line","unverified","Travelers crossing the date line westward move their calendars a day ahead; going eastward, a day back.","https://education.nationalgeographic.org/resource/date-line/","L5 card.world_geography.005.c1; L5 card.world_geography.005.c4","L5 question.world_geography.005.q2; L5 question.world_geography.005.q3; L85 question.world_geography.085.q3","","","","","","corroborated","Britannica: eastward travelers set calendars back one day, westward travelers a day ahead. National Geographic: areas west of the line are one day ahead. (https://www.britannica.com/topic/International-Date-Line)",""
"fact.world_geography.date_line_bends","source.natgeo_date_line","unverified","The date line bends around land, such as the islands of Kiribati, so each country stays on one date.","https://education.nationalgeographic.org/resource/date-line/","L5 card.world_geography.005.c4; L85 card.world_geography.085.c2","L5 question.world_geography.005.q2; L5 question.world_geography.005.q3; L85 question.world_geography.085.q3","","","","","","corroborated","National Geographic: the line curves around Kiribati so all regions of the country remain on the same day. Britannica: it deviates around Siberia and the Aleutians. (https://www.britannica.com/topic/International-Date-Line)",""
"fact.world_geography.date_line_bends","source.brit_international_date_line","unverified","The date line bends around land, such as the islands of Kiribati, so each country stays on one date.","https://www.britannica.com/topic/International-Date-Line","L5 card.world_geography.005.c4; L85 card.world_geography.085.c2","L5 question.world_geography.005.q2; L5 question.world_geography.005.q3; L85 question.world_geography.085.q3","","","","","","corroborated","National Geographic: the line curves around Kiribati so all regions of the country remain on the same day. Britannica: it deviates around Siberia and the Aleutians. (https://education.nationalgeographic.org/resource/date-line/)",""
"fact.world_geography.four_cardinal","source.natgeo_cardinal_directions","unverified","The four cardinal directions are north, east, south and west; east and west are at right angles to north and south.","https://education.nationalgeographic.org/resource/sun-earth-and-cardinal-directions/","L6 card.world_geography.006.c2","L6 question.world_geography.006.q3; L33 question.world_geography.033.q3","","","","","","corroborated","National Geographic: north, east, south and west are the four cardinal directions; east and west are at right angles to north and south. (https://en.wikipedia.org/wiki/Cardinal_direction)","one-page weak-pages"
"fact.world_geography.sun_rises_east","source.nasa_starchild_sunrise","unverified","Earth spins toward the east, so the Sun rises roughly in the east and sets roughly in the west.","https://starchild.gsfc.nasa.gov/docs/StarChild/questions/question14.html","L6 card.world_geography.006.c2","L6 question.world_geography.006.q3; L33 question.world_geography.033.q3","","","","","","corroborated","NASA StarChild: Earth spins toward the east, so the Sun rises in the east and moves west. National Geographic: the Sun rises roughly in the east and sets roughly in the west. (https://education.nationalgeographic.org/resource/sun-earth-and-cardinal-directions/)",""
"fact.world_geography.sun_rises_east","source.natgeo_cardinal_directions","unverified","Earth spins toward the east, so the Sun rises roughly in the east and sets roughly in the west.","https://education.nationalgeographic.org/resource/sun-earth-and-cardinal-directions/","L6 card.world_geography.006.c2","L6 question.world_geography.006.q3; L33 question.world_geography.033.q3","","","","","","corroborated","NASA StarChild: Earth spins toward the east, so the Sun rises in the east and moves west. National Geographic: the Sun rises roughly in the east and sets roughly in the west. (https://starchild.gsfc.nasa.gov/docs/StarChild/questions/question14.html)",""
"fact.world_geography.compass_needle_magnet","source.noaa_sos_compass","unverified","A compass needle is a small magnet; Earth acts like a giant magnet, and the needle lines up with its magnetic field.","https://sos.noaa.gov/catalog/datasets/earths-magnetic-field-compass-needles/","L6 card.world_geography.006.c3; L11 card.world_geography.011.c4; L86 card.world_geography.086.c3","L6 question.world_geography.006.q1; L11 question.world_geography.011.q3; L86 question.world_geography.086.q3","","","","","","corroborated","NOAA: Earth is like a giant magnet and compass needles point along its magnetic field lines. Britannica: a magnetized needle aligns with Earth's magnetic field. (https://www.britannica.com/technology/compass-navigational-instrument)",""
"fact.world_geography.compass_needle_magnet","source.brit_compass","unverified","A compass needle is a small magnet; Earth acts like a giant magnet, and the needle lines up with its magnetic field.","https://www.britannica.com/technology/compass-navigational-instrument","L6 card.world_geography.006.c3; L11 card.world_geography.011.c4; L86 card.world_geography.086.c3","L6 question.world_geography.006.q1; L11 question.world_geography.011.q3; L86 question.world_geography.086.q3","","","","","","corroborated","NOAA: Earth is like a giant magnet and compass needles point along its magnetic field lines. Britannica: a magnetized needle aligns with Earth's magnetic field. (https://sos.noaa.gov/catalog/datasets/earths-magnetic-field-compass-needles/)",""
"fact.world_geography.magnetic_not_geographic","source.noaa_sos_compass","unverified","The North Magnetic Pole is not at the Geographic North Pole (90° N), so a compass doesn't point exactly to true north.","https://sos.noaa.gov/catalog/datasets/earths-magnetic-field-compass-needles/","L6 card.world_geography.006.c1; L6 card.world_geography.006.c4","L6 question.world_geography.006.q2","","","","","","corroborated","NOAA: compass needles point along field lines, generally not toward the Geographic North Pole at 90 N. Britannica: needles point to a nearby point, not the North Pole. (https://www.britannica.com/technology/compass-navigational-instrument)",""
"fact.world_geography.magnetic_not_geographic","source.brit_compass","unverified","The North Magnetic Pole is not at the Geographic North Pole (90° N), so a compass doesn't point exactly to true north.","https://www.britannica.com/technology/compass-navigational-instrument","L6 card.world_geography.006.c1; L6 card.world_geography.006.c4","L6 question.world_geography.006.q2","","","","","","corroborated","NOAA: compass needles point along field lines, generally not toward the Geographic North Pole at 90 N. Britannica: needles point to a nearby point, not the North Pole. (https://sos.noaa.gov/catalog/datasets/earths-magnetic-field-compass-needles/)",""
"fact.world_geography.magnetic_pole_moves","source.noaa_sos_compass","unverified","The North Magnetic Pole drifts over time.","https://sos.noaa.gov/catalog/datasets/earths-magnetic-field-compass-needles/","L6 card.world_geography.006.c1; L6 card.world_geography.006.c4","L6 question.world_geography.006.q2","","","","","","corroborated","NOAA NCEI: the magnetic dip poles migrate over time. NOAA Science On a Sphere: the Magnetic North Pole has sped up since the 1970s. (https://www.ncei.noaa.gov/products/wandering-geomagnetic-poles)",""
"fact.world_geography.magnetic_pole_moves","source.noaa_ncei_magnetic_poles","unverified","The North Magnetic Pole drifts over time.","https://www.ncei.noaa.gov/products/wandering-geomagnetic-poles","L6 card.world_geography.006.c1; L6 card.world_geography.006.c4","L6 question.world_geography.006.q2","","","","","","corroborated","NOAA NCEI: the magnetic dip poles migrate over time. NOAA Science On a Sphere: the Magnetic North Pole has sped up since the 1970s. (https://sos.noaa.gov/catalog/datasets/earths-magnetic-field-compass-needles/)",""
"fact.world_geography.declination","source.noaa_sos_compass","unverified","The angle between where a compass points and true north is called magnetic declination; it varies from place to place, and navigators correct for it.","https://sos.noaa.gov/catalog/datasets/earths-magnetic-field-compass-needles/","L6 card.world_geography.006.c4","L6 question.world_geography.006.q2","","","","","","corroborated","NOAA: the angle between the compass direction and true north is magnetic declination. Britannica: variation or declination varies from point to point, and navigators must account for it. (https://www.britannica.com/technology/compass-navigational-instrument)",""
"fact.world_geography.declination","source.brit_compass","unverified","The angle between where a compass points and true north is called magnetic declination; it varies from place to place, and navigators correct for it.","https://www.britannica.com/technology/compass-navigational-instrument","L6 card.world_geography.006.c4","L6 question.world_geography.006.q2","","","","","","corroborated","NOAA: the angle between the compass direction and true north is magnetic declination. Britannica: variation or declination varies from point to point, and navigators must account for it. (https://sos.noaa.gov/catalog/datasets/earths-magnetic-field-compass-needles/)",""
"fact.world_geography.elevation_sea_level","source.sco_wisc_topographic_maps","unverified","Map heights are usually measured above mean sea level.","https://www.sco.wisc.edu/maps/topographic/","L7 card.world_geography.007.c2; L17 card.world_geography.017.c4","L22 question.world_geography.022.q3; L50 question.world_geography.050.q3; L55 question.world_geography.055.q3; L58 question.world_geography.058.q3; L88 question.world_geography.088.q3","","","","","","corroborated","Wisconsin State Cartographer's Office: elevation contours are measured above or below a reference surface, usually mean sea level. USGS map guidance agrees. (https://www.whiteclouds.com/articles/usgs-topographic-maps/)","one-page"
"fact.world_geography.everest_8849","source.brit_mount_everest","unverified","Mount Everest, the world's highest mountain, stands about 8,849 m above sea level.","https://www.britannica.com/place/Mount-Everest","L7 card.world_geography.007.c2; L17 card.world_geography.017.c1; L22 card.world_geography.022.c4; L47 card.world_geography.047.c2; L66 card.world_geography.066.c1","L22 question.world_geography.022.q3; L50 question.world_geography.050.q3; L55 question.world_geography.055.q3; L58 question.world_geography.058.q3; L88 question.world_geography.088.q3","","","","","","corroborated","Britannica: Everest reaches about 8,849 m and is the highest mountain in the world. China and Nepal jointly announced 8,848.86 m in December 2020 (NPR, CNN). (https://www.npr.org/2020/12/08/944152693/everest-gets-a-growth-spurt-as-china-nepal-revise-official-elevation-upward https://www.cnn.com/travel/article/mount-everest-height-intl-hnk-scli)",""
"fact.world_geography.contour_equal_elevation","source.sco_wisc_topographic_maps","unverified","On a topographic map, contour lines connect points of equal elevation.","https://www.sco.wisc.edu/maps/topographic/","L7 card.world_geography.007.c3","L7 question.world_geography.007.q1; L7 question.world_geography.007.q3; L100 question.world_geography.100.q4","","","","","","corroborated","Maryland Geological Survey: contour lines are lines of equal elevation. Wisconsin SCO: contours connect points having the same elevation. (https://www.mgs.md.gov/geology/topographic_maps.html)",""
"fact.world_geography.contour_equal_elevation","source.mgs_topographic_maps","unverified","On a topographic map, contour lines connect points of equal elevation.","https://www.mgs.md.gov/geology/topographic_maps.html","L7 card.world_geography.007.c3","L7 question.world_geography.007.q1; L7 question.world_geography.007.q3; L100 question.world_geography.100.q4","","","","","","corroborated","Maryland Geological Survey: contour lines are lines of equal elevation. Wisconsin SCO: contours connect points having the same elevation. (https://www.sco.wisc.edu/maps/topographic/)",""
"fact.world_geography.contour_spacing_steep","source.mgs_topographic_maps","unverified","The closer together contour lines are, the steeper the slope; widely spaced lines mean gentle ground.","https://www.mgs.md.gov/geology/topographic_maps.html","L7 card.world_geography.007.c1; L7 card.world_geography.007.c3","L7 question.world_geography.007.q1; L7 question.world_geography.007.q3; L100 question.world_geography.100.q4","","","","","","corroborated","Maryland Geological Survey: the closer the contours, the steeper the slope. Wisconsin SCO: closely spaced contours are steep, widely spaced ones gentle. (https://www.sco.wisc.edu/maps/topographic/)",""
"fact.world_geography.contour_spacing_steep","source.sco_wisc_topographic_maps","unverified","The closer together contour lines are, the steeper the slope; widely spaced lines mean gentle ground.","https://www.sco.wisc.edu/maps/topographic/","L7 card.world_geography.007.c1; L7 card.world_geography.007.c3","L7 question.world_geography.007.q1; L7 question.world_geography.007.q3; L100 question.world_geography.100.q4","","","","","","corroborated","Maryland Geological Survey: the closer the contours, the steeper the slope. Wisconsin SCO: closely spaced contours are steep, widely spaced ones gentle. (https://www.mgs.md.gov/geology/topographic_maps.html)",""
"fact.world_geography.plateau_definition","source.natgeo_plateau","unverified","A plateau is a flat, elevated landform that rises sharply above the surrounding area on at least one side.","https://education.nationalgeographic.org/resource/plateau/","L7 card.world_geography.007.c4; L75 card.world_geography.075.c2","L7 question.world_geography.007.q2; L19 question.world_geography.019.q3; L27 question.world_geography.027.q3; L29 question.world_geography.029.q3; L53 question.world_geography.053.q3; L54 question.world_geography.054.q3; L68 question.world_geography.068.q3; L73 question.world_geography.073.q2; L75 question.world_geography.075.q3","","","","","","corroborated","National Geographic Education: a plateau is a flat, elevated landform that rises sharply above the surrounding area on at least one side. (https://www.britannica.com/summary/plateau-landform)","one-page"
"fact.world_geography.valley_v_u","source.natgeo_valleys","unverified","Valleys are low areas carved by water and ice: rivers cut V-shaped valleys, and glaciers grind them into U shapes.","https://www.nationalgeographic.com/science/article/valleys","L7 card.world_geography.007.c4; L19 card.world_geography.019.c3; L27 card.world_geography.027.c3; L54 card.world_geography.054.c2; L74 card.world_geography.074.c3","L7 question.world_geography.007.q2; L19 question.world_geography.019.q3; L27 question.world_geography.027.q3; L29 question.world_geography.029.q3; L53 question.world_geography.053.q3; L54 question.world_geography.054.q3; L68 question.world_geography.068.q3; L73 question.world_geography.073.q2; L75 question.world_geography.075.q3","","","","","","corroborated","National Geographic: rivers carve valleys with steep sides and a narrow floor like a V; glaciers grind the V into a U. Other teaching sources agree. (https://en.wikipedia.org/wiki/Valley)","one-page weak-pages"
"fact.world_geography.delta_definition","source.natgeo_delta","unverified","A delta is a flat, low plain built at a river's mouth from sediment the slowing river drops.","https://education.nationalgeographic.org/resource/delta/","L7 card.world_geography.007.c4; L19 card.world_geography.019.c3; L53 card.world_geography.053.c3; L67 card.world_geography.067.c3; L73 card.world_geography.073.c4","L7 question.world_geography.007.q2; L19 question.world_geography.019.q3; L27 question.world_geography.027.q3; L29 question.world_geography.029.q3; L53 question.world_geography.053.q3; L54 question.world_geography.054.q3; L68 question.world_geography.068.q3; L73 question.world_geography.073.q2; L75 question.world_geography.075.q3","","","","","","corroborated","National Geographic Education: a delta is the flat, low-lying plain at a river's mouth formed from sediment deposited as the river slows. (https://www.nps.gov/articles/delta-landforms.htm)","one-page"
"fact.world_geography.delta_name","source.natgeo_delta","unverified","Deltas are named after the triangle-shaped Greek letter delta (Δ).","https://education.nationalgeographic.org/resource/delta/","L7 card.world_geography.007.c4; L53 card.world_geography.053.c3","L7 question.world_geography.007.q2; L19 question.world_geography.019.q3; L27 question.world_geography.027.q3; L29 question.world_geography.029.q3; L53 question.world_geography.053.q3; L54 question.world_geography.054.q3; L68 question.world_geography.068.q3; L73 question.world_geography.073.q2; L75 question.world_geography.075.q3","","","","","","corroborated","National Geographic Education: the term comes from the Greek letter delta, a triangle, the shape of many deltas such as the Nile's. (https://en.wikipedia.org/wiki/River_delta)","one-page weak-pages"
"fact.world_geography.continent_order","source.natgeo_continent","unverified","From largest to smallest, the continents are Asia, Africa, North America, South America, Antarctica, Europe and Australia.","https://education.nationalgeographic.org/resource/Continent/","L8 card.world_geography.008.c2; L8 card.world_geography.008.c4; L61 card.world_geography.061.c2; L71 card.world_geography.071.c4; L78 card.world_geography.078.c4","L8 question.world_geography.008.q1; L8 question.world_geography.008.q3; L61 question.world_geography.061.q3; L65 question.world_geography.065.q3; L81 question.world_geography.081.q3","","","","","","corroborated","National Geographic Education gives the order Asia, Africa, North America, South America, Antarctica, Europe, Australia. Phys.org's breakdown by size agrees. (https://phys.org/news/2022-12-smallest-continent-earth-continents-size.html https://education.nationalgeographic.org/resource/Continent/5th-grade/)",""
"fact.world_geography.asia_third_land","source.natgeo_continent","unverified","Asia holds almost a third of the world's land.","https://education.nationalgeographic.org/resource/Continent/","L8 card.world_geography.008.c2; L65 card.world_geography.065.c2","L8 question.world_geography.008.q1; L61 question.world_geography.061.q3; L65 question.world_geography.065.q3; L81 question.world_geography.081.q3","","","","","","corroborated","National Geographic Education: Asia accounts for almost a third of the world's land (about 44.6 of roughly 149 million km2). (https://www.ebsco.com/research-starters/geography-and-cartography/asia/)","one-page"
"fact.world_geography.australia_smallest","source.natgeo_continent","unverified","Australia is the smallest continent, and also the flattest.","https://education.nationalgeographic.org/resource/Continent/","L8 card.world_geography.008.c2; L81 card.world_geography.081.c2","L8 question.world_geography.008.q1; L61 question.world_geography.061.q3; L65 question.world_geography.065.q3; L81 question.world_geography.081.q3","","","","","","corroborated","National Geographic Education: in addition to being the smallest continent, Australia is the flattest. (https://phys.org/news/2022-12-smallest-continent-earth-continents-size.html)","one-page"
"fact.world_geography.ocean_order","source.noaa_biggest_ocean","unverified","From largest to smallest, the oceans are the Pacific, Atlantic, Indian, Southern and Arctic.","https://oceanservice.noaa.gov/facts/biggestocean.html","L8 card.world_geography.008.c3; L22 card.world_geography.022.c3; L83 card.world_geography.083.c3; L87 card.world_geography.087.c2","L8 question.world_geography.008.q2; L69 question.world_geography.069.q3; L83 question.world_geography.083.q3; L87 question.world_geography.087.q3","","","","","","corroborated","NOAA: the Pacific is largest; the Atlantic is second, followed by the Indian, the Southern and finally the Arctic. (https://www.worldatlas.com/oceans/the-oceans-of-the-world-by-size-55849.html)","one-page"
"fact.world_geography.pacific_beats_land","source.noaa_biggest_ocean","unverified","The Pacific is the largest and deepest ocean; its area is bigger than all the land on Earth combined.","https://oceanservice.noaa.gov/facts/biggestocean.html","L8 card.world_geography.008.c1; L8 card.world_geography.008.c3; L15 card.world_geography.015.c3","L8 question.world_geography.008.q2; L69 question.world_geography.069.q3; L83 question.world_geography.083.q3; L87 question.world_geography.087.q3","","","","","","corroborated","NOAA: the Pacific is the largest and deepest basin and all the continents could fit in it. Britannica: its area exceeds the whole land surface of the globe. (https://www.britannica.com/place/Pacific-Ocean)",""
"fact.world_geography.pacific_beats_land","source.brit_pacific_ocean","unverified","The Pacific is the largest and deepest ocean; its area is bigger than all the land on Earth combined.","https://www.britannica.com/place/Pacific-Ocean","L8 card.world_geography.008.c1; L8 card.world_geography.008.c3; L15 card.world_geography.015.c3","L8 question.world_geography.008.q2; L69 question.world_geography.069.q3; L83 question.world_geography.083.q3; L87 question.world_geography.087.q3","","","","","","corroborated","NOAA: the Pacific is the largest and deepest basin and all the continents could fit in it. Britannica: its area exceeds the whole land surface of the globe. (https://oceanservice.noaa.gov/facts/biggestocean.html)",""
"fact.world_geography.pacific_third_surface","source.brit_pacific_ocean","unverified","The Pacific covers about a third of Earth's surface.","https://www.britannica.com/place/Pacific-Ocean","L8 card.world_geography.008.c3","L8 question.world_geography.008.q2; L69 question.world_geography.069.q3; L83 question.world_geography.083.q3; L87 question.world_geography.087.q3","","","","","","corroborated","Britannica: the Pacific occupies about one-third of the surface of the globe. Other references give more than 30 percent. (https://encounteredu.com/cpd/subject-updates/7-ocean-vs-land-scale-facts)","one-page"
"fact.world_geography.gps_24_satellites","source.gps_gov_space_segment","unverified","The US keeps at least 24 GPS satellites working, arranged so at least four are in view from almost anywhere on Earth.","https://www.gps.gov/space-segment","L9 card.world_geography.009.c2","L9 question.world_geography.009.q2","","","","","","corroborated","GPS.gov: at least 24 operational satellites, 95% of the time, arranged so users can view at least four from virtually any point on the planet. (https://gssc.esa.int/navipedia/index.php/GPS_Space_Segment)","one-page"
"fact.world_geography.gps_orbit","source.gps_gov_space_segment","unverified","Each GPS satellite circles Earth twice a day, about 20,200 km up.","https://www.gps.gov/space-segment","L9 card.world_geography.009.c2","L9 question.world_geography.009.q2","","","","","","corroborated","GPS.gov: satellites fly in medium Earth orbit at about 20,200 km and each circles Earth twice a day. (https://www.faa.gov/about/office_org/headquarters_offices/ato/service_units/techops/navservices/gnss/gps/spacesegments)","one-page"
"fact.world_geography.gps_one_way","source.gps_gov_overview","unverified","GPS satellites send one-way signals giving their position and the time; receivers only listen and never transmit to them.","https://archive.gps.gov/systems/gps/","L9 card.world_geography.009.c1; L9 card.world_geography.009.c2","L9 question.world_geography.009.q2","","","","","","corroborated","GPS.gov: satellites transmit one-way signals giving position and time. NASA: each satellite transmits its position and time. Trimble: receivers work by listening. (https://geospatial.trimble.com/blog/geospatial/en-US/article/gps-101-learn-how-gps-works)",""
"fact.world_geography.gps_one_way","source.nasa_gps","unverified","GPS satellites send one-way signals giving their position and the time; receivers only listen and never transmit to them.","https://www.nasa.gov/directorates/somd/space-communications-navigation-program/gps/","L9 card.world_geography.009.c1; L9 card.world_geography.009.c2","L9 question.world_geography.009.q2","","","","","","corroborated","GPS.gov: satellites transmit one-way signals giving position and time. NASA: each satellite transmits its position and time. Trimble: receivers work by listening. (https://archive.gps.gov/systems/gps/ https://geospatial.trimble.com/blog/geospatial/en-US/article/gps-101-learn-how-gps-works)",""
"fact.world_geography.gps_free","source.gps_gov_overview","unverified","The civilian GPS service is free for anyone to use, worldwide.","https://archive.gps.gov/systems/gps/","L9 card.world_geography.009.c1","","","","","","","corroborated","GPS.gov: the civilian service is freely available to all users on a continuous, worldwide basis. (https://www.gps.gov/policies-and-documentation)","one-page"
"fact.world_geography.gps_precise_clocks","source.noaa_gps_tutorial","unverified","GPS satellites carry very precise atomic clocks.","https://oceanservice.noaa.gov/education/tutorial_geodesy/geo09_gps.html","L9 card.world_geography.009.c2","L9 question.world_geography.009.q2","","","","","","corroborated","NOAA: GPS satellites have very precise clocks, accurate to within 40 nanoseconds. Trimble and Ohio State: satellites carry atomic clocks. (https://geospatial.trimble.com/blog/geospatial/en-US/article/gps-101-learn-how-gps-works https://www.astronomy.ohio-state.edu/pogge.1/Ast162/Unit5/gps.html)",""
"fact.world_geography.gps_travel_time","source.nasa_gps","unverified","A receiver finds its distance to each satellite from how long the signal took to arrive, since the signal travels at the speed of light.","https://www.nasa.gov/directorates/somd/space-communications-navigation-program/gps/","L9 card.world_geography.009.c3; L9 card.world_geography.009.c4","L9 question.world_geography.009.q1; L9 question.world_geography.009.q2; L9 question.world_geography.009.q3; L37 question.world_geography.037.q3; L100 question.world_geography.100.q3","","","","","","corroborated","NASA: a receiver determines its position by calculating how long the signals took to reach it. NOAA: distance = signal speed x travel time. Trimble: travel time x speed of light. (https://geospatial.trimble.com/blog/geospatial/en-US/article/gps-101-learn-how-gps-works https://oceanservice.noaa.gov/education/tutorial_geodesy/geo09_gps.html)",""
"fact.world_geography.gps_travel_time","source.noaa_gps_tutorial","unverified","A receiver finds its distance to each satellite from how long the signal took to arrive, since the signal travels at the speed of light.","https://oceanservice.noaa.gov/education/tutorial_geodesy/geo09_gps.html","L9 card.world_geography.009.c3; L9 card.world_geography.009.c4","L9 question.world_geography.009.q1; L9 question.world_geography.009.q2; L9 question.world_geography.009.q3; L37 question.world_geography.037.q3; L100 question.world_geography.100.q3","","","","","","corroborated","NASA: a receiver determines its position by calculating how long the signals took to reach it. NOAA: distance = signal speed x travel time. Trimble: travel time x speed of light. (https://geospatial.trimble.com/blog/geospatial/en-US/article/gps-101-learn-how-gps-works)",""
"fact.world_geography.gps_four_satellites","source.noaa_gps_tutorial","unverified","A precise GPS fix needs four satellites: three to find the position and one to correct the error in the receiver's clock.","https://oceanservice.noaa.gov/education/tutorial_geodesy/geo09_gps.html","L9 card.world_geography.009.c3; L9 card.world_geography.009.c4","L9 question.world_geography.009.q1; L9 question.world_geography.009.q2; L9 question.world_geography.009.q3; L37 question.world_geography.037.q3; L100 question.world_geography.100.q3","","","","","","corroborated","NOAA: it takes four satellites, three to determine a position and one to adjust for the error in the receiver's clock. FAA and other guides agree. (https://en.wikipedia.org/wiki/Pseudorange)","one-page weak-pages"
"fact.world_geography.gps_output","source.gps_gov_overview","unverified","A GPS receiver calculates its position in three dimensions (latitude, longitude and altitude) plus the time.","https://archive.gps.gov/systems/gps/","L9 card.world_geography.009.c4","L9 question.world_geography.009.q1; L9 question.world_geography.009.q3; L100 question.world_geography.100.q3","","","","","","corroborated","GPS.gov: the receiver calculates the user's three-dimensional position and time. Guides describe the unknowns as latitude, longitude, altitude and time. (https://www.faa.gov/about/office_org/headquarters_offices/ato/service_units/techops/navservices/gnss/gps/howitworks)","one-page"
"fact.world_geography.antipode_definition","source.worldatlas_antipodes","unverified","A place's antipode is the point exactly opposite it on Earth: a straight line between them passes through Earth's center.","https://www.worldatlas.com/articles/what-is-an-antipode-in-geography.html","L10 card.world_geography.010.c2; L90 card.world_geography.090.c1","L10 question.world_geography.010.q1; L10 question.world_geography.010.q2; L10 question.world_geography.010.q5","","","","","","corroborated","WorldAtlas and dictionary definitions: the antipode is the diametrically opposite point, joined by a line through Earth's center. (https://en.wikipedia.org/wiki/Antipodes_on_Earth)","one-page weak-pages"
"fact.world_geography.antipode_coordinates","source.worldatlas_antipodes","unverified","An antipode keeps the same latitude number in the other hemisphere, and its longitude is 180° away.","https://www.worldatlas.com/articles/what-is-an-antipode-in-geography.html","L10 card.world_geography.010.c2; L10 card.world_geography.010.c4; L90 card.world_geography.090.c1","L10 question.world_geography.010.q1; L10 question.world_geography.010.q2; L10 question.world_geography.010.q3; L10 question.world_geography.010.q5","","","","","","corroborated","Wikipedia (Antipodes on Earth): the antipode is 180 degrees of longitude away, and the latitude keeps its size with N changed to S. WorldAtlas: opposite hemispheres. (https://en.wikipedia.org/wiki/Antipodes_on_Earth)","one-page weak-pages"
"fact.world_geography.antipode_noon_midnight","source.worldatlas_antipodes","unverified","A place and its antipode are about 12 hours apart: when it's noon at one, it's midnight at the other.","https://www.worldatlas.com/articles/what-is-an-antipode-in-geography.html","L10 card.world_geography.010.c4","L10 question.world_geography.010.q3","","","","","","corroborated","WorldAtlas: when it's noon at one antipode it is midnight at the other. Wikipedia: solar noon at one place is solar midnight at the other. (https://en.wikipedia.org/wiki/Antipodes_on_Earth)","one-page weak-pages"
"fact.world_geography.antipode_mostly_ocean","source.worldatlas_antipodes","unverified","Only about 15% of land has land at its antipode; most land sits opposite ocean.","https://www.worldatlas.com/articles/what-is-an-antipode-in-geography.html","L10 card.world_geography.010.c3","L10 question.world_geography.010.q4; L10 question.world_geography.010.q5; L84 question.world_geography.084.q3","","","","","","corroborated","WorldAtlas and Brilliant Maps: about 15% of land is antipodal to land. Wikipedia: roughly 15% of land, about 4.4% of Earth's surface. (https://en.wikipedia.org/wiki/Antipodes_on_Earth https://brilliantmaps.com/antipodes/)",""
"fact.world_geography.antipode_mostly_ocean","source.brilliantmaps_antipodes","unverified","Only about 15% of land has land at its antipode; most land sits opposite ocean.","https://brilliantmaps.com/antipodes/","L10 card.world_geography.010.c3","L10 question.world_geography.010.q4; L10 question.world_geography.010.q5; L84 question.world_geography.084.q3","","","","","","corroborated","WorldAtlas and Brilliant Maps: about 15% of land is antipodal to land. Wikipedia: roughly 15% of land, about 4.4% of Earth's surface. (https://en.wikipedia.org/wiki/Antipodes_on_Earth)",""
"fact.world_geography.us_antipode_indian_ocean","source.brilliantmaps_antipodes","unverified","Dig straight through Earth from almost anywhere in the contiguous US and you'd come out in the Indian Ocean, not China.","https://brilliantmaps.com/antipodes/","L10 card.world_geography.010.c1; L10 card.world_geography.010.c2","L10 question.world_geography.010.q1; L10 question.world_geography.010.q2; L10 question.world_geography.010.q5","","","","","","corroborated","Brilliant Maps: from the US you would most likely end up in the Indian Ocean, not China. Wikipedia: only small areas of the contiguous US have land antipodes (Indian Ocean islands). (https://en.wikipedia.org/wiki/Antipodes_on_Earth)","one-page weak-pages"
"fact.world_geography.spain_new_zealand","source.worldatlas_antipodes","unverified","Spain and New Zealand are near-opposites: most of New Zealand's North Island is antipodal to Spain.","https://www.worldatlas.com/articles/what-is-an-antipode-in-geography.html","L10 card.world_geography.010.c3","L10 question.world_geography.010.q4; L10 question.world_geography.010.q5; L84 question.world_geography.084.q3","","","","","","corroborated","WorldAtlas: Spain and Portugal's antipodes are in New Zealand. Wikipedia: the antipodes of most of New Zealand's North Island lie in Spain. (https://en.wikipedia.org/wiki/Antipodes_on_Earth)","one-page weak-pages"
"fact.world_geography.kola_borehole","source.sciam_deepest_hole","unverified","Soviet scientists drilled the Kola Superdeep Borehole in Russia for about 20 years, reaching 12,262 m, still inside Earth's crust.","https://www.scientificamerican.com/article/how-deep-is-the-deepest-hole-in-the-world/","L11 card.world_geography.011.c1; L11 card.world_geography.011.c5","","","","","","","corroborated","Scientific American: 12,262 m after about 20 years. Other accounts agree the Kola borehole reached 12,262 m in 1989 on the Kola Peninsula and never got beyond the crust. (https://scienceblog.com/t-kola-superdeep-borehole-deepest-vertical-hole/ https://interestingengineering.com/lists/facts-the-superdeep-kola-borehole)",""
"fact.world_geography.kola_fraction","source.sciam_deepest_hole","unverified","The Kola borehole's 12,262 m is less than 0.2% of the roughly 6,371 km from Earth's surface to its center.","https://www.scientificamerican.com/article/how-deep-is-the-deepest-hole-in-the-world/","L11 card.world_geography.011.c1","","","","","","","corroborated","Arithmetic: 12.262 km / 6,371 km = 0.19%. Depth from Scientific American; NASA's Earth Fact Sheet gives a volumetric mean radius of 6,371 km. (https://en.wikipedia.org/wiki/Earth_radius https://scienceblog.com/t-kola-superdeep-borehole-deepest-vertical-hole/)",""
"fact.world_geography.kola_fraction","source.nasa_earth_fact_sheet","unverified","The Kola borehole's 12,262 m is less than 0.2% of the roughly 6,371 km from Earth's surface to its center.","https://nssdc.gsfc.nasa.gov/planetary/factsheet/earthfact.html","L11 card.world_geography.011.c1","","","","","","","corroborated","Arithmetic: 12.262 km / 6,371 km = 0.19%. Depth from Scientific American; NASA's Earth Fact Sheet gives a volumetric mean radius of 6,371 km. (https://en.wikipedia.org/wiki/Earth_radius https://scienceblog.com/t-kola-superdeep-borehole-deepest-vertical-hole/)",""
"fact.world_geography.earth_radius","source.nasa_earth_fact_sheet","unverified","It is about 6,371 km from Earth's surface to its center.","https://nssdc.gsfc.nasa.gov/planetary/factsheet/earthfact.html","L11 card.world_geography.011.c2","","","","","","","corroborated","NASA Earth Fact Sheet: volumetric mean radius 6,371.000 km. The globally averaged radius is usually given as 6,371 km. (https://en.wikipedia.org/wiki/Earth_radius)","one-page weak-pages"
"fact.world_geography.crust_thickness","source.natgeo_crust","unverified","Earth's crust is about 5 to 10 km thick under the oceans and up to 70 km thick under some continents.","https://education.nationalgeographic.org/resource/crust/","L11 card.world_geography.011.c2","","","","","","","corroborated","NatGeo: oceanic crust 5 to 10 km; continental crust as thick as 70 km. Britannica: crust varies from a few km to 40 km and up to 70 km in some places. (https://www.britannica.com/science/plate-tectonics/Earths-layers)","one-page"
"fact.world_geography.mantle_2900","source.natgeo_mantle","unverified","The mantle is about 2,900 km thick and makes up about 84% of Earth's volume.","https://education.nationalgeographic.org/resource/mantle/","L11 card.world_geography.011.c3","L11 question.world_geography.011.q1; L12 question.world_geography.012.q3","","","","","","corroborated","NatGeo: about 2,900 km thick, 84 percent of Earth's volume. Britannica puts the mantle-core boundary at about 2,900 km depth; other references give 84% of volume. (https://www.britannica.com/science/plate-tectonics/Earths-layers https://en.wikipedia.org/wiki/Earth's_mantle)",""
"fact.world_geography.mantle_solid_flows","source.usgs_plates_on_magma","unverified","Mantle rock is solid, but over long periods it slowly flows, at about the rate fingernails grow.","https://www.usgs.gov/faqs/are-tectonic-plates-floating-magma","L11 card.world_geography.011.c3; L12 card.world_geography.012.c2","L11 question.world_geography.011.q1; L12 question.world_geography.012.q3","","","","","","corroborated","USGS: a handful of mantle rock would be solid rock, but over long periods it flows slowly at about the rate fingernails grow. NatGeo: mostly solid, moves plastically over millions of years. (https://education.nationalgeographic.org/resource/mantle/)","one-page"
"fact.world_geography.core_iron_nickel","source.natgeo_core","unverified","Earth's core begins about 2,900 km below the surface and is made almost entirely of iron and nickel.","https://education.nationalgeographic.org/resource/core/","L11 card.world_geography.011.c4","L11 question.world_geography.011.q3","","","","","","corroborated","NatGeo: the core is about 2,900 km below the surface and almost entirely iron and nickel. Britannica: at about 2,900 km the mantle gives way to an iron-nickel outer core. (https://www.britannica.com/science/plate-tectonics/Earths-layers)","one-page"
"fact.world_geography.outer_core_field","source.natgeo_core","unverified","The outer core is liquid iron and nickel, and its swirling motion creates Earth's magnetic field.","https://education.nationalgeographic.org/resource/core/","L11 card.world_geography.011.c4","L11 question.world_geography.011.q3","","","","","","corroborated","NatGeo: outer core mostly liquid iron and nickel; the magnetic field is created in the swirling outer core. Convection in the liquid outer core drives the geodynamo. (https://en.wikipedia.org/wiki/Earth%27s_outer_core)","one-page weak-pages"
"fact.world_geography.inner_core_solid","source.natgeo_core","unverified","The inner core is about as hot as the surface of the Sun, yet it stays solid because of the immense pressure of the planet above it.","https://education.nationalgeographic.org/resource/core/","L11 card.world_geography.011.c4","L11 question.world_geography.011.q3","","","","","","corroborated","NatGeo: inner core reaches about 6,000 C, as hot as the Sun's surface, and stays solid under pressure. Discover and IFLScience report the same. (https://www.discovermagazine.com/earths-inner-core-is-solid-not-liquid-even-though-its-blistering-hot-47785 https://www.iflscience.com/why-is-earths-inner-core-solid-when-its-hotter-than-the-suns-surface-69418)",""
"fact.world_geography.s_wave_shadow","source.natgeo_core","unverified","Earthquake S-waves can't travel through liquid; the shadow where they vanish on Earth's far side revealed the liquid outer core.","https://education.nationalgeographic.org/resource/core/","L11 card.world_geography.011.c5; L14 card.world_geography.014.c3","L11 question.world_geography.011.q2","","","","","","corroborated","NatGeo: S-waves can't pass through fluids; the shadow where they disappeared showed a liquid layer. IRIS and university texts describe the S-wave shadow zone the same way. (https://www.iris.edu/hq/inclass/animation/seismic_shadow_zone_basic_introduction https://www.uh.edu/~geos6g/1330/interior.html)",""
"fact.world_geography.outer_core_only_liquid","source.usgs_plates_on_magma","unverified","The outer core is the only entirely liquid layer inside Earth.","https://www.usgs.gov/faqs/are-tectonic-plates-floating-magma","L11 card.world_geography.011.c5","L11 question.world_geography.011.q2","","","","","","corroborated","USGS: the only entirely liquid part of Earth's interior is the outer core. NatGeo: the outer core is liquid while the mantle is mostly solid and the inner core solid. (https://education.nationalgeographic.org/resource/core/)","one-page"
"fact.world_geography.lithosphere_plates","source.usgs_dynamic_inside","unverified","Earth's lithosphere, the crust plus the top of the mantle, is broken into large rocky plates that carry the continents and oceans.","https://pubs.usgs.gov/gip/dynamic/inside.html","L12 card.world_geography.012.c2; L13 card.world_geography.013.c4","L12 question.world_geography.012.q1; L12 question.world_geography.012.q3; L13 question.world_geography.013.q3","","","","","","corroborated","USGS: the lithosphere is broken into moving plates that contain the continents and oceans. NatGeo: the lithosphere, crust and upper mantle, is broken into large rocky plates. (https://en.wikipedia.org/wiki/Plate_tectonics)","one-page weak-pages"
"fact.world_geography.lithosphere_plates","source.natgeo_plate_tectonics","unverified","Earth's lithosphere, the crust plus the top of the mantle, is broken into large rocky plates that carry the continents and oceans.","https://education.nationalgeographic.org/resource/plate-tectonics/","L12 card.world_geography.012.c2; L13 card.world_geography.013.c4","L12 question.world_geography.012.q1; L12 question.world_geography.012.q3; L13 question.world_geography.013.q3","","","","","","corroborated","USGS: the lithosphere is broken into moving plates that contain the continents and oceans. NatGeo: the lithosphere, crust and upper mantle, is broken into large rocky plates. (https://en.wikipedia.org/wiki/Plate_tectonics)","one-page weak-pages"
"fact.world_geography.plates_ride_mantle","source.usgs_dynamic_inside","unverified","The plates move on a slowly flowing layer of the upper mantle, pushed along by convection, heat circulating in the rock.","https://pubs.usgs.gov/gip/dynamic/inside.html","L12 card.world_geography.012.c2","L12 question.world_geography.012.q1; L12 question.world_geography.012.q3; L13 question.world_geography.013.q3","","","","","","corroborated","USGS: the rigid lithosphere moves about on the slowly flowing asthenosphere, part of the mantle. NatGeo: due to convection the plates move relative to each other. (https://www.usgs.gov/faqs/are-tectonic-plates-floating-magma)","one-page"
"fact.world_geography.plates_ride_mantle","source.natgeo_plate_tectonics","unverified","The plates move on a slowly flowing layer of the upper mantle, pushed along by convection, heat circulating in the rock.","https://education.nationalgeographic.org/resource/plate-tectonics/","L12 card.world_geography.012.c2","L12 question.world_geography.012.q1; L12 question.world_geography.012.q3; L13 question.world_geography.013.q3","","","","","","corroborated","USGS: the rigid lithosphere moves about on the slowly flowing asthenosphere, part of the mantle. NatGeo: due to convection the plates move relative to each other. (https://www.usgs.gov/faqs/are-tectonic-plates-floating-magma)","one-page"
"fact.world_geography.plate_speed","source.natgeo_plate_tectonics","unverified","Tectonic plates move relative to each other at about 2 to 15 cm a year.","https://education.nationalgeographic.org/resource/plate-tectonics/","L12 card.world_geography.012.c3","","","","","","","corroborated","NatGeo: plates move at rates from two to 15 cm a year. USGS: spreading rates range from under 2.5 cm/yr (Arctic Ridge) to over 15 cm/yr (East Pacific Rise). (https://pubs.usgs.gov/gip/dynamic/understanding.html)","one-page"
"fact.world_geography.atlantic_widening","source.usgs_dynamic_plate_motions","unverified","The Mid-Atlantic Ridge spreads about 2.5 cm a year; over 100 to 200 million years, the Atlantic grew from a narrow inlet into an ocean.","https://pubs.usgs.gov/gip/dynamic/understanding.html","L12 card.world_geography.012.c1; L12 card.world_geography.012.c3; L20 card.world_geography.020.c3","","","","","","","corroborated","USGS: Mid-Atlantic Ridge spreading averages about 2.5 cm/yr; seafloor spreading over the past 100 to 200 million years grew the Atlantic from a tiny inlet. Britannica: Atlantic widening 1 to 10 cm a year. (https://www.britannica.com/place/Mid-Atlantic-Ridge)","one-page"
"fact.world_geography.divergent_boundary","source.usgs_dynamic_plate_motions","unverified","At divergent boundaries, plates pull apart and new crust forms; the Mid-Atlantic Ridge is the best-known example.","https://pubs.usgs.gov/gip/dynamic/understanding.html","L12 card.world_geography.012.c4; L20 card.world_geography.020.c2; L20 card.world_geography.020.c3","L12 question.world_geography.012.q2; L14 question.world_geography.014.q3; L15 question.world_geography.015.q3; L17 question.world_geography.017.q3; L20 question.world_geography.020.q3; L20 question.world_geography.020.q4","","","","","","corroborated","USGS: divergent boundaries are where new crust is generated as plates pull away; the Mid-Atlantic Ridge is the best known. Britannica describes seafloor spreading along the ridge's rift. (https://www.britannica.com/place/Mid-Atlantic-Ridge)","one-page"
"fact.world_geography.convergent_boundary","source.usgs_dynamic_plate_motions","unverified","At convergent boundaries, plates push together and crust is destroyed as one plate dives under another.","https://pubs.usgs.gov/gip/dynamic/understanding.html","L12 card.world_geography.012.c4; L17 card.world_geography.017.c3","L12 question.world_geography.012.q2; L14 question.world_geography.014.q3; L15 question.world_geography.015.q3; L17 question.world_geography.017.q3; L20 question.world_geography.020.q3","","","","","","corroborated","USGS: convergent boundaries are where crust is destroyed as one plate dives under another. NatGeo Ring of Fire: plates overlap at convergent boundaries called subduction zones. (https://education.nationalgeographic.org/resource/ring-fire/)","one-page"
"fact.world_geography.transform_boundary","source.usgs_dynamic_plate_motions","unverified","At transform boundaries, plates slide sideways past each other; California's San Andreas Fault is one.","https://pubs.usgs.gov/gip/dynamic/understanding.html","L12 card.world_geography.012.c4; L14 card.world_geography.014.c2; L20 card.world_geography.020.c3","L12 question.world_geography.012.q2; L14 question.world_geography.014.q3; L15 question.world_geography.015.q3; L17 question.world_geography.017.q3; L20 question.world_geography.020.q3; L20 question.world_geography.020.q4","","","","","","corroborated","USGS: at transform boundaries plates slide horizontally past each other; the San Andreas fault zone is an example. NatGeo also calls the Pacific-North American border a transform boundary. (https://education.nationalgeographic.org/resource/ring-fire/ https://www.usgs.gov/faqs/will-california-eventually-fall-ocean)",""
"fact.world_geography.la_sf_neighbors","source.usgs_california_ocean","unverified","The Pacific Plate slides northwest past the North American Plate about 46 mm a year, so LA and San Francisco will one day be neighbors.","https://www.usgs.gov/faqs/will-california-eventually-fall-ocean","L12 card.world_geography.012.c5","","","","","","","corroborated","USGS FAQ: Pacific Plate moves northwest relative to North American Plate at about 46 mm a year (the rate fingernails grow); LA and SF will one day be adjacent. USGS This Dynamic Earth gives about 5 cm/yr on the San Andreas. (https://pubs.usgs.gov/gip/dynamic/understanding.html)","one-page"
"fact.world_geography.sa_fingernails","source.usgs_california_ocean","unverified","The San Andreas Fault's plates slide past each other at about the rate your fingernails grow.","https://www.usgs.gov/faqs/will-california-eventually-fall-ocean","L12 card.world_geography.012.c5","","","","","","","corroborated","USGS FAQ gives about 46 mm a year, 'the rate your fingernails grow'. USGS Earthquake Facts: San Andreas movement averages 3 to 5 cm a year, about the speed fingernails grow. (https://www.usgs.gov/programs/earthquake-hazards/earthquake-facts-earthquake-fantasy)","one-page"
"fact.world_geography.wegener_1912","source.brit_pangea","unverified","In 1912, German meteorologist Alfred Wegener proposed that the continents were once joined in one supercontinent, Pangaea.","https://www.britannica.com/place/Pangea","L13 card.world_geography.013.c2","L13 question.world_geography.013.q1","","","","","","corroborated","Britannica: Pangea first proposed in 1912 by German meteorologist Alfred Wegener. USGS: Wegener introduced continental drift in 1912. (https://education.nationalgeographic.org/resource/continental-drift/)","one-page"
"fact.world_geography.wegener_1912","source.usgs_dynamic_historical","unverified","In 1912, German meteorologist Alfred Wegener proposed that the continents were once joined in one supercontinent, Pangaea.","https://pubs.usgs.gov/gip/dynamic/historical.html","L13 card.world_geography.013.c2","L13 question.world_geography.013.q1","","","","","","corroborated","Britannica: Pangea first proposed in 1912 by German meteorologist Alfred Wegener. USGS: Wegener introduced continental drift in 1912. (https://education.nationalgeographic.org/resource/continental-drift/)","one-page"
"fact.world_geography.pangaea_name","source.brit_pangea","unverified","The name Pangaea comes from Greek words meaning 'all the Earth'.","https://www.britannica.com/place/Pangea","L13 card.world_geography.013.c2","L13 question.world_geography.013.q1","","","","","","corroborated","Britannica: from the Greek pangaia, 'all the Earth'. USGS: Pangaea means 'all lands' in Greek. (https://pubs.usgs.gov/gip/dynamic/historical.html)","one-page"
"fact.world_geography.panthalassa","source.brit_pangea","unverified","Pangaea was surrounded by a single global ocean called Panthalassa.","https://www.britannica.com/place/Pangea","L13 card.world_geography.013.c2","L13 question.world_geography.013.q1","","","","","","corroborated","Britannica: Pangea was surrounded by a global ocean called Panthalassa. Live Science and Wikipedia agree. (https://www.livescience.com/38218-facts-about-pangaea.html https://en.wikipedia.org/wiki/Pangaea)",""
"fact.world_geography.pangaea_breakup","source.brit_pangea","unverified","Pangaea began to break apart about 200 million years ago, and its pieces became today's continents.","https://www.britannica.com/place/Pangea","L13 card.world_geography.013.c2","L13 question.world_geography.013.q1","","","","","","corroborated","Britannica: began to break apart about 200 million years ago, forming the modern continents. USGS: breakup began about 225 to 200 million years ago. (https://www.livescience.com/38218-facts-about-pangaea.html)","one-page"
"fact.world_geography.pangaea_breakup","source.usgs_dynamic_historical","unverified","Pangaea began to break apart about 200 million years ago, and its pieces became today's continents.","https://pubs.usgs.gov/gip/dynamic/historical.html","L13 card.world_geography.013.c2","L13 question.world_geography.013.q1","","","","","","corroborated","Britannica: began to break apart about 200 million years ago, forming the modern continents. USGS: breakup began about 225 to 200 million years ago. (https://www.livescience.com/38218-facts-about-pangaea.html)","one-page"
"fact.world_geography.drift_rejected","source.natgeo_continental_drift","unverified","Most scientists rejected Wegener's idea because he couldn't explain what force could move whole continents.","https://education.nationalgeographic.org/resource/continental-drift/","L13 card.world_geography.013.c4","L13 question.world_geography.013.q3","","","","","","corroborated","NatGeo: the theory lacked a mechanism. USGS: its fatal weakness was that it could not say what forces could move such large masses of rock. (https://geo.libretexts.org/Bookshelves/Geology/Book:_An_Introduction_to_Geology_(Johnson_Affolter_Inkenbrandt_and_Mosher)/02:_Plate_Tectonics/2.01:_Alfred_Wegeners_Continental_Drift_Hypothesis)","one-page"
"fact.world_geography.drift_rejected","source.usgs_dynamic_historical","unverified","Most scientists rejected Wegener's idea because he couldn't explain what force could move whole continents.","https://pubs.usgs.gov/gip/dynamic/historical.html","L13 card.world_geography.013.c4","L13 question.world_geography.013.q3","","","","","","corroborated","NatGeo: the theory lacked a mechanism. USGS: its fatal weakness was that it could not say what forces could move such large masses of rock. (https://geo.libretexts.org/Bookshelves/Geology/Book:_An_Introduction_to_Geology_(Johnson_Affolter_Inkenbrandt_and_Mosher)/02:_Plate_Tectonics/2.01:_Alfred_Wegeners_Continental_Drift_Hypothesis)","one-page"
"fact.world_geography.drift_accepted_1960s","source.natgeo_continental_drift","unverified","In the 1960s, seafloor spreading and plate tectonics supplied the missing mechanism, and moving continents became accepted.","https://education.nationalgeographic.org/resource/continental-drift/","L13 card.world_geography.013.c4","L13 question.world_geography.013.q3","","","","","","corroborated","NatGeo: seafloor spreading, rifting and subduction were not well established until the 1960s. Maricopa open text: plate tectonics became the accepted theory in the 1960s. (https://open.maricopa.edu/fallglg102/chapter/development-of-plate-tectonic-theory/)","one-page"
"fact.world_geography.coastline_fit","source.natgeo_continental_drift","unverified","The coasts of South America and Africa fit together like jigsaw pieces, and their rock layers match too.","https://education.nationalgeographic.org/resource/continental-drift/","L13 card.world_geography.013.c1; L13 card.world_geography.013.c3","L13 question.world_geography.013.q2","","","","","","corroborated","NatGeo: the coasts fit like a jigsaw puzzle and Wegener found their rock layers fit too. USGS: the remarkable fit of South America and Africa was part of Wegener's evidence. (https://geo.libretexts.org/Bookshelves/Geology/Book:_An_Introduction_to_Geology_(Johnson_Affolter_Inkenbrandt_and_Mosher)/02:_Plate_Tectonics/2.01:_Alfred_Wegeners_Continental_Drift_Hypothesis)","one-page"
"fact.world_geography.coastline_fit","source.usgs_dynamic_historical","unverified","The coasts of South America and Africa fit together like jigsaw pieces, and their rock layers match too.","https://pubs.usgs.gov/gip/dynamic/historical.html","L13 card.world_geography.013.c1; L13 card.world_geography.013.c3","L13 question.world_geography.013.q2","","","","","","corroborated","NatGeo: the coasts fit like a jigsaw puzzle and Wegener found their rock layers fit too. USGS: the remarkable fit of South America and Africa was part of Wegener's evidence. (https://geo.libretexts.org/Bookshelves/Geology/Book:_An_Introduction_to_Geology_(Johnson_Affolter_Inkenbrandt_and_Mosher)/02:_Plate_Tectonics/2.01:_Alfred_Wegeners_Continental_Drift_Hypothesis)","one-page"
"fact.world_geography.mesosaurus","source.natgeo_continental_drift","unverified","Fossils of Mesosaurus, a small freshwater reptile that couldn't have swum the Atlantic, are found only in southern Africa and South America.","https://education.nationalgeographic.org/resource/continental-drift/","L13 card.world_geography.013.c3","L13 question.world_geography.013.q2","","","","","","corroborated","NatGeo: Mesosaurus, a freshwater reptile about 1 m long, could not have swum the Atlantic; fossils only in southern Africa and South America. CK-12 and Wikipedia agree. (https://en.wikipedia.org/wiki/Mesosaur https://www.ck12.org/flexi/earth-science/continental-drift/how-did-wegener-explain-the-presence-of-mesosaurus-fossils-in-africa-and-south-america/)",""
"fact.world_geography.quake_slip","source.usgs_science_of_earthquakes","unverified","An earthquake happens when two blocks of Earth suddenly slip past one another along a fault.","https://www.usgs.gov/programs/earthquake-hazards/science-earthquakes","L14 card.world_geography.014.c2","L14 question.world_geography.014.q3","","","","","","corroborated","USGS: an earthquake is what happens when two blocks of the earth suddenly slip past one another; the surface is the fault. Britannica and BGS and Lumen geology texts describe a sudden slip along a fault releasing stored strain. (https://www.bgs.ac.uk/discovering-geology/earth-hazards/earthquakes/what-causes-earthquakes/ https://courses.lumenlearning.com/geo/chapter/reading-causes-of-earthquakes/)",""
"fact.world_geography.quake_stuck_edges","source.usgs_science_of_earthquakes","unverified","Rough plate edges get stuck while the rest of the plate keeps moving; when the built-up force beats friction, the rock slips.","https://www.usgs.gov/programs/earthquake-hazards/science-earthquakes","L14 card.world_geography.014.c2; L20 card.world_geography.020.c3","L14 question.world_geography.014.q3","","","","","","corroborated","USGS: plate edges are rough and get stuck while the rest keeps moving, until the force overcomes friction. Elastic rebound accounts (Lumen, USGS video): a fault stays stuck until strain overcomes friction, then slips suddenly. (https://courses.lumenlearning.com/geo/chapter/reading-causes-of-earthquakes/)","one-page"
"fact.world_geography.hypocenter_epicenter","source.usgs_science_of_earthquakes","unverified","The hypocenter is where an earthquake starts underground; the epicenter is the point on the surface directly above it.","https://www.usgs.gov/programs/earthquake-hazards/science-earthquakes","L14 card.world_geography.014.c3","L14 question.world_geography.014.q1","","","","","","corroborated","USGS: hypocenter is where the earthquake starts below the surface; epicenter is directly above on the surface. IRIS defines them the same way. (https://www.iris.edu/hq/inclass/video/epicenter_and_focus_hypocenter_of_an_earthquake https://scweb.cwa.gov.tw/en-us/guidance/faqdetail/179)",""
"fact.world_geography.seismic_waves","source.usgs_science_of_earthquakes","unverified","An earthquake's energy spreads out as seismic waves, like ripples on a pond, and seismographs record them.","https://www.usgs.gov/programs/earthquake-hazards/science-earthquakes","L14 card.world_geography.014.c3","L14 question.world_geography.014.q1","","","","","","corroborated","USGS: energy radiates outward as seismic waves like ripples on a pond; earthquakes are recorded by seismographs. Lumen geology: the sudden slip releases energy that propagates outward as seismic waves. (https://courses.lumenlearning.com/geo/chapter/reading-causes-of-earthquakes/)","one-page"
"fact.world_geography.magnitude_32x","source.usgs_magnitude_energy","unverified","Each whole-number step in earthquake magnitude means ten times bigger swings on a seismogram and about 32 times more energy.","https://www.usgs.gov/programs/earthquake-hazards/earthquake-magnitude-energy-release-and-shaking-intensity","L14 card.world_geography.014.c1; L14 card.world_geography.014.c4","L14 question.world_geography.014.q2; L16 question.world_geography.016.q3","","","","","","corroborated","USGS: each whole number is a tenfold increase in measured amplitude and roughly 32 times more energy. PNSN and Minnesota State geology text agree. (https://pnsn.org/education/seismology/magnitude-intensity https://minnstate.pressbooks.pub/environmentalgeology/chapter/magnitude-and-intensity/)",""
"fact.world_geography.magnitude_1000x","source.usgs_magnitude_energy","unverified","A magnitude 7 earthquake releases about 1,000 times the energy of a magnitude 5 (32 x 32).","https://www.usgs.gov/programs/earthquake-hazards/earthquake-magnitude-energy-release-and-shaking-intensity","L14 card.world_geography.014.c4","L14 question.world_geography.014.q2; L16 question.world_geography.016.q3","","","","","","corroborated","Arithmetic from the 32x-per-step rule: 32 x 32 = 1,024, about 1,000. Lumen/PNSN material states a magnitude 7 releases about 1,024 times the energy of a 5. (https://courses.lumenlearning.com/geo/chapter/reading-magnitude-versus-intensity/ https://pnsn.org/education/seismology/magnitude-intensity)",""
"fact.world_geography.chile_1960","source.natgeo_valdivia_earthquake","unverified","The largest earthquake ever recorded struck southern Chile on May 22, 1960, with a magnitude of 9.5.","https://education.nationalgeographic.org/resource/valdivia-earthquake-strikes-chile/","L14 card.world_geography.014.c4","L14 question.world_geography.014.q2; L16 question.world_geography.016.q3","","","","","","corroborated","NatGeo: May 22, 1960, magnitude 9.5, most powerful in recorded history. NOAA SOS: largest recorded by instruments, at least 9.5. USGS event page lists M 9.5. (https://earthquake.usgs.gov/earthquakes/eventpage/official19600522191120_30 https://geology.com/records/largest-earthquake/)",""
"fact.world_geography.chile_1960","source.noaa_sos_chile_1960","unverified","The largest earthquake ever recorded struck southern Chile on May 22, 1960, with a magnitude of 9.5.","https://sos.noaa.gov/catalog/datasets/tsunami-historical-series-chile-1960/","L14 card.world_geography.014.c4","L14 question.world_geography.014.q2; L16 question.world_geography.016.q3","","","","","","corroborated","NatGeo: May 22, 1960, magnitude 9.5, most powerful in recorded history. NOAA SOS: largest recorded by instruments, at least 9.5. USGS event page lists M 9.5. (https://earthquake.usgs.gov/earthquakes/eventpage/official19600522191120_30 https://geology.com/records/largest-earthquake/)",""
"fact.world_geography.magma_rises","source.usgs_how_volcanoes_erupt","unverified","Magma is lighter than the solid rock around it, so it rises; once it erupts at the surface, it's called lava.","https://www.usgs.gov/faqs/how-do-volcanoes-erupt","L15 card.world_geography.015.c2; L18 card.world_geography.018.c2","L15 question.world_geography.015.q3","","","","","","corroborated","USGS: magma is lighter than the solid rock around it, so it rises; erupted magma is called lava. NatGeo: ejected magma is called lava. (https://education.nationalgeographic.org/resource/magma-role-rock-cycle/ https://www.nps.gov/subjects/volcanoes/volcanic-eruptions.htm)",""
"fact.world_geography.eruptions_near_boundaries","source.usgs_dynamic_hotspots","unverified","The vast majority of volcanic eruptions and earthquakes happen near plate boundaries.","https://pubs.usgs.gov/gip/dynamic/hotspots.html","L15 card.world_geography.015.c2","L15 question.world_geography.015.q3","","","","","","corroborated","USGS: the vast majority of earthquakes and volcanic eruptions occur near plate boundaries. NatGeo's Ring of Fire page links most volcanoes to plate boundaries. (https://education.nationalgeographic.org/resource/ring-fire/)","one-page"
"fact.world_geography.subduction_melts","source.natgeo_ring_of_fire","unverified","Where one plate dives beneath another, the sinking rock melts and becomes magma that feeds volcanoes.","https://education.nationalgeographic.org/resource/ring-fire/","L15 card.world_geography.015.c3; L20 card.world_geography.020.c3","L15 question.world_geography.015.q3","","","","","","corroborated","NatGeo: along subduction zones, as rock is subducted it melts and becomes magma. USGS: oceanic-continental convergence sustains many active volcanoes such as the Andes and Cascades. (https://pubs.usgs.gov/gip/dynamic/understanding.html)","one-page"
"fact.world_geography.ring_40000","source.natgeo_ring_of_fire","unverified","The Ring of Fire is a string of plate boundaries around the Pacific Ocean about 40,000 km long.","https://education.nationalgeographic.org/resource/ring-fire/","L15 card.world_geography.015.c3","L15 question.world_geography.015.q1","","","","","","corroborated","NatGeo: its length is about 40,000 km and it traces boundaries between plates around the Pacific. Britannica: the horseshoe-shaped belt fringing the Pacific is about 40,000 km long. (https://www.britannica.com/place/Ring-of-Fire)","one-page"
"fact.world_geography.ring_75_90","source.natgeo_ring_of_fire","unverified","About 75% of Earth's volcanoes, more than 450, lie along the Ring of Fire, and about 90% of earthquakes happen along it.","https://education.nationalgeographic.org/resource/ring-fire/","L15 card.world_geography.015.c1; L15 card.world_geography.015.c3","L15 question.world_geography.015.q1","","","","","","corroborated","NatGeo: 75 percent of volcanoes, more than 450, and 90 percent of earthquakes. Britannica: about 75 percent of volcanoes and 90 percent of earthquakes occur in the Ring of Fire. (https://www.britannica.com/place/Ring-of-Fire)","one-page"
"fact.world_geography.ring_of_fire_path","source.natgeo_ring_of_fire","unverified","The Ring of Fire is a horseshoe-shaped belt of volcanoes and frequent earthquakes, about 40,000 km long, around the Pacific Ocean.","https://education.nationalgeographic.org/resource/ring-fire/","L69 card.world_geography.069.c2","L69 question.world_geography.069.q1; L69 question.world_geography.069.q3; L70 question.world_geography.070.q3","","","","","","corroborated","USGS describes the circum-Pacific belt along the rim of the Pacific as the world's greatest earthquake belt. (https://www.usgs.gov/faqs/where-do-earthquakes-occur)","one-page"
"fact.world_geography.ring_of_fire_path","source.brit_ring_of_fire","unverified","The Ring of Fire is a horseshoe-shaped belt of volcanoes and frequent earthquakes, about 40,000 km long, around the Pacific Ocean.","https://www.britannica.com/place/Ring-of-Fire","L69 card.world_geography.069.c2","L69 question.world_geography.069.q1; L69 question.world_geography.069.q3; L70 question.world_geography.070.q3","","","","","","corroborated","USGS describes the circum-Pacific belt along the rim of the Pacific as the world's greatest earthquake belt. (https://www.usgs.gov/faqs/where-do-earthquakes-occur)","one-page"
"fact.world_geography.ring_of_fire_75_volcanoes","source.natgeo_ring_of_fire","unverified","About 75% of Earth's volcanoes lie along the Ring of Fire, and most earthquakes happen along it too.","https://education.nationalgeographic.org/resource/ring-fire/","L69 card.world_geography.069.c2","L69 question.world_geography.069.q1; L69 question.world_geography.069.q3; L70 question.world_geography.070.q3","","","","","","corroborated","National Geographic and Britannica both give about 75 percent of volcanoes; USGS says about 81 percent of the largest earthquakes occur along it. (https://www.usgs.gov/faqs/where-do-earthquakes-occur)","one-page"
"fact.world_geography.ring_of_fire_75_volcanoes","source.brit_ring_of_fire","unverified","About 75% of Earth's volcanoes lie along the Ring of Fire, and most earthquakes happen along it too.","https://www.britannica.com/place/Ring-of-Fire","L69 card.world_geography.069.c2","L69 question.world_geography.069.q1; L69 question.world_geography.069.q3; L70 question.world_geography.070.q3","","","","","","corroborated","National Geographic and Britannica both give about 75 percent of volcanoes; USGS says about 81 percent of the largest earthquakes occur along it. (https://www.usgs.gov/faqs/where-do-earthquakes-occur)","one-page"
"fact.world_geography.ring_through_islands","source.brit_ring_of_fire","unverified","The Ring of Fire runs through Japan, the Philippines and Indonesia.","https://www.britannica.com/place/Ring-of-Fire","L69 card.world_geography.069.c1; L69 card.world_geography.069.c2","L69 question.world_geography.069.q1; L69 question.world_geography.069.q3; L70 question.world_geography.070.q3","","","","","","corroborated","The belt includes the island arcs of Japan, the Philippines and the Indonesian archipelago. (https://education.nationalgeographic.org/resource/ring-fire/)","one-page"
"fact.world_geography.japan_111_volcanoes","source.jnto_japan_volcanoes","unverified","Japan has 111 active volcanoes, about 10% of the world's.","https://www.japan.travel/national-parks/plan-your-visit/guides-and-stories/volcanoes-what-are-they/","L69 card.world_geography.069.c1; L69 card.world_geography.069.c4","","","","","","","corroborated","The Japan Meteorological Agency lists 111 active volcanoes, about one-tenth of the world's active volcanoes. (https://33science.com/2026/08/11/active-volcanoes-in-japan/)","one-page"
"fact.world_geography.indonesia_volcanic_zone","source.brit_indonesia_land","unverified","Indonesia, made up of some 17,500 islands, has one of the most active volcanic zones in the world, running from Sumatra through Java.","https://www.britannica.com/place/Indonesia/Land","L69 card.world_geography.069.c4; L70 card.world_geography.070.c4","L70 question.world_geography.070.q3","","","","","","corroborated","Indonesia sees eruptions almost every year, with at least 255 documented eruptions since 1375. (https://www.volcanodiscovery.com/indonesia.html)","one-page"
"fact.world_geography.philippines_volcanoes","source.brit_philippines_land","unverified","The Philippines, more than 7,000 islands, has about 50 volcanoes, more than 10 of them active.","https://www.britannica.com/place/Philippines/Land","L69 card.world_geography.069.c4","","","","","","","corroborated","PHIVOLCS lists 24 active volcanoes in the Philippines, consistent with 'more than 10'. (https://en.wikipedia.org/wiki/List_of_active_volcanoes_in_the_Philippines)","one-page weak-pages"
"fact.world_geography.hawaii_hotspot","source.usgs_dynamic_hotspots","unverified","Hawaii's volcanoes sit mid-plate, more than 3,200 km from the nearest plate boundary, over a stationary hotspot deep in the mantle.","https://pubs.usgs.gov/gip/dynamic/hotspots.html","L15 card.world_geography.015.c4; L20 card.world_geography.020.c2","L15 question.world_geography.015.q2; L20 question.world_geography.020.q5","","","","","","corroborated","USGS: the Hawaiian Islands formed more than 3,200 km from the nearest plate boundary, as the Pacific Plate moves over a deep, stationary hotspot. NatGeo and Wikipedia: the Pacific Plate slides over a stationary hotspot, building the islands one after another. (https://education.nationalgeographic.org/resource/chain-islands-hawaiian-hot-spot/ https://en.wikipedia.org/wiki/Hawaii_hotspot)",""
"fact.world_geography.hawaii_chain","source.usgs_dynamic_hotspots","unverified","The moving plate carries each Hawaiian island off the hotspot and its volcanoes die out, so the Big Island, still over it, is youngest.","https://pubs.usgs.gov/gip/dynamic/hotspots.html","L15 card.world_geography.015.c4","L15 question.world_geography.015.q2; L20 question.world_geography.020.q5","","","","","","corroborated","USGS: plate movement carries islands beyond the hotspot and volcanism ceases; islands get older with distance; the Big Island's exposed rocks are under 0.7 million years old. Wikipedia: the Big Island is youngest and ages increase to the northwest. (https://en.wikipedia.org/wiki/Hawaii_hotspot)","one-page weak-pages"
"fact.world_geography.tsunami_cause","source.noaa_tsunami_facts","unverified","A tsunami is a series of waves caused mostly by undersea earthquakes or volcanic eruptions.","https://oceanservice.noaa.gov/facts/tsunami.html","L16 card.world_geography.016.c2","L16 question.world_geography.016.q1; L20 question.world_geography.020.q4","","","","","","corroborated","NOAA NOS: a tsunami is a series of waves caused by earthquakes or undersea volcanic eruptions. NOAA's Tsunami Program describes earthquake-driven seafloor movement generating tsunamis. (https://www.tsunami.noaa.gov/tsunami-story)","one-page"
"fact.world_geography.seafloor_shove","source.usgs_life_of_tsunami","unverified","In an undersea earthquake, the seafloor is suddenly lifted or dropped, pushing the entire column of water above it up or down.","https://www.usgs.gov/centers/pcmsc/life-tsunami","L16 card.world_geography.016.c2","L16 question.world_geography.016.q1; L20 question.world_geography.020.q4","","","","","","corroborated","USGS: the seafloor is uplifted and down-dropped, pushing the entire water column up and down. NOAA: vertical seafloor movement transfers energy from solid earth to ocean. (https://www.tsunami.noaa.gov/tsunami-story)","one-page"
"fact.world_geography.harbor_wave","source.noaa_tsunami_story","unverified","Tsunami is a Japanese word meaning 'harbor wave'; the old name 'tidal wave' is discouraged because tides have little to do with it.","https://www.tsunami.noaa.gov/tsunami-story","L16 card.world_geography.016.c2","L16 question.world_geography.016.q1; L20 question.world_geography.020.q4","","","","","","corroborated","NOAA Tsunami Program: tsu means harbor and nami means wave. NOAA NOS: 'tidal wave' is discouraged by oceanographers because tides have little to do with tsunamis. NOAA NCEI also explains tsunami as a Japanese loanword meaning harbor wave. (https://www.facebook.com/NOAANCEI/photos/dyk-the-word-tsunami-is-a-loanword-from-japanese-that-means-harbor-wave-which-on/805649581588905/)","one-page"
"fact.world_geography.harbor_wave","source.noaa_tsunami_facts","unverified","Tsunami is a Japanese word meaning 'harbor wave'; the old name 'tidal wave' is discouraged because tides have little to do with it.","https://oceanservice.noaa.gov/facts/tsunami.html","L16 card.world_geography.016.c2","L16 question.world_geography.016.q1; L20 question.world_geography.020.q4","","","","","","corroborated","NOAA Tsunami Program: tsu means harbor and nami means wave. NOAA NOS: 'tidal wave' is discouraged by oceanographers because tides have little to do with tsunamis. NOAA NCEI also explains tsunami as a Japanese loanword meaning harbor wave. (https://www.facebook.com/NOAANCEI/photos/dyk-the-word-tsunami-is-a-loanword-from-japanese-that-means-harbor-wave-which-on/805649581588905/)","one-page"
"fact.world_geography.tsunami_pacific","source.noaa_tsunami_story","unverified","Tsunamis frequently strike the Pacific, where dense ocean plates slide under lighter continental plates.","https://www.tsunami.noaa.gov/tsunami-story","L20 card.world_geography.020.c3","L20 question.world_geography.020.q4","","","","","","corroborated","NOAA Tsunami Program: tsunamis frequently occur in the Pacific, where dense oceanic plates slide under lighter continental plates. NatGeo: the Ring of Fire is lined with subduction zones. (https://education.nationalgeographic.org/resource/ring-fire/)","one-page"
"fact.world_geography.tsunami_jet","source.noaa_tsunami_facts","unverified","Over deep ocean water, tsunami waves can travel as fast as jet planes.","https://oceanservice.noaa.gov/facts/tsunami.html","L16 card.world_geography.016.c3","L16 question.world_geography.016.q2","","","","","","corroborated","NOAA NOS: tsunami waves may travel as fast as jet planes over deep waters. NOAA JetStream: in the deep ocean a tsunami can move as fast as a jet plane, over 500 mph. (https://www.noaa.gov/jetstream/tsunamis/tsunami-propagation)","one-page"
"fact.world_geography.tsunami_low_at_sea","source.usgs_life_of_tsunami","unverified","In the open ocean, a tsunami is at most a few meters high, spread over tens to hundreds of kilometers.","https://www.usgs.gov/centers/pcmsc/life-tsunami","L16 card.world_geography.016.c3","L16 question.world_geography.016.q2","","","","","","corroborated","USGS: in the open ocean the waves are at most several meters high spread over many tens to hundreds of km. NOAA JetStream: in deep water the top rarely rises more than about three feet above the swell. (https://www.noaa.gov/jetstream/tsunamis/tsunami-propagation)","one-page"
"fact.world_geography.tsunami_grows","source.noaa_tsunami_facts","unverified","Near shore, a tsunami slows down in the shallower water and builds up higher and higher.","https://oceanservice.noaa.gov/facts/tsunami.html","L16 card.world_geography.016.c3","L16 question.world_geography.016.q2","","","","","","corroborated","NOAA NOS: waves slow in shallow water and build to higher heights as depth decreases. USGS: amplitude increases as the tsunami approaches shore. (https://www.noaa.gov/jetstream/tsunamis/tsunami-propagation)","one-page"
"fact.world_geography.tsunami_grows","source.usgs_life_of_tsunami","unverified","Near shore, a tsunami slows down in the shallower water and builds up higher and higher.","https://www.usgs.gov/centers/pcmsc/life-tsunami","L16 card.world_geography.016.c3","L16 question.world_geography.016.q2","","","","","","corroborated","NOAA NOS: waves slow in shallow water and build to higher heights as depth decreases. USGS: amplitude increases as the tsunami approaches shore. (https://www.noaa.gov/jetstream/tsunamis/tsunami-propagation)","one-page"
"fact.world_geography.sea_recedes","source.usgs_life_of_tsunami","unverified","Often the first part of a tsunami to reach shore is a trough, so the sea pulls back far from the beach: a natural warning sign.","https://www.usgs.gov/centers/pcmsc/life-tsunami","L16 card.world_geography.016.c4","","","","","","","corroborated","USGS: the first part of the wave is often a trough, appearing as the sea receding far from shore. NOAA JetStream calls this a common natural warning sign. (https://www.noaa.gov/jetstream/tsunamis/tsunami-propagation)","one-page"
"fact.world_geography.chile_tsunami_hawaii","source.noaa_sos_chile_1960","unverified","The tsunami from Chile's 1960 earthquake crossed the Pacific in almost 15 hours and killed 61 people in Hilo, Hawaii.","https://sos.noaa.gov/catalog/datasets/tsunami-historical-series-chile-1960/","L16 card.world_geography.016.c1","","","","","","","corroborated","NOAA SOS: almost 15 hours for the first wave to reach Hawaii; it killed 61 in Hilo. NatGeo: the tsunami raced across the Pacific and killed 61 in Hilo. USGS summary lists 61 deaths in Hawaii. (https://www.volcanodiscovery.com/earthquakes/quake-info/2949829/mag9quake-May-22-1960-1960-Great-Chilean-Earthquake-Valdivia-Earthquake.html)","one-page"
"fact.world_geography.chile_tsunami_hawaii","source.natgeo_valdivia_earthquake","unverified","The tsunami from Chile's 1960 earthquake crossed the Pacific in almost 15 hours and killed 61 people in Hilo, Hawaii.","https://education.nationalgeographic.org/resource/valdivia-earthquake-strikes-chile/","L16 card.world_geography.016.c1","","","","","","","corroborated","NOAA SOS: almost 15 hours for the first wave to reach Hawaii; it killed 61 in Hilo. NatGeo: the tsunami raced across the Pacific and killed 61 in Hilo. USGS summary lists 61 deaths in Hawaii. (https://www.volcanodiscovery.com/earthquakes/quake-info/2949829/mag9quake-May-22-1960-1960-Great-Chilean-Earthquake-Valdivia-Earthquake.html)","one-page"
"fact.world_geography.india_drift","source.usgs_dynamic_himalaya","unverified","About 80 million years ago, India lay roughly 6,400 km south of Asia, moving north at about 9 m a century.","https://pubs.usgs.gov/gip/dynamic/himalaya.html","L17 card.world_geography.017.c2","L17 question.world_geography.017.q1","","","","","","corroborated","USGS: about 80 million years ago India was roughly 6,400 km south of Asia, moving north at about 9 m a century. Wikipedia's Indian Plate article gives similar figures. (https://en.wikipedia.org/wiki/Indian_plate)","one-page weak-pages"
"fact.world_geography.himalaya_collision","source.usgs_dynamic_himalaya","unverified","The Himalayas began to form 40 to 50 million years ago, when India collided with Eurasia.","https://pubs.usgs.gov/gip/dynamic/himalaya.html","L17 card.world_geography.017.c2","L17 question.world_geography.017.q1","","","","","","corroborated","USGS: the range began to form between 40 and 50 million years ago when India and Eurasia collided. USGS plate-motions page also dates the collision to about 50 million years ago. (https://pubs.usgs.gov/gip/dynamic/understanding.html)","one-page"
"fact.world_geography.same_density_upward","source.usgs_dynamic_himalaya","unverified","India and Eurasia have rock of about the same density, so neither could sink under the other; the crust crumpled and thrust upward.","https://pubs.usgs.gov/gip/dynamic/himalaya.html","L17 card.world_geography.017.c3; L20 card.world_geography.020.c3","L17 question.world_geography.017.q3; L20 question.world_geography.020.q3","","","","","","corroborated","USGS: both landmasses have about the same rock density, so neither could be subducted; the pressure was relieved by thrusting skyward. USGS plate-motions page: the plates crumpled along the collision zone. (https://pubs.usgs.gov/gip/dynamic/understanding.html)","one-page"
"fact.world_geography.himalaya_rising","source.usgs_dynamic_himalaya","unverified","The Himalayas are still rising today, because India is still pushing into Asia.","https://pubs.usgs.gov/gip/dynamic/himalaya.html","L17 card.world_geography.017.c4","","","","","","","corroborated","USGS: the collision has yet to end and the Himalayas continue to rise. Science outlets report India still pushing into Eurasia and the range still rising (rates vary by region, so no figure is stated). (https://sciencewatch.blog/why-himalayas-still-growing-taller https://scienceinsights.org/why-are-the-himalayas-still-growing-taller/)",""
"fact.world_geography.everest_limestone","source.iugs_everest_summit","unverified","The rock at Everest's summit is limestone that formed on an ancient sea floor, and it holds fossils of sea creatures.","https://iugs-geoheritage.org/geoheritage_sites/the-ordovician-rocks-of-the-mount-everest/","L17 card.world_geography.017.c1; L17 card.world_geography.017.c4; L18 card.world_geography.018.c3","L17 question.world_geography.017.q2; L18 question.world_geography.018.q3","","","","","","corroborated","IUGS: summit rocks are Ordovician limestones from a shallow sea containing marine fossils. Britannica: the limestone atop Everest was ocean floor with many marine fossils. Montana State's Everest project agrees. (https://www.montana.edu/everest/facts/summit-limestone.html)","one-page"
"fact.world_geography.everest_limestone","source.brit_everest_fossils","unverified","The rock at Everest's summit is limestone that formed on an ancient sea floor, and it holds fossils of sea creatures.","https://www.britannica.com/one-good-fact/how-did-marine-fossils-end-up-on-top-of-mount-everest","L17 card.world_geography.017.c1; L17 card.world_geography.017.c4; L18 card.world_geography.018.c3","L17 question.world_geography.017.q2; L18 question.world_geography.018.q3","","","","","","corroborated","IUGS: summit rocks are Ordovician limestones from a shallow sea containing marine fossils. Britannica: the limestone atop Everest was ocean floor with many marine fossils. Montana State's Everest project agrees. (https://www.montana.edu/everest/facts/summit-limestone.html)","one-page"
"fact.world_geography.collision_lifted_sea_floor","source.iugs_everest_summit","unverified","India's collision with Asia thrust the old sea-floor rock upward to Everest's summit.","https://iugs-geoheritage.org/geoheritage_sites/the-ordovician-rocks-of-the-mount-everest/","L17 card.world_geography.017.c4","L17 question.world_geography.017.q2; L18 question.world_geography.018.q3","","","","","","corroborated","IUGS: the rocks were thrust and uplifted into their position when India collided with Asia. USGS: India's collision crumpled the plates and thrust the Himalayas skyward. (https://pubs.usgs.gov/gip/dynamic/himalaya.html)","one-page"
"fact.world_geography.three_rock_types","source.natgeo_rock_cycle","unverified","There are three main types of rock: igneous, sedimentary and metamorphic.","https://education.nationalgeographic.org/resource/rock-cycle/","L18 card.world_geography.018.c1","","","","","","","corroborated","NatGeo: there are three main types of rocks, sedimentary, igneous and metamorphic. USGS and every intro geology text use the same three classes. (https://www.usgs.gov/faqs/what-are-metamorphic-rocks)","one-page"
"fact.world_geography.igneous_cooling","source.natgeo_rock_cycle","unverified","Igneous rock forms when molten rock cools and hardens, whether as magma underground or as lava at the surface.","https://education.nationalgeographic.org/resource/rock-cycle/","L18 card.world_geography.018.c2","L18 question.world_geography.018.q1","","","","","","corroborated","NatGeo rock cycle: igneous rocks form when molten material cools and solidifies. NatGeo magma page: magma that has cooled into a solid is igneous rock. (https://opengeology.org/textbook/4-igneous-processes-and-volcanoes/)","one-page"
"fact.world_geography.igneous_cooling","source.natgeo_magma_rock_cycle","unverified","Igneous rock forms when molten rock cools and hardens, whether as magma underground or as lava at the surface.","https://education.nationalgeographic.org/resource/magma-role-rock-cycle/","L18 card.world_geography.018.c2","L18 question.world_geography.018.q1","","","","","","corroborated","NatGeo rock cycle: igneous rocks form when molten material cools and solidifies. NatGeo magma page: magma that has cooled into a solid is igneous rock. (https://opengeology.org/textbook/4-igneous-processes-and-volcanoes/)","one-page"
"fact.world_geography.igneous_crystals","source.natgeo_rock_cycle","unverified","Igneous rock that cools slowly underground grows large crystals, like granite; lava that cools fast makes fine-grained rock, like basalt.","https://education.nationalgeographic.org/resource/rock-cycle/","L18 card.world_geography.018.c2","L18 question.world_geography.018.q1","","","","","","corroborated","NatGeo: intrusive rocks cool slowly with large crystals, extrusive rocks cool fast and are fine-grained; granite is igneous; mafic lava cools into basalt. OpenGeology and Lumen: granite is coarse-grained intrusive from slow cooling, basalt fine-grained extrusive from fast-cooling lava. (https://opengeology.org/textbook/4-igneous-processes-and-volcanoes/ https://courses.lumenlearning.com/colorado-wmopen-geology/chapter/outcome-igneous-rocks/)",""
"fact.world_geography.igneous_crystals","source.natgeo_magma_rock_cycle","unverified","Igneous rock that cools slowly underground grows large crystals, like granite; lava that cools fast makes fine-grained rock, like basalt.","https://education.nationalgeographic.org/resource/magma-role-rock-cycle/","L18 card.world_geography.018.c2","L18 question.world_geography.018.q1","","","","","","corroborated","NatGeo: intrusive rocks cool slowly with large crystals, extrusive rocks cool fast and are fine-grained; granite is igneous; mafic lava cools into basalt. OpenGeology and Lumen: granite is coarse-grained intrusive from slow cooling, basalt fine-grained extrusive from fast-cooling lava. (https://opengeology.org/textbook/4-igneous-processes-and-volcanoes/ https://courses.lumenlearning.com/colorado-wmopen-geology/chapter/outcome-igneous-rocks/)",""
"fact.world_geography.sedimentary_layers","source.natgeo_rock_cycle","unverified","Sedimentary rock forms from pieces of other rock or once-living material; as layers pile up, the lowest are pressed into solid rock.","https://education.nationalgeographic.org/resource/rock-cycle/","L18 card.world_geography.018.c3","L18 question.world_geography.018.q3","","","","","","corroborated","NatGeo: sedimentary rocks form from pieces of other rock or organic material; the lowest layers become compacted into solid rock. USGS and NPS: sediment buried deeply is compacted and cemented into sedimentary rock. (https://www.usgs.gov/faqs/what-are-sedimentary-rocks https://www.nps.gov/subjects/geology/sedimentary.htm)",""
"fact.world_geography.limestone_shells","source.brit_limestone","unverified","Limestone is a sedimentary rock often built from the shells and skeletons of sea creatures.","https://www.britannica.com/science/limestone","L18 card.world_geography.018.c1; L18 card.world_geography.018.c3","L18 question.world_geography.018.q3","","","","","","corroborated","Britannica: limestone is sedimentary, its grains often fragments of fossil shells from lime-secreting organisms. AMNH and geology.com describe limestone forming from marine shells and skeletons. (https://www.amnh.org/explore/ology/ology-cards/245-limestone https://geology.com/rocks/limestone.shtml)",""
"fact.world_geography.metamorphic_no_melt","source.natgeo_rock_cycle","unverified","Metamorphic rock is rock changed by heat and pressure without melting.","https://education.nationalgeographic.org/resource/rock-cycle/","L18 card.world_geography.018.c4","","","","","","","corroborated","NatGeo: metamorphic rocks are changed from their original form by immense heat or pressure. USGS: metamorphism does not melt the rocks. (https://education.nationalgeographic.org/resource/metamorphic-rocks/)","one-page"
"fact.world_geography.metamorphic_no_melt","source.usgs_metamorphic_rocks","unverified","Metamorphic rock is rock changed by heat and pressure without melting.","https://www.usgs.gov/faqs/what-are-metamorphic-rocks","L18 card.world_geography.018.c4","","","","","","","corroborated","NatGeo: metamorphic rocks are changed from their original form by immense heat or pressure. USGS: metamorphism does not melt the rocks. (https://education.nationalgeographic.org/resource/metamorphic-rocks/)","one-page"
"fact.world_geography.limestone_marble","source.natgeo_metamorphic_rocks","unverified","With enough heat and pressure, limestone turns into marble, and granite turns into gneiss.","https://education.nationalgeographic.org/resource/metamorphic-rocks/","L18 card.world_geography.018.c1; L18 card.world_geography.018.c4","L18 question.world_geography.018.q2","","","","","","corroborated","NatGeo metamorphic rocks: limestone changes into marble; granite under heat and pressure becomes gneiss. NatGeo rock cycle and USGS agree. (https://education.nationalgeographic.org/resource/rock-cycle/ https://www.usgs.gov/faqs/what-are-metamorphic-rocks)",""
"fact.world_geography.any_rock_any_other","source.natgeo_rock_cycle","unverified","In the rock cycle, any type of rock can become any other type.","https://education.nationalgeographic.org/resource/rock-cycle/","L18 card.world_geography.018.c4","L18 question.world_geography.018.q2","","","","","","corroborated","NatGeo: the rock cycle shows any rock type can become any other. Standard geology texts describe the same cycle between igneous, sedimentary and metamorphic rock. (https://flexbooks.ck12.org/cbook/ck-12-middle-school-earth-science-flexbook-2.0/section/4.6/primary/lesson/rocks-and-processes-of-the-rock-cycle-ms-es/ https://education.nationalgeographic.org/resource/metamorphic-rocks/)",""
"fact.world_geography.weathering_makes_sediment","source.natgeo_rock_cycle","unverified","Weathering breaks rock into pieces and erosion carries them away, supplying the sediment that builds sedimentary rock.","https://education.nationalgeographic.org/resource/rock-cycle/","L18 card.world_geography.018.c3","","","","","","","corroborated","NatGeo rock cycle: weathering breaks down rock, erosion transports fragments, and accumulated sediment becomes sedimentary rock. NatGeo erosion page defines both processes. (https://education.nationalgeographic.org/resource/erosion/)","one-page"
"fact.world_geography.weathering_vs_erosion","source.natgeo_erosion","unverified","Weathering breaks down or dissolves rock where it sits; erosion wears material away and carries it somewhere else.","https://education.nationalgeographic.org/resource/erosion/","L19 card.world_geography.019.c2; L19 card.world_geography.019.c3","L19 question.world_geography.019.q1","","","","","","corroborated","NatGeo: weathering breaks down or dissolves rock but does not involve movement; erosion transports material. Science Notes and other references draw the same distinction. (https://sciencenotes.org/weathering-and-erosion-differences-types-causes-examples/)","one-page"
"fact.world_geography.water_main_agent","source.natgeo_erosion","unverified","Liquid water is the major agent of erosion on Earth; wind and glacial ice erode too.","https://education.nationalgeographic.org/resource/erosion/","L19 card.world_geography.019.c2","L19 question.world_geography.019.q1","","","","","","corroborated","NatGeo: liquid water is the major agent of erosion; wind and glaciers also erode. Science Teaching: most erosion is by liquid water, wind or glacial ice. (https://science-teaching.org/science/articles/types-of-erosion)","one-page"
"fact.world_geography.grand_canyon","source.nps_grand_canyon_geology","unverified","The Colorado River began carving the Grand Canyon about 5 to 6 million years ago; the canyon is about 1.6 km deep.","https://www.nps.gov/grca/learn/nature/grca-geology.htm","L19 card.world_geography.019.c1","","","","","","","corroborated","NPS geology: the river began carving 5 to 6 million years ago. NPS fly-through: one mile (1.6 km) deep. Live Science and Wikipedia give the same depth and age range. (https://www.livescience.com/27489-grand-canyon.html https://en.wikipedia.org/wiki/Grand_Canyon)",""
"fact.world_geography.grand_canyon","source.nps_grand_canyon_flythrough","unverified","The Colorado River began carving the Grand Canyon about 5 to 6 million years ago; the canyon is about 1.6 km deep.","https://home.nps.gov/grca/learn/photosmultimedia/fly-through.htm","L19 card.world_geography.019.c1","","","","","","","corroborated","NPS geology: the river began carving 5 to 6 million years ago. NPS fly-through: one mile (1.6 km) deep. Live Science and Wikipedia give the same depth and age range. (https://www.livescience.com/27489-grand-canyon.html https://en.wikipedia.org/wiki/Grand_Canyon)",""
"fact.world_geography.river_chisels","source.nps_grand_canyon_geology","unverified","In floods, the Colorado River carries large rocks that act like chisels, chipping pieces off its bed.","https://www.nps.gov/grca/learn/nature/grca-geology.htm","L19 card.world_geography.019.c2","L19 question.world_geography.019.q1","","","","","","corroborated","NPS: during floods large rocks and boulders are carried, acting like chisels on the riverbed. EarthDate: floods dragged boulders through the canyon; it is the rocky flood debris, not the water, that does most of the cutting. (https://www.earthdate.org/episodes/carving-a-canyon)","one-page"
"fact.world_geography.sea_arches_stacks","source.natgeo_erosion","unverified","Waves bore caves into sea cliffs; a cave that breaks through becomes an arch, and more wave action leaves rock columns called sea stacks.","https://education.nationalgeographic.org/resource/erosion/","L19 card.world_geography.019.c4","L19 question.world_geography.019.q2","","","","","","corroborated","NatGeo: erosion bores caves; when water breaks through the back, it forms an arch; continued wave action leaves sea stacks. Wikipedia and an oceanography text: caves become arches, and eroded arches leave stacks. (https://en.wikipedia.org/wiki/Stack_(geology) https://rwu.pressbooks.pub/webboceanography/chapter/13-3-landforms-of-coastal-erosion/)",""
"fact.world_geography.wind_erosion","source.natgeo_erosion","unverified","Wind is a powerful agent of erosion: it sculpts rock and piles sand into dunes.","https://education.nationalgeographic.org/resource/erosion/","L19 card.world_geography.019.c4","L19 question.world_geography.019.q2","","","","","","corroborated","NatGeo: wind is a powerful agent of erosion that sculpts ventifacts and builds sand dunes. NPS: dunes are mounds of sand created by wind; Lumen: wind erosion and deposition shape deserts. (https://www.nps.gov/subjects/geology/aeolian-landforms.htm https://courses.lumenlearning.com/earthscienceck12/chapter/wind-erosion-and-deposition/)",""
"fact.world_geography.iceland_splitting","source.usgs_dynamic_plate_motions","unverified","Iceland sits on the Mid-Atlantic Ridge and is splitting as the North American and Eurasian plates pull apart.","https://pubs.usgs.gov/gip/dynamic/understanding.html","L20 card.world_geography.020.c1; L20 card.world_geography.020.c2","L20 question.world_geography.020.q1; L20 question.world_geography.020.q2; L20 question.world_geography.020.q5","","","","","","corroborated","USGS: Iceland is splitting along the spreading center between the North American and Eurasian Plates. Museum of Science: Iceland's west and east are the trailing edges of those plates. Wikipedia's Geology of Iceland agrees. (https://en.wikipedia.org/wiki/Geology_of_Iceland)","one-page weak-pages"
"fact.world_geography.iceland_splitting","source.mos_iceland","unverified","Iceland sits on the Mid-Atlantic Ridge and is splitting as the North American and Eurasian plates pull apart.","https://www.mos.org/blog/the-earth-around-us/inside-out","L20 card.world_geography.020.c1; L20 card.world_geography.020.c2","L20 question.world_geography.020.q1; L20 question.world_geography.020.q2; L20 question.world_geography.020.q5","","","","","","corroborated","USGS: Iceland is splitting along the spreading center between the North American and Eurasian Plates. Museum of Science: Iceland's west and east are the trailing edges of those plates. Wikipedia's Geology of Iceland agrees. (https://en.wikipedia.org/wiki/Geology_of_Iceland)","one-page weak-pages"
"fact.world_geography.ridge_hidden","source.mos_iceland","unverified","Almost all of the Mid-Atlantic Ridge is hidden under the sea; Iceland is where it rises above the water.","https://www.mos.org/blog/the-earth-around-us/inside-out","L20 card.world_geography.020.c1","L20 question.world_geography.020.q1","","","","","","corroborated","Museum of Science: the ridge is almost all hidden from view; Iceland is where it can be observed. Wikipedia's Mid-Atlantic Ridge and Guide to Iceland call Iceland the place the ridge is visible above sea level. (https://en.wikipedia.org/wiki/Mid-Atlantic_Ridge https://guidetoiceland.is/travel-iceland/drive/mid-atlantic-ridge)",""
"fact.world_geography.thingvellir_rift","source.thingvellir_tectonics","unverified","At Þingvellir, the land between the separating plates has sunk into a rift valley about 7 km wide.","https://www.thingvellir.is/en/education/nature/tectonic-movements/","L20 card.world_geography.020.c1; L20 card.world_geography.020.c2; L20 card.world_geography.020.c3","L20 question.world_geography.020.q1; L20 question.world_geography.020.q2; L20 question.world_geography.020.q5","","","","","","corroborated","Þingvellir National Park: the plates break apart and the land between subsides, in a seven-kilometre wide graben. Wikipedia: the park lies in a rift valley marking the plate boundary. (https://en.wikipedia.org/wiki/%C3%9Eingvellir)","one-page weak-pages"
"fact.world_geography.iceland_2cm","source.thingvellir_tectonics","unverified","In Iceland, the plates move apart about 2 cm a year.","https://www.thingvellir.is/en/education/nature/tectonic-movements/","L20 card.world_geography.020.c2","L20 question.world_geography.020.q1; L20 question.world_geography.020.q2; L20 question.world_geography.020.q5","","","","","","corroborated","Þingvellir National Park: activity away from boundaries is about two centimetres a year. Dive.is and Guide to Iceland give about 2 cm per year at Silfra/Thingvellir. (https://www.dive.is/dive-sites/silfra)","one-page"
"fact.world_geography.iceland_hotspot","source.mos_iceland","unverified","Iceland's volcanoes are also fed by a hotspot beneath the Mid-Atlantic Ridge.","https://www.mos.org/blog/the-earth-around-us/inside-out","L20 card.world_geography.020.c2","L20 question.world_geography.020.q1; L20 question.world_geography.020.q2; L20 question.world_geography.020.q5","","","","","","corroborated","Museum of Science: hot spot sources feed Iceland's volcanism along the ridge. Wikipedia: Iceland is volcanic because it lies on the ridge and over a hotspot. (https://en.wikipedia.org/wiki/Iceland_hotspot)","one-page weak-pages"
"fact.world_geography.water_cycle_constant","source.brit_water_cycle","unverified","Water keeps circulating between the ocean, the air and the land, and the total amount of water in the cycle stays essentially constant.","https://www.britannica.com/science/water-cycle","L21 card.world_geography.021.c1; L21 card.world_geography.021.c4; L30 card.world_geography.030.c2","L21 question.world_geography.021.q2; L30 question.world_geography.030.q2","","","","","","corroborated","Britannica: the total amount of water within the cycle remains essentially constant. NOAA education materials: the total amount of water on Earth stays constant as it changes state. (https://www.noaa.gov/education/resource-collections/freshwater/water-cycle https://www.ck12.org/flexi/earth-science/distribution-of-water-on-earth/the-amount-of-water-on-earth-is-always-changing-or-is-a-constant-amount-true-or-false/)",""
"fact.world_geography.sun_gravity_drive","source.usgs_water_cycle","unverified","Energy from the Sun and the force of gravity drive the water cycle.","https://www.usgs.gov/water-science-school/science/water-cycle","L21 card.world_geography.021.c2","L21 question.world_geography.021.q1; L21 question.world_geography.021.q2; L25 question.world_geography.025.q3; L26 question.world_geography.026.q3","","","","","","corroborated","USGS: energy from the sun and the force of gravity drive the continual movement of water. NOAA: the sun drives the water cycle. (https://www.noaa.gov/education/resource-collections/freshwater/water-cycle)","one-page"
"fact.world_geography.cycle_steps","source.usgs_water_cycle","unverified","Water evaporates into vapor, condenses into clouds, falls as precipitation such as rain or snow, and moves back across and under the land.","https://www.usgs.gov/water-science-school/science/water-cycle","L21 card.world_geography.021.c2","L21 question.world_geography.021.q1; L21 question.world_geography.021.q2; L25 question.world_geography.025.q3; L26 question.world_geography.026.q3","","","","","","corroborated","USGS describes evaporation, condensation into clouds, precipitation, runoff, streamflow and groundwater. NOAA: water evaporates, condenses into clouds and returns as rain or snow. (https://www.noaa.gov/education/resource-collections/freshwater/water-cycle)","one-page"
"fact.world_geography.evaporation_90_percent","source.usgs_evaporation","unverified","About 90% of the water vapor in the air evaporated from oceans, seas, lakes and rivers; most of the rest came from plants.","https://www.usgs.gov/water-science-school/science/evaporation-and-water-cycle","L21 card.world_geography.021.c3","L21 question.world_geography.021.q3; L30 question.world_geography.030.q3","","","","","","corroborated","USGS: about 90 percent of atmospheric moisture came from oceans, seas, lakes and rivers; the rest from plant transpiration and a little sublimation. Britannica: the principal source of water vapor is the oceans. (https://www.britannica.com/science/water-cycle)","one-page"
"fact.world_geography.transpiration","source.brit_water_cycle","unverified","Plants release water vapor through tiny pores in their leaves; this is called transpiration.","https://www.britannica.com/science/water-cycle","L21 card.world_geography.021.c3","L21 question.world_geography.021.q3; L30 question.world_geography.030.q3","","","","","","corroborated","Britannica: transpiration is the evaporation of water through minute pores, or stomata, in leaves. USGS describes transpiration as water vapor released from plant leaves. (http://usgs.gov/special-topics/water-science-school/science/evapotranspiration-and-water-cycle)","one-page"
"fact.world_geography.vapor_10_days","source.usgs_evaporation","unverified","Once it evaporates, a water molecule spends about 10 days in the air on average.","https://www.usgs.gov/water-science-school/science/evaporation-and-water-cycle","L21 card.world_geography.021.c4","L21 question.world_geography.021.q2","","","","","","corroborated","USGS: once evaporated, a water molecule spends about 10 days in the air. Britannica: residence time of water vapor is about 10 days. A Nature Reviews study gives a mean of 8 to 10 days. (https://www.nature.com/articles/s43017-021-00181-9)","one-page"
"fact.world_geography.vapor_10_days","source.brit_water_cycle","unverified","Once it evaporates, a water molecule spends about 10 days in the air on average.","https://www.britannica.com/science/water-cycle","L21 card.world_geography.021.c4","L21 question.world_geography.021.q2","","","","","","corroborated","USGS: once evaporated, a water molecule spends about 10 days in the air. Britannica: residence time of water vapor is about 10 days. A Nature Reviews study gives a mean of 8 to 10 days. (https://www.nature.com/articles/s43017-021-00181-9)","one-page"
"fact.world_geography.seas_definition","source.noaa_ocean_or_sea","unverified","Seas are smaller than oceans, usually lie where land and ocean meet, and are typically partly enclosed by land.","https://oceanservice.noaa.gov/facts/oceanorsea.html","L22 card.world_geography.022.c2","L22 question.world_geography.022.q1; L23 question.world_geography.023.q3","","","","","","corroborated","NOAA: seas are smaller than oceans, located where land and ocean meet, typically partially enclosed by land. Britannica: seas are smaller, shallower and partially enclosed by land. (https://www.britannica.com/science/Ocean-vs-Sea-Whats-the-Difference)","one-page"
"fact.world_geography.sargasso_no_shore","source.noaa_sargasso_sea","unverified","The Sargasso Sea, in the Atlantic, is the only sea with no land boundary; ocean currents alone define its edges.","https://oceanservice.noaa.gov/facts/sargassosea.html","L22 card.world_geography.022.c1; L22 card.world_geography.022.c2","L22 question.world_geography.022.q1; L23 question.world_geography.023.q3","","","","","","corroborated","NOAA: the Sargasso Sea is the only sea without a land boundary, defined only by ocean currents. Wikipedia and Geography Realm agree it is the only sea without a coast. (https://en.wikipedia.org/wiki/Sargasso_Sea https://www.geographyrealm.com/the-only-sea-in-the-world-without-a-coast/)",""
"fact.world_geography.ocean_average_depth","source.noaa_ocean_depth","unverified","The ocean's average depth is about 3,700 m.","https://oceanservice.noaa.gov/facts/oceandepth.html","L22 card.world_geography.022.c4","L22 question.world_geography.022.q3","","","","","","corroborated","NOAA: the average depth of the ocean is about 3,682 m. The Natural History Museum and UNESCO Ocean Literacy give about 3,688 m. (https://www.nhm.ac.uk/discover/quick-questions/how-deep-is-the-ocean.html)","one-page"
"fact.world_geography.challenger_deep","source.noaa_ocean_depth","unverified","The deepest known point in the ocean, Challenger Deep in the Pacific's Mariana Trench, is about 11 km deep.","https://oceanservice.noaa.gov/facts/oceandepth.html","L22 card.world_geography.022.c4","L22 question.world_geography.022.q3","","","","","","corroborated","NOAA: Challenger Deep in the Mariana Trench is about 10,935 m deep. The Natural History Museum gives 10,935 m from a 2020 survey. (https://www.nhm.ac.uk/discover/quick-questions/how-deep-is-the-ocean.html https://en.wikipedia.org/wiki/Mariana_Trench)",""
"fact.world_geography.everest_in_challenger","source.noaa_ocean_depth","unverified","Set on the floor of Challenger Deep, Mount Everest would still have its peak about 2 km underwater.","https://oceanservice.noaa.gov/facts/oceandepth.html","L22 card.world_geography.022.c4","L22 question.world_geography.022.q3","","","","","","corroborated","Derived: Challenger Deep about 10,935 m (NOAA) minus Everest about 8,849 m (Britannica) is about 2,086 m. Other science outlets describe the peak as covered by about two kilometers of water. (https://www.nhm.ac.uk/discover/quick-questions/how-deep-is-the-ocean.html)","one-page"
"fact.world_geography.everest_in_challenger","source.brit_mount_everest","unverified","Set on the floor of Challenger Deep, Mount Everest would still have its peak about 2 km underwater.","https://www.britannica.com/place/Mount-Everest","L22 card.world_geography.022.c4","L22 question.world_geography.022.q3","","","","","","corroborated","Derived: Challenger Deep about 10,935 m (NOAA) minus Everest about 8,849 m (Britannica) is about 2,086 m. Other science outlets describe the peak as covered by about two kilometers of water. (https://www.nhm.ac.uk/discover/quick-questions/how-deep-is-the-ocean.html)","one-page"
"fact.world_geography.duck_spill_1992","source.noaa_jetstream_ocean_circulations","unverified","In January 1992, a container ship in the North Pacific lost a container holding about 29,000 plastic bath toys.","https://www.noaa.gov/jetstream/ocean/circulations","L23 card.world_geography.023.c1","","","","","","","corroborated","NOAA JetStream: in January 1992 a container ship lost 12 containers; one held 29,000 bathtub toys. Wikipedia and Smithsonian coverage of oceanographer Curtis Ebbesmeyer give 28,800 toys. (https://en.wikipedia.org/wiki/Friendly_Floatees_spill)","one-page weak-pages"
"fact.world_geography.ducks_alaska","source.noaa_jetstream_ocean_circulations","unverified","About ten months later the first toys washed up in Alaska, carried by wind and currents; some later drifted into the Atlantic.","https://www.noaa.gov/jetstream/ocean/circulations","L23 card.world_geography.023.c2","L23 question.world_geography.023.q1; L24 question.world_geography.024.q3","","","","","","corroborated","NOAA JetStream: ten months later the first toys washed up in Alaska; driven by wind and currents, some drifted into the Atlantic. Wikipedia: the toys began reaching Alaska at the end of 1992 and some later reached the Atlantic. (https://en.wikipedia.org/wiki/Friendly_Floatees_spill)","one-page weak-pages"
"fact.world_geography.wind_drives_surface","source.noaa_what_is_current","unverified","Winds drive the currents at or near the ocean's surface.","https://oceanservice.noaa.gov/facts/current.html","L23 card.world_geography.023.c2","L23 question.world_geography.023.q1; L24 question.world_geography.024.q3","","","","","","corroborated","NOAA: winds drive currents at or near the ocean surface. NOAA Currents tutorial: large-scale surface currents are driven by global wind systems. (https://oceanservice.noaa.gov/education/tutorial_currents/04currents2.html)","one-page"
"fact.world_geography.currents_move_heat","source.noaa_ocean_climate","unverified","Ocean currents carry warm water from the Equator toward the poles and cold water from the poles back toward the tropics.","https://oceanexplorer.noaa.gov/facts/climate.html","L23 card.world_geography.023.c3","L23 question.world_geography.023.q3","","","","","","corroborated","NOAA Ocean Exploration: currents transport warm water from the equator toward the poles and cold water back to the tropics. NOAA: currents drive warm water from the Equator and cold water from the poles. (https://oceanservice.noaa.gov/facts/current.html)","one-page"
"fact.world_geography.gulf_stream_path","source.noaa_gulf_stream_speed","unverified","The Gulf Stream is a warm current that flows north along Florida, then turns northeast across the Atlantic.","https://oceanservice.noaa.gov/facts/gulfstreamspeed.html","L23 card.world_geography.023.c3","L23 question.world_geography.023.q3","","","","","","corroborated","NOAA: the Gulf Stream is a warm current that moves north along Florida, turns east off North Carolina and flows northeast across the Atlantic. Britannica describes the same path. (https://www.britannica.com/place/Gulf-Stream/Effects-on-marine-and-human-life)","one-page"
"fact.world_geography.gulf_stream_bergen","source.noaa_what_is_current","unverified","The warm Gulf Stream helps bring milder winters to Bergen, Norway, than to New York, which is much farther south.","https://oceanservice.noaa.gov/facts/current.html","L23 card.world_geography.023.c3","L23 question.world_geography.023.q3","","","","","","corroborated","NOAA: the warm Gulf Stream brings milder winter weather to Bergen, Norway, than to New York. Fjord Norway and Britannica: the region's winters are milder than elsewhere at that latitude thanks to the Gulf Stream. (https://www.fjordnorway.com/en/inspiration/fjord-norway-in-winter https://www.britannica.com/place/Gulf-Stream/Effects-on-marine-and-human-life)",""
"fact.world_geography.sargasso_gulf_stream_edge","source.noaa_sargasso_sea","unverified","The Gulf Stream forms the western edge of the Sargasso Sea.","https://oceanservice.noaa.gov/facts/sargassosea.html","L23 card.world_geography.023.c3","L23 question.world_geography.023.q3","","","","","","corroborated","NOAA: the Gulf Stream establishes the Sargasso Sea's western boundary. Wikipedia: the sea is bounded on the west by the Gulf Stream. (https://en.wikipedia.org/wiki/Sargasso_Sea)","one-page weak-pages"
"fact.world_geography.dense_water_sinks","source.noaa_conveyor_belt","unverified","Deep currents are driven by differences in density: cold, salty water is dense and sinks, while warm water stays near the surface.","https://oceanservice.noaa.gov/facts/conveyor.html","L23 card.world_geography.023.c4","L23 question.world_geography.023.q2","","","","","","corroborated","NOAA: thermohaline circulation is driven by density differences due to temperature and salinity; cold, salty water is dense and sinks while warm water stays on the surface. Lumen Earth Science agrees. (https://courses.lumenlearning.com/suny-earthscience/chapter/thermohaline-circulation/)","one-page"
"fact.world_geography.dense_water_sinks","source.noaa_what_is_current","unverified","Deep currents are driven by differences in density: cold, salty water is dense and sinks, while warm water stays near the surface.","https://oceanservice.noaa.gov/facts/current.html","L23 card.world_geography.023.c4","L23 question.world_geography.023.q2","","","","","","corroborated","NOAA: thermohaline circulation is driven by density differences due to temperature and salinity; cold, salty water is dense and sinks while warm water stays on the surface. Lumen Earth Science agrees. (https://courses.lumenlearning.com/suny-earthscience/chapter/thermohaline-circulation/)","one-page"
"fact.world_geography.conveyor_1000_years","source.noaa_conveyor_tutorial","unverified","A parcel of water can take about 1,000 years to complete one trip around the ocean's global conveyor belt.","https://oceanservice.noaa.gov/education/tutorial_currents/05conveyor2.html","L23 card.world_geography.023.c4","L23 question.world_geography.023.q2","","","","","","corroborated","NOAA: it can take 1,000 years for a parcel of water to complete the global conveyor belt. Other oceanography texts give 1,000 to 2,000 years. (https://en.wikipedia.org/wiki/Thermohaline_circulation https://rwu.pressbooks.pub/webboceanography/chapter/9-8-thermohaline-circulation/)",""
"fact.world_geography.waves_from_wind","source.noaa_waves","unverified","Most ocean waves are caused by wind, through friction between the wind and the water's surface.","https://oceanservice.noaa.gov/facts/wavesinocean.html","L24 card.world_geography.024.c2","L24 question.world_geography.024.q3","","","","","","corroborated","NOAA: waves are most commonly caused by wind; wind-driven waves are created by friction between wind and surface water. NOAA JetStream and Smithsonian Ocean agree. (https://ocean.si.edu/planet-ocean/tides-currents/currents-waves-and-tides)","one-page"
"fact.world_geography.waves_carry_energy","source.noaa_waves","unverified","Waves carry energy, not water, across the ocean, and can travel across an entire ocean basin.","https://oceanservice.noaa.gov/facts/wavesinocean.html","L24 card.world_geography.024.c2","L24 question.world_geography.024.q3","","","","","","corroborated","NOAA: waves transmit energy, not water, and can travel across an entire ocean basin. CK-12 and other physics sources agree waves carry energy rather than matter. (https://www.ck12.org/flexi/physical-science/forms-of-energy/do-waves-carry-energy-but-not-matter-from-place-to-place/)","one-page"
"fact.world_geography.arch_to_stack","source.brit_sea_stack","unverified","Wave erosion can carve a sea arch through rock; when the arch collapses, a sea stack is left standing.","https://www.britannica.com/science/sea-stack","L24 card.world_geography.024.c3","L24 question.world_geography.024.q1","","","","","","corroborated","Britannica: erosion creates sea arches, and when they collapse a sea stack is left. Wikipedia (Stack) and Internet Geography describe caves eroding into arches that collapse into stacks. (https://en.wikipedia.org/wiki/Stack_(geology) https://www.internetgeography.net/geotopics/erosion-of-a-headland/)",""
"fact.world_geography.stack_wears_away","source.brit_sea_stack","unverified","Further erosion wears a sea stack down until it disappears.","https://www.britannica.com/science/sea-stack","L24 card.world_geography.024.c3","L24 question.world_geography.024.q1","","","","","","corroborated","Britannica: further erosion wears down the sea stack until it disappears. Wikipedia: continued wave attack undercuts stacks until they collapse into stumps. (https://en.wikipedia.org/wiki/Stack_(geology))","one-page weak-pages"
"fact.world_geography.twelve_apostles_2005","source.abc_twelve_apostles_2005","unverified","The Twelve Apostles off Victoria, Australia, are limestone sea stacks; in July 2005 one, about 50 m tall, collapsed into the sea.","https://www.abc.net.au/news/2005-07-03/stack-collapse-leaves-8-apostles-standing/2049954","L24 card.world_geography.024.c1; L24 card.world_geography.024.c3","L24 question.world_geography.024.q1","","","","","","corroborated","ABC News: on 3 July 2005 a 50 m limestone pillar of the Twelve Apostles collapsed. Wikipedia: the Apostles are limestone stacks, and a 50 m stack collapsed in July 2005. (https://en.wikipedia.org/wiki/The_Twelve_Apostles_(Victoria))","one-page weak-pages"
"fact.world_geography.longshore_current","source.noaa_longshore_currents","unverified","Waves usually reach a beach at a slight angle, which sets up a longshore current running parallel to the shore.","https://oceanservice.noaa.gov/education/tutorial_currents/03coastal2.html","L24 card.world_geography.024.c4","L24 question.world_geography.024.q2","","","","","","corroborated","NOAA: waves arrive at a slight angle and generate a current parallel to the shoreline. LibreTexts oceanography: waves approaching at an angle create longshore currents. (https://geo.libretexts.org/Bookshelves/Oceanography/Oceanography_101_(Miracosta)/12:_Coasts/12.10:_Longshore_Currents_and_Longshore_Drift)","one-page"
"fact.world_geography.longshore_drift_sand","source.noaa_longshore_currents","unverified","Longshore drift carries beach sand along the shore, and it can cause significant beach erosion.","https://oceanservice.noaa.gov/education/tutorial_currents/03coastal2.html","L24 card.world_geography.024.c4","L24 question.world_geography.024.q2","","","","","","corroborated","NOAA: longshore drift transports beach sediment and can cause significant beach erosion. Encyclopedia.com: longshore drift is the transport of sand along a beach by waves breaking at an angle. (https://www.encyclopedia.com/earth-and-environment/ecology-and-environmentalism/environmental-studies/longshore-drift)","one-page"
"fact.world_geography.nile_longest","source.brit_nile_river","unverified","The Nile, about 6,650 km long, is usually ranked the world's longest river.","https://www.britannica.com/place/Nile-River","L25 card.world_geography.025.c2; L25 card.world_geography.025.c3","L25 question.world_geography.025.q1; L25 question.world_geography.025.q2","","","","","","corroborated","Britannica: the Nile, about 6,650 km, is the longest river in the world. National Geographic and Guinness World Records also list the Nile as longest. (https://www.nationalgeographic.com/science/article/amazon-longer-than-nile-river)","one-page"
"fact.world_geography.nile_flows_north","source.brit_nile_river","unverified","The Nile flows north through northeastern Africa into the Mediterranean Sea.","https://www.britannica.com/place/Nile-River","L25 card.world_geography.025.c2","L25 question.world_geography.025.q1","","","","","","corroborated","Britannica: the Nile flows northward through northeastern Africa to drain into the Mediterranean Sea. National Geographic describes the same course. (https://www.nationalgeographic.com/history/article/nile-flooding-ancient-egypt)","one-page"
"fact.world_geography.amazon_length","source.brit_amazon_river","unverified","The Amazon is at least 6,400 km long, and some researchers argue it is longer than the Nile.","https://www.britannica.com/place/Amazon-River","L25 card.world_geography.025.c2; L25 card.world_geography.025.c3","L25 question.world_geography.025.q1; L25 question.world_geography.025.q2","","","","","","corroborated","Britannica: the Amazon is at least 6,400 km long, and some claim it is longer than the Nile. National Geographic reported a Brazilian study measuring it longer than the Nile. (https://www.nationalgeographic.com/science/article/amazon-longer-than-nile-river)","one-page"
"fact.world_geography.amazon_length","source.brit_amazon_length","unverified","The Amazon is at least 6,400 km long, and some researchers argue it is longer than the Nile.","https://www.britannica.com/story/how-long-is-the-amazon-river","L25 card.world_geography.025.c2; L25 card.world_geography.025.c3","L25 question.world_geography.025.q1; L25 question.world_geography.025.q2","","","","","","corroborated","Britannica: the Amazon is at least 6,400 km long, and some claim it is longer than the Nile. National Geographic reported a Brazilian study measuring it longer than the Nile. (https://www.nationalgeographic.com/science/article/amazon-longer-than-nile-river)","one-page"
"fact.world_geography.river_ends_disputed","source.brit_amazon_length","unverified","River lengths are disputed largely because experts disagree about exactly where a river starts and ends.","https://www.britannica.com/story/how-long-is-the-amazon-river","L25 card.world_geography.025.c1; L25 card.world_geography.025.c3","L25 question.world_geography.025.q2","","","","","","corroborated","Britannica: the main problem is the Amazon's start and end points. Scientific American and Explorersweb: there is no consensus on where the rivers start. (https://www.scientificamerican.com/article/ole-amazon-longer-than-nile/ https://explorersweb.com/amazon-worlds-longest-river-controversy/)",""
"fact.world_geography.watershed_definition","source.usgs_watersheds","unverified","A watershed, or drainage basin, is the area of land that drains all its streams and rainfall to one common outlet.","https://www.usgs.gov/water-science-school/science/watersheds-and-drainage-basins","L25 card.world_geography.025.c4","L25 question.world_geography.025.q3","","","","","","corroborated","USGS: a watershed is an area of land that drains all streams and rainfall to a common outlet; also called a drainage basin. Britannica and NOAA give the same definition. (https://www.britannica.com/science/drainage-basin https://oceanservice.noaa.gov/facts/watershed.html)",""
"fact.world_geography.everyone_in_watershed","source.usgs_watersheds","unverified","Everyone standing on land is standing in a watershed.","https://www.usgs.gov/water-science-school/science/watersheds-and-drainage-basins","L25 card.world_geography.025.c4","L25 question.world_geography.025.q3","","","","","","corroborated","USGS: you're standing, and everyone is standing, in a watershed. NOAA: no matter where you are, you are in a watershed. (https://oceanservice.noaa.gov/facts/watershed.html)","one-page"
"fact.world_geography.amazon_largest_system","source.brit_amazon_river","unverified","The Amazon is the largest river system in the world, both in the area of its basin and in the volume of its flow.","https://www.britannica.com/place/Amazon-River","L25 card.world_geography.025.c2; L25 card.world_geography.025.c3; L25 card.world_geography.025.c4","L25 question.world_geography.025.q3","","","","","","corroborated","Britannica: the largest drainage system in the world in terms of the volume of its flow and the area of its basin. WWF and Wikipedia agree it has the largest discharge and basin. (https://wwf.panda.org/discover/knowledge_hub/where_we_work/amazon/about_the_amazon/ecosystems_amazon/rivers/)","one-page"
"fact.world_geography.amazon_fifth","source.brit_amazon_river","unverified","The Amazon carries about one-fifth of all the water that runs off Earth's surface.","https://www.britannica.com/place/Amazon-River","L25 card.world_geography.025.c2","","","","","","","corroborated","Britannica: about one-fifth of all the water that runs off Earth's surface is carried by the Amazon. Amazon Aid and others give about 20 percent of global river discharge (some estimates 15 to 20 percent). (https://amazonaid.org/resources/about-the-amazon/the-amazon-and-water/)","one-page"
"fact.world_geography.lake_definition","source.brit_lake","unverified","A lake is a large body of standing or slowly moving water that fills a basin inland.","https://www.britannica.com/science/lake/Basins-formed-by-glaciation","L26 card.world_geography.026.c2","L26 question.world_geography.026.q1","","","","","","corroborated","Britannica: a lake is any relatively large body of slowly moving or standing water that occupies an inland basin. National Geographic Education gives a similar definition. (https://education.nationalgeographic.org/resource/lake/)","one-page"
"fact.world_geography.glaciers_most_lakes","source.brit_lake","unverified","Glaciers have formed more lake basins than any other process, especially in the Northern Hemisphere.","https://www.britannica.com/science/lake/Basins-formed-by-glaciation","L26 card.world_geography.026.c2","L26 question.world_geography.026.q1","","","","","","corroborated","Britannica: the basin-forming mechanism responsible for the most lakes, particularly in the Northern Hemisphere, is glaciation. Wikipedia (Lake) agrees most lakes are glacial in origin. (https://en.wikipedia.org/wiki/Lake)","one-page weak-pages"
"fact.world_geography.great_lakes_ice","source.brit_lake","unverified","North America's Great Lakes were shaped by a retreating ice sheet.","https://www.britannica.com/science/lake/Basins-formed-by-glaciation","L26 card.world_geography.026.c2","L26 question.world_geography.026.q1","","","","","","corroborated","Britannica: the Wisconsin ice sheet shaped the present Great Lakes during its retreat. Wisconsin Sea Grant: the melting glaciers of the Wisconsin Ice Age left the Great Lakes. (https://www.seagrant.wisc.edu/resources/the-formation-of-the-great-lakes/how-they-were-made/)","one-page"
"fact.world_geography.baikal_rift","source.brit_lake_baikal","unverified","Lake Baikal in Siberia lies in a rift where Earth's crust is breaking apart; it is the world's deepest and oldest lake.","https://www.britannica.com/place/Lake-Baikal","L26 card.world_geography.026.c2","L26 question.world_geography.026.q1","","","","","","corroborated","Britannica: Baikal is the deepest continental body of water and the oldest existing freshwater lake, in a rift zone with breaks in Earth's crust. UNESCO: the oldest and deepest lake in the world. (https://whc.unesco.org/en/list/754/)","one-page"
"fact.world_geography.baikal_fifth","source.brit_lake_baikal","unverified","Lake Baikal holds about one-fifth of the fresh water on Earth's surface.","https://www.britannica.com/place/Lake-Baikal","L26 card.world_geography.026.c2","L26 question.world_geography.026.q1","","","","","","corroborated","Britannica: about one-fifth of the fresh water on Earth's surface. UNESCO: 20 percent of the world's total unfrozen freshwater reserve. (https://whc.unesco.org/en/list/754/)","one-page"
"fact.world_geography.salt_from_rocks","source.usgs_why_ocean_salty","unverified","Salt in the ocean comes from rocks on land: rain dissolves minerals, and rivers carry them downstream to the sea.","https://www.usgs.gov/faqs/why-ocean-salty","L26 card.world_geography.026.c3","L26 question.world_geography.026.q2; L26 question.world_geography.026.q3","","","","","","corroborated","USGS: salt in the ocean comes from rocks on land; rain breaks down rocks and the ions are carried by streams and rivers to the ocean. NOAA JetStream sea water page agrees. (https://www.noaa.gov/jetstream/ocean/sea-water)","one-page"
"fact.world_geography.no_outlet_salty","source.usgs_evaporation","unverified","A lake with no outlet loses water only by evaporation, which leaves its salts behind, so the lake grows saltier over time.","https://www.usgs.gov/water-science-school/science/evaporation-and-water-cycle","L26 card.world_geography.026.c3","L26 question.world_geography.026.q2; L26 question.world_geography.026.q3","","","","","","corroborated","USGS: in closed basins like the Dead Sea, evaporation leaves minerals behind. Utah Geological Survey: Great Salt Lake has no outlet besides evaporation, so minerals accumulate. (https://geology.utah.gov/popular/great-salt-lake/commonly-asked-questions/ https://en.wikipedia.org/wiki/Endorheic_lake)",""
"fact.world_geography.no_outlet_salty","source.nasa_dead_sea_saltier","unverified","A lake with no outlet loses water only by evaporation, which leaves its salts behind, so the lake grows saltier over time.","https://science.nasa.gov/earth/earth-observatory/getting-saltier-145373/","L26 card.world_geography.026.c3","L26 question.world_geography.026.q2; L26 question.world_geography.026.q3","","","","","","corroborated","USGS: in closed basins like the Dead Sea, evaporation leaves minerals behind. Utah Geological Survey: Great Salt Lake has no outlet besides evaporation, so minerals accumulate. (https://geology.utah.gov/popular/great-salt-lake/commonly-asked-questions/ https://en.wikipedia.org/wiki/Endorheic_lake)",""
"fact.world_geography.dead_sea_no_outlet","source.brit_dead_sea","unverified","The Dead Sea gets nearly all its water from the Jordan River and has no outlet; water leaves it only by evaporation.","https://www.britannica.com/place/Dead-Sea","L26 card.world_geography.026.c4","L26 question.world_geography.026.q2","","","","","","corroborated","Britannica: the Dead Sea receives nearly all its water from the Jordan River. NASA: the Dead Sea has no natural outlet, so water leaves only by evaporation. (https://en.wikipedia.org/wiki/Dead_Sea)","one-page weak-pages"
"fact.world_geography.dead_sea_no_outlet","source.nasa_dead_sea_saltier","unverified","The Dead Sea gets nearly all its water from the Jordan River and has no outlet; water leaves it only by evaporation.","https://science.nasa.gov/earth/earth-observatory/getting-saltier-145373/","L26 card.world_geography.026.c4","L26 question.world_geography.026.q2","","","","","","corroborated","Britannica: the Dead Sea receives nearly all its water from the Jordan River. NASA: the Dead Sea has no natural outlet, so water leaves only by evaporation. (https://en.wikipedia.org/wiki/Dead_Sea)","one-page weak-pages"
"fact.world_geography.dead_sea_ten_times","source.nasa_dead_sea_saltier","unverified","The Dead Sea is nearly ten times saltier than the ocean.","https://science.nasa.gov/earth/earth-observatory/getting-saltier-145373/","L26 card.world_geography.026.c1; L26 card.world_geography.026.c4","L26 question.world_geography.026.q2","","","","","","corroborated","NASA: with salt concentration above 30 percent, the lake is nearly ten times saltier than the oceans. BBC Science Focus and others: about 34 percent salinity versus about 3.5 percent for the ocean. (https://www.sciencefocus.com/planet-earth/how-much-salt-is-there-in-the-dead-sea)","one-page"
"fact.world_geography.dead_sea_float","source.brit_dead_sea","unverified","The Dead Sea's salty water is so dense that bathers float easily, and apart from bacteria nothing lives in it.","https://www.britannica.com/place/Dead-Sea","L26 card.world_geography.026.c1; L26 card.world_geography.026.c4","L26 question.world_geography.026.q2","","","","","","corroborated","Britannica: the high-density saline water keeps bathers buoyant; the salinity excludes all life except bacteria, and fish carried in die quickly. Wikipedia agrees. (https://en.wikipedia.org/wiki/Dead_Sea)","one-page weak-pages"
"fact.world_geography.glacier_forms","source.nsidc_glacier_quick_facts","unverified","A glacier forms where snow lasts year-round and piles up; each new layer buries and compresses the older layers into ice.","https://nsidc.org/learn/parts-cryosphere/glaciers/glacier-quick-facts","L27 card.world_geography.027.c1; L27 card.world_geography.027.c2","L27 question.world_geography.027.q2","","","","","","corroborated","NSIDC: glaciers form when snow remains and accumulates long enough to become ice; new layers bury and compress old ones. Geology.com and LibreTexts describe the same process. (https://geology.com/articles/glaciers/)","one-page"
"fact.world_geography.snow_sugar_grains","source.nsidc_glacier_quick_facts","unverified","As buried snow is compressed, it recrystallizes into grains about the size and shape of sugar grains.","https://nsidc.org/learn/parts-cryosphere/glaciers/glacier-quick-facts","L27 card.world_geography.027.c2","L27 question.world_geography.027.q2","","","","","","corroborated","NSIDC: compression forces snow to recrystallize into grains similar in size and shape to sugar grains. AntarcticGlaciers.org: firn has the appearance of wet sugar. (https://www.antarcticglaciers.org/glacier-processes/from-snow-to-glacier-ice/)","one-page"
"fact.world_geography.glacier_flows","source.nsidc_glacier_quick_facts","unverified","A glacier slowly flows downhill under its own weight; mountain glaciers are like frozen rivers of ice.","https://nsidc.org/learn/parts-cryosphere/glaciers/glacier-quick-facts","L27 card.world_geography.027.c1; L27 card.world_geography.027.c2; L27 card.world_geography.027.c3","L27 question.world_geography.027.q2; L27 question.world_geography.027.q3","","","","","","corroborated","NSIDC: a glacier slowly flows over land; alpine glaciers are frozen rivers of ice flowing under their own weight. Geology.com: under its own weight a glacier flows outward and downward. (https://geology.com/articles/glaciers/)","one-page"
"fact.world_geography.two_ice_sheets","source.nsidc_ice_sheet_quick_facts","unverified","Earth has just two ice sheets today: one covers most of Greenland, and the other spans Antarctica.","https://nsidc.org/learn/parts-cryosphere/ice-sheets/ice-sheet-quick-facts","L27 card.world_geography.027.c4","L27 question.world_geography.027.q1; L28 question.world_geography.028.q3","","","","","","corroborated","NSIDC: Earth has just two ice sheets, one covering most of Greenland and the other spanning Antarctica. Copernicus Climate Change Service also names the Greenland and Antarctic ice sheets. (https://climate.copernicus.eu/climate-indicators/ice-sheets)","one-page"
"fact.world_geography.ice_sheets_68_fresh","source.nsidc_ice_sheet_quick_facts","unverified","Together, the Antarctic and Greenland ice sheets hold over 68% of the fresh water on Earth.","https://nsidc.org/learn/parts-cryosphere/ice-sheets/ice-sheet-quick-facts","L27 card.world_geography.027.c4; L30 card.world_geography.030.c4","L27 question.world_geography.027.q1; L28 question.world_geography.028.q3; L30 question.world_geography.030.q5","","","","","","corroborated","NSIDC: the two ice sheets contain over 68 percent of the fresh water on Earth. USGS: over 68 percent of fresh water is locked in ice and glaciers. (https://www.usgs.gov/water-science-school/science/where-earths-water)","one-page"
"fact.world_geography.antarctic_58m","source.nsidc_ice_sheet_quick_facts","unverified","If the whole Antarctic Ice Sheet melted, sea level would rise about 58 m.","https://nsidc.org/learn/parts-cryosphere/ice-sheets/ice-sheet-quick-facts","L27 card.world_geography.027.c4; L30 card.world_geography.030.c4","L27 question.world_geography.027.q1; L28 question.world_geography.028.q3; L30 question.world_geography.030.q5","","","","","","corroborated","NSIDC: if the entire Antarctic Ice Sheet melted, sea level would rise about 58 m. The Antarctic and Southern Ocean Coalition gives the same figure. (https://www.asoc.org/learn/antarctic-ice-and-rising-sea-levels/)","one-page"
"fact.world_geography.ocean_96_5","source.usgs_water_on_earth","unverified","The ocean holds about 96.5% of all Earth's water.","https://www.usgs.gov/special-topics/water-science-school/science/how-much-water-there-earth","L28 card.world_geography.028.c2","L28 question.world_geography.028.q1","","","","","","corroborated","USGS: the oceans hold about 96.5 percent of all Earth's water. USGS Where is Earth's Water: over 96 percent is saline, in the oceans. (https://www.usgs.gov/water-science-school/science/where-earths-water)","one-page"
"fact.world_geography.fresh_2_5","source.usgs_where_earths_water","unverified","Only about 2.5% of Earth's water is fresh.","https://www.usgs.gov/water-science-school/science/where-earths-water","L28 card.world_geography.028.c1; L28 card.world_geography.028.c2","L28 question.world_geography.028.q1","","","","","","corroborated","USGS: only 2.5 percent of Earth's water is freshwater. Wikipedia (Water resources) gives 2.5 percent as well. (https://en.wikipedia.org/wiki/Water_resources)","one-page weak-pages"
"fact.world_geography.fresh_water_split","source.usgs_where_earths_water","unverified","Of Earth's fresh water, over 68% is locked in ice and glaciers, about 30% is underground, and a little over 1.2% is at the surface.","https://www.usgs.gov/water-science-school/science/where-earths-water","L28 card.world_geography.028.c3","L28 question.world_geography.028.q3; L30 question.world_geography.030.q4","","","","","","corroborated","USGS: over 68 percent of freshwater is in ice and glaciers, another 30 percent is in the ground, and only a little more than 1.2 percent is surface water. Wikipedia: 68.9 percent ice, 30.8 percent groundwater. (https://en.wikipedia.org/wiki/Water_resources)","one-page weak-pages"
"fact.world_geography.fresh_water_split","source.usgs_water_on_earth","unverified","Of Earth's fresh water, over 68% is locked in ice and glaciers, about 30% is underground, and a little over 1.2% is at the surface.","https://www.usgs.gov/special-topics/water-science-school/science/how-much-water-there-earth","L28 card.world_geography.028.c3","L28 question.world_geography.028.q3; L30 question.world_geography.030.q4","","","","","","corroborated","USGS: over 68 percent of freshwater is in ice and glaciers, another 30 percent is in the ground, and only a little more than 1.2 percent is surface water. Wikipedia: 68.9 percent ice, 30.8 percent groundwater. (https://en.wikipedia.org/wiki/Water_resources)","one-page weak-pages"
"fact.world_geography.water_tub","source.usgs_water_on_earth","unverified","If Earth's water filled a 100-liter tub, about 96.5 liters would be ocean, about 2.5 liters fresh, and about 30 mL fresh surface water.","https://www.usgs.gov/special-topics/water-science-school/science/how-much-water-there-earth","L28 card.world_geography.028.c2","L28 question.world_geography.028.q1","","","","","","corroborated","Derived from USGS: 96.5 percent ocean; 2.5 percent fresh; a little over 1.2 percent of fresh water at the surface, so 2.5 L x 0.012 = 0.03 L = 30 mL. (https://www.usgs.gov/water-science-school/science/where-earths-water)","one-page"
"fact.world_geography.water_tub","source.usgs_where_earths_water","unverified","If Earth's water filled a 100-liter tub, about 96.5 liters would be ocean, about 2.5 liters fresh, and about 30 mL fresh surface water.","https://www.usgs.gov/water-science-school/science/where-earths-water","L28 card.world_geography.028.c2","L28 question.world_geography.028.q1","","","","","","corroborated","Derived from USGS: 96.5 percent ocean; 2.5 percent fresh; a little over 1.2 percent of fresh water at the surface, so 2.5 L x 0.012 = 0.03 L = 30 mL. (https://www.usgs.gov/water-science-school/science/where-earths-water)","one-page"
"fact.world_geography.rivers_supply_people","source.usgs_water_on_earth","unverified","Rivers are the source of most of the fresh surface water people use.","https://www.usgs.gov/special-topics/water-science-school/science/how-much-water-there-earth","L28 card.world_geography.028.c3","L28 question.world_geography.028.q3; L30 question.world_geography.030.q4","","","","","","corroborated","USGS: rivers are the source of most of the fresh surface water people use. USGS Where is Earth's Water notes rivers are a primary source for daily use. (https://www.usgs.gov/water-science-school/science/where-earths-water)","one-page"
"fact.world_geography.groundwater_sponge","source.usgs_groundwater","unverified","Groundwater fills tiny pores and cracks in soil and rock; it moves more like water in a sponge than like an underground river.","https://www.usgs.gov/water-science-school/science/groundwater-what-groundwater","L28 card.world_geography.028.c4","L28 question.world_geography.028.q2","","","","","","corroborated","USGS: groundwater fills pores and fractures and moves not like rivers below ground but more like water in a sponge. National Geographic Education: aquifers are not underground rivers or lakes. (https://education.nationalgeographic.org/resource/aquifers/ https://www.waterboards.ca.gov/water_issues/programs/groundwater/gw_basics.html)",""
"fact.world_geography.aquifers_wells","source.usgs_groundwater","unverified","Groundwater is found in usable amounts only in certain places underground, called aquifers, and people reach it by digging wells.","https://www.usgs.gov/water-science-school/science/groundwater-what-groundwater","L28 card.world_geography.028.c4","L28 question.world_geography.028.q2","","","","","","corroborated","USGS: usable quantities of groundwater are found only in aquifers, and wells supply water for homes, irrigation and industry. National Geographic Education describes aquifers tapped by wells. (https://education.nationalgeographic.org/resource/aquifers/)","one-page"
"fact.world_geography.kemet","source.natgeo_nile_flooding","unverified","Ancient Egyptians called their land Kemet, 'black land', after the dark, fertile silt the Nile's flood left each year.","https://www.nationalgeographic.com/history/article/nile-flooding-ancient-egypt","L29 card.world_geography.029.c1; L29 card.world_geography.029.c2","L29 question.world_geography.029.q1; L29 question.world_geography.029.q3","","","","","","corroborated","National Geographic: Egypt was known as Kemet, 'black land', a reference to the dark silt of the Nile's flood. Oxford's Griffith Institute and others give the same meaning. (http://www.griffith.ox.ac.uk/gri/9kemet.html https://en.wikipedia.org/wiki/Flooding_of_the_Nile)",""
"fact.world_geography.nile_silt_fertilizer","source.natgeo_nile_flooding","unverified","The Nile flooded every summer, and its silt worked as a natural fertilizer that let Egypt grow crops to feed a dense population.","https://www.nationalgeographic.com/history/article/nile-flooding-ancient-egypt","L29 card.world_geography.029.c2","L29 question.world_geography.029.q1; L29 question.world_geography.029.q3","","","","","","corroborated","National Geographic: the flood was an annual summertime event; this natural fertilizer made it possible to grow crops supporting a dense population and cities. Wikipedia (Flooding of the Nile) agrees. (https://en.wikipedia.org/wiki/Flooding_of_the_Nile)","one-page weak-pages"
"fact.world_geography.aswan_1970","source.natgeo_nile_flooding","unverified","The Nile flooded its valley every year until the Aswan High Dam was completed in 1970.","https://www.nationalgeographic.com/history/article/nile-flooding-ancient-egypt","L29 card.world_geography.029.c2","L29 question.world_geography.029.q1; L29 question.world_geography.029.q3","","","","","","corroborated","National Geographic: until the completion of the Aswan High Dam in 1970, the Nile flooded the valley every year. HISTORY: the dam was completed 21 July 1970 and ended the annual flood. (https://www.history.com/this-day-in-history/july-21/aswan-high-dam-completed)","one-page"
"fact.world_geography.aswan_1970","source.natgeo_aswan_dam","unverified","The Nile flooded its valley every year until the Aswan High Dam was completed in 1970.","https://education.nationalgeographic.org/resource/aswan-dam-completed/","L29 card.world_geography.029.c2","L29 question.world_geography.029.q1; L29 question.world_geography.029.q3","","","","","","corroborated","National Geographic: until the completion of the Aswan High Dam in 1970, the Nile flooded the valley every year. HISTORY: the dam was completed 21 July 1970 and ended the annual flood. (https://www.history.com/this-day-in-history/july-21/aswan-high-dam-completed)","one-page"
"fact.world_geography.first_civs_rivers","source.brit_kids_ancient_civilization","unverified","Many of the earliest civilizations, in Mesopotamia, Egypt, the Indus valley and China's Yellow River valley, grew up in river valleys good for farming.","https://kids.britannica.com/kids/article/ancient-civilization/627463","L29 card.world_geography.029.c3","L29 question.world_geography.029.q2","","","","","","corroborated","Britannica Kids: the earliest civilizations developed in river valleys because the land was good for farming, naming Mesopotamia, the Nile, the Indus and the Huang He. Lumen World Civilization lists the same four. (https://courses.lumenlearning.com/suny-hccc-worldcivilization/chapter/river-valley-civilizations/)","one-page"
"fact.world_geography.mesopotamia_name","source.brit_mesopotamia","unverified","Mesopotamia comes from a Greek word meaning 'between rivers': it is the land of the Tigris and Euphrates.","https://www.britannica.com/place/Mesopotamia-historical-region-Asia","L29 card.world_geography.029.c3","L29 question.world_geography.029.q2","","","","","","corroborated","Britannica: Mesopotamia is from a Greek word meaning 'between rivers', the Tigris and Euphrates. World History Encyclopedia and UChicago give the same meaning. (https://news.uchicago.edu/explainer/fertile-crescent-explained https://www.worldhistory.org/Fertile_Crescent/)",""
"fact.world_geography.mesopotamia_canals","source.brit_mesopotamia","unverified","Farmers in southern Mesopotamia dug branching networks of canals to bring river water to large stretches of dry land.","https://www.britannica.com/place/Mesopotamia-historical-region-Asia","L29 card.world_geography.029.c3","L29 question.world_geography.029.q2","","","","","","corroborated","Britannica: artificial irrigation brought water to large stretches of territory through a widely branching network of canals. National Geographic Education: irrigation developed in the Fertile Crescent. (https://education.nationalgeographic.org/resource/fertile-crescent/)","one-page"
"fact.world_geography.fertile_crescent","source.natgeo_fertile_crescent","unverified","The Fertile Crescent, often called the 'cradle of civilization', is named for its rich soils; farming and irrigation developed there near its rivers.","https://education.nationalgeographic.org/resource/fertile-crescent/","L29 card.world_geography.029.c4","L29 question.world_geography.029.q2","","","","","","corroborated","National Geographic Education: named for its rich soils and called the 'cradle of civilization'; irrigation and agriculture developed there because of fertile soil near the rivers. Britannica and UChicago agree. (https://www.britannica.com/place/Fertile-Crescent https://news.uchicago.edu/explainer/fertile-crescent-explained)",""
"fact.world_geography.ice_age_sea_120","source.brit_beringia","unverified","During the last ice age, so much water was frozen in glaciers that sea level fell by as much as about 120 m.","https://www.britannica.com/place/Beringia","L30 card.world_geography.030.c2","L30 question.world_geography.030.q2; L30 question.world_geography.030.q3; L30 question.world_geography.030.q5","","","","","","corroborated","Britannica (Beringia): sea levels were lowered by as much as about 120 m. Britannica (Last Glacial Maximum): about 125 m lower. Penn State EARTH 107 and others give about 120 m. (https://courses.ems.psu.edu/earth107/node/1506 https://en.wikipedia.org/wiki/Last_Glacial_Maximum)",""
"fact.world_geography.ice_age_sea_120","source.brit_last_glacial_maximum","unverified","During the last ice age, so much water was frozen in glaciers that sea level fell by as much as about 120 m.","https://www.britannica.com/science/Last-Glacial-Maximum","L30 card.world_geography.030.c2","L30 question.world_geography.030.q2; L30 question.world_geography.030.q3; L30 question.world_geography.030.q5","","","","","","corroborated","Britannica (Beringia): sea levels were lowered by as much as about 120 m. Britannica (Last Glacial Maximum): about 125 m lower. Penn State EARTH 107 and others give about 120 m. (https://courses.ems.psu.edu/earth107/node/1506 https://en.wikipedia.org/wiki/Last_Glacial_Maximum)",""
"fact.world_geography.ice_age_ice_cover","source.brit_last_glacial_maximum","unverified","At the height of the last ice age, ice sheets covered the northern third of North America and much of northern Europe.","https://www.britannica.com/science/Last-Glacial-Maximum","L30 card.world_geography.030.c2","L30 question.world_geography.030.q2; L30 question.world_geography.030.q3; L30 question.world_geography.030.q5","","","","","","corroborated","Britannica: ice sheets covered the northern third of North America and blanketed Scandinavia, the British Isles and parts of northeastern Europe. Wikipedia: ice covered much of northern North America and northern Europe. (https://en.wikipedia.org/wiki/Last_Glacial_Maximum)","one-page weak-pages"
"fact.world_geography.beringia","source.brit_beringia","unverified","The lower sea uncovered Beringia, dry land where the Bering Strait's seafloor is now, linking Siberia with Alaska.","https://www.britannica.com/place/Beringia","L30 card.world_geography.030.c1; L30 card.world_geography.030.c3","L30 question.world_geography.030.q1","","","","","","corroborated","Britannica: lowered seas exposed Beringia, linking northeastern Siberia with Alaska across the then-dry floor of the Bering Strait. NSF and UC Santa Cruz research on the land bridge agree. (https://www.nsf.gov/news/bering-land-bridge-formed-surprisingly-late-during-last-ice https://news.ucsc.edu/2022/12/bering-strait/)",""
"fact.world_geography.beringia_crossing","source.brit_beringia","unverified","Plants and animals moved across Beringia, and people followed that overland route in search of game.","https://www.britannica.com/place/Beringia","L30 card.world_geography.030.c3","L30 question.world_geography.030.q1","","","","","","corroborated","Britannica: land bridges let plants and animals move between the Old and New worlds, and humans followed the overland route in search of game. EBSCO Research Starters agrees. (https://www.ebsco.com/research-starters/anthropology/beringia-land-bridge)","one-page"
"fact.world_geography.weather_short_term","source.noaa_weather_vs_climate","unverified","Weather is the atmosphere's short-term conditions, and it can change from minute to minute, hour to hour and day to day.","https://oceanservice.noaa.gov/facts/weather_climate.html","L31 card.world_geography.031.c2","","","","","","","corroborated","NCEI: weather is the mix of events that happen each day in our atmosphere and changes over minutes, hours, days and weeks. (https://www.ncei.noaa.gov/news/weather-vs-climate)","one-page"
"fact.world_geography.climate_average","source.noaa_weather_vs_climate","unverified","Climate is the average weather of a place over a long period of time.","https://oceanservice.noaa.gov/facts/weather_climate.html","L31 card.world_geography.031.c3; L39 card.world_geography.039.c4","L31 question.world_geography.031.q1; L31 question.world_geography.031.q3; L39 question.world_geography.039.q3","","","","","","corroborated","Britannica: climate is the long-term summation of the atmospheric elements that, over short periods, constitute weather. NCEI: climate describes what the weather is like over a long period of time in a specific area. (https://www.britannica.com/science/climate-meteorology https://www.ncei.noaa.gov/news/weather-vs-climate)",""
"fact.world_geography.climate_average","source.ncei_weather_vs_climate","unverified","Climate is the average weather of a place over a long period of time.","https://www.ncei.noaa.gov/news/weather-vs-climate","L31 card.world_geography.031.c3; L39 card.world_geography.039.c4","L31 question.world_geography.031.q1; L31 question.world_geography.031.q3; L39 question.world_geography.039.q3","","","","","","corroborated","Britannica: climate is the long-term summation of the atmospheric elements that, over short periods, constitute weather. NCEI: climate describes what the weather is like over a long period of time in a specific area. (https://www.britannica.com/science/climate-meteorology https://www.ncei.noaa.gov/news/weather-vs-climate)",""
"fact.world_geography.expect_vs_get","source.noaa_weather_vs_climate","unverified","A common saying sums up the difference: climate is what you expect, weather is what you get.","https://oceanservice.noaa.gov/facts/weather_climate.html","L31 card.world_geography.031.c3","L31 question.world_geography.031.q1; L31 question.world_geography.031.q3; L39 question.world_geography.039.q3","","","","","","corroborated","NCEI opens with ""Climate is what you expect, weather is what you get""; an NWS handout uses the same saying. (https://www.ncei.noaa.gov/news/weather-vs-climate https://www.weather.gov/media/owlie/2011_Weather_Climate_General_Public.pdf)",""
"fact.world_geography.closet_analogy","source.ncei_weather_vs_climate","unverified","Weather tells you what to wear each day; climate tells you what clothes to keep in your closet.","https://www.ncei.noaa.gov/news/weather-vs-climate","L31 card.world_geography.031.c4","L31 question.world_geography.031.q2; L31 question.world_geography.031.q3","","","","","","corroborated","NOAA search results (Climate.gov primer) give the same analogy: weather tells you what to wear each day; climate tells you what to have in your closet. (https://www.climate.gov/maps-data/climate-data-primer/whats-difference-between-climate-and-weather)","one-page"
"fact.world_geography.cold_still_happens","source.nasa_kids_cold_weather","unverified","A warming climate still has blizzards and freezing days; over time they happen less often.","https://science.nasa.gov/kids/earth/how-is-cold-weather-changing/","L31 card.world_geography.031.c4; L39 card.world_geography.039.c4","L31 question.world_geography.031.q2; L31 question.world_geography.031.q3; L39 question.world_geography.039.q3","","","","","","corroborated","NASA ""Cold snaps plus global warming do add up"" and Climate Kids ""It's Cold! Is Global Warming Over?"" explain that local cold spells do not mean warming has stopped and that cold extremes become less frequent. (https://science.nasa.gov/earth/climate-change/cold-snaps-plus-global-warming-do-add-up/ https://science.nasa.gov/wavelength-acf/climate-kids-its-cold-is-global-warming-over/)",""
"fact.world_geography.normals_30_years","source.ncei_climate_normals","unverified","Climate averages usually cover 30 years; NOAA's current US climate normals cover 1991 to 2020 and are updated every 10 years.","https://www.ncei.noaa.gov/products/land-based-station/us-climate-normals","L31 card.world_geography.031.c3","L31 question.world_geography.031.q3","","","","","","corroborated","NOAA search result: climate is the long-term pattern of weather, with long-term usually meaning 30 years. NCEI news: Climate Normals span 30 years. (https://www.ncei.noaa.gov/news/weather-vs-climate https://www.noaa.gov/explainers/what-s-difference-between-climate-and-weather)",""
"fact.world_geography.climate_word_slope","source.brit_climate","unverified","The word climate comes from the Greek klima, meaning an inclination or slope, such as the slope of the Sun's rays.","https://www.britannica.com/science/climate-meteorology","L32 card.world_geography.032.c1","","","","","","","corroborated","Online Etymology Dictionary: climate from Greek klima, literally ""an inclination, slope"", the slope of the earth from equator to pole; early zones were based on the Sun's angle. (https://www.etymonline.com/word/climate)","one-page"
"fact.world_geography.sun_angle_spread","source.nasa_earth_energy_budget","unverified","Near the Equator sunlight arrives almost straight down on a small area; toward the poles it arrives at a low angle and spreads over a larger area.","https://science.nasa.gov/earth/earth-observatory/climate-and-earths-energy-budget/","L32 card.world_geography.032.c1; L32 card.world_geography.032.c2; L40 card.world_geography.040.c2","L32 question.world_geography.032.q1; L33 question.world_geography.033.q2; L40 question.world_geography.040.q5","","","","","","corroborated","Oceanography text (Earth's heat budget): because of Earth's curvature the same sunlight is spread over a larger area at the poles, so the equator receives more heat per unit area. NESDIS: the Sun hits different parts of Earth at different angles. (https://rwu.pressbooks.pub/webboceanography/chapter/8-1-earths-heat-budget/ https://www.nesdis.noaa.gov/about/k-12-education/atmosphere/why-does-wind-blow)",""
"fact.world_geography.perihelion_january","source.nasa_spaceplace_seasons","unverified","Earth is closest to the Sun in early January, during the Northern Hemisphere's winter.","https://spaceplace.nasa.gov/seasons/","L32 card.world_geography.032.c3","L32 question.world_geography.032.q2","","","","","","corroborated","US Naval Observatory and EarthSky: Earth reaches perihelion in early January, during northern winter; distance is not what causes the seasons. (https://aa.usno.navy.mil/faq/seasons_orbit https://earthsky.org/tonight/earth-comes-closest-to-sun-every-year-in-early-january/)",""
"fact.world_geography.tilt_direct_rays","source.nasa_spaceplace_seasons","unverified","Earth's tilt causes the seasons: it's summer in the Northern Hemisphere in June because the Sun's rays hit it most directly then.","https://spaceplace.nasa.gov/seasons/","L32 card.world_geography.032.c3","L32 question.world_geography.032.q2","","","","","","corroborated","US Naval Observatory: the seasons are caused by the tilt of Earth's axis, not the varying distance from the Sun. (https://aa.usno.navy.mil/faq/seasons_orbit)","one-page"
"fact.world_geography.tropics_most_energy","source.nasa_earth_energy_budget","unverified","The tropics receive the most solar energy, and the Arctic and Antarctic receive the least.","https://science.nasa.gov/earth/earth-observatory/climate-and-earths-energy-budget/","L32 card.world_geography.032.c4","L32 question.world_geography.032.q3","","","","","","corroborated","Oceanography text: the equator receives more intense sunlight and more heat per unit area than the poles. (https://rwu.pressbooks.pub/webboceanography/chapter/8-1-earths-heat-budget/)","one-page"
"fact.world_geography.heat_moved_poleward","source.nasa_earth_energy_budget","unverified","Earth's atmosphere and oceans constantly carry extra heat from the tropics toward the poles through winds, currents and weather.","https://science.nasa.gov/earth/earth-observatory/climate-and-earths-energy-budget/","L32 card.world_geography.032.c4","L32 question.world_geography.032.q3","","","","","","corroborated","Oceanography text: heat from the tropics is transported to the poles by ocean and atmospheric circulation, moderating both extremes. (https://rwu.pressbooks.pub/webboceanography/chapter/8-1-earths-heat-budget/)","one-page"
"fact.world_geography.wind_high_to_low","source.nesdis_why_wind_blows","unverified","Wind is air flowing from areas of high pressure to areas of low pressure; the bigger the pressure difference, the faster the wind.","https://www.nesdis.noaa.gov/about/k-12-education/atmosphere/why-does-wind-blow","L33 card.world_geography.033.c2; L35 card.world_geography.035.c2","L33 question.world_geography.033.q1; L35 question.world_geography.035.q2","","","","","","corroborated","UCAR: winds blow away from high pressure and toward low pressure. NOAA JetStream: wind speed increases as the pressure gradient increases. (https://scied.ucar.edu/learning-zone/how-weather-works/highs-and-lows-air-pressure https://www.noaa.gov/jetstream/synoptic/origin-of-wind)",""
"fact.world_geography.wind_high_to_low","source.ucar_highs_lows","unverified","Wind is air flowing from areas of high pressure to areas of low pressure; the bigger the pressure difference, the faster the wind.","https://scied.ucar.edu/learning-zone/how-weather-works/highs-and-lows-air-pressure","L33 card.world_geography.033.c2; L35 card.world_geography.035.c2","L33 question.world_geography.033.q1; L35 question.world_geography.035.q2","","","","","","corroborated","UCAR: winds blow away from high pressure and toward low pressure. NOAA JetStream: wind speed increases as the pressure gradient increases. (https://scied.ucar.edu/learning-zone/how-weather-works/highs-and-lows-air-pressure https://www.noaa.gov/jetstream/synoptic/origin-of-wind)",""
"fact.world_geography.warm_rises_low","source.nesdis_why_wind_blows","unverified","The Sun heats Earth unevenly; warm air rises and leaves low pressure below it, while cool air sinks and makes high pressure.","https://www.nesdis.noaa.gov/about/k-12-education/atmosphere/why-does-wind-blow","L33 card.world_geography.033.c3","L33 question.world_geography.033.q2","","","","","","corroborated","UCAR: air rises where winds meet at low pressure, and sinks at high pressure. Search summaries of National Geographic: because warm air rises, it leaves behind low pressure; wind comes from uneven heating by the Sun. (https://scied.ucar.edu/learning-zone/how-weather-works/highs-and-lows-air-pressure https://education.nationalgeographic.org/resource/wind/)",""
"fact.world_geography.equator_air_rises","source.noaa_trade_winds","unverified","Strong heating near the Equator lifts warm, moist air upward like a hot-air balloon.","https://oceanservice.noaa.gov/facts/tradewinds.html","L33 card.world_geography.033.c3; L40 card.world_geography.040.c2","L33 question.world_geography.033.q2","","","","","","corroborated","Britannica (Hadley cell): warm air must rise near the Equator. NOAA tutorial: trade winds meet near the Equator in the doldrums, where the air rises. (https://www.britannica.com/science/Hadley-cell https://oceanservice.noaa.gov/education/tutorial_currents/04currents2.html)",""
"fact.world_geography.coriolis_deflection","source.noaa_coriolis","unverified","Earth's rotation deflects moving air to the right in the Northern Hemisphere and to the left in the Southern; this is the Coriolis effect.","https://oceanservice.noaa.gov/education/tutorial_currents/04currents1.html","L33 card.world_geography.033.c4; L36 card.world_geography.036.c3; L40 card.world_geography.040.c3","L36 question.world_geography.036.q3","","","","","","corroborated","NOAA currents tutorial page 2: as air moves away from the Equator the Coriolis effect deflects it to the right (Northern Hemisphere). AOML: Coriolis makes storms turn counterclockwise in the north, clockwise in the south. (https://oceanservice.noaa.gov/education/tutorial_currents/04currents2.html https://www.aoml.noaa.gov/hrd-faq/)",""
"fact.world_geography.trade_winds_easterly","source.noaa_trade_winds","unverified","The trade winds are steady easterly winds near the Equator: they blow from the east toward the west.","https://oceanservice.noaa.gov/facts/tradewinds.html","L33 card.world_geography.033.c4","L33 question.world_geography.033.q3; L34 question.world_geography.034.q3; L40 question.world_geography.040.q3","","","","","","corroborated","NOAA currents tutorial: the prevailing trade winds meet near the Equator; Britannica (Hadley cell): the westward- and equatorward-flowing trade winds. (https://oceanservice.noaa.gov/education/tutorial_currents/04currents2.html https://www.britannica.com/science/Hadley-cell)",""
"fact.world_geography.trade_winds_sailing","source.noaa_trade_winds","unverified","The trade winds helped sailing ships from Europe and Africa cross the Atlantic to the Americas.","https://oceanservice.noaa.gov/facts/tradewinds.html","L33 card.world_geography.033.c1; L33 card.world_geography.033.c4","L33 question.world_geography.033.q3; L34 question.world_geography.034.q3; L40 question.world_geography.040.q3","","","","","","corroborated","NOAA currents tutorial: ships have historically used the trade winds on journeys between Europe and the Americas. (https://oceanservice.noaa.gov/education/tutorial_currents/04currents2.html)","one-page"
"fact.world_geography.orographic_rain","source.natgeo_rain_shadow","unverified","Air pushed up a mountain expands and cools; cool air holds less moisture, so clouds and rain form on the windward side.","https://education.nationalgeographic.org/resource/rain-shadow/","L34 card.world_geography.034.c2; L34 card.world_geography.034.c4","L34 question.world_geography.034.q2; L34 question.world_geography.034.q3","","","","","","corroborated","NPS Death Valley: as clouds rise over the ranges they cool and moisture falls as rain or snow on the western sides. NOAA windward/leeward: moist air rises to form clouds and rain on the windward side. (https://www.nps.gov/deva/learn/nature/weather-and-climate.htm https://oceanservice.noaa.gov/facts/windward-leeward.html)",""
"fact.world_geography.leeward_dry","source.natgeo_rain_shadow","unverified","As the air sinks down the far, leeward side, it warms and its clouds clear; that dry area is a rain shadow.","https://education.nationalgeographic.org/resource/rain-shadow/","L34 card.world_geography.034.c3; L34 card.world_geography.034.c4","L34 question.world_geography.034.q1; L34 question.world_geography.034.q3; L35 question.world_geography.035.q3; L40 question.world_geography.040.q4","","","","","","corroborated","NPS: by the time clouds reach the east side they have little moisture, creating a dry rainshadow. NOAA: on the leeward side the air warms and dries out. (https://www.nps.gov/deva/learn/nature/weather-and-climate.htm https://oceanservice.noaa.gov/facts/windward-leeward.html)",""
"fact.world_geography.death_valley_driest","source.nps_death_valley_weather","unverified","Death Valley, in a rain shadow, is the driest place in North America, averaging less than 5 cm of rain a year.","https://www.nps.gov/deva/learn/nature/weather-and-climate.htm","L34 card.world_geography.034.c3","L34 question.world_geography.034.q1; L35 question.world_geography.035.q3; L40 question.world_geography.040.q4","","","","","","corroborated","National Geographic Education: Death Valley is hot and dry because it is in the rain shadow of the Sierra Nevada. (https://education.nationalgeographic.org/resource/rain-shadow/)","one-page"
"fact.world_geography.death_valley_driest","source.natgeo_rain_shadow","unverified","Death Valley, in a rain shadow, is the driest place in North America, averaging less than 5 cm of rain a year.","https://education.nationalgeographic.org/resource/rain-shadow/","L34 card.world_geography.034.c3","L34 question.world_geography.034.q1; L35 question.world_geography.035.q3; L40 question.world_geography.040.q4","","","","","","corroborated","National Geographic Education: Death Valley is hot and dry because it is in the rain shadow of the Sierra Nevada. (https://education.nationalgeographic.org/resource/rain-shadow/)","one-page"
"fact.world_geography.hawaii_windward_leeward","source.noaa_windward_leeward","unverified","Hawaii's windward sides, facing the moist trade winds, are lush and green; Waikiki and Wailea sit on sunnier, drier leeward sides.","https://oceanservice.noaa.gov/facts/windward-leeward.html","L34 card.world_geography.034.c1; L34 card.world_geography.034.c4","L34 question.world_geography.034.q3","","","","","","corroborated","Climate of Hawaii summaries: most rain falls on the north and east (windward) flanks from the trade winds; south and west (leeward) sides are drier. (https://en.wikipedia.org/wiki/Climate_of_Hawaii https://www.hawaii-guide.com/blog/hawaii-microclimates-explained-windward-leeward)","weak-pages"
"fact.world_geography.trades_pick_up_moisture","source.noaa_windward_leeward","unverified","Trade winds pick up moisture as they blow across the ocean.","https://oceanservice.noaa.gov/facts/windward-leeward.html","L34 card.world_geography.034.c4","L34 question.world_geography.034.q3","","","","","","corroborated","Hawaii climate summaries: moist air pushed by the trades runs into windward mountains and rises, producing orographic rain. (https://en.wikipedia.org/wiki/Climate_of_Hawaii)","one-page weak-pages"
"fact.world_geography.monsoon_definition","source.natgeo_monsoon","unverified","A monsoon is a seasonal change in the direction of a region's main winds; the word comes from the Arabic mawsim, meaning season.","https://education.nationalgeographic.org/resource/monsoon/","L35 card.world_geography.035.c1","L35 question.world_geography.035.q1","","","","","","corroborated","Royal Meteorological Society (MetLink): monsoon comes from Arabic mausim, meaning season; the term means a seasonal wind. Etymonline: from Arabic mawsim, ""season"". (https://www.metlink.org/resource/monsoons/ https://www.etymonline.com/word/monsoon)",""
"fact.world_geography.monsoon_definition","source.brit_monsoon","unverified","A monsoon is a seasonal change in the direction of a region's main winds; the word comes from the Arabic mawsim, meaning season.","https://www.britannica.com/science/monsoon","L35 card.world_geography.035.c1","L35 question.world_geography.035.q1","","","","","","corroborated","Royal Meteorological Society (MetLink): monsoon comes from Arabic mausim, meaning season; the term means a seasonal wind. Etymonline: from Arabic mawsim, ""season"". (https://www.metlink.org/resource/monsoons/ https://www.etymonline.com/word/monsoon)",""
"fact.world_geography.monsoon_land_heats","source.brit_monsoon","unverified","In summer, land heats up faster than the ocean, so low pressure forms over land and draws in moist air from the sea.","https://www.britannica.com/science/monsoon","L35 card.world_geography.035.c2","L35 question.world_geography.035.q2","","","","","","corroborated","MetLink: in summer the land becomes warmer than the seas and the winter pressure pattern reverses, bringing moisture-laden winds. (https://www.metlink.org/resource/monsoons/)","one-page"
"fact.world_geography.monsoon_land_heats","source.brit_indian_monsoon","unverified","In summer, land heats up faster than the ocean, so low pressure forms over land and draws in moist air from the sea.","https://www.britannica.com/science/Indian-monsoon","L35 card.world_geography.035.c2","L35 question.world_geography.035.q2","","","","","","corroborated","MetLink: in summer the land becomes warmer than the seas and the winter pressure pattern reverses, bringing moisture-laden winds. (https://www.metlink.org/resource/monsoons/)","one-page"
"fact.world_geography.south_asia_summer_monsoon","source.brit_monsoon","unverified","South Asia's summer monsoon blows from the southwest, off the Indian Ocean, from about June to September, bringing heavy rain.","https://www.britannica.com/science/monsoon","L35 card.world_geography.035.c3","L35 question.world_geography.035.q3","","","","","","corroborated","NOAA CPC: the Indian summer monsoon typically lasts from June to September. National Geographic: warm, moist air from the Indian Ocean flows toward South Asia. (https://www.cpc.ncep.noaa.gov/products/assessments/assess_96/india.html https://education.nationalgeographic.org/resource/monsoon/)",""
"fact.world_geography.south_asia_summer_monsoon","source.brit_indian_monsoon","unverified","South Asia's summer monsoon blows from the southwest, off the Indian Ocean, from about June to September, bringing heavy rain.","https://www.britannica.com/science/Indian-monsoon","L35 card.world_geography.035.c3","L35 question.world_geography.035.q3","","","","","","corroborated","NOAA CPC: the Indian summer monsoon typically lasts from June to September. National Geographic: warm, moist air from the Indian Ocean flows toward South Asia. (https://www.cpc.ncep.noaa.gov/products/assessments/assess_96/india.html https://education.nationalgeographic.org/resource/monsoon/)",""
"fact.world_geography.india_three_quarters","source.brit_indian_monsoon","unverified","About three-quarters of India's yearly rain falls during the summer monsoon.","https://www.britannica.com/science/Indian-monsoon","L35 card.world_geography.035.c3","L35 question.world_geography.035.q3","","","","","","corroborated","IAS Gyan summary of an India Meteorological Department study: the southwest monsoon provides about 75% of India's annual rainfall. (https://www.iasgyan.in/daily-current-affairs/southwest-monsoon)","one-page"
"fact.world_geography.winter_monsoon_dry","source.brit_monsoon","unverified","In winter the pattern reverses: winds blow from the northeast and bring mostly dry weather.","https://www.britannica.com/science/monsoon","L35 card.world_geography.035.c3","L35 question.world_geography.035.q3","","","","","","corroborated","National Geographic: the winter monsoon (October to April) generally brings drier conditions. Britannica: winter winds come from the northeast. (https://education.nationalgeographic.org/resource/monsoon/)","one-page"
"fact.world_geography.winter_monsoon_dry","source.natgeo_monsoon","unverified","In winter the pattern reverses: winds blow from the northeast and bring mostly dry weather.","https://education.nationalgeographic.org/resource/monsoon/","L35 card.world_geography.035.c3","L35 question.world_geography.035.q3","","","","","","corroborated","National Geographic: the winter monsoon (October to April) generally brings drier conditions. Britannica: winter winds come from the northeast. (https://education.nationalgeographic.org/resource/monsoon/)","one-page"
"fact.world_geography.tibet_rain_shadow","source.natgeo_rain_shadow","unverified","The Tibetan Plateau lies in the rain shadow of the Himalaya, which gives it a dry climate.","https://education.nationalgeographic.org/resource/rain-shadow/","L35 card.world_geography.035.c3","L35 question.world_geography.035.q3","","","","","","corroborated","Wikipedia (rain shadow): the Tibetan Plateau is an example of a rain shadow; monsoon rains do not make it far past the Himalayas. (https://en.wikipedia.org/wiki/Rain_shadow)","one-page weak-pages"
"fact.world_geography.monsoon_farms_floods","source.natgeo_monsoon","unverified","Farms in South Asia depend on monsoon rain; late or weak monsoons hurt harvests, and very heavy ones cause floods.","https://education.nationalgeographic.org/resource/monsoon/","L35 card.world_geography.035.c1; L35 card.world_geography.035.c4","L35 question.world_geography.035.q1","","","","","","corroborated","Britannica (Indian monsoon): crops and water supplies depend entirely on monsoonal rains. (https://www.britannica.com/science/Indian-monsoon)","one-page"
"fact.world_geography.monsoon_seasonal_winds","source.brit_monsoon","unverified","A monsoon is a major wind system that reverses direction with the seasons; the word comes from the Arabic mawsim, 'season'.","https://www.britannica.com/science/monsoon","L68 card.world_geography.068.c3","L68 question.world_geography.068.q1; L68 question.world_geography.068.q2","","","","","","corroborated","NOAA describes a monsoon as a seasonal shift in wind direction; the word derives from Arabic mawsim, season. (https://www.etymonline.com/word/monsoon https://www.nesdis.noaa.gov/about/k-12-education/severe-weather/what-monsoon)",""
"fact.world_geography.monsoon_sea_land","source.brit_monsoon","unverified","Land heats and cools more than the ocean, so monsoon winds usually blow from sea to land in summer and from land to sea in winter.","https://www.britannica.com/science/monsoon","L68 card.world_geography.068.c3","L68 question.world_geography.068.q1; L68 question.world_geography.068.q2","","","","","","corroborated","Penn State Meteorology: monsoons act like giant sea and land breezes, driven by land heating faster than the ocean in summer. (https://courses.ems.psu.edu/meteo3/node/2271)","one-page"
"fact.world_geography.india_summer_monsoon_rain","source.brit_indian_monsoon","unverified","India's summer monsoon, from about mid-June to early October, brings moist winds from the Indian Ocean and about three-quarters of the country's yearly rain.","https://www.britannica.com/science/Indian-monsoon","L68 card.world_geography.068.c1; L68 card.world_geography.068.c3","L68 question.world_geography.068.q1; L68 question.world_geography.068.q2","","","","","","corroborated","NOAA CPC: June to September brings most of India's annual rain (over 90% in large areas of western and central India); sources commonly give about three-quarters nationally. (https://www.cpc.ncep.noaa.gov/products/assessments/assess_96/india.html)","one-page"
"fact.world_geography.monsoon_harvests","source.brit_indian_monsoon","unverified","Good monsoon years bring bumper crops in India, while poor rains can cause crop failure, especially where there's no irrigation.","https://www.britannica.com/science/Indian-monsoon","L68 card.world_geography.068.c1; L68 card.world_geography.068.c4","L68 question.world_geography.068.q2","","","","","","corroborated","NOAA assessments tie India's crop production closely to monsoon rainfall. (https://www.cpc.ncep.noaa.gov/products/assessments/assess_97/asia.html)","one-page"
"fact.world_geography.cyclone_warm_water","source.nesdis_hurricanes_form","unverified","Tropical cyclones form over ocean water of about 27°C (80°F) or warmer; warm, moist air rises, cools and condenses into clouds.","https://www.nesdis.noaa.gov/about/k-12-education/severe-weather/how-do-hurricanes-form","L36 card.world_geography.036.c2","L36 question.world_geography.036.q2","","","","","","corroborated","AOML: ocean waters should be 80 F at the surface. NESDIS: warm waters evaporate, warm moist air rises and condenses into clouds. (https://www.aoml.noaa.gov/hrd-faq/ https://www.nesdis.noaa.gov/about/k-12-education/severe-weather/how-do-hurricanes-form)",""
"fact.world_geography.cyclone_warm_water","source.aoml_hurricane_faq","unverified","Tropical cyclones form over ocean water of about 27°C (80°F) or warmer; warm, moist air rises, cools and condenses into clouds.","https://www.aoml.noaa.gov/hrd-faq/","L36 card.world_geography.036.c2","L36 question.world_geography.036.q2","","","","","","corroborated","AOML: ocean waters should be 80 F at the surface. NESDIS: warm waters evaporate, warm moist air rises and condenses into clouds. (https://www.aoml.noaa.gov/hrd-faq/ https://www.nesdis.noaa.gov/about/k-12-education/severe-weather/how-do-hurricanes-form)",""
"fact.world_geography.hurricane_74mph","source.noaa_hurricane_typhoon","unverified","A tropical cyclone becomes a hurricane or typhoon when its sustained winds reach 119 km/h (74 mph).","https://oceanservice.noaa.gov/facts/cyclone.html","L36 card.world_geography.036.c2","L36 question.world_geography.036.q2","","","","","","corroborated","NHC climatology: a hurricane is a tropical cyclone with maximum sustained winds of 74 mph or higher. NESDIS agrees. (https://www.nhc.noaa.gov/climo/ https://www.nesdis.noaa.gov/about/k-12-education/severe-weather/how-do-hurricanes-form)",""
"fact.world_geography.cyclone_weakens_land","source.nesdis_hurricanes_form","unverified","Over land, a tropical cyclone is cut off from its warm, moist ocean air and its winds weaken.","https://www.nesdis.noaa.gov/about/k-12-education/severe-weather/how-do-hurricanes-form","L36 card.world_geography.036.c2","L36 question.world_geography.036.q2","","","","","","corroborated","AOML: over land a hurricane is cut off from warm, moist maritime air, leading to weakening. NESDIS: once it hits land it runs out of warm, moist air. (https://www.aoml.noaa.gov/hrd-faq/ https://www.nesdis.noaa.gov/about/k-12-education/severe-weather/how-do-hurricanes-form)",""
"fact.world_geography.cyclone_weakens_land","source.aoml_hurricane_faq","unverified","Over land, a tropical cyclone is cut off from its warm, moist ocean air and its winds weaken.","https://www.aoml.noaa.gov/hrd-faq/","L36 card.world_geography.036.c2","L36 question.world_geography.036.q2","","","","","","corroborated","AOML: over land a hurricane is cut off from warm, moist maritime air, leading to weakening. NESDIS: once it hits land it runs out of warm, moist air. (https://www.aoml.noaa.gov/hrd-faq/ https://www.nesdis.noaa.gov/about/k-12-education/severe-weather/how-do-hurricanes-form)",""
"fact.world_geography.cyclone_spin","source.aoml_hurricane_faq","unverified","The Coriolis effect makes tropical cyclones spin counterclockwise in the Northern Hemisphere and clockwise in the Southern.","https://www.aoml.noaa.gov/hrd-faq/","L36 card.world_geography.036.c3","L36 question.world_geography.036.q3","","","","","","corroborated","NOAA currents tutorial: Coriolis deflection is to the right in the north and left in the south, which sets the opposite rotation. (https://oceanservice.noaa.gov/education/tutorial_currents/04currents1.html)","one-page"
"fact.world_geography.cyclone_not_at_equator","source.aoml_hurricane_faq","unverified","The Coriolis effect is zero at the Equator, so tropical cyclones form some distance away from it.","https://www.aoml.noaa.gov/hrd-faq/","L36 card.world_geography.036.c3","L36 question.world_geography.036.q3","","","","","","corroborated","Newsweek quoting NOAA and UMass Lowell scientists: the Coriolis effect is essentially zero at the equator, so there is not enough background spin to organize tropical cyclones there. (https://www.newsweek.com/hurricane-crossing-equator-weather-physics-1790522)","one-page"
"fact.world_geography.same_storm_names","source.noaa_hurricane_typhoon","unverified","Hurricanes, typhoons and cyclones are the same kind of storm, a tropical cyclone; the only difference is where it happens.","https://oceanservice.noaa.gov/facts/cyclone.html","L36 card.world_geography.036.c1","L36 question.world_geography.036.q1","","","","","","corroborated","NHC: in the western North Pacific, hurricanes are called typhoons; similar storms in the Indian Ocean and South Pacific are called cyclones. (https://www.nhc.noaa.gov/climo/)","one-page"
"fact.world_geography.names_by_ocean","source.noaa_hurricane_typhoon","unverified","It's a hurricane in the North Atlantic and central and eastern North Pacific, a typhoon in the Northwest Pacific, a cyclone in the South Pacific and Indian Ocean.","https://oceanservice.noaa.gov/facts/cyclone.html","L36 card.world_geography.036.c4","L36 question.world_geography.036.q1","","","","","","corroborated","NHC climatology page gives the same regional naming. (https://www.nhc.noaa.gov/climo/)","one-page"
"fact.world_geography.thunderstorm_ingredients","source.nesdis_thunderstorm","unverified","A thunderstorm needs moisture, unstable air (warm, moist air below cold, dry air) and lift, such as a mountain slope or colliding air.","https://www.nesdis.noaa.gov/about/k-12-education/severe-weather/what-causes-thunderstorm","L37 card.world_geography.037.c2","","","","","","","corroborated","NSSL Severe Weather 101: three ingredients, moisture, rising unstable air and a lifting mechanism such as hills, mountains or colliding air. (https://www.nssl.noaa.gov/education/svrwx101/thunderstorms/)","one-page"
"fact.world_geography.updrafts_downdrafts","source.nesdis_thunderstorm","unverified","As the air keeps rising, the storm cloud grows taller, with strong updrafts and downdrafts inside.","https://www.nesdis.noaa.gov/about/k-12-education/severe-weather/what-causes-thunderstorm","L37 card.world_geography.037.c2","","","","","","","corroborated","NSSL: rising air transfers heat upward, condenses and forms a cloud that grows; the thunderstorm has updrafts and downdrafts. (https://www.nssl.noaa.gov/education/svrwx101/thunderstorms/)","one-page"
"fact.world_geography.lightning_discharge","source.metoffice_thunder_lightning","unverified","Lightning is a huge electrical discharge between clouds, or from a cloud to the ground.","https://weather.metoffice.gov.uk/learn-about/weather/types-of-weather/thunder-and-lightning","L37 card.world_geography.037.c3","L37 question.world_geography.037.q2; L37 question.world_geography.037.q3","","","","","","corroborated","NWS thunder page: lightning discharge passes through the air and heats it. (https://www.weather.gov/safety/lightning-science-thunder)","one-page"
"fact.world_geography.lightning_30000","source.metoffice_thunder_lightning","unverified","Lightning heats its channel of air to as much as 30,000°C, about five times hotter than the surface of the Sun.","https://weather.metoffice.gov.uk/learn-about/weather/types-of-weather/thunder-and-lightning","L37 card.world_geography.037.c3","L37 question.world_geography.037.q2; L37 question.world_geography.037.q3","","","","","","corroborated","NWS: air in the lightning channel may reach 50,000 F, 5 times hotter than the surface of the Sun (50,000 F is about 27,800 C; other NWS pages give 54,000 F / 30,000 C). (https://www.weather.gov/safety/lightning-science-thunder)","one-page"
"fact.world_geography.lightning_30000","source.nws_thunder","unverified","Lightning heats its channel of air to as much as 30,000°C, about five times hotter than the surface of the Sun.","https://www.weather.gov/safety/lightning-science-thunder","L37 card.world_geography.037.c3","L37 question.world_geography.037.q2; L37 question.world_geography.037.q3","","","","","","corroborated","NWS: air in the lightning channel may reach 50,000 F, 5 times hotter than the surface of the Sun (50,000 F is about 27,800 C; other NWS pages give 54,000 F / 30,000 C). (https://www.weather.gov/safety/lightning-science-thunder)","one-page"
"fact.world_geography.thunder_expansion","source.nws_thunder","unverified","Thunder is the sound of air heated by lightning expanding violently.","https://www.weather.gov/safety/lightning-science-thunder","L37 card.world_geography.037.c3","L37 question.world_geography.037.q2; L37 question.world_geography.037.q3","","","","","","corroborated","Met Office: thunder is the sound produced by the rapid heating of air by a lightning strike. (https://weather.metoffice.gov.uk/learn-about/weather/types-of-weather/thunder-and-lightning)","one-page"
"fact.world_geography.thunder_expansion","source.metoffice_thunder_lightning","unverified","Thunder is the sound of air heated by lightning expanding violently.","https://weather.metoffice.gov.uk/learn-about/weather/types-of-weather/thunder-and-lightning","L37 card.world_geography.037.c3","L37 question.world_geography.037.q2; L37 question.world_geography.037.q3","","","","","","corroborated","Met Office: thunder is the sound produced by the rapid heating of air by a lightning strike. (https://weather.metoffice.gov.uk/learn-about/weather/types-of-weather/thunder-and-lightning)","one-page"
"fact.world_geography.thunder_count_seconds","source.metoffice_thunder_lightning","unverified","Thunder takes about 3 seconds to travel 1 km, so counting from flash to thunder tells you how far away the lightning is.","https://weather.metoffice.gov.uk/learn-about/weather/types-of-weather/thunder-and-lightning","L37 card.world_geography.037.c1; L37 card.world_geography.037.c3","L37 question.world_geography.037.q2; L37 question.world_geography.037.q3","","","","","","corroborated","NWS: sound of thunder takes about 5 seconds to travel a mile (about 3 seconds per km). (https://www.weather.gov/safety/lightning-science-thunder)","one-page"
"fact.world_geography.thunder_count_seconds","source.nws_thunder","unverified","Thunder takes about 3 seconds to travel 1 km, so counting from flash to thunder tells you how far away the lightning is.","https://www.weather.gov/safety/lightning-science-thunder","L37 card.world_geography.037.c1; L37 card.world_geography.037.c3","L37 question.world_geography.037.q2; L37 question.world_geography.037.q3","","","","","","corroborated","NWS: sound of thunder takes about 5 seconds to travel a mile (about 3 seconds per km). (https://www.weather.gov/safety/lightning-science-thunder)","one-page"
"fact.world_geography.tornado_definition","source.natgeo_tornadoes","unverified","A tornado is a violently rotating column of air that reaches from a thunderstorm down to the ground.","https://www.nationalgeographic.com/environment/article/tornadoes","L37 card.world_geography.037.c4","L37 question.world_geography.037.q1","","","","","","corroborated","NWS Louisville: a violently rotating column of air extending from a cumuliform cloud and in contact with the ground. (https://www.weather.gov/lmk/tornadoesfaq)","one-page"
"fact.world_geography.tornado_definition","source.nws_tornado_faq","unverified","A tornado is a violently rotating column of air that reaches from a thunderstorm down to the ground.","https://www.weather.gov/lmk/tornadoesfaq","L37 card.world_geography.037.c4","L37 question.world_geography.037.q1","","","","","","corroborated","NWS Louisville: a violently rotating column of air extending from a cumuliform cloud and in contact with the ground. (https://www.weather.gov/lmk/tornadoesfaq)","one-page"
"fact.world_geography.supercells","source.natgeo_tornadoes","unverified","The strongest tornadoes usually come from supercells, large thunderstorms whose winds are already rotating.","https://www.nationalgeographic.com/environment/article/tornadoes","L37 card.world_geography.037.c4","L37 question.world_geography.037.q1","","","","","","corroborated","NWS Louisville: strong and violent tornadoes are most likely with supercell thunderstorms. (https://www.weather.gov/lmk/tornadoesfaq)","one-page"
"fact.world_geography.supercells","source.nws_tornado_faq","unverified","The strongest tornadoes usually come from supercells, large thunderstorms whose winds are already rotating.","https://www.weather.gov/lmk/tornadoesfaq","L37 card.world_geography.037.c4","L37 question.world_geography.037.q1","","","","","","corroborated","NWS Louisville: strong and violent tornadoes are most likely with supercell thunderstorms. (https://www.weather.gov/lmk/tornadoesfaq)","one-page"
"fact.world_geography.us_most_tornadoes","source.natgeo_tornadoes","unverified","The United States has more tornadoes than any other country, most of them on the central plains east of the Rocky Mountains.","https://www.nationalgeographic.com/environment/article/tornadoes","L37 card.world_geography.037.c4","L37 question.world_geography.037.q1","","","","","","corroborated","NOAA JetStream (search result): more tornadoes strike the central United States than any other place in the world. NSSL: the US has more tornadoes than anywhere else. (https://www.noaa.gov/jetstream/thunderstorms/thunderstorm-hazards-tornadoes https://www.nssl.noaa.gov/education/svrwx101/tornadoes/)",""
"fact.world_geography.us_most_tornadoes","source.nws_tornado_faq","unverified","The United States has more tornadoes than any other country, most of them on the central plains east of the Rocky Mountains.","https://www.weather.gov/lmk/tornadoesfaq","L37 card.world_geography.037.c4","L37 question.world_geography.037.q1","","","","","","corroborated","NOAA JetStream (search result): more tornadoes strike the central United States than any other place in the world. NSSL: the US has more tornadoes than anywhere else. (https://www.noaa.gov/jetstream/thunderstorms/thunderstorm-hazards-tornadoes https://www.nssl.noaa.gov/education/svrwx101/tornadoes/)",""
"fact.world_geography.koppen_1900","source.brit_koppen","unverified","The most widely used climate classification today was introduced in 1900 by Wladimir Köppen, a German climatologist.","https://www.britannica.com/science/Koppen-climate-classification","L38 card.world_geography.038.c2","L38 question.world_geography.038.q1","","","","","","corroborated","NESDIS: Wladimir Koppen developed the system in the late 1800s and early 1900s. National Geographic: first developed at the end of the 19th century. (https://www.nesdis.noaa.gov/about/k-12-education/understanding-our-planet/what-are-the-different-climate-types https://education.nationalgeographic.org/resource/koppen-climate-classification-system/)",""
"fact.world_geography.koppen_vegetation","source.brit_koppen","unverified","Köppen drew his climate borders to match vegetation zones, since what grows in a place depends on its temperature and rainfall.","https://www.britannica.com/science/Koppen-climate-classification","L38 card.world_geography.038.c2","L38 question.world_geography.038.q1","","","","","","corroborated","National Geographic: vegetation and climate are intricately linked; vegetation depends on temperature and precipitation. (https://education.nationalgeographic.org/resource/koppen-climate-classification-system/)","one-page"
"fact.world_geography.koppen_vegetation","source.natgeo_koppen","unverified","Köppen drew his climate borders to match vegetation zones, since what grows in a place depends on its temperature and rainfall.","https://education.nationalgeographic.org/resource/koppen-climate-classification-system/","L38 card.world_geography.038.c2","L38 question.world_geography.038.q1","","","","","","corroborated","National Geographic: vegetation and climate are intricately linked; vegetation depends on temperature and precipitation. (https://education.nationalgeographic.org/resource/koppen-climate-classification-system/)","one-page"
"fact.world_geography.koppen_five_groups","source.brit_koppen","unverified","Köppen's five main climate groups are tropical, dry, temperate, continental and polar.","https://www.britannica.com/science/Koppen-climate-classification","L38 card.world_geography.038.c2","L38 question.world_geography.038.q1","","","","","","corroborated","NESDIS lists five climate types: tropical, dry, temperate, continental, polar. National Geographic lists zones A to E. (https://www.nesdis.noaa.gov/about/k-12-education/understanding-our-planet/what-are-the-different-climate-types)","one-page"
"fact.world_geography.koppen_five_groups","source.natgeo_koppen","unverified","Köppen's five main climate groups are tropical, dry, temperate, continental and polar.","https://education.nationalgeographic.org/resource/koppen-climate-classification-system/","L38 card.world_geography.038.c2","L38 question.world_geography.038.q1","","","","","","corroborated","NESDIS lists five climate types: tropical, dry, temperate, continental, polar. National Geographic lists zones A to E. (https://www.nesdis.noaa.gov/about/k-12-education/understanding-our-planet/what-are-the-different-climate-types)","one-page"
"fact.world_geography.koppen_five_groups","source.nesdis_climate_types","unverified","Köppen's five main climate groups are tropical, dry, temperate, continental and polar.","https://www.nesdis.noaa.gov/about/k-12-education/understanding-our-planet/what-are-the-different-climate-types","L38 card.world_geography.038.c2","L38 question.world_geography.038.q1","","","","","","corroborated","NESDIS lists five climate types: tropical, dry, temperate, continental, polar. National Geographic lists zones A to E. (https://www.nesdis.noaa.gov/about/k-12-education/understanding-our-planet/what-are-the-different-climate-types)","one-page"
"fact.world_geography.greek_five_zones","source.brit_climate_classification","unverified","Ancient Greek geographers divided Earth into five zones: a torrid zone between the tropics, two temperate zones, and two frigid zones beyond the polar circles.","https://www.britannica.com/science/classification-1703397","L38 card.world_geography.038.c1","L38 question.world_geography.038.q3","","","","","","corroborated","NYU ISAW: the Greeks saw Earth divided into five zones (frigid Arctic, northern temperate, torrid tropics, southern temperate, frigid south). Wikipedia (torrid zone): torrid zone from Tropic of Cancer to Capricorn, temperate to the polar circles. (https://isaw.nyu.edu/exhibitions/space/banner03.html https://en.wikipedia.org/wiki/Torrid_zone)",""
"fact.world_geography.tropical_hot_wet","source.nesdis_climate_types","unverified","Tropical climates, closest to the Equator, are hot and humid all year, with heavy rainfall.","https://www.nesdis.noaa.gov/about/k-12-education/understanding-our-planet/what-are-the-different-climate-types","L38 card.world_geography.038.c3","L40 question.world_geography.040.q5","","","","","","corroborated","WorldAtlas (Köppen): tropical climates are non-arid, with mean temperatures of about 18 C or more all year. (https://www.worldatlas.com/articles/what-is-the-koppen-climate-classification-system.html)","one-page"
"fact.world_geography.dry_little_rain","source.nesdis_climate_types","unverified","Dry climates get very little precipitation, and moisture evaporates quickly from the air.","https://www.nesdis.noaa.gov/about/k-12-education/understanding-our-planet/what-are-the-different-climate-types","L38 card.world_geography.038.c3","L40 question.world_geography.040.q5","","","","","","corroborated","WorldAtlas (Köppen): dry climates receive little rainfall compared to their potential evapotranspiration. (https://www.worldatlas.com/articles/what-is-the-koppen-climate-classification-system.html)","one-page"
"fact.world_geography.subtropical_deserts","source.natgeo_desert","unverified","Many big hot deserts, including the Sahara, lie about 15 to 30 degrees north or south of the Equator.","https://education.nationalgeographic.org/resource/desert/","L38 card.world_geography.038.c3","L40 question.world_geography.040.q5","","","","","","corroborated","Wikipedia (Hadley cell): many of Earth's deserts and arid regions lie in the subtropics, under the sinking branches near 30 degrees latitude; Britannica (Hadley cell) ties the circulation to the extent of deserts. (https://en.wikipedia.org/wiki/Hadley_cell https://www.britannica.com/science/Hadley-cell)",""
"fact.world_geography.temperate_mild","source.nesdis_climate_types","unverified","Temperate climates typically have warm, humid summers with thunderstorms, and mild winters.","https://www.nesdis.noaa.gov/about/k-12-education/understanding-our-planet/what-are-the-different-climate-types","L38 card.world_geography.038.c3","L40 question.world_geography.040.q5","","","","","","corroborated","National Geographic: Zone C is the warm/mild temperate zone. (https://education.nationalgeographic.org/resource/koppen-climate-classification-system/)","one-page"
"fact.world_geography.continental_interior","source.brit_continental_climate","unverified","Continental climates, with warm summers and very cold winters, lie inside large landmasses, far from the ocean's moderating influence.","https://www.britannica.com/science/continental-climate","L38 card.world_geography.038.c4","L38 question.world_geography.038.q2","","","","","","corroborated","NESDIS: continental regions have warm to cool summers and very cold winters. Search summaries: continental climates are defined by distance from large bodies of water. (https://www.nesdis.noaa.gov/about/k-12-education/understanding-our-planet/what-are-the-different-climate-types https://en.wikipedia.org/wiki/Continental_climate)",""
"fact.world_geography.continental_interior","source.nesdis_climate_types","unverified","Continental climates, with warm summers and very cold winters, lie inside large landmasses, far from the ocean's moderating influence.","https://www.nesdis.noaa.gov/about/k-12-education/understanding-our-planet/what-are-the-different-climate-types","L38 card.world_geography.038.c4","L38 question.world_geography.038.q2","","","","","","corroborated","NESDIS: continental regions have warm to cool summers and very cold winters. Search summaries: continental climates are defined by distance from large bodies of water. (https://www.nesdis.noaa.gov/about/k-12-education/understanding-our-planet/what-are-the-different-climate-types https://en.wikipedia.org/wiki/Continental_climate)",""
"fact.world_geography.polar_cold_summer","source.nesdis_climate_types","unverified","Polar climates, near the poles, stay cold even in summer: the warmest month averages below about 10°C.","https://www.nesdis.noaa.gov/about/k-12-education/understanding-our-planet/what-are-the-different-climate-types","L38 card.world_geography.038.c4","L38 question.world_geography.038.q2","","","","","","corroborated","WorldAtlas (Köppen): in polar climates even the warmest month stays below 10 C. (https://www.worldatlas.com/articles/what-is-the-koppen-climate-classification-system.html)","one-page"
"fact.world_geography.greenhouse_traps_heat","source.nasa_greenhouse_effect","unverified","Greenhouse gases such as carbon dioxide, methane and water vapor trap some of Earth's heat near the surface.","https://science.nasa.gov/climate-change/faq/what-is-the-greenhouse-effect/","L39 card.world_geography.039.c2","L39 question.world_geography.039.q1; L39 question.world_geography.039.q2","","","","","","corroborated","Wikipedia (greenhouse effect): sunlight warms the surface, which emits infrared; water vapor, carbon dioxide and methane absorb it and keep heat from escaping to space. (https://en.wikipedia.org/wiki/Greenhouse_effect)","one-page weak-pages"
"fact.world_geography.greenhouse_minus_18","source.nasa_global_warming","unverified","Without the natural greenhouse effect, Earth's average surface temperature would be about -18°C instead of about 15°C.","https://science.nasa.gov/earth/climate-change/global-warming/","L39 card.world_geography.039.c1; L39 card.world_geography.039.c2","L39 question.world_geography.039.q1; L39 question.world_geography.039.q2","","","","","","corroborated","Wikipedia (greenhouse effect): without it Earth's average surface temperature would be about -18 C instead of about 15 C. NASA greenhouse FAQ: a drop of about 33 C. (https://en.wikipedia.org/wiki/Greenhouse_effect https://science.nasa.gov/climate-change/faq/what-is-the-greenhouse-effect/)",""
"fact.world_geography.co2_up_50","source.nasa_co2_indicator","unverified","Carbon dioxide in the air has risen by more than 50% since industrial times began in the 1700s, mainly from burning coal, oil and gas.","https://science.nasa.gov/earth/explore/earth-indicators/carbon-dioxide/","L39 card.world_geography.039.c3","","","","","","","corroborated","NOAA Climate.gov: atmospheric CO2 is now 50 percent higher than before the Industrial Revolution, mostly from burning fossil fuels. NOAA news release: more than 50% higher than pre-industrial. (https://www.climate.gov/news-features/understanding-climate/climate-change-atmospheric-carbon-dioxide https://www.noaa.gov/news-release/carbon-dioxide-now-more-than-50-higher-than-pre-industrial-levels)",""
"fact.world_geography.warmed_1c","source.nasa_climate_evidence","unverified","Earth's average surface temperature has risen about 1°C since the late 1800s.","https://science.nasa.gov/climate-change/evidence/","L39 card.world_geography.039.c3","","","","","","","corroborated","NOAA Climate.gov: Earth's temperature has risen about 2 F (about 1.1 C) in total since 1850. (https://www.climate.gov/news-features/understanding-climate/climate-change-global-temperature)","one-page"
"fact.world_geography.human_main_cause","source.nasa_climate_evidence","unverified","Human activity is the main cause of today's warming.","https://science.nasa.gov/climate-change/evidence/","L39 card.world_geography.039.c3","","","","","","","corroborated","NOAA Climate.gov citing the IPCC: human activities, principally through emissions of greenhouse gases, have unequivocally caused global warming. (https://www.climate.gov/news-features/understanding-climate/climate-change-global-temperature)","one-page"
"fact.world_geography.warming_10x_faster","source.nasa_climate_evidence","unverified","Today's warming is roughly 10 times faster than the average rate of warming after an ice age.","https://science.nasa.gov/climate-change/evidence/","L39 card.world_geography.039.c3","","","","","","","corroborated","NASA Global Warming (Earth Observatory): the past century's warming is roughly ten times faster than the average rate of ice-age-recovery warming. (https://science.nasa.gov/earth/climate-change/global-warming/)","one-page"
"fact.world_geography.sea_level_20cm","source.nasa_climate_evidence","unverified","Global sea level rose about 20 cm in the last century, and it is now rising faster.","https://science.nasa.gov/climate-change/evidence/","L39 card.world_geography.039.c4","L39 question.world_geography.039.q3","","","","","","corroborated","NOAA Climate.gov: global mean sea level has risen about 8 to 9 inches (21 to 24 cm) since 1880, and the rate has more than doubled. (https://www.climate.gov/news-features/understanding-climate/climate-change-global-sea-level)","one-page"
"fact.world_geography.hadley_rise","source.brit_hadley_cell","unverified","In the Hadley cell, warm air rises near the Equator, cools and drops its moisture as heavy rain, then flows toward the poles high in the sky.","https://www.britannica.com/science/Hadley-cell","L40 card.world_geography.040.c2","L40 question.world_geography.040.q2; L40 question.world_geography.040.q5","","","","","","corroborated","Wikipedia (Hadley cell): heated tropical air ascends, moves poleward aloft; the rising branch at the ITCZ is where the heaviest rains fall. (https://en.wikipedia.org/wiki/Hadley_cell)","one-page weak-pages"
"fact.world_geography.hadley_rise","source.natgeo_desert","unverified","In the Hadley cell, warm air rises near the Equator, cools and drops its moisture as heavy rain, then flows toward the poles high in the sky.","https://education.nationalgeographic.org/resource/desert/","L40 card.world_geography.040.c2","L40 question.world_geography.040.q2; L40 question.world_geography.040.q5","","","","","","corroborated","Wikipedia (Hadley cell): heated tropical air ascends, moves poleward aloft; the rising branch at the ITCZ is where the heaviest rains fall. (https://en.wikipedia.org/wiki/Hadley_cell)","one-page weak-pages"
"fact.world_geography.hadley_sink","source.natgeo_desert","unverified","Around 30° north and south, the dry air sinks and warms; sinking air blocks clouds, so little rain falls and deserts form.","https://education.nationalgeographic.org/resource/desert/","L40 card.world_geography.040.c3","L40 question.world_geography.040.q1; L40 question.world_geography.040.q3; L40 question.world_geography.040.q4","","","","","","corroborated","Wikipedia (Hadley cell): air descends around 30 degrees latitude in the subtropics; many deserts lie under the sinking branches. (https://en.wikipedia.org/wiki/Hadley_cell)","one-page weak-pages"
"fact.world_geography.hadley_sink","source.brit_hadley_cell","unverified","Around 30° north and south, the dry air sinks and warms; sinking air blocks clouds, so little rain falls and deserts form.","https://www.britannica.com/science/Hadley-cell","L40 card.world_geography.040.c3","L40 question.world_geography.040.q1; L40 question.world_geography.040.q3; L40 question.world_geography.040.q4","","","","","","corroborated","Wikipedia (Hadley cell): air descends around 30 degrees latitude in the subtropics; many deserts lie under the sinking branches. (https://en.wikipedia.org/wiki/Hadley_cell)","one-page weak-pages"
"fact.world_geography.hadley_return_trades","source.brit_hadley_cell","unverified","Near the ground the air flows back toward the Equator, and this return flow is the trade winds.","https://www.britannica.com/science/Hadley-cell","L40 card.world_geography.040.c3","L40 question.world_geography.040.q1; L40 question.world_geography.040.q3; L40 question.world_geography.040.q4","","","","","","corroborated","Wikipedia (Hadley cell): subtropical air sinks and returns equatorward as the surface trade winds. NOAA tutorial: trade winds meet near the Equator. (https://en.wikipedia.org/wiki/Hadley_cell https://oceanservice.noaa.gov/education/tutorial_currents/04currents2.html)",""
"fact.world_geography.hadley_1735","source.brit_hadley_cell","unverified","George Hadley proposed this loop of air in 1735 to explain the trade winds, and it now carries his name: the Hadley cell.","https://www.britannica.com/science/Hadley-cell","L40 card.world_geography.040.c4","","","","","","","corroborated","Wikipedia (Hadley cell): George Hadley proposed the circulation in 1735 in ""On the Cause of the General Trade Winds"". (https://en.wikipedia.org/wiki/Hadley_cell)","one-page weak-pages"
"fact.world_geography.biome_definition","source.natgeo_five_biomes","unverified","A biome is a large area characterized by its vegetation, soil, climate and wildlife.","https://education.nationalgeographic.org/resource/five-major-types-biomes/","L41 card.world_geography.041.c2","L41 question.world_geography.041.q3; L50 question.world_geography.050.q1","","","","","","corroborated","Britannica defines a biome as a major community of plants and animals with similar life forms and environmental conditions; NASA calls it a community of plants and animals living in a certain kind of climate. (https://www.britannica.com/science/biome https://science.nasa.gov/kids/earth/mission-biomes)",""
"fact.world_geography.biome_definition","source.brit_biome","unverified","A biome is a large area characterized by its vegetation, soil, climate and wildlife.","https://www.britannica.com/science/biome","L41 card.world_geography.041.c2","L41 question.world_geography.041.q3; L50 question.world_geography.050.q1","","","","","","corroborated","Britannica defines a biome as a major community of plants and animals with similar life forms and environmental conditions; NASA calls it a community of plants and animals living in a certain kind of climate. (https://www.britannica.com/science/biome https://science.nasa.gov/kids/earth/mission-biomes)",""
"fact.world_geography.biome_named_vegetation","source.brit_biome","unverified","Biomes are usually named for their dominant type of vegetation, such as grassland or coniferous forest.","https://www.britannica.com/science/biome","L41 card.world_geography.041.c2","L41 question.world_geography.041.q3; L50 question.world_geography.050.q1","","","","","","corroborated","NASA Mission: Biomes names biomes by their main vegetation (rainforest, grassland, coniferous forest, shrubland); National Geographic names grassland and forest biomes by their dominant plants. (https://science.nasa.gov/kids/earth/mission-biomes https://education.nationalgeographic.org/resource/five-major-types-biomes/)",""
"fact.world_geography.five_biome_types","source.natgeo_five_biomes","unverified","The five major types of biomes are aquatic, grassland, forest, desert and tundra.","https://education.nationalgeographic.org/resource/five-major-types-biomes/","L41 card.world_geography.041.c2","L41 question.world_geography.041.q3; L50 question.world_geography.050.q1","","","","","","corroborated","OER Commons and the Maricopa environmental biology text list the same five major types: aquatic, grassland, forest, desert and tundra. (https://oercommons.org/courseware/lesson/109577/student/?section=3 https://open.maricopa.edu/oerenvbio/chapter/__unknown__-6/)",""
"fact.world_geography.aquatic_biomes","source.natgeo_five_biomes","unverified","Aquatic biomes include freshwater and marine biomes; marine biomes, which include the ocean, coral reefs and estuaries, cover close to three-quarters of Earth's surface.","https://education.nationalgeographic.org/resource/five-major-types-biomes/","L41 card.world_geography.041.c2","L41 question.world_geography.041.q3; L50 question.world_geography.050.q1","","","","","","corroborated","OER Commons reproduces the same statement (freshwater and marine biomes; marine biomes cover close to three-quarters of the surface), consistent with the 71% water figure in Level 1. (https://oercommons.org/courseware/lesson/109577/student/?section=3)","one-page"
"fact.world_geography.biomes_by_climate","source.serc_climate_biomes","unverified","A simple way to organize biomes is by their climate: temperature and precipitation.","https://serc.carleton.edu/eslabs/weather/4a.html","L41 card.world_geography.041.c3; L50 card.world_geography.050.c3","L41 question.world_geography.041.q1; L44 question.world_geography.044.q3; L45 question.world_geography.045.q3; L50 question.world_geography.050.q6","","","","","","corroborated","Whittaker's biome scheme classifies biomes by mean annual temperature and precipitation; NASA's Mission: Biomes matches temperature and precipitation graphs to biomes. (https://en.wikipedia.org/wiki/Biome https://science.nasa.gov/kids/earth/mission-biomes)",""
"fact.world_geography.biomes_similar_everywhere","source.serc_climate_biomes","unverified","Wherever a biome occurs on the planet, it has similar types of vegetation and animal life.","https://serc.carleton.edu/eslabs/weather/4a.html","L41 card.world_geography.041.c3","L41 question.world_geography.041.q1; L44 question.world_geography.044.q3; L45 question.world_geography.045.q3; L50 question.world_geography.050.q6","","","","","","corroborated","Britannica: a biome type groups similar biomes on different continents, such as the deciduous forests of Asia, Europe and North America. (https://www.britannica.com/science/biome)","one-page"
"fact.world_geography.biome_dial_examples","source.natgeo_five_biomes","unverified","Climates that are hot and wet all year grow tropical rainforest, while very dry climates make desert.","https://education.nationalgeographic.org/resource/five-major-types-biomes/","L41 card.world_geography.041.c3","L41 question.world_geography.041.q1; L44 question.world_geography.044.q3; L45 question.world_geography.045.q3; L50 question.world_geography.050.q6","","","","","","corroborated","Britannica: tropical rainforests have consistently high temperatures and abundant rainfall; National Geographic (Not All Deserts Are Sandy): a desert is a place with very little precipitation. (https://www.britannica.com/science/tropical-rainforest https://education.nationalgeographic.org/resource/deserts/)",""
"fact.world_geography.biome_dial_examples","source.serc_climate_biomes","unverified","Climates that are hot and wet all year grow tropical rainforest, while very dry climates make desert.","https://serc.carleton.edu/eslabs/weather/4a.html","L41 card.world_geography.041.c3","L41 question.world_geography.041.q1; L44 question.world_geography.044.q3; L45 question.world_geography.045.q3; L50 question.world_geography.050.q6","","","","","","corroborated","Britannica: tropical rainforests have consistently high temperatures and abundant rainfall; National Geographic (Not All Deserts Are Sandy): a desert is a place with very little precipitation. (https://www.britannica.com/science/tropical-rainforest https://education.nationalgeographic.org/resource/deserts/)",""
"fact.world_geography.med_scrub_regions","source.brit_scrubland","unverified","The world's main scrublands grow where the climate has mild, wet winters and long, dry summers: the Mediterranean region, California, Chile, South Africa and southern Australia.","https://www.britannica.com/science/scrubland","L41 card.world_geography.041.c1; L41 card.world_geography.041.c4","L41 question.world_geography.041.q2","","","","","","corroborated","Frontiers in Plant Science and Cambridge University Press describe the same five Mediterranean-climate regions (Mediterranean Basin, California, central Chile, the Cape of South Africa, southwestern Australia) with mild wet winters and warm dry summers. (https://www.frontiersin.org/journals/plant-science/articles/10.3389/fpls.2018.00851/full https://resolve.cambridge.org/core/services/aop-cambridge-core/content/view/5437188999E5F4E2F0368A0DB82BF95C/9780511525544c1_p3-16_CBO.pdf/an_ecological_overview_of_the_five_regions_of_the_world_with_a_mediterranean_climate.pdf)",""
"fact.world_geography.med_scrub_convergent","source.brit_scrubland","unverified","Mediterranean-type scrub evolved convergently: different ancestor plants developed similar features in similar climates, so many lookalike plants are not closely related.","https://www.britannica.com/science/scrubland","L41 card.world_geography.041.c4","L41 question.world_geography.041.q2","","","","","","corroborated","The Huntington Library and Frontiers describe the five Mediterranean shrublands as a textbook case of convergent evolution from different lineages. (https://www.huntington.org/sites/default/files/volunteer-academy/b3c2medshrublands.pdf https://www.frontiersin.org/journals/plant-science/articles/10.3389/fpls.2018.00851/full)",""
"fact.world_geography.med_scrub_names","source.brit_scrubland","unverified","California's scrubland is called chaparral, and South Africa's includes the fynbos.","https://www.britannica.com/science/scrubland","L41 card.world_geography.041.c4","L41 question.world_geography.041.q2","","","","","","corroborated","ScienceDirect topic pages and Geography Realm name the scrub chaparral in California and fynbos in South Africa. (https://www.sciencedirect.com/topics/earth-and-planetary-sciences/fynbos https://www.geographyrealm.com/chaparral-california/)",""
"fact.world_geography.rainforest_tropics","source.natgeo_rain_forest","unverified","Tropical rainforests are mainly located in the tropics, between about 23.5° N and 23.5° S.","https://education.nationalgeographic.org/resource/rain-forest/","L42 card.world_geography.042.c3","L42 question.world_geography.042.q3","","","","","","corroborated","Britannica places tropical rainforests in wet tropical uplands and lowlands around the Equator; WWF lists the Amazon, Congo Basin and Southeast Asia, all in the tropics. (https://www.britannica.com/science/tropical-rainforest https://wwf.panda.org/discover/our_focus/forests_practice/importance_forests/tropical_rainforest/)",""
"fact.world_geography.rainforest_tropics","source.brit_tropical_rainforest","unverified","Tropical rainforests are mainly located in the tropics, between about 23.5° N and 23.5° S.","https://www.britannica.com/science/tropical-rainforest","L42 card.world_geography.042.c3","L42 question.world_geography.042.q3","","","","","","corroborated","Britannica places tropical rainforests in wet tropical uplands and lowlands around the Equator; WWF lists the Amazon, Congo Basin and Southeast Asia, all in the tropics. (https://www.britannica.com/science/tropical-rainforest https://wwf.panda.org/discover/our_focus/forests_practice/importance_forests/tropical_rainforest/)",""
"fact.world_geography.rainforest_climate","source.brit_tropical_rainforest","unverified","Tropical rainforests have consistently high temperatures and abundant rainfall, with little seasonal variation.","https://www.britannica.com/science/tropical-rainforest","L42 card.world_geography.042.c3","L42 question.world_geography.042.q3","","","","","","corroborated","National Geographic describes rainforests as warm and wet with ample sunlight and moisture year round; NASA Mission: Biomes gives the same hot, wet climate. (https://education.nationalgeographic.org/resource/rain-forest/ https://science.nasa.gov/kids/earth/mission-biomes)",""
"fact.world_geography.rainforest_four_layers","source.natgeo_rain_forest","unverified","Most rainforests have four layers: emergent, canopy, understory and forest floor.","https://education.nationalgeographic.org/resource/rain-forest/","L42 card.world_geography.042.c2","L42 question.world_geography.042.q1","","","","","","corroborated","NSW National Parks and BioExplorer list the same layers (emergents, canopy, understory, forest floor). (https://www.nationalparks.nsw.gov.au/-/media/visitor/files/pdf/education/rainforests-of-nsw/rainforest-layers.pdf https://www.bioexplorer.net/rainforest-layers.html/)",""
"fact.world_geography.rainforest_four_layers","source.rainforestconcern_facts","unverified","Most rainforests have four layers: emergent, canopy, understory and forest floor.","https://www.rainforestconcern.org/understandingrainforest/keyrainforestinformation","L42 card.world_geography.042.c2","L42 question.world_geography.042.q1","","","","","","corroborated","NSW National Parks and BioExplorer list the same layers (emergents, canopy, understory, forest floor). (https://www.nationalparks.nsw.gov.au/-/media/visitor/files/pdf/education/rainforests-of-nsw/rainforest-layers.pdf https://www.bioexplorer.net/rainforest-layers.html/)",""
"fact.world_geography.rainforest_floor_dark","source.natgeo_rain_forest","unverified","The forest floor is the darkest rainforest layer: on average only about 2% of sunlight reaches it, so plants struggle to grow there.","https://education.nationalgeographic.org/resource/rain-forest/","L42 card.world_geography.042.c1; L42 card.world_geography.042.c2","L42 question.world_geography.042.q1","","","","","","corroborated","NSW National Parks rainforest-layer fact sheet and Earth Day Network both state that only about 2% of sunlight reaches the rainforest floor. (https://www.nationalparks.nsw.gov.au/~/media/2B45B2D1AE5F450B80F6BAD9DABECBF1.ashx https://www.earthday.org/beyond-the-canopy-7-rainforest-revelations/)",""
"fact.world_geography.rainforest_floor_dark","source.rainforestconcern_facts","unverified","The forest floor is the darkest rainforest layer: on average only about 2% of sunlight reaches it, so plants struggle to grow there.","https://www.rainforestconcern.org/understandingrainforest/keyrainforestinformation","L42 card.world_geography.042.c1; L42 card.world_geography.042.c2","L42 question.world_geography.042.q1","","","","","","corroborated","NSW National Parks rainforest-layer fact sheet and Earth Day Network both state that only about 2% of sunlight reaches the rainforest floor. (https://www.nationalparks.nsw.gov.au/~/media/2B45B2D1AE5F450B80F6BAD9DABECBF1.ashx https://www.earthday.org/beyond-the-canopy-7-rainforest-revelations/)",""
"fact.world_geography.rainforest_half_species","source.natgeo_rain_forest","unverified","Rainforests cover only about 2 to 6% of Earth's surface, yet more than half of the world's plant and animal species live in them.","https://education.nationalgeographic.org/resource/rain-forest/","L42 card.world_geography.042.c4; L48 card.world_geography.048.c3","L48 question.world_geography.048.q3","","","","","","corroborated","WWF: tropical rainforests cover about 6% of land yet hold more than half of all land life; Rainforest Concern gives the same figures. (https://wwf.panda.org/discover/our_focus/forests_practice/importance_forests/tropical_rainforest/ https://www.rainforestconcern.org/understandingrainforest/keyrainforestinformation)",""
"fact.world_geography.rainforest_sun_moisture","source.natgeo_rain_forest","unverified","Ample sunlight and moisture are the essential building blocks for the rainforest's huge variety of plants and animals.","https://education.nationalgeographic.org/resource/rain-forest/","L42 card.world_geography.042.c3","L42 question.world_geography.042.q2","","","","","","corroborated","Britannica links rainforest biodiversity to consistently warm, wet conditions with little seasonal variation. (https://www.britannica.com/science/tropical-rainforest)","one-page"
"fact.world_geography.amazon_largest","source.natgeo_rain_forest","unverified","The Amazon is the world's largest tropical rainforest.","https://education.nationalgeographic.org/resource/rain-forest/","L42 card.world_geography.042.c4","L48 question.world_geography.048.q3","","","","","","corroborated","Britannica Kids and Earth.org both call the Amazon the world's largest tropical rainforest. (https://kids.britannica.com/students/article/Amazon-Rainforest/631208 https://earth.org/world-rainforest-day-worlds-great-rainforests/)",""
"fact.world_geography.desert_little_precipitation","source.natgeo_deserts","unverified","A desert is a place that gets very little precipitation; some authorities set the upper limit at about 250 mm a year.","https://education.nationalgeographic.org/resource/deserts/","L43 card.world_geography.043.c2","L43 question.world_geography.043.q1","","","","","","corroborated","Britannica (desert) notes some authorities use 250 mm as the upper limit; Discover Wildlife defines deserts as under 250 mm a year and not by heat. (https://www.britannica.com/science/desert https://www.discoverwildlife.com/environment/largest-desert-in-the-world)",""
"fact.world_geography.desert_little_precipitation","source.brit_antarctica_desert","unverified","A desert is a place that gets very little precipitation; some authorities set the upper limit at about 250 mm a year.","https://www.britannica.com/topic/Why-Is-Antarctica-a-Desert","L43 card.world_geography.043.c2","L43 question.world_geography.043.q1","","","","","","corroborated","Britannica (desert) notes some authorities use 250 mm as the upper limit; Discover Wildlife defines deserts as under 250 mm a year and not by heat. (https://www.britannica.com/science/desert https://www.discoverwildlife.com/environment/largest-desert-in-the-world)",""
"fact.world_geography.antarctica_biggest_desert","source.natgeo_deserts","unverified","Antarctica is the largest desert on Earth.","https://education.nationalgeographic.org/resource/deserts/","L43 card.world_geography.043.c1; L43 card.world_geography.043.c5","L50 question.world_geography.050.q2","","","","","","corroborated","Discover Wildlife and Earth.com both name Antarctica, about 14.2 million square km, as the largest desert. (https://www.discoverwildlife.com/environment/largest-desert-in-the-world https://www.earth.com/earth-science/antarctica-is-earths-largest-desert/)",""
"fact.world_geography.antarctica_biggest_desert","source.brit_antarctica_desert","unverified","Antarctica is the largest desert on Earth.","https://www.britannica.com/topic/Why-Is-Antarctica-a-Desert","L43 card.world_geography.043.c1; L43 card.world_geography.043.c5","L50 question.world_geography.050.q2","","","","","","corroborated","Discover Wildlife and Earth.com both name Antarctica, about 14.2 million square km, as the largest desert. (https://www.discoverwildlife.com/environment/largest-desert-in-the-world https://www.earth.com/earth-science/antarctica-is-earths-largest-desert/)",""
"fact.world_geography.sahara_largest_hot","source.natgeo_deserts","unverified","The Sahara is the largest hot desert on Earth.","https://education.nationalgeographic.org/resource/deserts/","L43 card.world_geography.043.c1; L43 card.world_geography.043.c3","L50 question.world_geography.050.q2","","","","","","corroborated","Discover Wildlife: Antarctica is the largest desert overall and the Sahara the largest hot desert. (https://www.discoverwildlife.com/environment/largest-desert-in-the-world)","one-page"
"fact.world_geography.antarctica_dry_air","source.brit_antarctica_desert","unverified","Inland Antarctica gets only about 50 mm of precipitation a year, almost all as snow, because its cold air holds very little water vapor.","https://www.britannica.com/topic/Why-Is-Antarctica-a-Desert","L43 card.world_geography.043.c5","L50 question.world_geography.050.q2","","","","","","corroborated","Wikipedia Climate of Antarctica: the interior receives very little precipitation (the continental average is about 166 mm, far less inland); very cold air holds little moisture. (https://en.wikipedia.org/wiki/Climate_of_Antarctica)","one-page weak-pages"
"fact.world_geography.horse_latitudes_dry","source.brit_horse_latitudes","unverified","Belts of high pressure around 30° to 35° N and S hold dry, sinking air that brings clear skies and arid climates; the Sahara lies in one.","https://www.britannica.com/science/horse-latitude","L43 card.world_geography.043.c3","L43 question.world_geography.043.q3","","","","","","corroborated","Open geology texts (Salt Lake Community College, Virginia Tech) explain that dry air sinks near 30° N and S, producing deserts like the Sahara. (https://slcc.pressbooks.pub/introgeology/chapter/13-deserts/ https://pressbooks.lib.vt.edu/introearthscience/chapter/13-deserts/)",""
"fact.world_geography.rain_shadow_desert","source.natgeo_rain_shadow","unverified","Air rising over mountains cools and drops rain and snow on the way up; coming down the far side, it warms and its clouds fade, leaving a dry rain shadow.","https://education.nationalgeographic.org/resource/rain-shadow/","L43 card.world_geography.043.c4; L50 card.world_geography.050.c3","L43 question.world_geography.043.q2; L50 question.world_geography.050.q4","","","","","","corroborated","Open geology texts describe rain shadow deserts on the lee side of mountain ranges, such as the Atacama and the Gobi. (https://slcc.pressbooks.pub/introgeology/chapter/13-deserts/ https://geo.libretexts.org/Bookshelves/Geology/Book:_An_Introduction_to_Geology_(Johnson_Affolter_Inkenbrandt_and_Mosher)/13:_Deserts/13.02:_The_Origin_of_Deserts)",""
"fact.world_geography.death_valley_rain_shadow","source.natgeo_rain_shadow","unverified","Death Valley, in California and Nevada, is so dry because it lies in the rain shadow of the Sierra Nevada.","https://education.nationalgeographic.org/resource/rain-shadow/","L43 card.world_geography.043.c4","L43 question.world_geography.043.q2; L50 question.world_geography.050.q4","","","","","","corroborated","The US National Park Service: four mountain ranges between Death Valley and the ocean each add to a drier rainshadow. (https://www.nps.gov/deva/learn/nature/weather-and-climate.htm)","one-page"
"fact.world_geography.grassland_between","source.natgeo_grasslands","unverified","Grasslands grow where there isn't enough regular rain for a forest, but not so little that a desert forms.","https://education.nationalgeographic.org/resource/grasslands-explained/","L44 card.world_geography.044.c2","L44 question.world_geography.044.q3","","","","","","corroborated","National Geographic education search summaries and Britannica both place grasslands between forests and deserts in moisture. (https://www.britannica.com/science/grassland)","one-page"
"fact.world_geography.grassland_between","source.brit_grassland","unverified","Grasslands grow where there isn't enough regular rain for a forest, but not so little that a desert forms.","https://www.britannica.com/science/grassland","L44 card.world_geography.044.c2","L44 question.world_geography.044.q3","","","","","","corroborated","National Geographic education search summaries and Britannica both place grasslands between forests and deserts in moisture. (https://www.britannica.com/science/grassland)","one-page"
"fact.world_geography.grassland_names","source.natgeo_grasslands","unverified","Grasslands exist on every continent except Antarctica, including the prairie of North America, the steppe of Asia and Eastern Europe, and the pampas of South America.","https://education.nationalgeographic.org/resource/grasslands-explained/","L44 card.world_geography.044.c2","L44 question.world_geography.044.q3","","","","","","corroborated","Earth@Home and Wikipedia list temperate grasslands as prairies in North America, steppes in Eurasia and pampas in South America. (https://evolution.earthathome.org/grasses/temperate-grasslands/ https://en.wikipedia.org/wiki/Temperate_grasslands,_savannas,_and_shrublands)",""
"fact.world_geography.grassland_fire_grazing","source.brit_grassland","unverified","Droughts, fires and heavy grazing favor grassland, while wet seasons without such disturbances favor woody plants.","https://www.britannica.com/science/grassland","L44 card.world_geography.044.c4","L44 question.world_geography.044.q2","","","","","","corroborated","Britannica (savanna) states wildfires keep woody plants out; Ask A Biologist describes grassland plants regrowing after fire and grazing. (https://www.britannica.com/science/savanna https://askabiologist.asu.edu/plants-grassland)",""
"fact.world_geography.grass_grows_from_base","source.seaworld_grasslands","unverified","A grass leaf grows from its base, at or below ground level, and grass can regrow from energy stored in its roots after fire or grazing.","https://seaworld.org/animals/ecosystems/grass-lands/strategies-for-survival/","L44 card.world_geography.044.c1; L44 card.world_geography.044.c4","L44 question.world_geography.044.q2","","","","","","corroborated","Nearby Nature (grasses background) notes grass growing points are at the base, often below ground, so grazing, fire or mowing leave them unharmed. (https://nearbynature.fwni.org/2018/09/13/grasses-and-grains-background/)","one-page"
"fact.world_geography.grass_grows_from_base","source.asu_grassland_plants","unverified","A grass leaf grows from its base, at or below ground level, and grass can regrow from energy stored in its roots after fire or grazing.","https://askabiologist.asu.edu/plants-grassland","L44 card.world_geography.044.c1; L44 card.world_geography.044.c4","L44 question.world_geography.044.q2","","","","","","corroborated","Nearby Nature (grasses background) notes grass growing points are at the base, often below ground, so grazing, fire or mowing leave them unharmed. (https://nearbynature.fwni.org/2018/09/13/grasses-and-grains-background/)","one-page"
"fact.world_geography.savanna_definition","source.brit_savanna","unverified","A savanna is a grassland with scattered trees that grows in hot, seasonally dry climates.","https://www.britannica.com/science/savanna","L44 card.world_geography.044.c3","L44 question.world_geography.044.q1","","","","","","corroborated","National Geographic (Grasslands Explained) describes savannas as grasslands with scattered tree cover and wet and dry seasons. (https://education.nationalgeographic.org/resource/grasslands-explained/)","one-page"
"fact.world_geography.savanna_definition","source.brit_grassland","unverified","A savanna is a grassland with scattered trees that grows in hot, seasonally dry climates.","https://www.britannica.com/science/grassland","L44 card.world_geography.044.c3","L44 question.world_geography.044.q1","","","","","","corroborated","National Geographic (Grasslands Explained) describes savannas as grasslands with scattered tree cover and wet and dry seasons. (https://education.nationalgeographic.org/resource/grasslands-explained/)","one-page"
"fact.world_geography.savanna_seasons","source.brit_savanna","unverified","Savannas are warm to hot all year, with rain in only a few months; the dry season is usually longer than the wet season.","https://www.britannica.com/science/savanna","L44 card.world_geography.044.c3","L44 question.world_geography.044.q1","","","","","","corroborated","National Geographic: savannas are warm to hot all year and their seasons are defined by wet and dry periods. (https://education.nationalgeographic.org/resource/grasslands-explained/)","one-page"
"fact.world_geography.savanna_seasons","source.natgeo_grasslands","unverified","Savannas are warm to hot all year, with rain in only a few months; the dry season is usually longer than the wet season.","https://education.nationalgeographic.org/resource/grasslands-explained/","L44 card.world_geography.044.c3","L44 question.world_geography.044.q1","","","","","","corroborated","National Geographic: savannas are warm to hot all year and their seasons are defined by wet and dry periods. (https://education.nationalgeographic.org/resource/grasslands-explained/)","one-page"
"fact.world_geography.savanna_africa","source.brit_savanna","unverified","The largest areas of savanna are in Africa, whose savannas are home to the African elephant, the largest land animal.","https://www.britannica.com/science/savanna","L44 card.world_geography.044.c3","L44 question.world_geography.044.q1","","","","","","corroborated","Britannica gives Africa the largest savannas; National Geographic notes the African savanna is home to the African elephant, the largest land animal. (https://www.britannica.com/science/savanna https://education.nationalgeographic.org/resource/grasslands-explained/)",""
"fact.world_geography.savanna_africa","source.natgeo_grasslands","unverified","The largest areas of savanna are in Africa, whose savannas are home to the African elephant, the largest land animal.","https://education.nationalgeographic.org/resource/grasslands-explained/","L44 card.world_geography.044.c3","L44 question.world_geography.044.q1","","","","","","corroborated","Britannica gives Africa the largest savannas; National Geographic notes the African savanna is home to the African elephant, the largest land animal. (https://www.britannica.com/science/savanna https://education.nationalgeographic.org/resource/grasslands-explained/)",""
"fact.world_geography.savanna_fire","source.brit_savanna","unverified","Wildfires in savannas help stop woody plants from spreading, keeping the balance between grasses and trees.","https://www.britannica.com/science/savanna","L44 card.world_geography.044.c4","","","","","","","corroborated","Britannica (grassland) notes fires favor grassland over woody vegetation. (https://www.britannica.com/science/grassland)","one-page"
"fact.world_geography.winter_water_short","source.openlearn_deciduous","unverified","In winter, freezing leaves water in short supply, so plants without ways to conserve it would lose water.","https://www.open.edu/openlearn/nature-environment/natural-history/surviving-the-winter/content-section-1.4.1","L45 card.world_geography.045.c2","L45 question.world_geography.045.q2","","","","","","corroborated","Three Rivers Park District and Michigan State University Extension explain that frozen ground makes water unavailable, so trees drop leaves to stop losing water. (https://www.threeriversparks.org/blog/why-do-some-trees-keep-their-leaves-through-winter https://www.canr.msu.edu/news/trees_avoid_damage_from_freezing_temperatures_part_1)",""
"fact.world_geography.leaf_drop_layer","source.esf_leaf_color","unverified","Before winter, a special layer of cells grows where a leaf's stem joins the tree and cuts the leaf loose.","https://www.esf.edu/eis/eis-leaves-color-change.php","L45 card.world_geography.045.c2","L45 question.world_geography.045.q2","","","","","","corroborated","OpenLearn and other extension sources name this the abscission layer, which forms between leaf stem and branch before leaf fall. (https://www.open.edu/openlearn/nature-environment/natural-history/surviving-the-winter/content-section-1.4.1)","one-page"
"fact.world_geography.fall_color_hidden_yellow","source.esf_leaf_color","unverified","In fall, as days shorten and cool, leaves stop making food and their green chlorophyll breaks down, revealing yellow and orange pigments that were there all along.","https://www.esf.edu/eis/eis-leaves-color-change.php","L45 card.world_geography.045.c3","L45 question.world_geography.045.q1","","","","","","corroborated","Connecticut DEEP Forestry and University of Illinois Extension: carotenoids are present all summer but masked by chlorophyll until it breaks down in fall. (https://portal.ct.gov/deep/forestry/foliage/why-leaves-change-color https://extension.illinois.edu/blogs/good-growing/2019-10-08-why-do-tree-leaves-change-color-autumn)",""
"fact.world_geography.fall_red_anthocyanin","source.esf_leaf_color","unverified","Autumn reds and purples come from anthocyanin pigments that form in the fall.","https://www.esf.edu/eis/eis-leaves-color-change.php","L45 card.world_geography.045.c3","L45 question.world_geography.045.q1","","","","","","corroborated","Minnesota DNR and ACS inChemistry: anthocyanins, which give reds and purples, are produced in autumn. (https://www.dnr.state.mn.us/fall_colors/typical_peak.html https://inchemistry.acs.org/atomic-news/fall-leaves.html)",""
"fact.world_geography.conifer_needles_save_water","source.openlearn_evergreen","unverified","Conifer needles lose little water: they have a small surface for their volume, sunken pores and a thick, waxy coating.","https://www.open.edu/openlearn/nature-environment/natural-history/surviving-the-winter/content-section-1.3.1","L45 card.world_geography.045.c4","","","","","","","corroborated","Saint John's University (conifer adaptations) and the Washington Native Plant Society describe small needles with fewer pores and a thick waxy coating that reduce water loss. (https://employees.csbsju.edu/ssaupe/essays/conifer_adaptations.htm https://www.wnps.org/blog/conifers-deciduous-trees?tmpl=component&print=1&format=print)",""
"fact.world_geography.conifer_cone_snow","source.asu_taiga","unverified","Snow slides off the peaks of cone-shaped conifers.","https://askabiologist.asu.edu/explore/taiga","L45 card.world_geography.045.c4","","","","","","","corroborated","Saint John's University lists a conical shape that sheds snow among boreal conifer adaptations. (https://employees.csbsju.edu/ssaupe/essays/conifer_adaptations.htm)","one-page"
"fact.world_geography.taiga_largest","source.asu_taiga","unverified","The taiga, or boreal forest, is the largest land biome on Earth.","https://askabiologist.asu.edu/explore/taiga","L45 card.world_geography.045.c5","L45 question.world_geography.045.q3","","","","","","corroborated","WorldAtlas and Wikipedia (Taiga) both call the taiga the largest land biome. (https://www.worldatlas.com/articles/what-and-where-are-the-taiga-forests.html https://en.wikipedia.org/wiki/Taiga)",""
"fact.world_geography.taiga_belt","source.brit_taiga","unverified","The taiga is a belt of cone-bearing evergreens such as pine, spruce, larch and fir circling the far north, across Canada, Alaska and Russia, with tundra to the north and temperate forest to the south.","https://www.britannica.com/science/taiga","L45 card.world_geography.045.c4; L45 card.world_geography.045.c5","L45 question.world_geography.045.q3","","","","","","corroborated","IBFRA and Wikipedia: most boreal forest lies in Russia and Canada, between tundra and temperate forest, dominated by conifers. (https://www.ibfra.org/about-boreal-forests https://en.wikipedia.org/wiki/Taiga)",""
"fact.world_geography.taiga_winters","source.brit_taiga","unverified","Taiga winters are long and very cold, and a lasting snowpack is the norm.","https://www.britannica.com/science/taiga","L45 card.world_geography.045.c5","L45 question.world_geography.045.q3","","","","","","corroborated","Ask A Biologist describes taiga winters of heavy snow lasting up to nine months; Britannica calls a persistent snowpack the norm. (https://askabiologist.asu.edu/explore/taiga)","one-page"
"fact.world_geography.taiga_winters","source.asu_taiga","unverified","Taiga winters are long and very cold, and a lasting snowpack is the norm.","https://askabiologist.asu.edu/explore/taiga","L45 card.world_geography.045.c5","L45 question.world_geography.045.q3","","","","","","corroborated","Ask A Biologist describes taiga winters of heavy snow lasting up to nine months; Britannica calls a persistent snowpack the norm. (https://askabiologist.asu.edu/explore/taiga)","one-page"
"fact.world_geography.tundra_name","source.natgeo_tundra_biome","unverified","The word tundra comes from a Finnish word for a barren or treeless hill.","https://education.nationalgeographic.org/resource/tundra-biome/","L46 card.world_geography.046.c2","L46 question.world_geography.046.q3; L47 question.world_geography.047.q3","","","","","","corroborated","Science Notes and Wikipedia connect tundra to the Finnish tunturi, a treeless plain or fell. (https://sciencenotes.org/tundra-biome-characteristics-flora-fauna/ https://en.wikipedia.org/wiki/Tundra)",""
"fact.world_geography.tundra_name","source.brit_tundra","unverified","The word tundra comes from a Finnish word for a barren or treeless hill.","https://www.britannica.com/science/tundra","L46 card.world_geography.046.c2","L46 question.world_geography.046.q3; L47 question.world_geography.047.q3","","","","","","corroborated","Science Notes and Wikipedia connect tundra to the Finnish tunturi, a treeless plain or fell. (https://sciencenotes.org/tundra-biome-characteristics-flora-fauna/ https://en.wikipedia.org/wiki/Tundra)",""
"fact.world_geography.tundra_plants","source.natgeo_tundra_biome","unverified","Tundra plants grow low to the ground: small shrubs, grasses, mosses, sedges and lichens.","https://education.nationalgeographic.org/resource/tundra-biome/","L46 card.world_geography.046.c2; L46 card.world_geography.046.c5","L46 question.world_geography.046.q3; L47 question.world_geography.047.q3","","","","","","corroborated","Wikipedia (Tundra) lists the flora as dwarf shrubs, sedges, grasses, mosses and lichens. (https://en.wikipedia.org/wiki/Tundra)","one-page weak-pages"
"fact.world_geography.tundra_plants","source.brit_tundra","unverified","Tundra plants grow low to the ground: small shrubs, grasses, mosses, sedges and lichens.","https://www.britannica.com/science/tundra","L46 card.world_geography.046.c2; L46 card.world_geography.046.c5","L46 question.world_geography.046.q3; L47 question.world_geography.047.q3","","","","","","corroborated","Wikipedia (Tundra) lists the flora as dwarf shrubs, sedges, grasses, mosses and lichens. (https://en.wikipedia.org/wiki/Tundra)","one-page weak-pages"
"fact.world_geography.tundra_arctic_alpine","source.natgeo_tundra_biome","unverified","Arctic tundra lies on land above the Arctic Circle; alpine tundra lies high on mountains, where nights fall below freezing.","https://education.nationalgeographic.org/resource/tundra-biome/","L46 card.world_geography.046.c2; L47 card.world_geography.047.c4","L46 question.world_geography.046.q3; L47 question.world_geography.047.q3","","","","","","corroborated","Britannica places Arctic tundra mostly north of the Arctic Circle and alpine tundra above the timberline on high mountains. (https://www.britannica.com/science/tundra)","one-page"
"fact.world_geography.tundra_arctic_alpine","source.brit_tundra","unverified","Arctic tundra lies on land above the Arctic Circle; alpine tundra lies high on mountains, where nights fall below freezing.","https://www.britannica.com/science/tundra","L46 card.world_geography.046.c2; L47 card.world_geography.047.c4","L46 question.world_geography.046.q3; L47 question.world_geography.047.q3","","","","","","corroborated","Britannica places Arctic tundra mostly north of the Arctic Circle and alpine tundra above the timberline on high mountains. (https://www.britannica.com/science/tundra)","one-page"
"fact.world_geography.tundra_growing_season","source.natgeo_tundra_biome","unverified","On the Arctic tundra, only six to ten weeks a year are warm enough for plants to grow.","https://education.nationalgeographic.org/resource/tundra-biome/","L46 card.world_geography.046.c5","","","","","","","corroborated","Science Notes and UC Berkeley give a tundra growing season of about 50 to 60 days, within six to ten weeks. (https://sciencenotes.org/tundra-biome-characteristics-flora-fauna/ https://ucmp.berkeley.edu/exhibits/biomes/tundra.php)",""
"fact.world_geography.tundra_no_trees","source.adfg_tundra","unverified","Trees can't grow on the tundra: the season is too short to grow wood, strong winds dry and batter plants, and permafrost keeps roots from reaching deep enough for support.","https://www.adfg.alaska.gov/index.cfm?adfg=tundra.main","L46 card.world_geography.046.c5","","","","","","","corroborated","Britannica: temperatures are too low and winds too strong for trees; Science Notes: permafrost stops roots going deep. (https://www.britannica.com/science/tundra https://sciencenotes.org/tundra-biome-characteristics-flora-fauna/)",""
"fact.world_geography.tundra_no_trees","source.brit_tundra","unverified","Trees can't grow on the tundra: the season is too short to grow wood, strong winds dry and batter plants, and permafrost keeps roots from reaching deep enough for support.","https://www.britannica.com/science/tundra","L46 card.world_geography.046.c5","","","","","","","corroborated","Britannica: temperatures are too low and winds too strong for trees; Science Notes: permafrost stops roots going deep. (https://www.britannica.com/science/tundra https://sciencenotes.org/tundra-biome-characteristics-flora-fauna/)",""
"fact.world_geography.permafrost_definition","source.nsidc_permafrost","unverified","Permafrost is ground that stays frozen for at least two years.","https://nsidc.org/learn/parts-cryosphere/frozen-ground-permafrost","L46 card.world_geography.046.c3","L46 question.world_geography.046.q1","","","","","","corroborated","Wikipedia (Permafrost): soil or sediment that stays below 0 °C for two years or more. (https://en.wikipedia.org/wiki/Permafrost)","one-page weak-pages"
"fact.world_geography.permafrost_thin_thaw","source.natgeo_tundra_biome","unverified","In summer, only a thin surface layer above the permafrost thaws.","https://education.nationalgeographic.org/resource/tundra-biome/","L46 card.world_geography.046.c3","L46 question.world_geography.046.q1","","","","","","corroborated","NSIDC describes the active layer as the top layer that thaws each summer; Alaska Fish and Game describes thin tundra soil over permafrost. (https://nsidc.org/learn/parts-cryosphere/frozen-ground-permafrost https://www.adfg.alaska.gov/index.cfm?adfg=tundra.main)",""
"fact.world_geography.permafrost_thin_thaw","source.nsidc_permafrost","unverified","In summer, only a thin surface layer above the permafrost thaws.","https://nsidc.org/learn/parts-cryosphere/frozen-ground-permafrost","L46 card.world_geography.046.c3","L46 question.world_geography.046.q1","","","","","","corroborated","NSIDC describes the active layer as the top layer that thaws each summer; Alaska Fish and Game describes thin tundra soil over permafrost. (https://nsidc.org/learn/parts-cryosphere/frozen-ground-permafrost https://www.adfg.alaska.gov/index.cfm?adfg=tundra.main)",""
"fact.world_geography.permafrost_traps_water","source.adfg_tundra","unverified","Permafrost acts as a waterproof layer under thin tundra soil, trapping moisture near the surface, so the tundra has many wet spots despite little precipitation.","https://www.adfg.alaska.gov/index.cfm?adfg=tundra.main","L46 card.world_geography.046.c1; L46 card.world_geography.046.c4","L46 question.world_geography.046.q2","","","","","","corroborated","Wikipedia (Tundra): frozen subsoil prevents drainage, so summer thaw leaves the ground very soggy with marshes and bogs despite low precipitation. (https://en.wikipedia.org/wiki/Tundra)","one-page weak-pages"
"fact.world_geography.altitude_cooling_6_5","source.ucar_altitude","unverified","Near Earth's surface, air cools as you climb: on average about 6.5 °C for every 1,000 m gained.","https://scied.ucar.edu/learning-zone/atmosphere/change-atmosphere-altitude","L47 card.world_geography.047.c2","L47 question.world_geography.047.q1; L50 question.world_geography.050.q3","","","","","","corroborated","SKYbrary and ScienceDirect give the standard lapse rate as 6.5 °C per 1,000 m (0.65 °C per 100 m). (https://skybrary.aero/articles/lapse-rate https://www.sciencedirect.com/topics/earth-and-planetary-sciences/lapse-rate)",""
"fact.world_geography.humboldt_chimborazo","source.brit_humboldt","unverified","In 1802 Alexander von Humboldt climbed Chimborazo in Ecuador; he stopped short of the summit, but his climb stood as a mountaineering record for nearly 30 years.","https://www.britannica.com/biography/Alexander-von-Humboldt","L47 card.world_geography.047.c1; L47 card.world_geography.047.c3","L47 question.world_geography.047.q2; L50 question.world_geography.050.q6","","","","","","corroborated","PNAS (Morueta-Holme et al.) and Science Friday both describe the 1802 ascent that fell short of the summit. (https://pmc.ncbi.nlm.nih.gov/articles/PMC4611603 https://www.sciencefriday.com/articles/from-atop-an-ecuadorian-peak-an-epiphany-about-nature/)",""
"fact.world_geography.chimborazo_near_equator","source.noaa_highest_point","unverified","Chimborazo, in Ecuador, lies about one degree south of the Equator.","https://oceanservice.noaa.gov/facts/highestpoint.html","L47 card.world_geography.047.c1","L47 question.world_geography.047.q2","","","","","","corroborated","Wikipedia (Chimborazo) gives its latitude as about 1.47° S, in the Andes of Ecuador. (https://en.wikipedia.org/wiki/Chimborazo)","one-page weak-pages"
"fact.world_geography.humboldt_zones","source.sciencefriday_humboldt","unverified","On Chimborazo, Humboldt saw plant zones change from tropical plants in the valleys to lichens near the snow line, like a journey from the Equator toward the poles.","https://www.sciencefriday.com/articles/from-atop-an-ecuadorian-peak-an-epiphany-about-nature/","L47 card.world_geography.047.c1; L47 card.world_geography.047.c3","L47 question.world_geography.047.q2; L50 question.world_geography.050.q6","","","","","","corroborated","PNAS: in 1802 Humboldt recorded vegetation zones by altitude, with only lichens above the seed-plant limit; ScienceDirect (altitudinal zonation) likens climbing to traveling from the Equator toward the poles. (https://pmc.ncbi.nlm.nih.gov/articles/PMC4611603 https://www.sciencedirect.com/topics/earth-and-planetary-sciences/altitudinal-zonation)",""
"fact.world_geography.humboldt_zones","source.pnas_chimborazo","unverified","On Chimborazo, Humboldt saw plant zones change from tropical plants in the valleys to lichens near the snow line, like a journey from the Equator toward the poles.","https://www.pnas.org/doi/10.1073/pnas.1509938112","L47 card.world_geography.047.c1; L47 card.world_geography.047.c3","L47 question.world_geography.047.q2; L50 question.world_geography.050.q6","","","","","","corroborated","PNAS: in 1802 Humboldt recorded vegetation zones by altitude, with only lichens above the seed-plant limit; ScienceDirect (altitudinal zonation) likens climbing to traveling from the Equator toward the poles. (https://pmc.ncbi.nlm.nih.gov/articles/PMC4611603 https://www.sciencedirect.com/topics/earth-and-planetary-sciences/altitudinal-zonation)",""
"fact.world_geography.humboldt_1807","source.pnas_chimborazo","unverified","In 1807 Humboldt published a cross-section drawing of Chimborazo showing plants at the heights where they grow.","https://www.pnas.org/doi/10.1073/pnas.1509938112","L47 card.world_geography.047.c3","L47 question.world_geography.047.q2; L50 question.world_geography.050.q6","","","","","","corroborated","Ecologies.de describes the Naturgemaelde as a cross-section of Chimborazo with plants by altitude; PNAS dates the Tableau physique to 1807. (https://www.ecologies.de/2025/01/06/humboldt-naturgemaelde/ https://pmc.ncbi.nlm.nih.gov/articles/PMC4611603)",""
"fact.world_geography.humboldt_1807","source.sciencefriday_humboldt","unverified","In 1807 Humboldt published a cross-section drawing of Chimborazo showing plants at the heights where they grow.","https://www.sciencefriday.com/articles/from-atop-an-ecuadorian-peak-an-epiphany-about-nature/","L47 card.world_geography.047.c3","L47 question.world_geography.047.q2; L50 question.world_geography.050.q6","","","","","","corroborated","Ecologies.de describes the Naturgemaelde as a cross-section of Chimborazo with plants by altitude; PNAS dates the Tableau physique to 1807. (https://www.ecologies.de/2025/01/06/humboldt-naturgemaelde/ https://pmc.ncbi.nlm.nih.gov/articles/PMC4611603)",""
"fact.world_geography.timberline","source.brit_timberline","unverified","The timberline is the upper limit of tree growth on mountains or at high latitudes, as in the Arctic; where it lies depends largely on temperature.","https://www.britannica.com/science/timberline","L47 card.world_geography.047.c4","L47 question.world_geography.047.q3","","","","","","corroborated","Oxford Reference and ScienceDirect (altitudinal zonation): tree line descends at higher latitudes, reflecting temperature. (https://www.sciencedirect.com/topics/earth-and-planetary-sciences/altitudinal-zonation)","one-page"
"fact.world_geography.chimborazo_shift","source.pnas_chimborazo","unverified","Humboldt found seed plants up to about 4,600 m on Chimborazo in 1802; in 2012 researchers found them up to 5,185 m, more than 500 m higher, mainly because of warming.","https://www.pnas.org/doi/10.1073/pnas.1509938112","L47 card.world_geography.047.c5","","","","","","","corroborated","Science (AAAS) news and scinexx.de report the same upslope shift of about 500 m since 1802, attributed to warming. (https://www.science.org/content/article/global-warming-has-made-iconic-andean-peak-unrecognizable https://www.scinexx.de/news/biowissen/humboldts-berg-zeigt-klimawandel-folgen/)",""
"fact.world_geography.coral_animals","source.noaa_coral_animals","unverified","Corals are animals, not plants, because they can't make their own food; they attach permanently to the seafloor, as most plants do.","https://oceanservice.noaa.gov/facts/coral.html","L48 card.world_geography.048.c2","L48 question.world_geography.048.q1","","","","","","corroborated","EPA: coral is a colonial animal related to jellyfish and sea anemones, whose polyps build the reef. (https://www.epa.gov/coral-reefs/basic-information-about-coral-reefs)","one-page"
"fact.world_geography.coral_polyps","source.noaa_coral_animals","unverified","Corals are made of soft-bodied polyps, most no thicker than a nickel, that build hard limestone skeletons; reefs are the largest structures made by living things.","https://oceanservice.noaa.gov/facts/coral.html","L48 card.world_geography.048.c1","","","","","","","corroborated","EPA: polyps turn dissolved calcium into calcium carbonate skeletons that build reefs; NOAA and ESA call the Great Barrier Reef the largest living structure on Earth. (https://www.epa.gov/coral-reefs/basic-information-about-coral-reefs https://oceanservice.noaa.gov/facts/gbrlargeststructure.html)",""
"fact.world_geography.coral_algae","source.noaa_coral_animals","unverified","Algae called zooxanthellae live inside coral tissue and make food by photosynthesis; they are the coral's main food source and give it color.","https://oceanservice.noaa.gov/facts/coral.html","L48 card.world_geography.048.c2; L48 card.world_geography.048.c4","L48 question.world_geography.048.q1","","","","","","corroborated","NOAA Corals Tutorial (zooxanthellae) and EPA: the algae provide corals with food from photosynthesis. (https://oceanservice.noaa.gov/education/tutorial_corals/coral02_zooxanthellae.html https://www.epa.gov/coral-reefs/basic-information-about-coral-reefs)",""
"fact.world_geography.coral_algae","source.noaa_coral_bleaching","unverified","Algae called zooxanthellae live inside coral tissue and make food by photosynthesis; they are the coral's main food source and give it color.","https://oceanservice.noaa.gov/facts/coral_bleach.html","L48 card.world_geography.048.c2; L48 card.world_geography.048.c4","L48 question.world_geography.048.q1","","","","","","corroborated","NOAA Corals Tutorial (zooxanthellae) and EPA: the algae provide corals with food from photosynthesis. (https://oceanservice.noaa.gov/education/tutorial_corals/coral02_zooxanthellae.html https://www.epa.gov/coral-reefs/basic-information-about-coral-reefs)",""
"fact.world_geography.reef_species_share","source.noaa_fisheries_coral_habitat","unverified","Coral reefs occupy less than 1% of the ocean, yet nearly a quarter of all ocean species live on them.","https://www.fisheries.noaa.gov/national/habitat-conservation/shallow-coral-reef-habitat","L48 card.world_geography.048.c3","L48 question.world_geography.048.q3; L49 question.world_geography.049.q3","","","","","","corroborated","NOAA Fisheries (Coral Reefs in the Pacific): reefs cover less than 1% of the ocean floor but support about 25% of marine creatures; EPA: an estimated 25% of marine life depends on reefs. (https://www.fisheries.noaa.gov/pacific-islands/ecosystems/coral-reefs-pacific https://www.epa.gov/coral-reefs/basic-information-about-coral-reefs)",""
"fact.world_geography.reef_conditions","source.noaa_fisheries_coral_habitat","unverified","Reef-building corals grow in clear, warm, moving water in tropical and subtropical seas, where sunlight can reach their algae.","https://www.fisheries.noaa.gov/national/habitat-conservation/shallow-coral-reef-habitat","L48 card.world_geography.048.c3","L48 question.world_geography.048.q3; L49 question.world_geography.049.q3","","","","","","corroborated","EPA: reef-building corals need shallow, clear water with enough light and tropical or subtropical temperatures. (https://www.epa.gov/coral-reefs/basic-information-about-coral-reefs)","one-page"
"fact.world_geography.bleaching_expel","source.noaa_coral_bleaching","unverified","When water gets too warm, stressed corals expel the algae living in their tissues and turn completely white. This is coral bleaching.","https://oceanservice.noaa.gov/facts/coral_bleach.html","L48 card.world_geography.048.c4","L48 question.world_geography.048.q2; L50 question.world_geography.050.q5; L50 question.world_geography.050.q7","","","","","","corroborated","Wikipedia (Coral bleaching) and EPA describe bleaching as stressed corals, most often from rising temperatures, expelling zooxanthellae and turning white. (https://en.wikipedia.org/wiki/Coral_bleaching https://www.epa.gov/coral-reefs/basic-information-about-coral-reefs)",""
"fact.world_geography.bleaching_expel","source.noaa_fisheries_coral_habitat","unverified","When water gets too warm, stressed corals expel the algae living in their tissues and turn completely white. This is coral bleaching.","https://www.fisheries.noaa.gov/national/habitat-conservation/shallow-coral-reef-habitat","L48 card.world_geography.048.c4","L48 question.world_geography.048.q2; L50 question.world_geography.050.q5; L50 question.world_geography.050.q7","","","","","","corroborated","Wikipedia (Coral bleaching) and EPA describe bleaching as stressed corals, most often from rising temperatures, expelling zooxanthellae and turning white. (https://en.wikipedia.org/wiki/Coral_bleaching https://www.epa.gov/coral-reefs/basic-information-about-coral-reefs)",""
"fact.world_geography.bleaching_outcome","source.noaa_coral_bleaching","unverified","Bleached corals can recover if the stress eases, but if it goes on they eventually die.","https://oceanservice.noaa.gov/facts/coral_bleach.html","L48 card.world_geography.048.c4","L48 question.world_geography.048.q2; L50 question.world_geography.050.q5; L50 question.world_geography.050.q7","","","","","","corroborated","Wikipedia (Coral bleaching): corals can recover if conditions return to normal, but prolonged bleaching leads to death. (https://en.wikipedia.org/wiki/Coral_bleaching)","one-page weak-pages"
"fact.world_geography.wetland_definition","source.epa_what_is_wetland","unverified","Wetlands are areas where water covers the soil, or sits at or near the surface, all year or for part of the year.","https://www.epa.gov/wetlands/what-wetland","L49 card.world_geography.049.c2","L49 question.world_geography.049.q1","","","","","","corroborated","Wikipedia (Wetland) gives the same definition: water covers the soil or is at or near the surface all year or for varying periods. (https://en.wikipedia.org/wiki/Wetland)","one-page weak-pages"
"fact.world_geography.marsh_vs_swamp","source.epa_what_is_wetland","unverified","Marshes are dominated by grasses and other non-woody plants; swamps are dominated by woody plants, shrubs or trees.","https://www.epa.gov/wetlands/what-wetland","L49 card.world_geography.049.c2","L49 question.world_geography.049.q1","","","","","","corroborated","Wikipedia (Wetland): swamps have woody vegetation such as trees and shrubs; marshes have herbaceous plants such as reeds and sedges. (https://en.wikipedia.org/wiki/Wetland)","one-page weak-pages"
"fact.world_geography.wetland_sponge","source.epa_wetlands_important","unverified","Wetlands act as natural sponges, trapping rain, snowmelt, groundwater and floodwater and releasing it slowly.","https://www.epa.gov/wetlands/why-are-wetlands-important","L49 card.world_geography.049.c1; L49 card.world_geography.049.c3","L49 question.world_geography.049.q2","","","","","","corroborated","Delaware DNREC and Iowa Learning Farms describe wetlands holding and slowly releasing water, reducing floods. (https://dnrec.delaware.gov/watershed-stewardship/wetlands/purify https://iowalearningfarms.wordpress.com/2016/05/24/wetlands-and-water-quality/)",""
"fact.world_geography.wetland_purify","source.delaware_wetlands_purify","unverified","Wetlands hold water long enough for sediment and other pollutants to settle out, and filter excess nutrients; they've been called the kidneys of our watersheds.","https://dnrec.delaware.gov/watershed-stewardship/wetlands/purify","L49 card.world_geography.049.c1; L49 card.world_geography.049.c4","","","","","","","corroborated","Iowa Learning Farms: wetlands are called the kidneys of the landscape and remove sediment and nutrients; EPA credits wetlands with improving water quality. (https://iowalearningfarms.wordpress.com/2016/05/24/wetlands-and-water-quality/ https://www.epa.gov/wetlands/why-are-wetlands-important)",""
"fact.world_geography.wetland_endangered","source.epa_wetlands_important","unverified","More than a third of US threatened and endangered species live only in wetlands, and nearly half use them at some point in their lives.","https://www.epa.gov/wetlands/why-are-wetlands-important","L49 card.world_geography.049.c5","L49 question.world_geography.049.q3","","","","","","corroborated","US Fish and Wildlife Service (Essential Habitats): more than one-third of US threatened and endangered species live only in wetlands, and nearly half use them. (https://www.fws.gov/wetlands-month/essential-habitats)","one-page"
"fact.world_geography.wetland_fish_birds","source.epa_wetlands_important","unverified","Most commercial and game fish breed in coastal marshes and estuaries, and many US birds, including ducks, geese, hawks, wading birds and songbirds, nest in wetlands.","https://www.epa.gov/wetlands/why-are-wetlands-important","L49 card.world_geography.049.c1; L49 card.world_geography.049.c5","L49 question.world_geography.049.q3","","","","","","corroborated","Wikipedia (Wetland): wetlands are breeding and nursery grounds for waterfowl and fish; 75% of US commercial fish and shellfish stocks depend on estuaries. (https://en.wikipedia.org/wiki/Wetland)","one-page weak-pages"
"fact.world_geography.earth_spheres","source.natgeo_earths_systems","unverified","Scientists describe Earth as connected systems: the geosphere (rock, from the crust to the core), hydrosphere (water), atmosphere (gas) and biosphere (life); many add the cryosphere (ice).","https://education.nationalgeographic.org/resource/earths-systems/","L50 card.world_geography.050.c2","L50 question.world_geography.050.q4; L50 question.world_geography.050.q7","","","","","","corroborated","BYJU'S and Vedantu (four spheres of Earth) give the same four spheres with the same definitions. (https://byjus.com/physics/four-spheres-of-earth/ https://www.vedantu.com/physics/four-spheres-of-earth)",""
"fact.world_geography.earth_spheres","source.nasa_gpm_spheres","unverified","Scientists describe Earth as connected systems: the geosphere (rock, from the crust to the core), hydrosphere (water), atmosphere (gas) and biosphere (life); many add the cryosphere (ice).","https://gpm.nasa.gov/education/lesson-plans/connect-spheres-earth-systems-interactions","L50 card.world_geography.050.c2","L50 question.world_geography.050.q4; L50 question.world_geography.050.q7","","","","","","corroborated","BYJU'S and Vedantu (four spheres of Earth) give the same four spheres with the same definitions. (https://byjus.com/physics/four-spheres-of-earth/ https://www.vedantu.com/physics/four-spheres-of-earth)",""
"fact.world_geography.spheres_interact","source.natgeo_earths_systems","unverified","Earth's systems all interact with one another; for example, rain falling from the atmosphere links the hydrosphere with the geosphere.","https://education.nationalgeographic.org/resource/earths-systems/","L50 card.world_geography.050.c2; L50 card.world_geography.050.c3","L50 question.world_geography.050.q4; L50 question.world_geography.050.q7","","","","","","corroborated","NASA GPM lesson: the four spheres are interconnected; Vedantu gives water-cycle examples linking hydrosphere and atmosphere. (https://gpm.nasa.gov/education/lesson-plans/connect-spheres-earth-systems-interactions https://www.vedantu.com/physics/four-spheres-of-earth)",""
"fact.world_geography.africa_second_largest","source.brit_africa","unverified","Africa is the second-largest continent, after Asia, covering about one-fifth of Earth's land.","https://www.britannica.com/place/Africa","L51 card.world_geography.051.c2","L51 question.world_geography.051.q1","","","","","","corroborated","Britannica: the second largest continent (after Asia), covering about one-fifth of the total land surface. NatGeo Education: Africa, the second-largest continent on Earth. (https://education.nationalgeographic.org/resource/africa-physical-geography/ https://www.britannica.com/place/Africa)",""
"fact.world_geography.africa_second_largest","source.natgeo_africa_physical","unverified","Africa is the second-largest continent, after Asia, covering about one-fifth of Earth's land.","https://education.nationalgeographic.org/resource/africa-physical-geography/","L51 card.world_geography.051.c2","L51 question.world_geography.051.q1","","","","","","corroborated","Britannica: the second largest continent (after Asia), covering about one-fifth of the total land surface. NatGeo Education: Africa, the second-largest continent on Earth. (https://education.nationalgeographic.org/resource/africa-physical-geography/ https://www.britannica.com/place/Africa)",""
"fact.world_geography.africa_equator_halves","source.brit_africa","unverified","The Equator cuts Africa almost exactly in half.","https://www.britannica.com/place/Africa","L51 card.world_geography.051.c2; L51 card.world_geography.051.c3","L51 question.world_geography.051.q2","","","","","","corroborated","Britannica: the continent is cut almost equally in two by the Equator. NatGeo Education: it is divided in half almost equally by the Equator. (https://education.nationalgeographic.org/resource/africa-physical-geography/ https://www.britannica.com/place/Africa)",""
"fact.world_geography.africa_equator_halves","source.natgeo_africa_physical","unverified","The Equator cuts Africa almost exactly in half.","https://education.nationalgeographic.org/resource/africa-physical-geography/","L51 card.world_geography.051.c2; L51 card.world_geography.051.c3","L51 question.world_geography.051.q2","","","","","","corroborated","Britannica: the continent is cut almost equally in two by the Equator. NatGeo Education: it is divided in half almost equally by the Equator. (https://education.nationalgeographic.org/resource/africa-physical-geography/ https://www.britannica.com/place/Africa)",""
"fact.world_geography.africa_three_lines","source.brit_africa","unverified","Africa is the only continent crossed by the Equator, the Tropic of Cancer and the Tropic of Capricorn.","https://www.britannica.com/place/Africa","L51 card.world_geography.051.c1","L51 question.world_geography.051.q3","","","","","","corroborated","Britannica: Africa is cut in two by the Equator and most of it lies in the tropics, bounded by the Tropic of Cancer and the Tropic of Capricorn. Educational references agree it is the only continent all three lines cross (South America lacks Cancer, Asia lacks Capricorn, Australia lacks both others). (https://prepp.in/question/is-the-only-continent-through-which-the-tropic-of-6509a635554d398637f94fd0 https://testbook.com/question-answer/which-is-the-only-continent-through-which-the-trop--651d2e02a81a8a1a0dda533b)",""
"fact.world_geography.africa_mirror_climates","source.brit_africa_climate","unverified","Africa's climate zones are largely mirrored across the Equator: rainforest in the middle, then savanna, then desert, then Mediterranean tips.","https://www.britannica.com/place/Africa/Climate","L51 card.world_geography.051.c3; L56 card.world_geography.056.c2","L51 question.world_geography.051.q2","","","","","","corroborated","Britannica: near bisection by the Equator results in a largely symmetrical arrangement of climatic zones, wettest at the Equator, then wet-and-dry, semiarid and desert, with Mediterranean climates at both extremities. OpenStax: bands above the equator are a near-mirror image of those below it. (https://openstax.org/books/world-history-volume-1/pages/9-1-africas-geography-and-climate https://www.britannica.com/place/Africa/Climate)",""
"fact.world_geography.africa_mirror_climates","source.openstax_africa_geography","unverified","Africa's climate zones are largely mirrored across the Equator: rainforest in the middle, then savanna, then desert, then Mediterranean tips.","https://openstax.org/books/world-history-volume-1/pages/9-1-africas-geography-and-climate","L51 card.world_geography.051.c3; L56 card.world_geography.056.c2","L51 question.world_geography.051.q2","","","","","","corroborated","Britannica: near bisection by the Equator results in a largely symmetrical arrangement of climatic zones, wettest at the Equator, then wet-and-dry, semiarid and desert, with Mediterranean climates at both extremities. OpenStax: bands above the equator are a near-mirror image of those below it. (https://openstax.org/books/world-history-volume-1/pages/9-1-africas-geography-and-climate https://www.britannica.com/place/Africa/Climate)",""
"fact.world_geography.africa_deserts_both_sides","source.openstax_africa_geography","unverified","The Sahara is the great desert of northern Africa; the Kalahari and the Namib are deserts of southern Africa.","https://openstax.org/books/world-history-volume-1/pages/9-1-africas-geography-and-climate","L51 card.world_geography.051.c3; L52 card.world_geography.052.c2","L51 question.world_geography.051.q2","","","","","","corroborated","OpenStax: the Sahara in the north, the Kalahari in the southwest and the Namib in southern Africa. Climate summaries agree the Sahara in the north and Kalahari in the south are the paired deserts. (https://www.esa.int/SPECIALS/Eduspace_Weather_EN/SEM1C3KTYRF_0.html https://continenten.com/en/africa/climate/)",""
"fact.world_geography.africa_savanna_half","source.natgeo_africa_physical","unverified","Savanna, grassland with scattered trees, covers almost half of Africa.","https://education.nationalgeographic.org/resource/africa-physical-geography/","L51 card.world_geography.051.c3; L51 card.world_geography.051.c4","L51 question.world_geography.051.q2","","","","","","corroborated","NatGeo Education: savannas comprising almost half of Africa. OpenStax: the savanna covers almost half the surface of the continent. (https://openstax.org/books/world-history-volume-1/pages/9-1-africas-geography-and-climate https://education.nationalgeographic.org/resource/africa-physical-geography/)",""
"fact.world_geography.africa_savanna_half","source.openstax_africa_geography","unverified","Savanna, grassland with scattered trees, covers almost half of Africa.","https://openstax.org/books/world-history-volume-1/pages/9-1-africas-geography-and-climate","L51 card.world_geography.051.c3; L51 card.world_geography.051.c4","L51 question.world_geography.051.q2","","","","","","corroborated","NatGeo Education: savannas comprising almost half of Africa. OpenStax: the savanna covers almost half the surface of the continent. (https://openstax.org/books/world-history-volume-1/pages/9-1-africas-geography-and-climate https://education.nationalgeographic.org/resource/africa-physical-geography/)",""
"fact.world_geography.africa_more_north","source.brit_africa","unverified","Because of western Africa's bulge, more of Africa lies north of the Equator than south of it.","https://www.britannica.com/place/Africa","L51 card.world_geography.051.c4","","","","","","","corroborated","Britannica: because of the bulge formed by western Africa, the greater part of Africa's territory lies north of the Equator. Britannica's climate article agrees the continent is broader north of the Equator. (https://www.britannica.com/place/Africa/Climate)","one-page"
"fact.world_geography.desert_definition","source.natgeo_desert","unverified","A desert is land that gets no more than about 25 cm of precipitation a year, hot or cold.","https://education.nationalgeographic.org/resource/desert/","L52 card.world_geography.052.c2","L52 question.world_geography.052.q1; L52 question.world_geography.052.q3","","","","","","corroborated","NatGeo Education: a desert receives no more than 25 centimeters (10 inches) of precipitation a year. The USGS arid-land classification also sets arid at under 25 cm a year. (https://www.nationalgeographic.org/encyclopedia/desert/ https://kids.britannica.com/students/article/desert/273970)",""
"fact.world_geography.antarctica_largest_desert","source.natgeo_desert","unverified","Antarctica is the largest desert on Earth; the Sahara is the largest hot desert.","https://education.nationalgeographic.org/resource/desert/","L52 card.world_geography.052.c2","L52 question.world_geography.052.q1; L52 question.world_geography.052.q3","","","","","","corroborated","NatGeo Education: Antarctica is the world's largest desert and the Sahara the largest hot desert. Britannica's list of the world's largest deserts ranks Antarctica first and the Sahara as the largest hot desert. (https://www.britannica.com/topic/worlds-largest-deserts-2225895)","one-page"
"fact.world_geography.antarctica_largest_desert","source.brit_sahara","unverified","Antarctica is the largest desert on Earth; the Sahara is the largest hot desert.","https://www.britannica.com/place/Sahara-desert-Africa","L52 card.world_geography.052.c2","L52 question.world_geography.052.q1; L52 question.world_geography.052.q3","","","","","","corroborated","NatGeo Education: Antarctica is the world's largest desert and the Sahara the largest hot desert. Britannica's list of the world's largest deserts ranks Antarctica first and the Sahara as the largest hot desert. (https://www.britannica.com/topic/worlds-largest-deserts-2225895)","one-page"
"fact.world_geography.sahara_us_size","source.natgeo_desert","unverified","The Sahara is almost the size of the contiguous United States.","https://education.nationalgeographic.org/resource/desert/","L52 card.world_geography.052.c2","L52 question.world_geography.052.q1; L52 question.world_geography.052.q3","","","","","","corroborated","NatGeo Education: almost the size of the entire continental United States. OpenStax: about the size of the United States. Britannica gives about 8.6 million km². (https://openstax.org/books/world-history-volume-1/pages/9-1-africas-geography-and-climate https://www.britannica.com/place/Sahara-desert-Africa)",""
"fact.world_geography.sahara_mostly_rock","source.brit_sahara","unverified","Sand dunes cover only a minority of the Sahara; most of it is rocky plateaus and gravel plains.","https://www.britannica.com/place/Sahara-desert-Africa","L52 card.world_geography.052.c3; L58 card.world_geography.058.c2","","","","","","","corroborated","Britannica: sand sheets and dunes cover about 25 percent of the Sahara, the rest being rock plateaus (hamadas) and gravel plains. DesertUSA puts the dune fields at about 15 percent and says most of the Sahara is hamada. (https://www.desertusa.com/du_sahara.html https://en.wikipedia.org/wiki/Hamada)",""
"fact.world_geography.sahara_ancient_lakes","source.brit_sahara","unverified","People once lived, hunted and fished on the shores of lakes in what is now the Sahara.","https://www.britannica.com/place/Sahara-desert-Africa","L52 card.world_geography.052.c1","","","","","","","corroborated","Britannica: ancient Saharan lakes, upon the shores of which humans lived, hunted, and fished. Smithsonian: the green Sahara was pocked with lakes and rivers and people lived there. (https://www.smithsonianmag.com/science-nature/what-really-turned-sahara-desert-green-oasis-wasteland-180962668/ https://theconversation.com/humans-may-have-transformed-the-sahara-from-lush-paradise-to-barren-desert-74666)",""
"fact.world_geography.sahara_ancient_lakes","source.smithsonian_green_sahara","unverified","People once lived, hunted and fished on the shores of lakes in what is now the Sahara.","https://www.smithsonianmag.com/science-nature/what-really-turned-sahara-desert-green-oasis-wasteland-180962668/","L52 card.world_geography.052.c1","","","","","","","corroborated","Britannica: ancient Saharan lakes, upon the shores of which humans lived, hunted, and fished. Smithsonian: the green Sahara was pocked with lakes and rivers and people lived there. (https://www.smithsonianmag.com/science-nature/what-really-turned-sahara-desert-green-oasis-wasteland-180962668/ https://theconversation.com/humans-may-have-transformed-the-sahara-from-lush-paradise-to-barren-desert-74666)",""
"fact.world_geography.green_sahara_11000","source.smithsonian_green_sahara","unverified","About 11,000 years ago, the Sahara was green, with lakes, rivers and grasslands.","https://www.smithsonianmag.com/science-nature/what-really-turned-sahara-desert-green-oasis-wasteland-180962668/","L52 card.world_geography.052.c4","L52 question.world_geography.052.q2; L60 question.world_geography.060.q4","","","","","","corroborated","Smithsonian: 11,000 years ago the Sahara was green and alive, pocked with lakes, rivers, grasslands. The Conversation: the Green Sahara lasted roughly 11,000 to 6,000 years ago. (https://theconversation.com/the-sahara-desert-used-to-be-a-green-savannah-new-research-explains-why-216555 https://phys.org/news/2023-09-reveals-sahara-green.html)",""
"fact.world_geography.green_sahara_11000","source.conversation_green_sahara","unverified","About 11,000 years ago, the Sahara was green, with lakes, rivers and grasslands.","https://theconversation.com/the-sahara-desert-used-to-be-a-green-savannah-new-research-explains-why-216555","L52 card.world_geography.052.c4","L52 question.world_geography.052.q2; L60 question.world_geography.060.q4","","","","","","corroborated","Smithsonian: 11,000 years ago the Sahara was green and alive, pocked with lakes, rivers, grasslands. The Conversation: the Green Sahara lasted roughly 11,000 to 6,000 years ago. (https://theconversation.com/the-sahara-desert-used-to-be-a-green-savannah-new-research-explains-why-216555 https://phys.org/news/2023-09-reveals-sahara-green.html)",""
"fact.world_geography.sahara_rock_art","source.conversation_green_sahara","unverified","Rock art from the green Sahara shows elephants, giraffes, rhinos and hippos.","https://theconversation.com/the-sahara-desert-used-to-be-a-green-savannah-new-research-explains-why-216555","L52 card.world_geography.052.c4","L52 question.world_geography.052.q2; L60 question.world_geography.060.q4","","","","","","corroborated","The Conversation: ancient etchings and paintings show elephants, giraffes, rhinos and hippos. Other summaries of Saharan rock art list elephants, giraffe and hippos in pastoral scenes. (https://theconversation.com/the-sahara-desert-used-to-be-a-green-savannah-new-research-explains-why-216555 https://www.researchgate.net/publication/307934905_Green_Sahara_African_humid_periods_paced_by_Earth's_orbital_changes)",""
"fact.world_geography.green_sahara_wobble","source.smithsonian_green_sahara","unverified","A slow wobble of Earth's axis shifted summer sunlight, strengthening the African monsoon and pushing its rains north into the Sahara.","https://www.smithsonianmag.com/science-nature/what-really-turned-sahara-desert-green-oasis-wasteland-180962668/","L52 card.world_geography.052.c4","L52 question.world_geography.052.q2; L60 question.world_geography.060.q4","","","","","","corroborated","Smithsonian: slight wobbles in the tilt of Earth's orbital axis changed solar radiation and created humid periods. The Conversation: orbital precession strengthened the West African Monsoon and shifted the rainbelt north. (https://theconversation.com/the-sahara-desert-used-to-be-a-green-savannah-new-research-explains-why-216555 https://www.smithsonianmag.com/science-nature/what-really-turned-sahara-desert-green-oasis-wasteland-180962668/)",""
"fact.world_geography.green_sahara_wobble","source.conversation_green_sahara","unverified","A slow wobble of Earth's axis shifted summer sunlight, strengthening the African monsoon and pushing its rains north into the Sahara.","https://theconversation.com/the-sahara-desert-used-to-be-a-green-savannah-new-research-explains-why-216555","L52 card.world_geography.052.c4","L52 question.world_geography.052.q2; L60 question.world_geography.060.q4","","","","","","corroborated","Smithsonian: slight wobbles in the tilt of Earth's orbital axis changed solar radiation and created humid periods. The Conversation: orbital precession strengthened the West African Monsoon and shifted the rainbelt north. (https://theconversation.com/the-sahara-desert-used-to-be-a-green-savannah-new-research-explains-why-216555 https://www.smithsonianmag.com/science-nature/what-really-turned-sahara-desert-green-oasis-wasteland-180962668/)",""
"fact.world_geography.green_sahara_dried","source.smithsonian_green_sahara","unverified","The rains then retreated, and the Sahara dried out between about 8,000 and 4,500 years ago.","https://www.smithsonianmag.com/science-nature/what-really-turned-sahara-desert-green-oasis-wasteland-180962668/","L52 card.world_geography.052.c4","L52 question.world_geography.052.q2; L60 question.world_geography.060.q4","","","","","","corroborated","Smithsonian: between 8,000 and 4,500 years ago the transition from humid to dry happened. The Conversation dates the end of the Green Sahara to about 6,000 years ago, within that span. (https://theconversation.com/the-sahara-desert-used-to-be-a-green-savannah-new-research-explains-why-216555)","one-page"
"fact.world_geography.nile_flows_north_africa","source.brit_nile_river","unverified","The Nile, usually ranked the world's longest river, flows north into the Mediterranean Sea.","https://www.britannica.com/place/Nile-River","L53 card.world_geography.053.c2","L53 question.world_geography.053.q1","","","","","","corroborated","Britannica: flows northward to drain into the Mediterranean; historically thought the longest river, debated with the Amazon. NatGeo Education: the longest river, flowing south to north into the Mediterranean. (https://education.nationalgeographic.org/resource/nile-river/ https://www.britannica.com/place/Nile-River)",""
"fact.world_geography.nile_flows_north_africa","source.natgeo_nile_river","unverified","The Nile, usually ranked the world's longest river, flows north into the Mediterranean Sea.","https://education.nationalgeographic.org/resource/nile-river/","L53 card.world_geography.053.c2","L53 question.world_geography.053.q1","","","","","","corroborated","Britannica: flows northward to drain into the Mediterranean; historically thought the longest river, debated with the Amazon. NatGeo Education: the longest river, flowing south to north into the Mediterranean. (https://education.nationalgeographic.org/resource/nile-river/ https://www.britannica.com/place/Nile-River)",""
"fact.world_geography.nile_two_branches","source.brit_nile_river","unverified","The longer White Nile starts at Lake Victoria, the Blue Nile near Lake Tana in Ethiopia, and they meet at Khartoum, Sudan.","https://www.britannica.com/place/Nile-River","L53 card.world_geography.053.c2","L53 question.world_geography.053.q1","","","","","","corroborated","Britannica: the White Nile, the longer of the two, begins at Lake Victoria and flows to Khartoum, Sudan, where it converges with the Blue Nile, which begins near Lake Tana in Ethiopia. Carnegie Museum lists the White and Blue Niles among the main branches. (https://carnegiemnh.org/egypt-and-the-nile/)","one-page"
"fact.world_geography.blue_nile_flood","source.carnegie_egypt_nile","unverified","The Blue Nile brings the annual flood and provides most of the Nile's water and silt.","https://carnegiemnh.org/egypt-and-the-nile/","L53 card.world_geography.053.c2","L53 question.world_geography.053.q1","","","","","","corroborated","Carnegie Museum: the Blue Nile brings about the annual flood and provides most of the river's water and silt. NatGeo Education: the Blue Nile supplies most of the water. (https://education.nationalgeographic.org/resource/nile-river/ https://carnegiemnh.org/egypt-and-the-nile/)",""
"fact.world_geography.blue_nile_flood","source.natgeo_nile_river","unverified","The Blue Nile brings the annual flood and provides most of the Nile's water and silt.","https://education.nationalgeographic.org/resource/nile-river/","L53 card.world_geography.053.c2","L53 question.world_geography.053.q1","","","","","","corroborated","Carnegie Museum: the Blue Nile brings about the annual flood and provides most of the river's water and silt. NatGeo Education: the Blue Nile supplies most of the water. (https://education.nationalgeographic.org/resource/nile-river/ https://carnegiemnh.org/egypt-and-the-nile/)",""
"fact.world_geography.egyptians_by_nile","source.natgeo_nile_river","unverified","About 95% of Egyptians live within a few miles of the Nile.","https://education.nationalgeographic.org/resource/nile-river/","L53 card.world_geography.053.c1","","","","","","","corroborated","NatGeo Education: 95 percent of Egyptians live within a few miles of the Nile. The CIA World Factbook also says about 95% of Egyptians live along the Nile's banks. (https://www.cia.gov/the-world-factbook/about/archives/2023/countries/egypt https://brilliantmaps.com/egypt-population-density-nile/)",""
"fact.world_geography.nile_silt_farming","source.natgeo_nile_river","unverified","The Nile's annual flood spread fertile silt over the land, which made farming possible along the river.","https://education.nationalgeographic.org/resource/nile-river/","L53 card.world_geography.053.c3","L53 question.world_geography.053.q2; L53 question.world_geography.053.q3; L60 question.world_geography.060.q3","","","","","","corroborated","NatGeo Education: annual flooding deposits silt that enriches the soil. Carnegie Museum: the rich deposits left by flooding made agriculture possible. (https://carnegiemnh.org/egypt-and-the-nile/ https://www.britannica.com/place/Nile-River)",""
"fact.world_geography.nile_silt_farming","source.carnegie_egypt_nile","unverified","The Nile's annual flood spread fertile silt over the land, which made farming possible along the river.","https://carnegiemnh.org/egypt-and-the-nile/","L53 card.world_geography.053.c3","L53 question.world_geography.053.q2; L53 question.world_geography.053.q3; L60 question.world_geography.060.q3","","","","","","corroborated","NatGeo Education: annual flooding deposits silt that enriches the soil. Carnegie Museum: the rich deposits left by flooding made agriculture possible. (https://carnegiemnh.org/egypt-and-the-nile/ https://www.britannica.com/place/Nile-River)",""
"fact.world_geography.kemet_deshret","source.carnegie_egypt_nile","unverified","Ancient Egyptians called the fertile Nile valley Kemet, 'black land', and the desert beyond Deshret, 'red land'.","https://carnegiemnh.org/egypt-and-the-nile/","L53 card.world_geography.053.c3","L53 question.world_geography.053.q2; L53 question.world_geography.053.q3; L60 question.world_geography.060.q3","","","","","","corroborated","Carnegie Museum: Kemet, or black land, denotes the fertile land of the Nile Valley, while Deshret, or red land, refers to the desert. Wikipedia's Deshret article agrees; Britannica links 'Black' to the colour of the flood sediments. (https://en.wikipedia.org/wiki/Deshret https://www.britannica.com/place/Nile-River)",""
"fact.world_geography.nile_delta_rich","source.natgeo_nile_river","unverified","The Nile Delta's soil is rich because of the river's large silt deposits.","https://education.nationalgeographic.org/resource/nile-river/","L53 card.world_geography.053.c3; L60 card.world_geography.060.c3","L53 question.world_geography.053.q2; L53 question.world_geography.053.q3; L60 question.world_geography.060.q3","","","","","","corroborated","NatGeo Education: the soil of the Nile River Delta is rich in nutrients due to the large silt deposits. Reports on the Aswan dam note the delta's fertility long depended on silt from the floods. (https://www.history.com/this-day-in-history/july-21/aswan-high-dam-completed https://www.ebsco.com/research-starters/history/dedication-egypts-aswan-high-dam)",""
"fact.world_geography.aswan_1970_africa","source.natgeo_aswan_dam","unverified","The Aswan High Dam, completed in 1970, ended the Nile's annual flood in Egypt.","https://education.nationalgeographic.org/resource/aswan-dam-completed/","L53 card.world_geography.053.c4","","","","","","","corroborated","NatGeo Education: engineers completed the Aswan Dam on July 21, 1970, and it protects people from floods. History.com: completed July 21, 1970; hydrology references say the dam eliminated the annual flood. (https://www.history.com/this-day-in-history/july-21/aswan-high-dam-completed https://en.wikipedia.org/wiki/Flooding_of_the_Nile)",""
"fact.world_geography.aswan_1970_africa","source.brit_nile_river","unverified","The Aswan High Dam, completed in 1970, ended the Nile's annual flood in Egypt.","https://www.britannica.com/place/Nile-River","L53 card.world_geography.053.c4","","","","","","","corroborated","NatGeo Education: engineers completed the Aswan Dam on July 21, 1970, and it protects people from floods. History.com: completed July 21, 1970; hydrology references say the dam eliminated the annual flood. (https://www.history.com/this-day-in-history/july-21/aswan-high-dam-completed https://en.wikipedia.org/wiki/Flooding_of_the_Nile)",""
"fact.world_geography.aswan_tradeoff","source.natgeo_aswan_dam","unverified","The dam's steady flow lets farmers irrigate all year, but the silt that once fed the fields now builds up behind it.","https://education.nationalgeographic.org/resource/aswan-dam-completed/","L53 card.world_geography.053.c4","","","","","","","corroborated","NatGeo Education (Aswan): regulated flow helps farmers irrigate all year; sediment distribution was restricted. NatGeo (Nile): silt is now building up behind the dam. History.com notes lost delta fertility. (https://www.history.com/this-day-in-history/july-21/aswan-high-dam-completed https://education.nationalgeographic.org/resource/nile-river/)",""
"fact.world_geography.aswan_tradeoff","source.natgeo_nile_river","unverified","The dam's steady flow lets farmers irrigate all year, but the silt that once fed the fields now builds up behind it.","https://education.nationalgeographic.org/resource/nile-river/","L53 card.world_geography.053.c4","","","","","","","corroborated","NatGeo Education (Aswan): regulated flow helps farmers irrigate all year; sediment distribution was restricted. NatGeo (Nile): silt is now building up behind the dam. History.com notes lost delta fertility. (https://www.history.com/this-day-in-history/july-21/aswan-high-dam-completed https://education.nationalgeographic.org/resource/nile-river/)",""
"fact.world_geography.africa_splitting","source.natgeo_rift_valley","unverified","In the East African Rift, Africa is splitting: the Somali plate, carrying the Horn of Africa, is pulling away from the Nubian plate.","https://education.nationalgeographic.org/resource/rift-valley/","L54 card.world_geography.054.c1; L54 card.world_geography.054.c2","L54 question.world_geography.054.q3; L60 question.world_geography.060.q5","","","","","","corroborated","NatGeo Education: throughout the East African Rift the continent is splitting in two; the Somali plate carries the Horn of Africa away from the Nubian plate. NatGeo (crack article) describes the same two plates separating. (https://www.nationalgeographic.com/science/article/east-african-great-rift-valley-crack-spd https://earthobservatory.nasa.gov/images/15855/earthquake-in-eastern-africa)",""
"fact.world_geography.africa_splitting","source.natgeo_rift_crack","unverified","In the East African Rift, Africa is splitting: the Somali plate, carrying the Horn of Africa, is pulling away from the Nubian plate.","https://www.nationalgeographic.com/science/article/east-african-great-rift-valley-crack-spd","L54 card.world_geography.054.c1; L54 card.world_geography.054.c2","L54 question.world_geography.054.q3; L60 question.world_geography.060.q5","","","","","","corroborated","NatGeo Education: throughout the East African Rift the continent is splitting in two; the Somali plate carries the Horn of Africa away from the Nubian plate. NatGeo (crack article) describes the same two plates separating. (https://www.nationalgeographic.com/science/article/east-african-great-rift-valley-crack-spd https://earthobservatory.nasa.gov/images/15855/earthquake-in-eastern-africa)",""
"fact.world_geography.rift_stretching","source.natgeo_rift_valley","unverified","As the plates move apart, they stretch and thin the crust between them, opening the rift valley.","https://education.nationalgeographic.org/resource/rift-valley/","L54 card.world_geography.054.c2","L54 question.world_geography.054.q3; L60 question.world_geography.060.q5","","","","","","corroborated","NatGeo Education: the Great Rift is being created as the plates move apart, stretching and thinning Earth's crust; Africa's crust pulled apart creating the Great Rift Valley system (Africa physical geography page). (https://education.nationalgeographic.org/resource/africa-physical-geography/)","one-page"
"fact.world_geography.rift_extent","source.natgeo_rift_valley","unverified","The Great Rift Valley system stretches from the Middle East in the north to Mozambique in the south.","https://education.nationalgeographic.org/resource/rift-valley/","L54 card.world_geography.054.c2","L54 question.world_geography.054.q3; L60 question.world_geography.060.q5","","","","","","corroborated","NatGeo Education: the Great Rift Valley System stretches from the Middle East in the north to Mozambique in the south. Britannica's Dead Sea article places the Dead Sea on the same rift system's northern tectonic boundary. (https://www.britannica.com/place/Dead-Sea)","one-page"
"fact.world_geography.rift_volcanoes","source.natgeo_rift_valley","unverified","Volcanoes dot the rift valleys, among them Kilimanjaro and Mount Kenya.","https://education.nationalgeographic.org/resource/rift-valley/","L54 card.world_geography.054.c2; L55 card.world_geography.055.c2","L54 question.world_geography.054.q3; L60 question.world_geography.060.q5","","","","","","corroborated","NatGeo Education lists Mount Kenya and Mount Kilimanjaro among the volcanoes dotting the rift valleys. Britannica describes both Kilimanjaro and Mount Kenya as volcanoes. (https://www.britannica.com/place/Kilimanjaro https://www.britannica.com/place/Mount-Kenya)",""
"fact.world_geography.red_sea_rift","source.natgeo_rift_valley","unverified","The Red Sea formed when Arabia rifted away from Africa and the ocean flooded the valley between them.","https://education.nationalgeographic.org/resource/rift-valley/","L54 card.world_geography.054.c3; L60 card.world_geography.060.c2","L54 question.world_geography.054.q1; L60 question.world_geography.060.q2","","","","","","corroborated","NatGeo Education: the Arabian Peninsula was connected to Africa; seafloor spreading rifted the plates apart and the Indian Ocean flooded the rift, creating the Red Sea. USGS describes the Red Sea arm of the Afar triple junction as seafloor spreading. (https://pubs.usgs.gov/gip/dynamic/East_Africa.html)","one-page"
"fact.world_geography.horn_future_island","source.natgeo_rift_valley","unverified","If rifting continues, the sea could flood the rift and make the Horn of Africa an island, though not for millions of years.","https://education.nationalgeographic.org/resource/rift-valley/","L54 card.world_geography.054.c1; L54 card.world_geography.054.c3","L54 question.world_geography.054.q1; L60 question.world_geography.060.q2","","","","","","corroborated","NatGeo Education: the Arabian Sea may flood the rift and the Horn of Africa would become a continental island. NatGeo (crack article): separation isn't expected for another 50 million years. (https://www.nationalgeographic.com/science/article/east-african-great-rift-valley-crack-spd https://education.nationalgeographic.org/resource/rift-valley/)",""
"fact.world_geography.horn_future_island","source.natgeo_rift_crack","unverified","If rifting continues, the sea could flood the rift and make the Horn of Africa an island, though not for millions of years.","https://www.nationalgeographic.com/science/article/east-african-great-rift-valley-crack-spd","L54 card.world_geography.054.c1; L54 card.world_geography.054.c3","L54 question.world_geography.054.q1; L60 question.world_geography.060.q2","","","","","","corroborated","NatGeo Education: the Arabian Sea may flood the rift and the Horn of Africa would become a continental island. NatGeo (crack article): separation isn't expected for another 50 million years. (https://www.nationalgeographic.com/science/article/east-african-great-rift-valley-crack-spd https://education.nationalgeographic.org/resource/rift-valley/)",""
"fact.world_geography.lucy_ethiopia","source.smithsonian_afarensis","unverified","Lucy, a 3.2-million-year-old skeleton of an early human relative that walked upright, was found in Ethiopia.","https://humanorigins.si.edu/evidence/human-fossils/species/australopithecus-afarensis","L54 card.world_geography.054.c4","L54 question.world_geography.054.q2","","","","","","corroborated","Smithsonian: Lucy, a 3.2 million-year-old A. afarensis skeleton found at Hadar, Ethiopia; could walk upright. Britannica's Lucy article gives the same age and place. (https://www.britannica.com/topic/Lucy-fossil https://education.nationalgeographic.org/resource/rift-valley/)",""
"fact.world_geography.lucy_ethiopia","source.natgeo_rift_valley","unverified","Lucy, a 3.2-million-year-old skeleton of an early human relative that walked upright, was found in Ethiopia.","https://education.nationalgeographic.org/resource/rift-valley/","L54 card.world_geography.054.c4","L54 question.world_geography.054.q2","","","","","","corroborated","Smithsonian: Lucy, a 3.2 million-year-old A. afarensis skeleton found at Hadar, Ethiopia; could walk upright. Britannica's Lucy article gives the same age and place. (https://www.britannica.com/topic/Lucy-fossil https://education.nationalgeographic.org/resource/rift-valley/)",""
"fact.world_geography.turkana_boy","source.natgeo_rift_valley","unverified","Turkana Boy, a 1.5-million-year-old skeleton of an early human, was found in Kenya.","https://education.nationalgeographic.org/resource/rift-valley/","L54 card.world_geography.054.c4","L54 question.world_geography.054.q2","","","","","","corroborated","NatGeo Education: Turkana Boy is a 1.5-million-year old hominin skeleton unearthed in Kenya. Britannica (Nariokotome) and other references: found near Lake Turkana, Kenya, about 1.5 million years old. (https://www.britannica.com/place/Nariokotome https://www.turkanabasin.org/turkanaboy/)",""
"fact.world_geography.ash_dating","source.brit_olduvai_gorge","unverified","Layers of volcanic ash can be dated, which gives dates to the fossils found between them.","https://www.britannica.com/place/Olduvai-Gorge","L54 card.world_geography.054.c4","L54 question.world_geography.054.q2","","","","","","corroborated","Britannica (Olduvai): volcanic ash and tuff layers were used to establish ages for fossils and artifacts. Smithsonian's Olorgesailie page describes dating a long sequence of volcanic eruptions in the rift. (https://humanorigins.si.edu/research/east-african-research-projects/olorgesailie-kenya http://www.elementsmagazine.org/into-the-riftthe-geology-of-human-origins-in-eastern-africa/)",""
"fact.world_geography.olduvai_exposed","source.brit_olduvai_gorge","unverified","At Olduvai Gorge in Tanzania, running water cut through the rock layers and exposed fossils and stone tools.","https://www.britannica.com/place/Olduvai-Gorge","L54 card.world_geography.054.c4","L54 question.world_geography.054.q2","","","","","","corroborated","Britannica: water flow through the gorge eroded the rock, exposing a sequence of strata; the gorge has yielded over 60 hominin remains and Oldowan tools. Smithsonian and other rift summaries describe erosion exposing fossil-bearing sediments. (http://www.elementsmagazine.org/into-the-riftthe-geology-of-human-origins-in-eastern-africa/)","one-page"
"fact.world_geography.rebmann_1848","source.brit_kilimanjaro","unverified","In 1848 Johannes Rebmann reported a snow-capped mountain near the Equator; the news was not believed for more than a decade.","https://www.britannica.com/place/Kilimanjaro","L55 card.world_geography.055.c1; L55 card.world_geography.055.c2; L55 card.world_geography.055.c4","L55 question.world_geography.055.q1; L55 question.world_geography.055.q3; L60 question.world_geography.060.q5","","","","","","corroborated","Britannica: Rebmann reached the mountain in 1848, but the news of snow-capped mountains so close to the Equator was not believed until more than a decade later. Other histories describe a controversy lasting over a decade, settled by expeditions of 1861 to 1865. (https://en.wikipedia.org/wiki/Johannes_Rebmann https://www.markhorrell.com/blog/2012/the-snows-of-kilimanjaro/)","weak-pages"
"fact.world_geography.kili_5895","source.brit_kilimanjaro","unverified","Kilimanjaro, in Tanzania, rises 5,895 m above sea level, the highest point in Africa.","https://www.britannica.com/place/Kilimanjaro","L55 card.world_geography.055.c2","L55 question.world_geography.055.q1; L55 question.world_geography.055.q3; L60 question.world_geography.060.q5","","","","","","corroborated","Britannica: Kibo rises to 5,895 metres and is the highest point in Africa, in northeastern Tanzania. NASA Earth Observatory: Kilimanjaro, Tanzania, 5,895 meters. (https://science.nasa.gov/earth/earth-observatory/kilimanjaros-shrinking-ice-fields-79641)","one-page"
"fact.world_geography.kili_5895","source.nasa_kilimanjaro_ice","unverified","Kilimanjaro, in Tanzania, rises 5,895 m above sea level, the highest point in Africa.","https://science.nasa.gov/earth/earth-observatory/kilimanjaros-shrinking-ice-fields-79641","L55 card.world_geography.055.c2","L55 question.world_geography.055.q1; L55 question.world_geography.055.q3; L60 question.world_geography.060.q5","","","","","","corroborated","Britannica: Kibo rises to 5,895 metres and is the highest point in Africa, in northeastern Tanzania. NASA Earth Observatory: Kilimanjaro, Tanzania, 5,895 meters. (https://science.nasa.gov/earth/earth-observatory/kilimanjaros-shrinking-ice-fields-79641)","one-page"
"fact.world_geography.kili_3_south","source.nasa_kilimanjaro_ice","unverified","Kilimanjaro stands only about 3° south of the Equator.","https://science.nasa.gov/earth/earth-observatory/kilimanjaros-shrinking-ice-fields-79641","L55 card.world_geography.055.c2","L55 question.world_geography.055.q1; L55 question.world_geography.055.q3; L60 question.world_geography.060.q5","","","","","","corroborated","NASA Earth Observatory: approximately 3°S latitude. Britannica: about 140 miles south of the Equator, which is about 3° of latitude. (https://www.britannica.com/place/Kilimanjaro)","one-page"
"fact.world_geography.kili_3_south","source.brit_kilimanjaro","unverified","Kilimanjaro stands only about 3° south of the Equator.","https://www.britannica.com/place/Kilimanjaro","L55 card.world_geography.055.c2","L55 question.world_geography.055.q1; L55 question.world_geography.055.q3; L60 question.world_geography.060.q5","","","","","","corroborated","NASA Earth Observatory: approximately 3°S latitude. Britannica: about 140 miles south of the Equator, which is about 3° of latitude. (https://www.britannica.com/place/Kilimanjaro)","one-page"
"fact.world_geography.kili_ice_85","source.nasa_kilimanjaro_ice","unverified","Between 1912 and 2011, Kilimanjaro's summit ice lost more than 85% of its mass.","https://science.nasa.gov/earth/earth-observatory/kilimanjaros-shrinking-ice-fields-79641","L55 card.world_geography.055.c3","L55 question.world_geography.055.q2","","","","","","corroborated","NASA Earth Observatory: between 1912 and 2011 the mass of ice on the summit decreased by more than 85 percent. PNAS (Thompson et al. 2009) reported about 85% of the ice cover lost from 1912 to 2007. (https://www.pnas.org/doi/full/10.1073/pnas.0906029106)","one-page"
"fact.world_geography.kili_ice_dry_air","source.nasa_kilimanjaro_ice","unverified","A drier regional atmosphere brings Kilimanjaro less fresh snow and fewer clouds to shade its ice from the Sun.","https://science.nasa.gov/earth/earth-observatory/kilimanjaros-shrinking-ice-fields-79641","L55 card.world_geography.055.c3","L55 question.world_geography.055.q2","","","","","","corroborated","NASA Earth Observatory: an increasingly dry regional atmosphere is starving the mountain of fresh snow, and reduced cloud cover lets more solar radiation warm the ice. Other summaries of the research say the same. (https://altezzatravel.com/articles/kilimanjaro-glaciers https://www.pnas.org/doi/full/10.1073/pnas.0906029106)",""
"fact.world_geography.kili_ice_2060","source.nasa_kilimanjaro_ice","unverified","Scientists estimate Kilimanjaro's ice could vanish by 2060.","https://science.nasa.gov/earth/earth-observatory/kilimanjaros-shrinking-ice-fields-79641","L55 card.world_geography.055.c3","L55 question.world_geography.055.q2","","","","","","corroborated","NASA Earth Observatory: scientists estimate the ice could vanish by 2060. Other summaries of projections place disappearance between 2040 and 2060. (https://altezzatravel.com/articles/kilimanjaro-glaciers)","one-page"
"fact.world_geography.mount_kenya_glaciers","source.brit_mount_kenya","unverified","Mount Kenya, Africa's second-highest mountain, sits just south of the Equator and has small, retreating glaciers.","https://www.britannica.com/place/Mount-Kenya","L55 card.world_geography.055.c4","","","","","","","corroborated","Britannica: second highest mountain in Africa after Kilimanjaro, immediately south of the Equator, with several small, retreating glaciers. Britannica (Lewis Glacier) and GRID-Arendal document Lewis Glacier's retreat. (https://www.britannica.com/place/Lewis-Glacier https://www.grida.no/resources/5258)",""
"fact.world_geography.congo_second_rainforest","source.brit_congo_river","unverified","The Congo Basin holds the world's second-largest rainforest, after the Amazon.","https://www.britannica.com/place/Congo-River","L56 card.world_geography.056.c1; L56 card.world_geography.056.c2","L56 question.world_geography.056.q1","","","","","","corroborated","Britannica: the Congo basin is home to the world's second largest rainforest. National Geographic calls it the world's second biggest rainforest, behind the Amazon. (https://www.nationalgeographic.com/environment/article/worlds-second-biggest-rainforest-will-soon-reopen-to-large-scale-logging https://blogs.worldbank.org/en/africacan/why-congo-basin-forests-can-t-be-ignored-global-lifeline-at-crossroads)",""
"fact.world_geography.bonobos_south_bank","source.brit_bonobo","unverified","Bonobos live only in the rainforest along the south bank of the Congo River, in the Democratic Republic of the Congo.","https://www.britannica.com/animal/bonobo","L56 card.world_geography.056.c1; L56 card.world_geography.056.c4","","","","","","","corroborated","Britannica: found only in lowland rainforests along the south bank of the Congo River in the Democratic Republic of the Congo. WWF and National Geographic ('The Left Bank Ape') agree bonobos live only south of the river. (https://www.nationalgeographic.com/magazine/article/left-bank-ape https://www.worldwildlife.org/species/bonobo)",""
"fact.world_geography.congo_crosses_equator_twice","source.brit_congo_river","unverified","The Congo River swings through a giant arc and crosses the Equator twice.","https://www.britannica.com/place/Congo-River","L56 card.world_geography.056.c2; L56 card.world_geography.056.c3","L56 question.world_geography.056.q2; L56 question.world_geography.056.q3; L57 question.world_geography.057.q3","","","","","","corroborated","Britannica: the Congo crosses the Equator twice in its giant counterclockwise arc. EBSCO Research Starters and others agree it is the major river that crosses the Equator twice. (https://www.ebsco.com/research-starters/history/congo-river https://currentaffairs.adda247.com/which-is-the-only-river-that-cuts-the-equator-twice/)",""
"fact.world_geography.congo_steady_flow","source.brit_congo_river","unverified","The Congo's basin spans both sides of the Equator, so some part is always in its rainy season and the river flows steadily.","https://www.britannica.com/place/Congo-River","L56 card.world_geography.056.c3","L56 question.world_geography.056.q2; L56 question.world_geography.056.q3; L57 question.world_geography.057.q3","","","","","","corroborated","Britannica: the river keeps a consistent discharge because its basin spans regions with different rainy seasons. EBSCO: because the basin includes areas north and south of the Equator, its flow is stable, as some part is always in a rainy season. (https://www.ebsco.com/research-starters/history/congo-river https://en.wikipedia.org/wiki/Congo_River)",""
"fact.world_geography.congo_steady_flow","source.ebsco_congo_river","unverified","The Congo's basin spans both sides of the Equator, so some part is always in its rainy season and the river flows steadily.","https://www.ebsco.com/research-starters/history/congo-river","L56 card.world_geography.056.c3","L56 question.world_geography.056.q2; L56 question.world_geography.056.q3; L57 question.world_geography.057.q3","","","","","","corroborated","Britannica: the river keeps a consistent discharge because its basin spans regions with different rainy seasons. EBSCO: because the basin includes areas north and south of the Equator, its flow is stable, as some part is always in a rainy season. (https://www.ebsco.com/research-starters/history/congo-river https://en.wikipedia.org/wiki/Congo_River)",""
"fact.world_geography.congo_second_flow","source.brit_congo_river","unverified","The Congo carries more water than any other river except the Amazon.","https://www.britannica.com/place/Congo-River","L56 card.world_geography.056.c3","L56 question.world_geography.056.q2; L56 question.world_geography.056.q3; L57 question.world_geography.057.q3","","","","","","corroborated","Britannica: its flow of 1,450,000 cubic feet per second is second only to the Amazon. EBSCO Research Starters also ranks it second in discharge after the Amazon. (https://www.ebsco.com/research-starters/history/congo-river https://en.wikipedia.org/wiki/Congo_River)",""
"fact.world_geography.africa_54_countries","source.brit_africa","unverified","Africa has 54 recognized countries, more than any other continent.","https://www.britannica.com/place/Africa","L57 card.world_geography.057.c2","L57 question.world_geography.057.q2","","","","","","corroborated","Britannica: there are 54 recognized sovereign countries in Africa. Africa.com and HowStuffWorks: 54 countries, more than any other continent (Asia has about 48). (https://africa.com/54-african-countries https://history.howstuffworks.com/world-history/african-countries.htm)",""
"fact.world_geography.algeria_largest","source.brit_algeria","unverified","Algeria is Africa's largest country; Sudan held that title until South Sudan split off in 2011.","https://www.britannica.com/place/Algeria","L57 card.world_geography.057.c2","L57 question.world_geography.057.q2","","","","","","corroborated","Britannica (Algeria): the largest country in Africa. Britannica (Sudan): before the south seceded in 2011, Sudan was the largest African country. EBSCO confirms Algeria became largest after the 2011 division. (https://www.ebsco.com/research-starters/geography-and-cartography/algeria https://en.wikipedia.org/wiki/List_of_African_countries_by_area)",""
"fact.world_geography.algeria_largest","source.brit_sudan","unverified","Algeria is Africa's largest country; Sudan held that title until South Sudan split off in 2011.","https://www.britannica.com/place/Sudan","L57 card.world_geography.057.c2","L57 question.world_geography.057.q2","","","","","","corroborated","Britannica (Algeria): the largest country in Africa. Britannica (Sudan): before the south seceded in 2011, Sudan was the largest African country. EBSCO confirms Algeria became largest after the 2011 division. (https://www.ebsco.com/research-starters/geography-and-cartography/algeria https://en.wikipedia.org/wiki/List_of_African_countries_by_area)",""
"fact.world_geography.algeria_sahara","source.brit_algeria","unverified","The Sahara makes up more than four-fifths of Algeria.","https://www.britannica.com/place/Algeria","L57 card.world_geography.057.c2","L57 question.world_geography.057.q2","","","","","","corroborated","Britannica: the Sahara constitutes more than four-fifths of Algeria's area. The CIA World Factbook describes Algeria as mostly high plateau and desert. (https://www.ebsco.com/research-starters/geography-and-cartography/algeria)","one-page"
"fact.world_geography.africa_19_percent","source.pew_africa_population","unverified","About 19% of the world's people live in Africa.","https://www.pewresearch.org/short-reads/2026/05/19/5-facts-about-africas-population-growth/","L57 card.world_geography.057.c1","","","","","","","corroborated","Pew Research Center: 19% of the overall population lives in Africa. Worldometer's UN-based figures give Africa about 1.6 billion of roughly 8.2 billion people, about 19%. (https://www.worldometers.info/world-population/africa-population/)","one-page"
"fact.world_geography.africa_youngest","source.pew_africa_population","unverified","Africa has the world's youngest population, with a median age of about 19: half its people are younger.","https://www.pewresearch.org/short-reads/2026/05/19/5-facts-about-africas-population-growth/","L57 card.world_geography.057.c1","","","","","","","corroborated","Pew: the median age in Africa is about 19 years today. UN OHRLLS: Africa has the youngest population in the world. Visual Capitalist, from UN data: median age 19.3, the youngest continent. (https://www.visualcapitalist.com/mapped-the-median-age-of-every-continent/ https://www.un.org/ohrlls/news/young-people%E2%80%99s-potential-key-africa%E2%80%99s-sustainable-development)",""
"fact.world_geography.africa_youngest","source.un_ohrlls_africa_youth","unverified","Africa has the world's youngest population, with a median age of about 19: half its people are younger.","https://www.un.org/ohrlls/news/young-people%E2%80%99s-potential-key-africa%E2%80%99s-sustainable-development","L57 card.world_geography.057.c1","","","","","","","corroborated","Pew: the median age in Africa is about 19 years today. UN OHRLLS: Africa has the youngest population in the world. Visual Capitalist, from UN data: median age 19.3, the youngest continent. (https://www.visualcapitalist.com/mapped-the-median-age-of-every-continent/ https://www.un.org/ohrlls/news/young-people%E2%80%99s-potential-key-africa%E2%80%99s-sustainable-development)",""
"fact.world_geography.nigeria_most_people","source.pew_africa_population","unverified","Nigeria has more people than any other African country.","https://www.pewresearch.org/short-reads/2026/05/19/5-facts-about-africas-population-growth/","L57 card.world_geography.057.c2","L57 question.world_geography.057.q1","","","","","","corroborated","Pew: Nigeria currently leads, with the world's sixth-largest population. Britannica's list of African countries by population ranks Nigeria first. (https://www.britannica.com/topic/list-of-African-countries-by-population)","one-page"
"fact.world_geography.africa_big_cities","source.brit_cairo","unverified","Cairo, Lagos and Kinshasa are among Africa's largest cities.","https://www.britannica.com/place/Cairo","L57 card.world_geography.057.c3","","","","","","","corroborated","Britannica: Cairo is one of the largest cities in Africa; Lagos one of the largest in sub-Saharan Africa. UN World Urbanization Prospects figures (via Visual Capitalist) put Cairo, Kinshasa and Lagos among Africa's biggest urban areas. (https://www.visualcapitalist.com/mapped-the-50-largest-cities-in-africa-by-population/ https://www.statista.com/statistics/1218259/largest-cities-in-africa/)",""
"fact.world_geography.africa_big_cities","source.brit_lagos","unverified","Cairo, Lagos and Kinshasa are among Africa's largest cities.","https://www.britannica.com/place/Lagos-Nigeria","L57 card.world_geography.057.c3","","","","","","","corroborated","Britannica: Cairo is one of the largest cities in Africa; Lagos one of the largest in sub-Saharan Africa. UN World Urbanization Prospects figures (via Visual Capitalist) put Cairo, Kinshasa and Lagos among Africa's biggest urban areas. (https://www.visualcapitalist.com/mapped-the-50-largest-cities-in-africa-by-population/ https://www.statista.com/statistics/1218259/largest-cities-in-africa/)",""
"fact.world_geography.cairo_nile_delta","source.brit_cairo","unverified","Cairo stands on the Nile, at the gateway to the Nile Delta.","https://www.britannica.com/place/Cairo","L57 card.world_geography.057.c3","","","","","","","corroborated","Britannica: Cairo sits on the banks of the Nile and is the gateway to the Nile delta. WorldAtlas places the delta just north of Cairo. (https://www.worldatlas.com/maps/egypt)","one-page"
"fact.world_geography.lagos_abuja","source.brit_lagos","unverified","Lagos is Nigeria's largest city, but the capital moved from Lagos to Abuja in 1991.","https://www.britannica.com/place/Lagos-Nigeria","L57 card.world_geography.057.c3","","","","","","","corroborated","Britannica: Lagos is Nigeria's largest city and was the federal capital until December 1991, when the capital moved to Abuja. Britannica's Abuja article agrees it became the capital in 1991. (https://www.britannica.com/place/Abuja-national-capital-Nigeria)","one-page"
"fact.world_geography.kinshasa_brazzaville","source.nasa_kinshasa_brazzaville","unverified","Kinshasa, capital of DR Congo, and Brazzaville, capital of the Republic of the Congo, face each other across the Congo River.","https://science.nasa.gov/earth/earth-observatory/kinshasa-and-brazzaville-4329/","L57 card.world_geography.057.c3; L57 card.world_geography.057.c4","L57 question.world_geography.057.q3","","","","","","corroborated","NASA Earth Observatory: two capital cities on opposite banks of the Congo River, Brazzaville on the north side and Kinshasa on the south. Brilliant Maps: the two are the closest national capitals, directly across the river. (https://brilliantmaps.com/brazzaville-kinshasa/ https://en.wikipedia.org/wiki/Brazzaville%E2%80%93Kinshasa_Bridge)",""
"fact.world_geography.kinshasa_no_bridge","source.nasa_kinshasa_brazzaville","unverified","No bridge links Kinshasa and Brazzaville, so boats carry people between the two capitals.","https://science.nasa.gov/earth/earth-observatory/kinshasa-and-brazzaville-4329/","L57 card.world_geography.057.c4","L57 question.world_geography.057.q3","","","","","","corroborated","NASA Earth Observatory: there is no bridge between the cities, so water craft of many kinds ply between them. Travel accounts describe fast boat crossings of about fifteen minutes. (https://whirled-away.com/cross-river-border-brazzaville-kinshasa/ https://en.wikipedia.org/wiki/Brazzaville%E2%80%93Kinshasa_Bridge)",""
"fact.world_geography.middle_east_loose","source.brit_middle_east","unverified","The Middle East has no official border: it is a loosely defined region centered on Southwest Asia, often including Egypt.","https://www.britannica.com/place/Middle-East","L58 card.world_geography.058.c2","L58 question.world_geography.058.q1","","","","","","corroborated","Britannica: a loosely defined region that typically encompasses Southwest Asia; Egypt, Iran and Turkey are typically but not always included. Wikipedia's Middle East article agrees the definition varies and usually includes Egypt. (https://en.wikipedia.org/wiki/Middle_East)","one-page weak-pages"
"fact.world_geography.middle_east_desert","source.brit_middle_east","unverified","Large parts of the Middle East are desert.","https://www.britannica.com/place/Middle-East","L58 card.world_geography.058.c2","L58 question.world_geography.058.q1","","","","","","corroborated","Britannica: large parts of the Middle East are desert. Wikipedia's Arabian Desert article describes the desert covering most of the Arabian Peninsula. (https://en.wikipedia.org/wiki/Arabian_Desert)","one-page weak-pages"
"fact.world_geography.rub_al_khali","source.brit_rub_al_khali","unverified","The Rub' al Khali, the Empty Quarter of the southern Arabian Peninsula, is the world's largest area of continuous sand.","https://www.britannica.com/place/Rub-al-Khali","L58 card.world_geography.058.c2","L58 question.world_geography.058.q1","","","","","","corroborated","Britannica: the Rub al-Khali, meaning Empty Quarter, in the southern Arabian Peninsula is the largest area of continuous sand in the world. EBSCO and NASA Earth Observatory call it the largest continuous sand desert (erg). (https://www.ebsco.com/research-starters/science/rub-al-khali-desert https://science.nasa.gov/earth/earth-observatory/ar-rub-al-khali-sand-sea-arabian-peninsula-50744/)",""
"fact.world_geography.tigris_euphrates","source.brit_mesopotamia","unverified","The Tigris and Euphrates rise in the mountains of Turkey and flow southeast toward the Persian Gulf.","https://www.britannica.com/place/Mesopotamia-historical-region-Asia","L58 card.world_geography.058.c3","L58 question.world_geography.058.q2","","","","","","corroborated","Britannica: both rivers originate in the mountains of Turkey and flow southeast toward the Persian Gulf. Britannica's Tigris-Euphrates river system article gives the same course. (https://www.britannica.com/place/Tigris-Euphrates-river-system)","one-page"
"fact.world_geography.mesopotamia_name_africa","source.brit_mesopotamia","unverified","Mesopotamia, Greek for 'between rivers', is the land between the Tigris and Euphrates, mostly in modern Iraq.","https://www.britannica.com/place/Mesopotamia-historical-region-Asia","L58 card.world_geography.058.c3","L58 question.world_geography.058.q2","","","","","","corroborated","Britannica: from a Greek word meaning 'between rivers', the land between the Tigris and Euphrates, encompassing modern Iraq and parts of neighbours. NatGeo Education's Mesopotamia resource gives the same meaning. (https://education.nationalgeographic.org/resource/mesopotamia/)","one-page"
"fact.world_geography.mesopotamia_irrigation","source.brit_mesopotamia","unverified","Southern Mesopotamia has fertile soil but little rain, so farming there depended on irrigation from the rivers.","https://www.britannica.com/place/Mesopotamia-historical-region-Asia","L58 card.world_geography.058.c3","L58 question.world_geography.058.q2","","","","","","corroborated","Britannica: southern Mesopotamia has fertile alluvial soil but needs artificial irrigation due to low rainfall; farming without risk of crop failure began only after irrigation. NatGeo Education describes Mesopotamian irrigation canals. (https://education.nationalgeographic.org/resource/mesopotamia/)","one-page"
"fact.world_geography.dead_sea_lowest","source.brit_dead_sea","unverified","The Dead Sea lies more than 400 m below sea level, and its shores are the lowest land on Earth.","https://www.britannica.com/place/Dead-Sea","L58 card.world_geography.058.c1; L58 card.world_geography.058.c4","L58 question.world_geography.058.q3","","","","","","corroborated","Britannica: the lowest body of water on Earth, about 430 m below sea level by the mid-2010s and still dropping. NASA Earth Observatory: the Dead Sea depression is the lowest spot on land, about 400 m below sea level. (https://earthobservatory.nasa.gov/images/77592/the-dead-sea https://www.nasa.gov/image-article/dead-sea-2/)",""
"fact.world_geography.dead_sea_dropping","source.brit_dead_sea","unverified","The Dead Sea's level keeps dropping as the water that once fed it is diverted.","https://www.britannica.com/place/Dead-Sea","L58 card.world_geography.058.c4","L58 question.world_geography.058.q3","","","","","","corroborated","Britannica: water diversion by Israel and Jordan since the 1960s has caused dramatic shrinkage; the level keeps declining. NASA Earth Observatory notes the level falls as tributary water is diverted. (https://earthobservatory.nasa.gov/images/77592/the-dead-sea)","one-page"
"fact.world_geography.dead_sea_float_africa","source.brit_dead_sea","unverified","The Jordan River flows into the Dead Sea, nothing flows out, and its water is so salty and dense that swimmers float easily.","https://www.britannica.com/place/Dead-Sea","L58 card.world_geography.058.c1; L58 card.world_geography.058.c4","L58 question.world_geography.058.q3","","","","","","corroborated","Britannica: receives nearly all its water from the Jordan River and has no outlet; extremely saline waters with a density that keeps bathers buoyant. NOAA JetStream describes floating in the Dead Sea. (https://www.noaa.gov/jetstream/dead-max)","one-page"
"fact.world_geography.dead_sea_plate_boundary","source.brit_dead_sea","unverified","The Dead Sea sits in a down-dropped block of crust along a major plate boundary.","https://www.britannica.com/place/Dead-Sea","L58 card.world_geography.058.c4","L58 question.world_geography.058.q3","","","","","","corroborated","Britannica: the Dead Sea occupies part of a graben, a downfaulted block of Earth's crust, along a major tectonic boundary. NatGeo Education places the Great Rift Valley system's northern end in the Middle East. (https://education.nationalgeographic.org/resource/rift-valley/)","one-page"
"fact.world_geography.gulf_half_oil","source.eia_where_oil_comes_from","unverified","The seven Persian Gulf countries hold about half of the world's proved crude oil reserves.","https://www.eia.gov/energyexplained/oil-and-petroleum-products/where-our-oil-comes-from.php","L59 card.world_geography.059.c2","L59 question.world_geography.059.q1","","","","","","corroborated","EIA: the seven Persian Gulf countries held about 49% of world proved crude oil reserves at the start of 2021. Strauss Center: the Persian Gulf held 55 percent of world oil reserves at the end of 2006. (https://www.strausscenter.org/strait-of-hormuz-oil-in-the-persian-gulf/)","one-page"
"fact.world_geography.oil_formation","source.eia_oil_explained","unverified","Crude oil formed from tiny ancient sea plants and animals, buried under sand, silt and rock and cooked by heat and pressure.","https://www.eia.gov/energyexplained/oil-and-petroleum-products/","L59 card.world_geography.059.c2","L59 question.world_geography.059.q1","","","","","","corroborated","EIA: remains of marine plants and animals (diatoms) were covered by layers of sand, silt and rock, and heat and pressure turned them into crude oil over millions of years. NatGeo Education's petroleum resource describes the same process. (https://education.nationalgeographic.org/resource/petroleum/)","one-page"
"fact.world_geography.kuwait_no_rivers","source.fanack_kuwait_water","unverified","Kuwait has no rivers or lakes.","https://water.fanack.com/kuwait/water-resources-in-kuwait/","L59 card.world_geography.059.c1","","","","","","","corroborated","Fanack Water: Kuwait has no lakes or rivers, and its natural water resources are limited to brackish groundwater. Other reporting on Kuwait's water supply notes it has no permanent rivers. (https://water.fanack.com/kuwait-desalination-attack/ https://aljazeera.com/news/2026/3/12/how-much-of-the-gulfs-water-comes-from-desalination-plants)",""
"fact.world_geography.kuwait_90_desal","source.csis_gulf_desalination","unverified","Kuwait gets about 90% of its drinking water by desalination, removing the salt from seawater.","https://www.csis.org/analysis/could-iran-disrupt-gulf-countries-desalinated-water-supplies","L59 card.world_geography.059.c4","L59 question.world_geography.059.q2","","","","","","corroborated","CSIS: Kuwait gets 90 percent of its drinking water from desalination. Fanack Water and Al Jazeera also report about 90% of Kuwait's municipal water comes from desalination. (https://water.fanack.com/kuwait-desalination-attack/ https://aljazeera.com/news/2026/3/12/how-much-of-the-gulfs-water-comes-from-desalination-plants)",""
"fact.world_geography.mena_water_share","source.worldbank_mena_water","unverified","The Middle East and North Africa have about 6% of the world's people but less than 2% of its renewable fresh water.","https://blogs.worldbank.org/en/arabvoices/numbers-facts-about-water-crisis-arab-world","L59 card.world_geography.059.c3","L59 question.world_geography.059.q3","","","","","","corroborated","World Bank blog: MENA is home to 6% of the world's population and less than 2% of the world's renewable water. Population Reference Bureau gives the same comparison. (https://www.prb.org/resource/finding-the-balance-population-and-water-scarcity-in-the-middle-east-and-north-africa/)","one-page"
"fact.world_geography.earth_water_salty","source.usgs_water_on_earth","unverified","About 96.5% of Earth's water is in the oceans, and ocean water is too salty to drink.","https://www.usgs.gov/special-topics/water-science-school/science/how-much-water-there-earth","L59 card.world_geography.059.c3","L59 question.world_geography.059.q3","","","","","","corroborated","USGS: the oceans hold about 96.5 percent of all Earth's water. NOAA Ocean Service says about 97 percent of Earth's water is found in the ocean. (https://oceanservice.noaa.gov/facts/oceanwater.html)","one-page"
"fact.world_geography.desal_oil_gas","source.atlanticcouncil_gulf_desalination","unverified","Desalination uses a lot of energy, and the Gulf countries power it with oil and natural gas.","https://www.atlanticcouncil.org/blogs/menasource/gulf-water-scarcity-deslination/","L59 card.world_geography.059.c4","L59 question.world_geography.059.q2","","","","","","corroborated","Atlantic Council: the Gulf relies on hydrocarbons to power energy-intensive desalination; Saudi Arabia burns about 300,000 barrels of oil a day for it. Inside Climate News: almost all the region's plants run on gas and oil. (https://insideclimatenews.org/news/11032026/middle-east-desalination-plant-attacks-fossil-fuel-water-dependence/ https://www.csis.org/analysis/could-iran-disrupt-gulf-countries-desalinated-water-supplies)",""
"fact.world_geography.suez_1869","source.brit_suez_canal","unverified","The Suez Canal, opened in 1869, connects the Mediterranean Sea to the Red Sea.","https://www.britannica.com/topic/Suez-Canal","L60 card.world_geography.060.c1; L60 card.world_geography.060.c2","L60 question.world_geography.060.q1; L60 question.world_geography.060.q2","","","","","","corroborated","Britannica: the canal connects the Mediterranean to the Red Sea and opened in 1869. History.com: the canal connecting the Mediterranean and Red seas was inaugurated on November 17, 1869. (https://www.history.com/this-day-in-history/november-17/suez-canal-opens)","one-page"
"fact.world_geography.suez_no_locks","source.brit_suez_canal","unverified","The Suez Canal has no locks: the Mediterranean and the Red Sea sit at about the same level.","https://www.britannica.com/topic/Suez-Canal","L60 card.world_geography.060.c2","L60 question.world_geography.060.q1; L60 question.world_geography.060.q2","","","","","","corroborated","Britannica: a sea-level waterway without locks. History.com: engineers confirmed the Mediterranean and Red seas were at the same level, so a canal without locks could be built. (https://www.history.com/articles/suez-canal)","one-page"
"fact.world_geography.suez_shortcut","source.brit_suez_canal","unverified","The canal gives ships between Europe and Asia a shortcut that avoids sailing around Africa's Cape of Good Hope.","https://www.britannica.com/topic/Suez-Canal","L60 card.world_geography.060.c1; L60 card.world_geography.060.c3","L60 question.world_geography.060.q3","","","","","","corroborated","Britannica: the shortest maritime route between Europe and lands around the Indian and western Pacific oceans, avoiding the Cape of Good Hope. History.com: traders could avoid the great distance around Africa's Cape of Good Hope. (https://www.history.com/articles/suez-canal)","one-page"
"fact.world_geography.suez_africa_asia","source.brit_suez_canal","unverified","The Suez Canal separates Africa from Asia, so Egypt's Sinai Peninsula, east of it, lies in Asia.","https://www.britannica.com/topic/Suez-Canal","L60 card.world_geography.060.c3","L60 question.world_geography.060.q3","","","","","","corroborated","Britannica: the canal separates Africa from Asia. WorldAtlas: Egypt is transcontinental, with the Sinai Peninsula in Asia east of the canal. Britannica Kids' Sinai article agrees. (https://www.worldatlas.com/articles/how-is-the-border-between-africa-and-asia-defined.html https://kids.britannica.com/kids/article/Sinai-Peninsula/399597)",""
"fact.world_geography.suez_africa_asia","source.worldatlas_sinai","unverified","The Suez Canal separates Africa from Asia, so Egypt's Sinai Peninsula, east of it, lies in Asia.","https://www.worldatlas.com/peninsulas/sinai-peninsula.html","L60 card.world_geography.060.c3","L60 question.world_geography.060.q3","","","","","","corroborated","Britannica: the canal separates Africa from Asia. WorldAtlas: Egypt is transcontinental, with the Sinai Peninsula in Asia east of the canal. Britannica Kids' Sinai article agrees. (https://www.worldatlas.com/articles/how-is-the-border-between-africa-and-asia-defined.html https://kids.britannica.com/kids/article/Sinai-Peninsula/399597)",""
"fact.world_geography.suez_delta_west","source.worldatlas_sinai","unverified","The Nile Delta lies just west of the Suez Canal, and the Sinai Peninsula just east.","https://www.worldatlas.com/peninsulas/sinai-peninsula.html","L60 card.world_geography.060.c3","L60 question.world_geography.060.q3","","","","","","corroborated","WorldAtlas: to the west of the Suez Canal is the low-lying delta of the Nile River, and to the east the Sinai Peninsula. Britannica's Suez Canal map shows the canal between the delta and Sinai. (https://www.britannica.com/topic/Suez-Canal)","one-page"
"fact.world_geography.europe_eurasia_peninsula","source.natgeo_europe_physical","unverified","Europe is the western peninsula of Eurasia, the great landmass it shares with Asia.","https://education.nationalgeographic.org/resource/europe-physical-geography/","L61 card.world_geography.061.c1; L61 card.world_geography.061.c2","L61 question.world_geography.061.q1; L61 question.world_geography.061.q2; L61 question.world_geography.061.q3","","","","","","corroborated","National Geographic and Britannica both describe Europe as the western peninsula of Eurasia; the border articles note Europe and Asia form one landmass, Eurasia. (https://en.wikipedia.org/wiki/Ural_Mountains https://www.worldatlas.com/articles/how-is-the-border-between-europe-and-asia-defined.html)",""
"fact.world_geography.europe_eurasia_peninsula","source.brit_europe","unverified","Europe is the western peninsula of Eurasia, the great landmass it shares with Asia.","https://www.britannica.com/place/Europe","L61 card.world_geography.061.c1; L61 card.world_geography.061.c2","L61 question.world_geography.061.q1; L61 question.world_geography.061.q2; L61 question.world_geography.061.q3","","","","","","corroborated","National Geographic and Britannica both describe Europe as the western peninsula of Eurasia; the border articles note Europe and Asia form one landmass, Eurasia. (https://en.wikipedia.org/wiki/Ural_Mountains https://www.worldatlas.com/articles/how-is-the-border-between-europe-and-asia-defined.html)",""
"fact.world_geography.europe_ural_border","source.brit_europe","unverified","Europe's eastern border with Asia is usually drawn along Russia's Ural Mountains.","https://www.britannica.com/place/Europe","L61 card.world_geography.061.c1; L61 card.world_geography.061.c2; L64 card.world_geography.064.c2","L61 question.world_geography.061.q1; L61 question.world_geography.061.q2; L61 question.world_geography.061.q3","","","","","","corroborated","The Urals form the major part of the conventional physiographic boundary between Europe and Asia. (https://en.wikipedia.org/wiki/Ural_Mountains https://www.worldatlas.com/articles/how-is-the-border-between-europe-and-asia-defined.html)",""
"fact.world_geography.europe_ural_border","source.natgeo_europe_physical","unverified","Europe's eastern border with Asia is usually drawn along Russia's Ural Mountains.","https://education.nationalgeographic.org/resource/europe-physical-geography/","L61 card.world_geography.061.c1; L61 card.world_geography.061.c2; L64 card.world_geography.064.c2","L61 question.world_geography.061.q1; L61 question.world_geography.061.q2; L61 question.world_geography.061.q3","","","","","","corroborated","The Urals form the major part of the conventional physiographic boundary between Europe and Asia. (https://en.wikipedia.org/wiki/Ural_Mountains https://www.worldatlas.com/articles/how-is-the-border-between-europe-and-asia-defined.html)",""
"fact.world_geography.europe_bordering_waters","source.brit_europe","unverified","Europe is bordered by the Arctic Ocean to the north, the Atlantic Ocean to the west and the Mediterranean Sea to the south.","https://www.britannica.com/place/Europe","L61 card.world_geography.061.c2","L61 question.world_geography.061.q1; L61 question.world_geography.061.q2; L61 question.world_geography.061.q3","","","","","","corroborated","National Geographic's Europe physical geography page describes the same bounding waters: Arctic north, Atlantic west, Mediterranean south. (https://education.nationalgeographic.org/resource/europe-physical-geography/)","one-page"
"fact.world_geography.peninsula_definition","source.natgeo_europe_physical","unverified","A peninsula is a piece of land surrounded by water on three sides.","https://education.nationalgeographic.org/resource/europe-physical-geography/","L61 card.world_geography.061.c3","L61 question.world_geography.061.q2","","","","","","corroborated","Britannica defines a peninsula as a body of land almost surrounded by water, attached to the mainland on one side. (https://www.britannica.com/science/peninsula)","one-page"
"fact.world_geography.europe_peninsula_of_peninsulas","source.natgeo_europe_physical","unverified","Europe is sometimes called a peninsula of peninsulas; its major peninsulas include the Scandinavian, Iberian, Italian and Balkan.","https://education.nationalgeographic.org/resource/europe-physical-geography/","L61 card.world_geography.061.c3","L61 question.world_geography.061.q2","","","","","","corroborated","Britannica lists the Scandinavian, Iberian, Italian and Balkan peninsulas as Europe's major peninsulas; National Geographic uses the phrase 'peninsula of peninsulas'. (https://courses.lumenlearning.com/suny-hcc-worldgeography/chapter/2-1-introducing-the-realm/)","one-page"
"fact.world_geography.europe_peninsula_of_peninsulas","source.brit_europe","unverified","Europe is sometimes called a peninsula of peninsulas; its major peninsulas include the Scandinavian, Iberian, Italian and Balkan.","https://www.britannica.com/place/Europe","L61 card.world_geography.061.c3","L61 question.world_geography.061.q2","","","","","","corroborated","Britannica lists the Scandinavian, Iberian, Italian and Balkan peninsulas as Europe's major peninsulas; National Geographic uses the phrase 'peninsula of peninsulas'. (https://courses.lumenlearning.com/suny-hcc-worldgeography/chapter/2-1-introducing-the-realm/)","one-page"
"fact.world_geography.europe_four_regions","source.natgeo_europe_physical","unverified","From north to south, Europe's four major physical regions are the Western Uplands, the North European Plain, the Central Uplands and the Alpine Mountains.","https://education.nationalgeographic.org/resource/europe-physical-geography/","L61 card.world_geography.061.c4","L62 question.world_geography.062.q3","","","","","","corroborated","Lumen World Regional Geography and LibreTexts use the same four regions in the same north-to-south order. (https://courses.lumenlearning.com/suny-hcc-worldgeography/chapter/2-1-introducing-the-realm/ https://k12.libretexts.org/Bookshelves/Geography/05%3A_Europe_(10_days)/5.01%3A_Europe-_Physical_Location_and_Climate_(2_Days))",""
"fact.world_geography.western_uplands_glaciers","source.natgeo_europe_physical","unverified","Europe's Western Uplands are hard, ancient rock shaped by glaciers, which left lakes and fjords.","https://education.nationalgeographic.org/resource/europe-physical-geography/","L61 card.world_geography.061.c4","L62 question.world_geography.062.q3","","","","","","corroborated","Educational geography texts describe the Western Uplands (Northern Highlands) as old, hard rock of Scandinavia and the British Isles, shaped by glaciation with fjords. (https://courses.lumenlearning.com/suny-hcc-worldgeography/chapter/2-1-introducing-the-realm/)","one-page"
"fact.world_geography.north_european_plain","source.natgeo_europe_physical","unverified","The North European Plain, low land stretching from the southern United Kingdom east to Russia, is Europe's most densely populated region.","https://education.nationalgeographic.org/resource/europe-physical-geography/","L61 card.world_geography.061.c4","L62 question.world_geography.062.q3","","","","","","corroborated","The plain is described as extending from the southern UK to Russia, mostly low-lying, and remains Europe's most densely populated region. (https://courses.lumenlearning.com/suny-hcc-worldgeography/chapter/2-1-introducing-the-realm/)","one-page"
"fact.world_geography.central_uplands_wooded","source.natgeo_europe_physical","unverified","Europe's Central Uplands stretch east to west across central Europe and are heavily wooded.","https://education.nationalgeographic.org/resource/europe-physical-geography/","L61 card.world_geography.061.c4","L62 question.world_geography.062.q3","","","","","","corroborated","The Central Uplands extend east-west across central Europe (France, Belgium, southern Germany, Czechia) with forested highlands. (https://courses.lumenlearning.com/suny-hcc-worldgeography/chapter/2-1-introducing-the-realm/)","one-page"
"fact.world_geography.alpine_region_ranges","source.natgeo_europe_physical","unverified","Europe's Alpine Mountains region includes the Alps, the Pyrenees, the Apennines and the Carpathians.","https://education.nationalgeographic.org/resource/europe-physical-geography/","L61 card.world_geography.061.c4","L62 question.world_geography.062.q3","","","","","","corroborated","The Alpine range is described as including the High Alps, the Pyrenees, the Apennines and the Carpathians. (https://courses.lumenlearning.com/suny-hcc-worldgeography/chapter/2-1-introducing-the-realm/)","one-page"
"fact.world_geography.alps_extent","source.brit_alps","unverified","The Alps arc across Europe from the Mediterranean coast near Nice, France, to Vienna, Austria.","https://www.britannica.com/place/Alps","L62 card.world_geography.062.c2","L62 question.world_geography.062.q2; L62 question.world_geography.062.q3; L66 question.world_geography.066.q3","","","","","","corroborated","The Alps are described as an arc from the French Riviera near Nice to Vienna. (https://en.wikipedia.org/wiki/Alps)","one-page weak-pages"
"fact.world_geography.fold_mountain_definition","source.natgeo_fold_mountain","unverified","Fold mountains form where tectonic plates are pushed together and rock is folded and crumpled upward.","https://education.nationalgeographic.org/resource/fold-mountain/","L62 card.world_geography.062.c2; L66 card.world_geography.066.c2; L70 card.world_geography.070.c3","L62 question.world_geography.062.q2; L62 question.world_geography.062.q3; L66 question.world_geography.066.q3","","","","","","corroborated","The US National Park Service describes collisional mountain ranges forming where converging plates crumple and fold crust upward. (https://www.nps.gov/subjects/geology/plate-tectonics-collisional-mountain-ranges.htm)","one-page"
"fact.world_geography.alps_fold_mountains","source.natgeo_fold_mountain","unverified","The Alps are fold mountains, pushed up where the Adriatic microplate, a fragment of the African plate, is colliding with the Eurasian plate.","https://education.nationalgeographic.org/resource/fold-mountain/","L62 card.world_geography.062.c2; L70 card.world_geography.070.c3","L62 question.world_geography.062.q2; L62 question.world_geography.062.q3; L66 question.world_geography.066.q3","","","","","","corroborated","The Alps arose from the collision of the African and Eurasian plates, with the Adriatic plate (part of Africa) playing the key role. (https://en.wikipedia.org/wiki/Geology_of_the_Alps)","one-page weak-pages"
"fact.world_geography.mont_blanc_highest","source.brit_alps","unverified","Mont Blanc is the highest peak in the Alps.","https://www.britannica.com/place/Alps","L62 card.world_geography.062.c2","L62 question.world_geography.062.q2; L62 question.world_geography.062.q3; L66 question.world_geography.066.q3","","","","","","corroborated","Mont Blanc is the highest mountain of the Alps. (https://en.wikipedia.org/wiki/Mont_Blanc)","one-page weak-pages"
"fact.world_geography.alps_four_seas","source.brit_alps","unverified","The Alps are the source of the Rhone, the Rhine, the Po and many Danube tributaries, whose waters reach the North, Mediterranean, Adriatic and Black seas.","https://www.britannica.com/place/Alps","L62 card.world_geography.062.c1; L62 card.world_geography.062.c3","","","","","","","corroborated","Swiss drainage: the Rhine goes to the North Sea, the Rhone to the Mediterranean, the Po to the Adriatic, and the Inn via the Danube to the Black Sea. (https://www.britannica.com/place/Switzerland/Relief-and-drainage https://marmotamaps.com/en/blog/the-longest-rivers-of-the-alps/)",""
"fact.world_geography.rhine_course","source.brit_rhine","unverified","The Rhine rises in the Swiss Alps and flows north and west to the North Sea, draining through the Netherlands.","https://www.britannica.com/place/Rhine-River","L62 card.world_geography.062.c3","","","","","","","corroborated","Swiss government and other sources: the Rhine rises in the Swiss Alps and flows into the North Sea. (https://www.aboutswitzerland.eda.admin.ch/en/lakes-and-rivers)","one-page"
"fact.world_geography.rhine_transport","source.brit_rhine","unverified","The Rhine is one of the world's most important routes for industrial transport.","https://www.britannica.com/place/Rhine-River","L62 card.world_geography.062.c3","","","","","","","corroborated","The Rhine is described as one of Europe's (and the world's) busiest and most important commercial waterways. (https://en.wikipedia.org/wiki/Rhine)","one-page weak-pages"
"fact.world_geography.danube_course","source.brit_danube","unverified","The Danube rises in Germany's Black Forest and flows to the Black Sea; it is Europe's second-longest river, after the Volga.","https://www.britannica.com/place/Danube-River","L62 card.world_geography.062.c4","L62 question.world_geography.062.q1","","","","","","corroborated","WorldAtlas and others: source in the Black Forest, mouth on the Black Sea, second longest in Europe after the Volga. (https://www.worldatlas.com/rivers/danube-river.html)","one-page"
"fact.world_geography.danube_ten_countries","source.brit_danube","unverified","The Danube passes through 10 countries, and the capitals Vienna, Bratislava, Budapest and Belgrade stand on its banks.","https://www.britannica.com/place/Danube-River","L62 card.world_geography.062.c4","L62 question.world_geography.062.q1","","","","","","corroborated","The Danube flows through or along 10 countries; Vienna, Bratislava, Budapest and Belgrade are the capitals on its banks. (https://www.worldatlas.com/rivers/danube-river.html https://www.mappr.co/thematic-maps/capitals-danube-river/)",""
"fact.world_geography.main_danube_canal","source.brit_main_danube_canal","unverified","The Main-Danube Canal, completed in 1992, links the Main (a Rhine tributary) to the Danube, so boats can travel between the North Sea and the Black Sea.","https://www.britannica.com/topic/Main-Danube-Canal","L62 card.world_geography.062.c4","L62 question.world_geography.062.q1","","","","","","corroborated","The Rhine-Main-Danube Canal opened on 25 September 1992, creating a waterway between the North Sea and the Black Sea. (https://en.wikipedia.org/wiki/Rhine%E2%80%93Main%E2%80%93Danube_Canal)","one-page weak-pages"
"fact.world_geography.med_three_continents","source.brit_mediterranean_sea","unverified","The Mediterranean Sea is bordered by Europe, Africa and Asia.","https://www.britannica.com/place/Mediterranean-Sea","L63 card.world_geography.063.c2","","","","","","","corroborated","The Mediterranean is enclosed by Europe to the north, Africa to the south and Asia to the east. (https://en.wikipedia.org/wiki/Mediterranean_Sea)","one-page weak-pages"
"fact.world_geography.med_gibraltar","source.brit_mediterranean_sea","unverified","The Mediterranean meets the Atlantic Ocean through the Strait of Gibraltar, about 13 km wide at its narrowest.","https://www.britannica.com/place/Mediterranean-Sea","L63 card.world_geography.063.c2","","","","","","","corroborated","WorldAtlas gives about 13 km at the narrowest point; other measurements run to about 14 km, so 'about 13 km' follows Britannica. (https://www.worldatlas.com/straits/strait-of-gibraltar.html)","one-page"
"fact.world_geography.med_name_meaning","source.etymonline_mediterranean","unverified","The name Mediterranean comes from Latin words meaning 'in the middle of the land'.","https://www.etymonline.com/word/Mediterranean","L63 card.world_geography.063.c2","","","","","","","corroborated","Latin mediterraneus, from medius ('middle') and terra ('land'), meaning 'in the middle of land, inland'. (https://en.wikipedia.org/wiki/Names_of_the_Mediterranean_Sea)","one-page weak-pages"
"fact.world_geography.plato_frogs_pond","source.perseus_plato_phaedo","unverified","In Plato's Phaedo, Socrates says the people living between the Pillars of Hercules and the river Phasis live around the sea like ants or frogs around a pond.","https://www.perseus.tufts.edu/hopper/text?doc=Perseus%3Atext%3A1999.01.0170%3Atext%3DPhaedo%3Apage%3D109","L63 card.world_geography.063.c1","L63 question.world_geography.063.q2","","","","","","corroborated","The 'like frogs around a pond' image comes from Plato's Phaedo 109b and describes Greeks living around the Mediterranean coasts. (https://www.ihc.ucsb.edu/like-frogs-around-a-pond/ https://www.lrb.co.uk/the-paper/v34/n06/nigel-mcgilchrist/like-frogs-around-a-pond)",""
"fact.world_geography.pillars_of_hercules","source.brit_pillars_of_heracles","unverified","The Pillars of Hercules are the two headlands at the eastern end of the Strait of Gibraltar.","https://www.britannica.com/place/Pillars-of-Heracles","L63 card.world_geography.063.c2","","","","","","","corroborated","The Pillars flank the entrance to the Strait of Gibraltar: the Rock of Gibraltar and a peak on the African side. (https://en.wikipedia.org/wiki/Pillars_of_Hercules https://www.livius.org/articles/place/pillars-of-heracles/)",""
"fact.world_geography.greek_colonies","source.worldhistory_greek_colonization","unverified","Ancient Greek seafarers founded colonies across the Mediterranean and Black Sea coasts, from Spain and France to Italy and North Africa.","https://www.worldhistory.org/Greek_Colonization/","L63 card.world_geography.063.c4","L63 question.world_geography.063.q2","","","","","","corroborated","Greek cities hugged the Mediterranean coastline from the homeland to Asia Minor, Libya, Sicily and southern Italy, sharing a common culture. (https://www.ihc.ucsb.edu/like-frogs-around-a-pond/)","one-page"
"fact.world_geography.greek_trade_first","source.worldhistory_greek_colonization","unverified","For Greek colonists, trade was usually the first step, and many colonies became trading hubs.","https://www.worldhistory.org/Greek_Colonization/","L63 card.world_geography.063.c4","L63 question.world_geography.063.q2","","","","","","corroborated","Britannica's ancient Greece article links the colonization movement with overseas trade and the search for land. (https://www.britannica.com/place/ancient-Greece)","one-page"
"fact.world_geography.phoenician_colonies","source.worldhistory_greek_colonization","unverified","The Phoenicians and the Etruscans also founded colonies around the Mediterranean.","https://www.worldhistory.org/Greek_Colonization/","L63 card.world_geography.063.c4","L63 question.world_geography.063.q2","","","","","","corroborated","Britannica: the Phoenicians were seafaring traders who founded colonies across the Mediterranean, such as Carthage. (https://www.britannica.com/place/Phoenicia)","one-page"
"fact.world_geography.med_climate_seasons","source.brit_mediterranean_climate","unverified","A Mediterranean climate has hot, dry summers and cool, wet winters.","https://www.britannica.com/science/Mediterranean-climate","L63 card.world_geography.063.c3","L63 question.world_geography.063.q1; L63 question.world_geography.063.q3; L70 question.world_geography.070.q5","","","","","","corroborated","The Met Office describes Mediterranean climates as having hot dry summers and mild wet winters. (https://www.metoffice.gov.uk/weather/climate/climate-explained/climate-zones)","one-page"
"fact.world_geography.med_climate_latitudes","source.brit_mediterranean_climate","unverified","Mediterranean climates lie between about 30 and 45 degrees latitude north and south of the Equator, on the western sides of continents.","https://www.britannica.com/science/Mediterranean-climate","L63 card.world_geography.063.c3","L63 question.world_geography.063.q1; L63 question.world_geography.063.q3; L70 question.world_geography.070.q5","","","","","","corroborated","National Geographic places Mediterranean climates on west coasts between about 30 and 40 degrees latitude and around the Mediterranean Sea. (https://education.nationalgeographic.org/resource/all-about-climate/)","one-page"
"fact.world_geography.med_climate_cause","source.brit_mediterranean_climate","unverified","In summer, a subtropical high-pressure system spreads over Mediterranean regions, bringing sinking air, clear skies and high temperatures.","https://www.britannica.com/science/Mediterranean-climate","L63 card.world_geography.063.c3","L63 question.world_geography.063.q1; L63 question.world_geography.063.q3; L70 question.world_geography.070.q5","","","","","","corroborated","Mediterranean summers are dominated by subtropical high-pressure cells, with sinking air suppressing rain. (https://en.wikipedia.org/wiki/Mediterranean_climate)","one-page weak-pages"
"fact.world_geography.russia_largest","source.brit_russia","unverified","Russia is by far the world's largest country, stretching across all of northern Asia and the eastern third of Europe.","https://www.britannica.com/place/Russia","L64 card.world_geography.064.c2","L64 question.world_geography.064.q2","","","","","","corroborated","Worldometer ranks Russia first by area at about 17.1 million km2, far ahead of Canada. (https://www.worldometers.info/geography/largest-countries-in-the-world/)","one-page"
"fact.world_geography.russia_people_west","source.brit_russia","unverified","Most Russians live in the European part of the country, especially around Moscow.","https://www.britannica.com/place/Russia","L64 card.world_geography.064.c2","L64 question.world_geography.064.q2","","","","","","corroborated","European Russia holds the large majority (roughly three-quarters or more) of Russia's population. (https://en.wikipedia.org/wiki/European_Russia)","one-page weak-pages"
"fact.world_geography.siberia_extent","source.brit_siberia","unverified","Siberia stretches from the Ural Mountains to the Pacific Ocean, and from the Arctic Ocean south to Kazakhstan, Mongolia and China.","https://www.britannica.com/place/Siberia","L64 card.world_geography.064.c3","L64 question.world_geography.064.q2","","","","","","corroborated","Siberia extends east from the Urals to the Pacific and south from the Arctic Ocean to Kazakhstan, Mongolia and China. (https://en.wikipedia.org/wiki/Siberia)","one-page weak-pages"
"fact.world_geography.siberia_three_quarters","source.brit_siberia","unverified","In its wider sense, Siberia covers about three-quarters of Russia.","https://www.britannica.com/place/Siberia","L64 card.world_geography.064.c3","L64 question.world_geography.064.q2","","","","","","corroborated","Siberia makes up about 77% of Russia's territory (13.1 million km2); Britannica's wider definition is about 5.2 million sq mi of Russia's roughly 6.6 million. (https://en.wikipedia.org/wiki/Siberia)","one-page weak-pages"
"fact.world_geography.siberia_sparse_taiga","source.brit_siberia","unverified","Siberia is sparsely settled, and swampy forest called taiga covers most of it.","https://www.britannica.com/place/Siberia","L64 card.world_geography.064.c3; L65 card.world_geography.065.c2","L64 question.world_geography.064.q2","","","","","","corroborated","Much of Siberia averages under one person per square km; the taiga covers most of Siberia. (https://www.britannica.com/science/taiga https://www.rbth.com/lifestyle/333980-population-in-russia-density)",""
"fact.world_geography.siberia_cold_record","source.brit_siberia","unverified","Temperatures as low as -68 °C have been recorded in Siberia's Sakha region.","https://www.britannica.com/place/Siberia","L64 card.world_geography.064.c3","L64 question.world_geography.064.q2","","","","","","corroborated","Verkhoyansk recorded -67.8 °C (1892) and Oymyakon -67.7 °C (1933), both in the Sakha Republic. (https://en.wikipedia.org/wiki/Oymyakon https://en.wikipedia.org/wiki/Verkhoyansk)","weak-pages"
"fact.world_geography.russia_11_zones","source.brit_russia","unverified","Russia spans 11 time zones, from Kaliningrad on the Baltic Sea to Kamchatka on the Pacific.","https://www.britannica.com/place/Russia","L64 card.world_geography.064.c4","L64 question.world_geography.064.q1; L64 question.world_geography.064.q3; L70 question.world_geography.070.q4","","","","","","corroborated","Russia has 11 time zones, from Kaliningrad Time (UTC+2) to Kamchatka Time (UTC+12). (https://timeinrussia.com/russia-time-zones/ https://en.wikipedia.org/wiki/Time_in_Russia)",""
"fact.world_geography.russia_11_zones","source.worldatlas_russia_time_zones","unverified","Russia spans 11 time zones, from Kaliningrad on the Baltic Sea to Kamchatka on the Pacific.","https://www.worldatlas.com/articles/how-many-time-zones-are-in-russia.html","L64 card.world_geography.064.c4","L64 question.world_geography.064.q1; L64 question.world_geography.064.q3; L70 question.world_geography.070.q4","","","","","","corroborated","Russia has 11 time zones, from Kaliningrad Time (UTC+2) to Kamchatka Time (UTC+12). (https://timeinrussia.com/russia-time-zones/ https://en.wikipedia.org/wiki/Time_in_Russia)",""
"fact.world_geography.kaliningrad_kamchatka_10h","source.worldatlas_russia_time_zones","unverified","Kaliningrad and Kamchatka are 10 hours apart: when it's 9:00 a.m. in Kaliningrad, it's 7:00 p.m. in Kamchatka.","https://www.worldatlas.com/articles/how-many-time-zones-are-in-russia.html","L64 card.world_geography.064.c4","L64 question.world_geography.064.q1; L64 question.world_geography.064.q3; L70 question.world_geography.070.q4","","","","","","corroborated","Kaliningrad is UTC+2 and Kamchatka UTC+12, a ten-hour spread: 9:00 a.m. in Kaliningrad is 7:00 p.m. in Petropavlovsk-Kamchatsky. (https://timeinrussia.com/russia-time-zones/)","one-page"
"fact.world_geography.trans_siberian","source.brit_trans_siberian","unverified","The Trans-Siberian Railroad runs between Moscow and Vladivostok, the longest single rail system in the world; the trip spans eight time zones and takes about seven days.","https://www.britannica.com/topic/Trans-Siberian-Railroad","L64 card.world_geography.064.c1","","","","","","","corroborated","At 9,289 km it is the longest railway line in the world; the main line spans eight time zones and the trip takes about seven days (some timetables about six). (https://en.wikipedia.org/wiki/Trans-Siberian_Railway)","one-page weak-pages"
"fact.world_geography.asia_regions_named","source.brit_asia","unverified","Geographers divide Asia into regions including East Asia, South Asia, Southeast Asia, Central Asia, West Asia and North Asia, which is Siberia.","https://www.britannica.com/place/Asia","L65 card.world_geography.065.c2","","","","","","","corroborated","The UN geoscheme divides Asia into Eastern, South-eastern, Southern, Central and Western Asia; Britannica adds North Asia (Siberia). (https://unstats.un.org/unsd/methodology/m49/)","one-page"
"fact.world_geography.asia_sparse_interior","source.brit_asia","unverified","Vast areas of Central and North Asia have remained sparsely populated because of their forbidding climates.","https://www.britannica.com/place/Asia","L65 card.world_geography.065.c1; L65 card.world_geography.065.c3","L65 question.world_geography.065.q2","","","","","","corroborated","Siberia and the Russian north are among the least populated regions because of harsh climate and inaccessibility. (https://www.rbth.com/lifestyle/333980-population-in-russia-density)","one-page"
"fact.world_geography.asia_three_fifths","source.brit_asia","unverified","Asia is home to about three-fifths of the world's people.","https://www.britannica.com/place/Asia","L65 card.world_geography.065.c1; L65 card.world_geography.065.c4","L65 question.world_geography.065.q1; L65 question.world_geography.065.q3","","","","","","corroborated","Asia holds roughly 60 percent of the world's population. (https://education.nationalgeographic.org/resource/asia/ https://en.wikipedia.org/wiki/Demographics_of_Asia)",""
"fact.world_geography.asia_crowded_places","source.brit_asia","unverified","Asia's people are concentrated in the Indian subcontinent, the eastern half of China, the Pacific borderlands and the islands.","https://www.britannica.com/place/Asia","L65 card.world_geography.065.c3","L67 question.world_geography.067.q3","","","","","","corroborated","A small circle over South, East and Southeast Asia contains more than half the world's population. (https://science.howstuffworks.com/environmental/earth/geophysics/small-circle-asia-more-half-worlds-population.htm)","one-page"
"fact.world_geography.asia_rice_90","source.fao_rice_asia_pacific","unverified","About 90% of the world's rice is grown and eaten in Asia.","https://www.fao.org/4/x6905e/x6905e04.htm","L65 card.world_geography.065.c4","","","","","","","corroborated","FAO: more than 90 percent of the world's rice is grown and consumed in Asia. (https://www.fao.org/4/y5682e/y5682e05.htm https://www.fao.org/4/ab982e/ab982e04.htm)",""
"fact.world_geography.everest_seafloor_rock","source.brit_mount_everest","unverified","The rocks near Everest's summit are limestone laid down on the floor of an ancient sea, the Tethys, and they hold fossils of sea creatures.","https://www.britannica.com/place/Mount-Everest","L66 card.world_geography.066.c1","L66 question.world_geography.066.q2","","","","","","corroborated","The summit Qomolangma Limestone contains Ordovician marine fossils (trilobites, brachiopods, ostracods, crinoids). (https://www.iflscience.com/people-are-confused-why-there-are-marine-fossils-at-the-top-of-mount-everest-72096)","one-page"
"fact.world_geography.everest_seafloor_rock","source.usgs_himalayas","unverified","The rocks near Everest's summit are limestone laid down on the floor of an ancient sea, the Tethys, and they hold fossils of sea creatures.","https://pubs.usgs.gov/gip/dynamic/himalaya.html","L66 card.world_geography.066.c1","L66 question.world_geography.066.q2","","","","","","corroborated","The summit Qomolangma Limestone contains Ordovician marine fossils (trilobites, brachiopods, ostracods, crinoids). (https://www.iflscience.com/people-are-confused-why-there-are-marine-fossils-at-the-top-of-mount-everest-72096)","one-page"
"fact.world_geography.india_collision","source.usgs_himalayas","unverified","India drifted north and collided with Asia about 40 to 50 million years ago.","https://pubs.usgs.gov/gip/dynamic/himalaya.html","L66 card.world_geography.066.c2","L66 question.world_geography.066.q2; L66 question.world_geography.066.q3; L70 question.world_geography.070.q2","","","","","","corroborated","The collision between the Indian and Eurasian plates began around 40 to 50 million years ago. (https://www.iflscience.com/people-are-confused-why-there-are-marine-fossils-at-the-top-of-mount-everest-72096)","one-page"
"fact.world_geography.continents_same_density","source.usgs_himalayas","unverified","India and Asia have about the same rock density, so neither plate could slide under the other; the crust was thrust upward instead, forming the Himalayas.","https://pubs.usgs.gov/gip/dynamic/himalaya.html","L66 card.world_geography.066.c2; L70 card.world_geography.070.c3","L66 question.world_geography.066.q2; L66 question.world_geography.066.q3; L70 question.world_geography.070.q2","","","","","","corroborated","Because of the low density of continental crust neither plate could be subducted, and compression pushed up the Himalayas. (https://www.iflscience.com/people-are-confused-why-there-are-marine-fossils-at-the-top-of-mount-everest-72096)","one-page"
"fact.world_geography.himalaya_fold_mountains","source.natgeo_fold_mountain","unverified","The Himalayas are fold mountains, still being compressed as the Indian plate pushes north into the Eurasian plate.","https://education.nationalgeographic.org/resource/fold-mountain/","L66 card.world_geography.066.c2; L66 card.world_geography.066.c3; L70 card.world_geography.070.c3","L66 question.world_geography.066.q2; L66 question.world_geography.066.q3; L70 question.world_geography.070.q2","","","","","","corroborated","The NPS cites the Himalayas as the classic collisional range, formed as India pushes into Asia. (https://www.nps.gov/subjects/geology/plate-tectonics-collisional-mountain-ranges.htm)","one-page"
"fact.world_geography.himalayas_rising_1cm","source.usgs_himalayas","unverified","The Himalayas are still rising by more than 1 cm a year.","https://pubs.usgs.gov/gip/dynamic/himalaya.html","L66 card.world_geography.066.c3","","","","","","","corroborated","Collision is ongoing and the range continues to be uplifted; USGS gives more than 1 cm a year (some regional measures are lower, so the claim follows USGS). (https://www.nps.gov/subjects/geology/plate-tectonics-collisional-mountain-ranges.htm)","one-page"
"fact.world_geography.himalaya_name","source.brit_himalayas","unverified","Himalaya comes from Sanskrit words meaning 'abode of snow'.","https://www.britannica.com/place/Himalayas","L66 card.world_geography.066.c4","L66 question.world_geography.066.q1","","","","","","corroborated","Sanskrit Himalaya, from hima ('snow') and alaya ('abode'). (https://en.wikipedia.org/wiki/Himalayas https://www.wisdomlib.org/definition/himalaya)",""
"fact.world_geography.himalaya_19_rivers","source.brit_himalayas","unverified","The Himalayas are drained by 19 major rivers, of which the Indus and the Brahmaputra are the largest.","https://www.britannica.com/place/Himalayas","L66 card.world_geography.066.c4","L66 question.world_geography.066.q1","","","","","","corroborated","The Himalayas are drained by 19 major rivers, the Indus and the Brahmaputra being the largest. (https://en.wikipedia.org/wiki/Himalayas)","one-page weak-pages"
"fact.world_geography.ganges_gangotri","source.brit_ganges","unverified","The Ganges begins in the Himalayas, where its headstream flows out of the Gangotri Glacier.","https://www.britannica.com/place/Ganges-River","L66 card.world_geography.066.c4","L66 question.world_geography.066.q1","","","","","","corroborated","The Gangotri Glacier is the primary source of the Bhagirathi, the Ganges' headstream. (https://en.wikipedia.org/wiki/Gangotri_Glacier)","one-page weak-pages"
"fact.world_geography.yellow_river_name","source.brit_yellow_river","unverified","The Yellow River, Huang He in Chinese, is named for the fine yellow silt called loess that it carries to the sea.","https://www.britannica.com/place/Yellow-River","L67 card.world_geography.067.c1","","","","","","","corroborated","The river is named for the ochre-yellow color of its loess-laden water. (https://www.chinahighlights.com/yellowriver/ https://www.newworldencyclopedia.org/entry/Yellow_River)",""
"fact.world_geography.yellow_river_cradle","source.brit_yellow_river","unverified","The Yellow River is often called the cradle of Chinese civilization.","https://www.britannica.com/place/Yellow-River","L67 card.world_geography.067.c2","","","","","","","corroborated","National Geographic describes the Huang He valley as the birthplace of ancient Chinese civilization. (https://education.nationalgeographic.org/resource/huang-he-valley/)","one-page"
"fact.world_geography.yellow_river_sorrow","source.brit_yellow_river","unverified","The Yellow River's destructive floods earned it the nickname 'China's Sorrow'.","https://www.britannica.com/place/Yellow-River","L67 card.world_geography.067.c2","","","","","","","corroborated","The river is called China's Sorrow because it is extremely prone to devastating floods. (https://www.newworldencyclopedia.org/entry/Yellow_River https://www.countryreports.org/articles/the-yellow-river-huang-he)",""
"fact.world_geography.yellow_river_raised_bed","source.brit_yellow_river","unverified","Sediment has built the Yellow River's bed up above the surrounding land in many places; even at low water it can sit about 5 m above the countryside.","https://www.britannica.com/place/Yellow-River","L67 card.world_geography.067.c3","L67 question.world_geography.067.q2","","","","","","corroborated","A 'suspended river': silt deposits have raised the bed several metres above the land on both sides. (https://www.newworldencyclopedia.org/entry/Yellow_River)","one-page"
"fact.world_geography.yellow_river_course_levees","source.brit_yellow_river","unverified","The Yellow River has changed its course across its plain several times, and people have built extensive levees to control it.","https://www.britannica.com/place/Yellow-River","L67 card.world_geography.067.c3","L67 question.world_geography.067.q2","","","","","","corroborated","When floods break the levees the river can adopt a new course; its mouth has shifted many times. (https://www.newworldencyclopedia.org/entry/Yellow_River)","one-page"
"fact.world_geography.yangtze_longest","source.brit_yangtze","unverified","The Yangtze is the longest river in Asia and the third longest in the world, at about 6,300 km.","https://www.britannica.com/place/Yangtze-River","L67 card.world_geography.067.c4","L67 question.world_geography.067.q1; L67 question.world_geography.067.q3","","","","","","corroborated","Live Science: longest river in Asia, about 6,300 km, third longest in the world. (https://www.livescience.com/57905-yangtze-river-facts.html)","one-page"
"fact.world_geography.yangtze_chang_jiang","source.brit_yangtze","unverified","In Chinese, the Yangtze is called Chang Jiang, the 'Long River'.","https://www.britannica.com/place/Yangtze-River","L67 card.world_geography.067.c4","L67 question.world_geography.067.q1; L67 question.world_geography.067.q3","","","","","","corroborated","In China the river is called Chang Jiang, meaning 'long river'. (https://www.livescience.com/57905-yangtze-river-facts.html)","one-page"
"fact.world_geography.yangtze_course","source.brit_yangtze","unverified","The Yangtze rises in the Tanggula Mountains on the Tibetan Plateau and flows to the East China Sea.","https://www.britannica.com/place/Yangtze-River","L67 card.world_geography.067.c4","L67 question.world_geography.067.q1; L67 question.world_geography.067.q3","","","","","","corroborated","WWF and others: the Yangtze rises on the Tibetan Plateau (Qinghai) and empties into the East China Sea at Shanghai. (https://www.worldwildlife.org/places/yangtze/)","one-page"
"fact.world_geography.yangtze_granary","source.brit_yangtze","unverified","The Yangtze basin is China's great granary and home to nearly one-third of the country's people.","https://www.britannica.com/place/Yangtze-River","L67 card.world_geography.067.c4","L67 question.world_geography.067.q1; L67 question.world_geography.067.q3","","","","","","corroborated","Nearly one-third of China's population lives in the Yangtze basin. (https://www.livescience.com/57905-yangtze-river-facts.html)","one-page"
"fact.world_geography.subcontinent","source.brit_india_relief","unverified","India, Bangladesh and most of Pakistan form a subcontinent, set off from the rest of Asia by the Himalayas.","https://www.britannica.com/place/India/Relief","L68 card.world_geography.068.c2","L68 question.world_geography.068.q3","","","","","","corroborated","The Library of Congress country study describes the subcontinent set apart from Asia by the Himalayan mountain wall. (https://countrystudies.us/india/27.htm)","one-page"
"fact.world_geography.india_three_units","source.brit_india_relief","unverified","India's landscape has three main units: the Himalayas in the north, the Deccan plateau in the south, and the Indo-Gangetic Plain between them.","https://www.britannica.com/place/India/Relief","L68 card.world_geography.068.c2","L68 question.world_geography.068.q3","","","","","","corroborated","Indian university geography texts divide India into the Himalayas, the Indo-Gangetic Plain and the Peninsular (Deccan) plateau. (https://egyankosh.ac.in/bitstream/123456789/69599/1/Unit-3.pdf)","one-page"
"fact.world_geography.ganges_fertile_crowded","source.brit_ganges","unverified","The Ganges flows through one of the most fertile and densely populated regions in the world.","https://www.britannica.com/place/Ganges-River","L68 card.world_geography.068.c2","L68 question.world_geography.068.q3","","","","","","corroborated","The Indo-Gangetic Plain is one of the most fertile and densely populated regions on Earth. (https://en.wikipedia.org/wiki/Indo-Gangetic_Plain)","one-page weak-pages"
"fact.world_geography.india_most_populous","source.un_desa_india_population","unverified","In 2023, India overtook China as the world's most populous country, according to the United Nations.","https://www.un.org/development/desa/pd/content/india-overtakes-china-world%E2%80%99s-most-populous-country","L68 card.world_geography.068.c4","","","","","","","corroborated","UN News (April 2023): India was set to overtake China as the most populous country by the end of April 2023. (https://news.un.org/en/story/2023/04/1135967)","one-page"
"fact.world_geography.subduction_magma","source.natgeo_ring_of_fire","unverified","At a subduction zone one plate is pushed down beneath another, and the sinking rock helps melt rock into magma, which can rise and erupt.","https://education.nationalgeographic.org/resource/ring-fire/","L69 card.world_geography.069.c3; L70 card.world_geography.070.c3","L69 question.world_geography.069.q2","","","","","","corroborated","Britannica: oceanic plates subduct under neighboring plates, and subduction produces the magma that drives eruptions. (https://www.britannica.com/place/Ring-of-Fire)","one-page"
"fact.world_geography.subduction_magma","source.jnto_japan_volcanoes","unverified","At a subduction zone one plate is pushed down beneath another, and the sinking rock helps melt rock into magma, which can rise and erupt.","https://www.japan.travel/national-parks/plan-your-visit/guides-and-stories/volcanoes-what-are-they/","L69 card.world_geography.069.c3; L70 card.world_geography.070.c3","L69 question.world_geography.069.q2","","","","","","corroborated","Britannica: oceanic plates subduct under neighboring plates, and subduction produces the magma that drives eruptions. (https://www.britannica.com/place/Ring-of-Fire)","one-page"
"fact.world_geography.japan_four_plates","source.jnto_japan_volcanoes","unverified","Japan sits where four tectonic plates meet, the Pacific, Philippine Sea, Eurasian and North American, and its volcanoes formed largely along subduction zones.","https://www.japan.travel/national-parks/plan-your-visit/guides-and-stories/volcanoes-what-are-they/","L69 card.world_geography.069.c3; L69 card.world_geography.069.c4","L69 question.world_geography.069.q2","","","","","","corroborated","Japan lies at the junction of the Pacific, Philippine Sea, Eurasian (Amurian) and North American (Okhotsk) plates; its volcanic arcs sit above subduction zones. (https://en.wikipedia.org/wiki/Geology_of_Japan)","one-page weak-pages"
"fact.world_geography.alpide_extent","source.usgs_earthquake_belts","unverified","The Alpide belt runs from the Atlantic through the Mediterranean region and the Himalayas to Java and Sumatra in Indonesia.","https://www.usgs.gov/faqs/where-do-earthquakes-occur","L70 card.world_geography.070.c1; L70 card.world_geography.070.c2; L70 card.world_geography.070.c4","L70 question.world_geography.070.q1; L70 question.world_geography.070.q3; L70 question.world_geography.070.q5","","","","","","corroborated","The Alpide belt stretches from the Atlantic (Azores) through the Mediterranean and the Himalayas to Java and Sumatra. (https://en.wikipedia.org/wiki/Alpide_belt https://www.worldatlas.com/articles/what-is-the-alpide-belt.html)",""
"fact.world_geography.alpide_extent","source.brit_alpide_belt","unverified","The Alpide belt runs from the Atlantic through the Mediterranean region and the Himalayas to Java and Sumatra in Indonesia.","https://www.britannica.com/science/Alpide-Belt","L70 card.world_geography.070.c1; L70 card.world_geography.070.c2; L70 card.world_geography.070.c4","L70 question.world_geography.070.q1; L70 question.world_geography.070.q3; L70 question.world_geography.070.q5","","","","","","corroborated","The Alpide belt stretches from the Atlantic (Azores) through the Mediterranean and the Himalayas to Java and Sumatra. (https://en.wikipedia.org/wiki/Alpide_belt https://www.worldatlas.com/articles/what-is-the-alpide-belt.html)",""
"fact.world_geography.alpide_ranges","source.brit_alpide_belt","unverified","The Alpide belt's mountains are the Alpine-Himalayan ranges, including the Alps and the Himalayas.","https://www.britannica.com/science/Alpide-Belt","L70 card.world_geography.070.c2","L70 question.world_geography.070.q1; L70 question.world_geography.070.q5","","","","","","corroborated","The Alpide belt includes the Alps, the Carpathians, the mountains of Anatolia and Iran, the Hindu Kush and the Himalayas. (https://en.wikipedia.org/wiki/Alpide_belt)","one-page weak-pages"
"fact.world_geography.alpide_17_percent","source.usgs_earthquake_belts","unverified","The Alpide belt produces about 17% of the world's largest earthquakes.","https://www.usgs.gov/faqs/where-do-earthquakes-occur","L70 card.world_geography.070.c2","L70 question.world_geography.070.q1; L70 question.world_geography.070.q5","","","","","","corroborated","The Alpide belt accounts for about 17 percent of the world's largest earthquakes. (https://www.worldatlas.com/articles/what-is-the-alpide-belt.html)","one-page"
"fact.world_geography.alpide_meets_ring","source.brit_alpide_belt","unverified","In Indonesia, the Alpide belt meets the Ring of Fire.","https://www.britannica.com/science/Alpide-Belt","L70 card.world_geography.070.c4","L70 question.world_geography.070.q3","","","","","","corroborated","Britannica: the belt runs to the Himalayas and Indonesia, where it connects with the Circum-Pacific Belt. (https://en.wikipedia.org/wiki/Alpide_belt)","one-page weak-pages"
"fact.world_geography.na_near_pole_and_equator","source.brit_north_america","unverified","North America reaches to within about 800 km of both the North Pole and the Equator.","https://www.britannica.com/place/North-America","L71 card.world_geography.071.c1","","","","","","","corroborated","Britannica: extends to within 500 miles (800 km) of both the North Pole and the Equator. Wikipedia extreme points: northernmost Kaffeklubben Island at 83°40'N, southernmost mainland point Punta Mariato, Panama, at 7°12'N (about 800 km from the Equator). (https://en.wikipedia.org/wiki/Extreme_points_of_North_America)","one-page weak-pages"
"fact.world_geography.na_countries","source.brit_north_america","unverified","North America takes in Canada, the United States, Mexico, the seven countries of Central America and the Caribbean islands, plus Greenland.","https://www.britannica.com/place/North-America","L71 card.world_geography.071.c2","L71 question.world_geography.071.q1; L76 question.world_geography.076.q3","","","","","","corroborated","Britannica: Greenland and the West Indies are associated with the continent; Central America comprises seven countries. WorldAtlas: the seven countries of Central America; Greenland is geographically part of North America. (https://www.worldatlas.com/geography/the-7-countries-of-central-america.html https://www.worldatlas.com/articles/is-greenland-a-country.html)",""
"fact.world_geography.na_countries","source.brit_central_america","unverified","North America takes in Canada, the United States, Mexico, the seven countries of Central America and the Caribbean islands, plus Greenland.","https://www.britannica.com/place/Central-America","L71 card.world_geography.071.c2","L71 question.world_geography.071.q1; L76 question.world_geography.076.q3","","","","","","corroborated","Britannica: Greenland and the West Indies are associated with the continent; Central America comprises seven countries. WorldAtlas: the seven countries of Central America; Greenland is geographically part of North America. (https://www.worldatlas.com/geography/the-7-countries-of-central-america.html https://www.worldatlas.com/articles/is-greenland-a-country.html)",""
"fact.world_geography.canada_second_largest","source.brit_largest_countries","unverified","Canada is the world's second-largest country by total area, after Russia.","https://www.britannica.com/topic/list-of-the-total-areas-of-the-worlds-countries-dependencies-and-territories-2130540","L71 card.world_geography.071.c2","L71 question.world_geography.071.q1; L76 question.world_geography.076.q3","","","","","","corroborated","Britannica list: Russia 17,075,400 sq km, Canada second at 9,968,242 sq km. WorldAtlas largest countries list agrees. (https://www.worldatlas.com/geography/the-largest-countries-in-the-world.html)","one-page"
"fact.world_geography.greenland_largest_island","source.brit_north_america","unverified","Greenland is the largest island in the world.","https://www.britannica.com/place/North-America","L71 card.world_geography.071.c2","L71 question.world_geography.071.q1; L76 question.world_geography.076.q3","","","","","","corroborated","Britannica: Greenland, the largest island in the world, is associated with North America. Geology.com: Greenland, the world's largest island. (https://geology.com/world/greenland-satellite-image.shtml)","one-page"
"fact.world_geography.na_between_arctic_circle_tropic","source.brit_north_america","unverified","Most of North America lies between the Arctic Circle and the Tropic of Cancer.","https://www.britannica.com/place/North-America","L71 card.world_geography.071.c4","L71 question.world_geography.071.q3","","","","","","corroborated","Britannica: North America lies for the most part between the Arctic Circle and the Tropic of Cancer. Wikipedia extreme points: the continent spans from 83°N to about 7°N, with the bulk of its land north of 23.5°N. (https://en.wikipedia.org/wiki/Extreme_points_of_North_America)","one-page weak-pages"
"fact.world_geography.na_regions","source.brit_north_america","unverified","North America is built around the ancient Canadian Shield, with the old Appalachians to the east, the younger, taller Cordilleras in the west, and flat plains between.","https://www.britannica.com/place/North-America","L71 card.world_geography.071.c3; L72 card.world_geography.072.c2; L78 card.world_geography.078.c3; L80 card.world_geography.080.c4","L71 question.world_geography.071.q2; L72 question.world_geography.072.q3; L80 question.world_geography.080.q5","","","","","","corroborated","Britannica: stable Precambrian platform of the Canadian Shield; ancient Appalachians to the southeast; younger and considerably taller Cordilleras to the west; flat Great Plains and Central Lowlands in between. Britannica Canada relief and Pressbooks World Regional Geography describe the same regions. (https://www.britannica.com/place/Canada/Relief https://slcc.pressbooks.pub/worldgeography/chapter/9-2/)",""
"fact.world_geography.cordilleras_third","source.brit_north_america","unverified","The western mountain belts, the Cordilleras, cover nearly a third of North America's land.","https://www.britannica.com/place/North-America","L71 card.world_geography.071.c3","L71 question.world_geography.071.q2; L72 question.world_geography.072.q3; L80 question.world_geography.080.q5","","","","","","corroborated","Britannica: the Cordilleras occupy nearly one-third of the continent's land area. Wikipedia North American Cordillera describes it as covering much of western North America. (https://en.wikipedia.org/wiki/North_American_Cordillera)","one-page weak-pages"
"fact.world_geography.rockies_extent","source.brit_rocky_mountains","unverified","The Rocky Mountains stretch some 4,800 km, from northern Alberta and British Columbia in Canada south to New Mexico.","https://www.britannica.com/place/Rocky-Mountains","L72 card.world_geography.072.c2","L72 question.world_geography.072.q1","","","","","","corroborated","Britannica: the Rockies stretch from northern Alberta and British Columbia to New Mexico, some 3,000 miles (4,800 km). Wikipedia Rocky Mountains: stretch more than 4,800 km from British Columbia to New Mexico. (https://en.wikipedia.org/wiki/Rocky_Mountains)","one-page weak-pages"
"fact.world_geography.divide_definition","source.natgeo_continental_divide","unverified","A continental divide is a ridge that separates a continent's river systems; North America's runs along the Rockies.","https://education.nationalgeographic.org/resource/continental-divide/","L72 card.world_geography.072.c1; L72 card.world_geography.072.c3","L72 question.world_geography.072.q2; L73 question.world_geography.073.q3; L80 question.world_geography.080.q3","","","","","","corroborated","NatGeo: a continental divide is a naturally occurring boundary or ridge separating river systems, running through the Rocky Mountains. WorldAtlas: the divide runs along the crests of the Rockies. (https://www.worldatlas.com/geography/continental-divide.html)","one-page"
"fact.world_geography.divide_flows","source.natgeo_continental_divide","unverified","West of North America's Continental Divide, water drains toward the Pacific; east of it, toward the Atlantic and Arctic Oceans and the Gulf of Mexico.","https://education.nationalgeographic.org/resource/continental-divide/","L72 card.world_geography.072.c1; L72 card.world_geography.072.c3; L73 card.world_geography.073.c3; L79 card.world_geography.079.c1","L72 question.world_geography.072.q2; L73 question.world_geography.073.q3; L80 question.world_geography.080.q3","","","","","","corroborated","NatGeo: water flows toward the Pacific on one side and toward the Atlantic and Arctic Oceans and the Gulf of Mexico on the other. Wikipedia Continental Divide of the Americas agrees. (https://en.wikipedia.org/wiki/Continental_Divide_of_the_Americas)","one-page weak-pages"
"fact.world_geography.divide_americas","source.natgeo_continental_divide","unverified","The Continental Divide runs from western Alaska along the Rockies, through Mexico and Central America, and down the Andes.","https://education.nationalgeographic.org/resource/continental-divide/","L79 card.world_geography.079.c2; L80 card.world_geography.080.c2","L79 question.world_geography.079.q2; L80 question.world_geography.080.q3","","","","","","corroborated","NatGeo: runs from Cape Prince of Wales in Alaska through the Rockies, the Sierra Madre Occidental, Central America and along the Andes. Wikipedia Continental Divide of the Americas gives the same route. (https://en.wikipedia.org/wiki/Continental_Divide_of_the_Americas)","one-page weak-pages"
"fact.world_geography.plains_location","source.brit_great_plains","unverified","The Great Plains lie east of the Rocky Mountains and stretch from the Rio Grande north to the Mackenzie River delta on the Arctic Ocean.","https://www.britannica.com/place/Great-Plains","L72 card.world_geography.072.c4","L72 question.world_geography.072.q3","","","","","","corroborated","Britannica: between the Rio Grande and the Mackenzie delta, with the Rockies on the west. Wikipedia Great Plains: the broad expanse of flat land east of the Rockies from Texas into Canada. (https://en.wikipedia.org/wiki/Great_Plains)","one-page weak-pages"
"fact.world_geography.plains_slope","source.brit_great_plains","unverified","The Great Plains stand about 1,500 to 1,800 m above sea level at the foot of the Rockies and slope down to about 460 m in the east.","https://www.britannica.com/place/Great-Plains","L72 card.world_geography.072.c4","L72 question.world_geography.072.q3","","","","","","corroborated","Britannica: 5,000 to 6,000 feet (1,500 to 1,800 m) near the Rockies, decreasing to 1,500 feet at the eastern boundary. Earth@Home: from about 1,830 m on the western edge to 460 m on the eastern edge. (https://earthathome.org/hoe/nwc/topography-gp/)","one-page"
"fact.world_geography.plains_grass","source.brit_great_plains","unverified","The Great Plains get little rain and much wind, and their natural cover is grassland.","https://www.britannica.com/place/Great-Plains","L72 card.world_geography.072.c4","L72 question.world_geography.072.q3","","","","","","corroborated","Britannica: low precipitation and humidity, much wind; natural vegetation dominated by grasses. Earth@Home: semiarid grasslands with limited tree cover. (https://earthathome.org/hoe/nwc/topography-gp/)","one-page"
"fact.world_geography.mississippi_drains_40","source.nps_mississippi_facts","unverified","The Mississippi drains all or part of 31 US states and 2 Canadian provinces, about 40% of the continental US.","https://www.nps.gov/miss/riverfacts.htm","L73 card.world_geography.073.c2; L79 card.world_geography.079.c4","L73 question.world_geography.073.q1; L79 question.world_geography.079.q3","","","","","","corroborated","NPS: all or parts of 31 states and two Canadian provinces, about 40% of the continental United States. Britannica: all or part of 31 states and two provinces in Canada. (https://www.britannica.com/place/Mississippi-River)","one-page"
"fact.world_geography.mississippi_drains_40","source.brit_mississippi_river","unverified","The Mississippi drains all or part of 31 US states and 2 Canadian provinces, about 40% of the continental US.","https://www.britannica.com/place/Mississippi-River","L73 card.world_geography.073.c2; L79 card.world_geography.079.c4","L73 question.world_geography.073.q1; L79 question.world_geography.079.q3","","","","","","corroborated","NPS: all or parts of 31 states and two Canadian provinces, about 40% of the continental United States. Britannica: all or part of 31 states and two provinces in Canada. (https://www.britannica.com/place/Mississippi-River)","one-page"
"fact.world_geography.mississippi_tributaries","source.brit_mississippi_river","unverified","The Mississippi's big tributaries include the Missouri, from the west, and the Ohio, from the east.","https://www.britannica.com/place/Mississippi-River","L73 card.world_geography.073.c3","L73 question.world_geography.073.q3; L80 question.world_geography.080.q4","","","","","","corroborated","Britannica: collects the Missouri to the west and the Ohio to the east. Wikipedia Missouri River: the longest tributary of the Mississippi. (https://en.wikipedia.org/wiki/Missouri_River)","one-page weak-pages"
"fact.world_geography.missouri_rockies","source.brit_missouri_river","unverified","The Missouri River begins in the Rocky Mountains of southwestern Montana and is the longest tributary of the Mississippi.","https://www.britannica.com/place/Missouri-River","L73 card.world_geography.073.c3; L80 card.world_geography.080.c4","L73 question.world_geography.073.q3; L80 question.world_geography.080.q4","","","","","","corroborated","Britannica: formed by the Jefferson, Madison and Gallatin in the Rocky Mountains area of southwestern Montana; longest tributary of the Mississippi. Encyclopedia.com and Wikipedia: rises at Three Forks, Montana, in the Rockies. (https://en.wikipedia.org/wiki/Missouri_River)","one-page weak-pages"
"fact.world_geography.mississippi_itasca_wade","source.mndnr_itasca_headwaters","unverified","At its source, Lake Itasca in Minnesota, the Mississippi is a shallow, knee-deep river that visitors wade across.","https://www.dnr.state.mn.us/state_parks/itasca/headwaters.html","L73 card.world_geography.073.c1","","","","","","","corroborated","Minnesota DNR: begins as an 18-foot-wide knee-deep river; visitors wade across the shallow water. MN Trips and other guides describe visitors crossing on foot at the headwaters. (https://mntrips.com/itasca-state-park-headwaters-mississippi-river/)","one-page"
"fact.world_geography.mississippi_length","source.brit_mississippi_river","unverified","The Mississippi flows about 3,766 km from Lake Itasca in Minnesota south to the Gulf of Mexico.","https://www.britannica.com/place/Mississippi-River","L73 card.world_geography.073.c2; L74 card.world_geography.074.c4; L80 card.world_geography.080.c4","L74 question.world_geography.074.q3","","","","","","corroborated","Britannica: 2,340 miles (3,766 km) long, rising in Lake Itasca and reaching the Gulf of Mexico. NPS: flows 2,350 miles from Lake Itasca to the Gulf. (https://www.nps.gov/miss/riverfacts.htm)","one-page"
"fact.world_geography.mississippi_delta","source.brit_mississippi_river","unverified","The Mississippi ends in a vast delta southeast of New Orleans.","https://www.britannica.com/place/Mississippi-River","L73 card.world_geography.073.c4","L73 question.world_geography.073.q2","","","","","","corroborated","Britannica: flows through a vast delta southeast of New Orleans. Wikipedia Mississippi River Delta describes the delta in southeastern Louisiana. (https://en.wikipedia.org/wiki/Mississippi_River_Delta)","one-page weak-pages"
"fact.world_geography.great_lakes_21","source.epa_great_lakes_facts","unverified","The Great Lakes hold about 21% of the world's surface fresh water and 84% of North America's.","https://www.epa.gov/greatlakes/great-lakes-facts-and-figures","L74 card.world_geography.074.c1; L74 card.world_geography.074.c2","L74 question.world_geography.074.q1","","","","","","corroborated","EPA: about 21% of the world's supply of surface fresh water and 84% of North America's. CGLL and Wikipedia Great Lakes give the same figures. (https://en.wikipedia.org/wiki/Great_Lakes)","one-page weak-pages"
"fact.world_geography.great_lakes_names","source.brit_great_lakes","unverified","The five Great Lakes are Superior, Michigan, Huron, Erie and Ontario.","https://www.britannica.com/place/Great-Lakes","L74 card.world_geography.074.c2","L74 question.world_geography.074.q1","","","","","","corroborated","Britannica: Lakes Superior, Michigan, Huron, Erie and Ontario. EPA lists the same five. (https://www.epa.gov/greatlakes/great-lakes-facts-and-figures)","one-page"
"fact.world_geography.lake_michigan_only_us","source.brit_great_lakes","unverified","Lake Michigan is the only Great Lake entirely within the United States; the other four are shared with Canada.","https://www.britannica.com/place/Great-Lakes","L74 card.world_geography.074.c2","L74 question.world_geography.074.q1","","","","","","corroborated","Britannica: Lake Michigan lies wholly within the US; the others form the US-Canada border. Wikipedia Great Lakes agrees. (https://en.wikipedia.org/wiki/Great_Lakes)","one-page weak-pages"
"fact.world_geography.great_lakes_st_lawrence","source.brit_great_lakes","unverified","Water from the Great Lakes flows east through the St. Lawrence River to the Atlantic Ocean.","https://www.britannica.com/place/Great-Lakes","L74 card.world_geography.074.c4","L74 question.world_geography.074.q3","","","","","","corroborated","Britannica: the Great Lakes are the western part of the St. Lawrence system, which empties into the Atlantic. Wikipedia Great Lakes: they drain via the St. Lawrence River to the Atlantic. (https://en.wikipedia.org/wiki/Great_Lakes)","one-page weak-pages"
"fact.world_geography.great_lakes_glaciers","source.brit_great_lakes","unverified","Starting about a million years ago, massive glaciers scoured existing valleys, widening and deepening them into the basins the Great Lakes now fill.","https://www.britannica.com/place/Great-Lakes","L74 card.world_geography.074.c3","L74 question.world_geography.074.q2","","","","","","corroborated","Britannica: movement of massive glaciers beginning about one million years ago scoured existing valleys, widening and deepening them. Earthdate and Wikipedia Great Lakes: formed by the Laurentide Ice Sheet in the last ice age. (https://en.wikipedia.org/wiki/Great_Lakes)","one-page weak-pages"
"fact.world_geography.grand_canyon_size","source.brit_grand_canyon","unverified","The Grand Canyon, in Arizona, is more than a mile (about 1,800 m) deep and about 446 km long.","https://www.britannica.com/place/Grand-Canyon","L75 card.world_geography.075.c1","","","","","","","corroborated","Britannica: more than a mile (some 1,800 m) below its rim, about 277 miles (446 km) long. NPS: the Colorado River's 277-mile (446 km) journey through Grand Canyon. (https://www.nps.gov/grca/learn/nature/grca-geology.htm)","one-page"
"fact.world_geography.grand_canyon_size","source.nps_grand_canyon_geology","unverified","The Grand Canyon, in Arizona, is more than a mile (about 1,800 m) deep and about 446 km long.","https://www.nps.gov/grca/learn/nature/grca-geology.htm","L75 card.world_geography.075.c1","","","","","","","corroborated","Britannica: more than a mile (some 1,800 m) below its rim, about 277 miles (446 km) long. NPS: the Colorado River's 277-mile (446 km) journey through Grand Canyon. (https://www.nps.gov/grca/learn/nature/grca-geology.htm)","one-page"
"fact.world_geography.colorado_plateau_uplift","source.nps_grand_canyon_geology","unverified","Between about 70 and 30 million years ago, the region was uplifted into the high, fairly flat Colorado Plateau.","https://www.nps.gov/grca/learn/nature/grca-geology.htm","L75 card.world_geography.075.c2","L75 question.world_geography.075.q3","","","","","","corroborated","NPS: between 70 and 30 million years ago the whole region was uplifted, resulting in the high and relatively flat Colorado Plateau. Britannica: regional uplift enabled deep entrenchment. (https://www.britannica.com/place/Grand-Canyon)","one-page"
"fact.world_geography.colorado_river_carving","source.nps_grand_canyon_geology","unverified","The Colorado River began carving the Grand Canyon 5 to 6 million years ago; the sand and rocks it carries do the cutting.","https://www.nps.gov/grca/learn/nature/grca-geology.htm","L75 card.world_geography.075.c3","L75 question.world_geography.075.q1","","","","","","corroborated","NPS: beginning 5 to 6 million years ago the Colorado River began to carve downward; transported sediment and rocks act as erosive tools. Britannica: formation began not more than six million years ago. (https://www.britannica.com/place/Grand-Canyon)","one-page"
"fact.world_geography.colorado_river_carving","source.brit_grand_canyon","unverified","The Colorado River began carving the Grand Canyon 5 to 6 million years ago; the sand and rocks it carries do the cutting.","https://www.britannica.com/place/Grand-Canyon","L75 card.world_geography.075.c3","L75 question.world_geography.075.q1","","","","","","corroborated","NPS: beginning 5 to 6 million years ago the Colorado River began to carve downward; transported sediment and rocks act as erosive tools. Britannica: formation began not more than six million years ago. (https://www.britannica.com/place/Grand-Canyon)","one-page"
"fact.world_geography.grand_canyon_oldest_rocks","source.nps_grand_canyon_geology","unverified","The oldest rocks at the bottom of the Grand Canyon are nearly 2 billion years old.","https://www.nps.gov/grca/learn/nature/grca-geology.htm","L75 card.world_geography.075.c4","L75 question.world_geography.075.q2","","","","","","corroborated","NPS geology: almost two billion years ago, the rocks of the inner gorge formed. NPS numeric ages: the Elves Chasm pluton, 1,840 million years, is the oldest dated rock. USGS Grand Canyon geology agrees. (https://www.usgs.gov/geology-and-ecology-of-national-parks/geology-grand-canyon-national-park)","one-page"
"fact.world_geography.grand_canyon_oldest_rocks","source.nps_grand_canyon_rock_ages","unverified","The oldest rocks at the bottom of the Grand Canyon are nearly 2 billion years old.","https://www.nps.gov/articles/000/grcatime-numeric-ages.htm","L75 card.world_geography.075.c4","L75 question.world_geography.075.q2","","","","","","corroborated","NPS geology: almost two billion years ago, the rocks of the inner gorge formed. NPS numeric ages: the Elves Chasm pluton, 1,840 million years, is the oldest dated rock. USGS Grand Canyon geology agrees. (https://www.usgs.gov/geology-and-ecology-of-national-parks/geology-grand-canyon-national-park)","one-page"
"fact.world_geography.grand_canyon_layers","source.nps_grand_canyon_rock_ages","unverified","In the Grand Canyon's layers, the oldest rock is at the bottom and layers get younger upward; the rim layer is about 270 million years old.","https://www.nps.gov/articles/000/grcatime-numeric-ages.htm","L75 card.world_geography.075.c4","L75 question.world_geography.075.q2","","","","","","corroborated","NPS: the oldest layer is at the bottom and layers get progressively younger upward; the Kaibab Formation, the topmost layer, was deposited 270 million years ago. USGS: the Kaibab Formation holds up both rims. (https://www.usgs.gov/geology-and-ecology-of-national-parks/geology-grand-canyon-national-park)","one-page"
"fact.world_geography.paricutin_cornfield","source.smithsonianmag_paricutin","unverified","Parícutin volcano was born on February 20, 1943, in Dionisio Pulido's cornfield in Mexico, and erupted for 9 years, until 1952.","https://www.smithsonianmag.com/blogs/smithsonian-books/2025/07/10/how-volcanoes-are-born-across-the-world/","L76 card.world_geography.076.c1","","","","","","","corroborated","Smithsonian Magazine: on February 20, 1943, a crack opened in Dionisio Pulido's cornfield; activity lasted 9 years. IUGS: born in a cornfield, 9-year eruption (1943 to 1952). Britannica Parícutin and Wikipedia agree on dates. (https://www.britannica.com/place/Paricutin https://en.wikipedia.org/wiki/Par%C3%ADcutin)",""
"fact.world_geography.paricutin_cornfield","source.iugs_paricutin","unverified","Parícutin volcano was born on February 20, 1943, in Dionisio Pulido's cornfield in Mexico, and erupted for 9 years, until 1952.","https://iugs-geoheritage.org/geoheritage_sites/paricutin-volcano/","L76 card.world_geography.076.c1","","","","","","","corroborated","Smithsonian Magazine: on February 20, 1943, a crack opened in Dionisio Pulido's cornfield; activity lasted 9 years. IUGS: born in a cornfield, 9-year eruption (1943 to 1952). Britannica Parícutin and Wikipedia agree on dates. (https://www.britannica.com/place/Paricutin https://en.wikipedia.org/wiki/Par%C3%ADcutin)",""
"fact.world_geography.mexico_volcanic_belt","source.brit_mexico_relief","unverified","An active volcanic belt crosses central Mexico; its peaks include Citlaltépetl (Orizaba), a volcano and Mexico's highest point.","https://www.britannica.com/place/Mexico/Relief","L76 card.world_geography.076.c2","L76 question.world_geography.076.q2","","","","","","corroborated","Britannica: the Cordillera Neo-Volcánica is geologically active; Citlaltépetl (Orizaba) is the highest point in the country. Wikipedia: Pico de Orizaba, highest mountain in Mexico, is a volcano in the Trans-Mexican Volcanic Belt. (https://en.wikipedia.org/wiki/Pico_de_Orizaba https://en.wikipedia.org/wiki/Trans-Mexican_Volcanic_Belt)","weak-pages"
"fact.world_geography.central_america_volcanoes","source.brit_central_america","unverified","Some 40 volcanic cones line Central America's Pacific side; the region has frequent earthquakes and eruptions because several tectonic plates meet there.","https://www.britannica.com/place/Central-America","L76 card.world_geography.076.c2","L76 question.world_geography.076.q2","","","","","","corroborated","Britannica: some 40 volcanic cones on the Pacific side; frequent earthquakes and eruptions because several plates meet and exert pressure. Study.com and LAC Geo describe the Pacific volcanic chain formed where plates meet. (https://lacgeo.com/central-american-isthmus)","one-page"
"fact.world_geography.mexican_plateau","source.brit_mexico_relief","unverified","The Mexican Plateau, between the Sierra Madre Occidental and Sierra Madre Oriental, is Mexico's largest and most densely populated region.","https://www.britannica.com/place/Mexico/Relief","L76 card.world_geography.076.c3","L76 question.world_geography.076.q1","","","","","","corroborated","Britannica: the Mexican Plateau, flanked by the Sierra Madre Occidental and Oriental, is the largest and most densely populated region. Wikipedia Mexican Plateau: bounded by the two ranges; its southern arc is the population nexus of Mexico. (https://en.wikipedia.org/wiki/Mexican_Plateau)","one-page weak-pages"
"fact.world_geography.mexico_city_high","source.brit_mexico_relief","unverified","Near Mexico City, the southern end of the Mexican Plateau rises to about 2,100 to 2,700 m above sea level.","https://www.britannica.com/place/Mexico/Relief","L76 card.world_geography.076.c3","L76 question.world_geography.076.q1","","","","","","corroborated","Britannica: the southern end rises 7,000 to 9,000 feet (2,100 to 2,700 m) in the vicinity of Mexico City. Wikipedia Mexico City: the city sits at about 2,240 m in the Valley of Mexico. (https://en.wikipedia.org/wiki/Mexico_City)","one-page weak-pages"
"fact.world_geography.isthmus_links","source.brit_central_america","unverified","Central America is an isthmus that links North and South America; at its narrowest, in Panama, it is only about 50 km wide.","https://www.britannica.com/place/Central-America","L76 card.world_geography.076.c4; L80 card.world_geography.080.c3","L76 question.world_geography.076.q3; L80 question.world_geography.080.q2","","","","","","corroborated","Britannica: the isthmus connects North and South America and at its narrowest is only about 30 miles (50 km) wide. Wikipedia Geography of Panama and Study.com agree. (https://en.wikipedia.org/wiki/Geography_of_Panama)","one-page weak-pages"
"fact.world_geography.caribbean_side_wetter","source.brit_central_america","unverified","Central America's Caribbean side receives about twice as much rain as its Pacific side.","https://www.britannica.com/place/Central-America","L76 card.world_geography.076.c4","L76 question.world_geography.076.q3; L80 question.world_geography.080.q2","","","","","","corroborated","Britannica: the Caribbean side generally receives about twice as much rain as the Pacific. FAO geographic context for Central America: the Caribbean slope is much wetter than the Pacific slope. (https://www.fao.org/4/Y2784E/y2784e03.htm)","one-page"
"fact.world_geography.west_indies_arc","source.brit_west_indies","unverified","The Caribbean islands, or West Indies, form a crescent more than 3,200 km long that separates the Caribbean Sea and Gulf of Mexico from the Atlantic.","https://www.britannica.com/place/West-Indies-island-group-Atlantic-Ocean","L77 card.world_geography.077.c2","L77 question.world_geography.077.q1","","","","","","corroborated","Britannica: a crescent-shaped group of islands more than 2,000 miles (3,200 km) long separating the Gulf of Mexico and the Caribbean Sea from the Atlantic. Wikipedia Antilles agrees. (https://en.wikipedia.org/wiki/Antilles)","one-page weak-pages"
"fact.world_geography.greater_lesser_antilles","source.brit_west_indies","unverified","The Greater Antilles are the big islands of Cuba, Hispaniola, Jamaica and Puerto Rico; the smaller Lesser Antilles curve away to the southeast.","https://www.britannica.com/place/West-Indies-island-group-Atlantic-Ocean","L77 card.world_geography.077.c2","L77 question.world_geography.077.q1","","","","","","corroborated","Britannica: the Greater Antilles are Cuba, Jamaica, Hispaniola and Puerto Rico; the Lesser Antilles are a separate division. Wikipedia Greater Antilles: the four largest islands, north of the Lesser Antilles chain, which lies to the southeast. (https://en.wikipedia.org/wiki/Greater_Antilles)","one-page weak-pages"
"fact.world_geography.cuba_largest","source.brit_west_indies","unverified","Cuba is the largest Caribbean island.","https://www.britannica.com/place/West-Indies-island-group-Atlantic-Ocean","L77 card.world_geography.077.c2","L77 question.world_geography.077.q1","","","","","","corroborated","Britannica: Cuba is the largest island of the West Indies. Geography Realm: Cuba, the Caribbean's largest island. (https://www.geographyrealm.com/caribbean-islands-greater-antilles/)","one-page"
"fact.world_geography.hispaniola_shared","source.brit_west_indies","unverified","The island of Hispaniola is shared by two countries, Haiti and the Dominican Republic.","https://www.britannica.com/place/West-Indies-island-group-Atlantic-Ocean","L77 card.world_geography.077.c2","L77 question.world_geography.077.q1","","","","","","corroborated","Britannica: Hispaniola (Haiti and the Dominican Republic). Wikipedia Greater Antilles agrees. (https://en.wikipedia.org/wiki/Greater_Antilles)","one-page weak-pages"
"fact.world_geography.hurricane_season_dates","source.nhc_hurricane_climatology","unverified","The Atlantic hurricane season runs from June 1 to November 30; it peaks around September 10, with most activity from mid-August to mid-October.","https://www.nhc.noaa.gov/climo/","L77 card.world_geography.077.c1; L77 card.world_geography.077.c4","L77 question.world_geography.077.q2","","","","","","corroborated","NHC: the season runs June 1 to November 30; the peak is September 10, with most activity between mid-August and mid-October. NOAA ""peak of hurricane season"" story agrees. (https://www.noaa.gov/stories/peak-of-hurricane-season-why-now)","one-page"
"fact.world_geography.hurricanes_warm_water","source.noaa_how_hurricanes_form","unverified","Hurricanes are rotating storms that form over tropical or subtropical waters and are powered by ocean water of at least 26.5°C.","https://oceanservice.noaa.gov/facts/how-hurricanes-form.html","L77 card.world_geography.077.c3","L77 question.world_geography.077.q3","","","","","","corroborated","NOAA Ocean Service: water at least 26.5 degrees Celsius powers the storm; hurricanes originate over tropical or subtropical waters. NOAA AOML Hurricane FAQ gives the same 26.5°C threshold. (https://www.aoml.noaa.gov/hrd-faq/)","one-page"
"fact.world_geography.ocean_warms_late","source.aoml_hurricane_season_why","unverified","Oceans take several weeks after the Sun's late-June peak to reach their warmest, just as a day is warmest in mid-afternoon, not at noon.","https://www.aoml.noaa.gov/hrd/tcfaq/G4.html","L77 card.world_geography.077.c4","L77 question.world_geography.077.q2","","","","","","corroborated","NOAA AOML: it takes several more weeks for the oceans to reach their warmest; days are warmest in mid-afternoon though sunlight peaks at noon. NESDIS: ocean temperatures are warmest in late August and early September. (https://www.nesdis.noaa.gov/news/earth-orbit-atlantic-hurricane-season-hits-its-peak)","one-page"
"fact.world_geography.ecuador_name","source.brit_ecuador","unverified","Ecuador sits on the Equator and is named after it: ecuador is Spanish for equator.","https://www.britannica.com/place/Ecuador","L78 card.world_geography.078.c1","L78 question.world_geography.078.q3","","","","","","corroborated","Britannica: Ecuador is named after the Equator, which it sits on. National Geographic Kids and Wikipedia: Ecuador means equator in Spanish. (https://kids.nationalgeographic.com/geography/countries/article/ecuador)","one-page"
"fact.world_geography.sa_twelve_countries","source.brit_south_america","unverified","South America has 12 independent countries, plus French Guiana, which is part of France.","https://www.britannica.com/place/South-America","L78 card.world_geography.078.c2","L78 question.world_geography.078.q1","","","","","","corroborated","Britannica lists Argentina, Bolivia, Brazil, Chile, Colombia, Ecuador, Guyana, Paraguay, Peru, Suriname, Uruguay and Venezuela, plus French Guiana. Geography Worlds: 12 sovereign nations; French Guiana is an overseas region of France. (https://geographyworlds.com/blog/countries-in-south-america/)","one-page weak-pages"
"fact.world_geography.brazil_half","source.brit_brazil","unverified","Brazil covers about half of South America's land and borders every other South American country except Chile and Ecuador.","https://www.britannica.com/place/Brazil","L78 card.world_geography.078.c2","L78 question.world_geography.078.q1","","","","","","corroborated","Britannica: Brazil occupies half the continent's landmass and borders every South American country except Chile and Ecuador. WorldAtlas: Brazil covers about 48% of the continent. (https://www.worldatlas.com/articles/the-largest-countries-in-south-america.html)","one-page"
"fact.world_geography.sa_languages","source.brit_south_america","unverified","Brazil's language is Portuguese; Spanish is the main language of most other South American countries.","https://www.britannica.com/place/South-America","L78 card.world_geography.078.c2","L78 question.world_geography.078.q1","","","","","","corroborated","Britannica: Spanish and Portuguese are the primary languages; Portuguese is spoken throughout Brazil. Wikipedia Languages of South America: Spanish is the official language of most South American countries. (https://en.wikipedia.org/wiki/Languages_of_South_America)","one-page weak-pages"
"fact.world_geography.sa_languages","source.brit_brazil","unverified","Brazil's language is Portuguese; Spanish is the main language of most other South American countries.","https://www.britannica.com/place/Brazil","L78 card.world_geography.078.c2","L78 question.world_geography.078.q1","","","","","","corroborated","Britannica: Spanish and Portuguese are the primary languages; Portuguese is spoken throughout Brazil. Wikipedia Languages of South America: Spanish is the official language of most South American countries. (https://en.wikipedia.org/wiki/Languages_of_South_America)","one-page weak-pages"
"fact.world_geography.sa_regions","source.brit_south_america","unverified","South America is broad in the north and tapers south; the Andes run down its western edge, the Amazon basin fills the north, plains spread through the east and center, and Patagonia lies in the south.","https://www.britannica.com/place/South-America","L78 card.world_geography.078.c3; L80 card.world_geography.080.c4","L78 question.world_geography.078.q2; L80 question.world_geography.080.q5","","","","","","corroborated","Britannica: broad in the north and tapering to a point; the Andes on the western edge, the Amazon basin, eastern and central plains and lowlands, Patagonia in the south. Wikipedia Geography of South America agrees. (https://en.wikipedia.org/wiki/Geography_of_South_America)","one-page weak-pages"
"fact.world_geography.sa_fourth_tropics","source.brit_south_america","unverified","South America is the fourth-largest continent; most of it lies in the tropics, but it reaches south to subantarctic latitudes.","https://www.britannica.com/place/South-America","L78 card.world_geography.078.c4","","","","","","","corroborated","Britannica: fourth largest of the continents; most of the landmass lies within the tropics, extending to subantarctic latitudes. NatGeo continent page ranks South America fourth. (https://education.nationalgeographic.org/resource/continent/)","one-page"
"fact.world_geography.andes_longest","source.guinness_longest_continental_range","unverified","The Andes are the world's longest continental mountain range, running along South America's western edge through seven countries.","https://www.guinnessworldrecords.com/world-records/longest-continental-mountain-range","L79 card.world_geography.079.c2","L79 question.world_geography.079.q1; L80 question.world_geography.080.q3","","","","","","corroborated","Guinness: the Andes are the world's longest continental range of mountains, spanning seven countries. Britannica: the Andes run along the western side through seven countries. (https://en.wikipedia.org/wiki/Andes)","one-page weak-pages"
"fact.world_geography.andes_longest","source.brit_andes","unverified","The Andes are the world's longest continental mountain range, running along South America's western edge through seven countries.","https://www.britannica.com/place/Andes-Mountains","L79 card.world_geography.079.c2","L79 question.world_geography.079.q1; L80 question.world_geography.080.q3","","","","","","corroborated","Guinness: the Andes are the world's longest continental range of mountains, spanning seven countries. Britannica: the Andes run along the western side through seven countries. (https://en.wikipedia.org/wiki/Andes)","one-page weak-pages"
"fact.world_geography.aconcagua_highest","source.brit_andes","unverified","Aconcagua, in the Andes on the border of Argentina and Chile, is the highest point in the Western Hemisphere.","https://www.britannica.com/place/Andes-Mountains","L79 card.world_geography.079.c2","L79 question.world_geography.079.q1; L80 question.world_geography.080.q3","","","","","","corroborated","Britannica: Mount Aconcagua on the border of Argentina and Chile is the highest point in the Western Hemisphere. Wikipedia Andes: Aconcagua is the highest mountain in the Americas. (https://en.wikipedia.org/wiki/Andes)","one-page weak-pages"
"fact.world_geography.amazon_source_pacific","source.brit_amazon_river","unverified","The Amazon rises high in the Andes of Peru, within about 160 km of the Pacific, and flows east across South America to the Atlantic.","https://www.britannica.com/place/Amazon-River","L79 card.world_geography.079.c1; L79 card.world_geography.079.c3; L80 card.world_geography.080.c4","L79 question.world_geography.079.q2; L80 question.world_geography.080.q5","","","","","","corroborated","Britannica: the Amazon originates high in the Andes within 100 miles (160 km) of the Pacific and empties into the Atlantic. WorldAtlas and Wikipedia Source of the Amazon River agree. (https://en.wikipedia.org/wiki/Source_of_the_Amazon_River)","one-page weak-pages"
"fact.world_geography.amazon_one_fifth","source.brit_amazon_river","unverified","The Amazon carries about one-fifth of all the water that runs off Earth's surface.","https://www.britannica.com/place/Amazon-River","L79 card.world_geography.079.c3","L79 question.world_geography.079.q2","","","","","","corroborated","Britannica: about one-fifth of all the water that runs off Earth's surface is carried by the Amazon. WWF: the Amazon accounts for about 20% of the water carried to the oceans by rivers. (https://wwf.panda.org/discover/knowledge_hub/where_we_work/amazon/about_the_amazon/ecosystems_amazon/rivers/)","one-page"
"fact.world_geography.amazon_largest_basin","source.brit_amazon_river","unverified","The Amazon is the largest river system in the world, both by the volume it carries and by the area of its basin.","https://www.britannica.com/place/Amazon-River","L79 card.world_geography.079.c4","L79 question.world_geography.079.q3","","","","","","corroborated","Britannica: the largest drainage system in the world in terms of the volume of its flow and the area of its basin. Wikipedia Amazon basin: the largest drainage basin in the world. (https://en.wikipedia.org/wiki/Amazon_basin)","one-page weak-pages"
"fact.world_geography.pan_am_route","source.brit_pan_american_highway","unverified","The Pan-American Highway is a road network of nearly 30,600 km, running from Alaska and Canada to the southern tip of Argentina.","https://www.britannica.com/topic/Pan-American-Highway","L80 card.world_geography.080.c1; L80 card.world_geography.080.c2","","","","","","","corroborated","Britannica: nearly 30,600 km (19,000 miles) from Alaska and Canada to the southern tip of Argentina. Wikipedia Pan-American Highway: about 30,000 km from Prudhoe Bay, Alaska, to Ushuaia, Argentina. (https://en.wikipedia.org/wiki/Pan-American_Highway)","one-page weak-pages"
"fact.world_geography.darien_gap","source.brit_pan_american_highway","unverified","The Pan-American Highway's only break is the Darién Gap, about 100 km of roadless rainforest between Panama and Colombia.","https://www.britannica.com/topic/Pan-American-Highway","L80 card.world_geography.080.c1; L80 card.world_geography.080.c3","L80 question.world_geography.080.q1; L80 question.world_geography.080.q2","","","","","","corroborated","Britannica: the Darién Gap stretches about 100 km (60 miles) between Panama and Colombia. CSIS: the Darién Gap is a roadless 60-mile stretch of rainforest, the only break in the highway. (https://www.csis.org/analysis/mind-darien-gap-migration-bottleneck-americas)","one-page"
"fact.world_geography.australia_country_continent","source.brit_australia","unverified","Australia is the smallest continent and one of the largest countries on Earth.","https://www.britannica.com/place/Australia","L81 card.world_geography.081.c2","L81 question.world_geography.081.q3","","","","","","corroborated","Britannica: 'Australia, the smallest continent and one of the largest countries on Earth.' National Geographic's continent page also ranks Australia smallest. (https://education.nationalgeographic.org/resource/Continent/)","one-page"
"fact.world_geography.australia_driest_but_antarctica","source.brit_australia","unverified","Except for Antarctica, Australia is the driest continent.","https://www.britannica.com/place/Australia","L81 card.world_geography.081.c3","L81 question.world_geography.081.q2; L82 question.world_geography.082.q3; L90 question.world_geography.090.q3","","","","","","corroborated","Britannica: 'both the flattest continent and, except for Antarctica, the driest.' Guinness World Records and WorldAtlas call Australia the driest inhabited continent, with Antarctica driest overall. (https://www.guinnessworldrecords.com/world-records/567995-driest-continent https://www.worldatlas.com/articles/which-is-the-world-s-driest-continent.html)",""
"fact.world_geography.australia_70_arid","source.abs_australian_deserts","unverified","Around 70% of Australia is arid or semi-arid.","https://www.abs.gov.au/ausstats/abs@.nsf/previousproducts/1301.0feature%20article42006","L81 card.world_geography.081.c3","L81 question.world_geography.081.q2; L82 question.world_geography.082.q3; L90 question.world_geography.090.q3","","","","","","corroborated","ABS Year Book 2006: 'around 70% of the continent is arid or semi-arid.' The Australian Government rangelands page (DCCEEW) gives the same 70% arid or semi-arid figure. (https://www.dcceew.gov.au/environment/land/rangelands)","one-page"
"fact.world_geography.outback_definition","source.brit_australia","unverified","The Outback is Australia's vast, flat, arid and sparsely populated interior.","https://www.britannica.com/place/Australia","L81 card.world_geography.081.c3; L82 card.world_geography.082.c2","L81 question.world_geography.081.q2; L82 question.world_geography.082.q3; L90 question.world_geography.090.q3","","","","","","corroborated","Britannica: 'a vast area of low relief and arid, sparsely populated land referred to as the Outback.' DCCEEW's 'Outback Australia: the rangelands' page describes the same arid interior. (https://www.dcceew.gov.au/environment/land/rangelands)","one-page"
"fact.world_geography.australia_coast_8_in_10","source.abs_coastal_population","unverified","More than 8 in 10 Australians live within 50 km of the coast.","https://www.abs.gov.au/ausstats/abs@.nsf/previousproducts/1301.0feature%20article32004","L81 card.world_geography.081.c1; L81 card.world_geography.081.c4","L81 question.world_geography.081.q1","","","","","","corroborated","ABS 2004: 'more than 8 in 10 Australians (85%) lived within 50 kilometres of the coastline.' Australia's 2021 State of the Environment report puts it at 87% by 2019. (https://www.dcceew.gov.au/sites/default/files/documents/2.%20DCCEEW-SOE_factsheet_Coasts.pdf https://en.wikipedia.org/wiki/Urbanisation_in_Australia)",""
"fact.world_geography.australia_east_coast","source.brit_australia","unverified","Most Australians live along the east coast, where the coastal rim is relatively fertile.","https://www.britannica.com/place/Australia","L81 card.world_geography.081.c1; L81 card.world_geography.081.c4","L81 question.world_geography.081.q1","","","","","","corroborated","Britannica: 'The majority of Australians live along the east coast; the coastal rim ... is relatively more fertile.' Wikipedia's urbanisation article notes the population is concentrated on the eastern and southeastern coast. (https://en.wikipedia.org/wiki/Urbanisation_in_Australia)","one-page weak-pages"
"fact.world_geography.great_dividing_range","source.brit_australia","unverified","The Great Dividing Range runs along Australia's Pacific coast, separating the eastern cities from the Outback.","https://www.britannica.com/place/Australia","L81 card.world_geography.081.c4","L81 question.world_geography.081.q1","","","","","","corroborated","Britannica: 'the Outback beyond the Great Dividing Range of mountains running along the Pacific coast and separating it from the cities in the east.' Britannica and Wikipedia: the range runs roughly parallel to the east coast and divides the coast from the interior, or Outback. (https://www.britannica.com/place/Great-Dividing-Range https://en.wikipedia.org/wiki/Great_Dividing_Range)",""
"fact.world_geography.uluru_348","source.parks_uluru_facts","unverified","Uluru, in the Outback of Australia's Northern Territory, rises 348 m above the surrounding plain, higher than the Eiffel Tower.","https://uluru.gov.au/discover/highlights/amazing-facts/","L82 card.world_geography.082.c1; L82 card.world_geography.082.c2","L82 question.world_geography.082.q3","","","","","","corroborated","Parks Australia: 'Uluru rises 348 metres above the surrounding plain. That's higher than the Eiffel Tower.' Britannica: a rock outcrop in southwestern Northern Territory rising 348 m above the desert plain. (https://www.britannica.com/place/Uluru-Ayers-Rock https://en.wikipedia.org/wiki/Uluru)",""
"fact.world_geography.uluru_348","source.brit_uluru","unverified","Uluru, in the Outback of Australia's Northern Territory, rises 348 m above the surrounding plain, higher than the Eiffel Tower.","https://www.britannica.com/place/Uluru-Ayers-Rock","L82 card.world_geography.082.c1; L82 card.world_geography.082.c2","L82 question.world_geography.082.q3","","","","","","corroborated","Parks Australia: 'Uluru rises 348 metres above the surrounding plain. That's higher than the Eiffel Tower.' Britannica: a rock outcrop in southwestern Northern Territory rising 348 m above the desert plain. (https://www.britannica.com/place/Uluru-Ayers-Rock https://en.wikipedia.org/wiki/Uluru)",""
"fact.world_geography.uluru_underground","source.parks_uluru_geology","unverified","Uluru and Kata Tjuta are the tips of huge rock slabs that continue underground for up to 6 km.","https://uluru.gov.au/discover/nature/geology/","L82 card.world_geography.082.c1; L82 card.world_geography.082.c2","L82 question.world_geography.082.q3","","","","","","corroborated","Parks Australia geology page: 'Uluru and Kata Tjuta are only the tips of huge rock slabs that continue underground for up to 6 km.' Wikipedia notes most of Uluru's bulk lies below the ground. (https://en.wikipedia.org/wiki/Uluru)","one-page weak-pages"
"fact.world_geography.uluru_rust_red","source.parks_uluru_geology","unverified","Uluru is made of arkose; its red color is rust from iron in the rock, and grey patches show the rock's original color.","https://uluru.gov.au/discover/nature/geology/","L82 card.world_geography.082.c3","L82 question.world_geography.082.q1","","","","","","corroborated","Parks Australia: 'The red is the rusting of iron found naturally in arkose, and the grey is the rock's original colour.' Tour and geology write-ups confirm the surface is red with grey patches where unoxidized. (https://ulurutoursaustralia.com.au/blog/what-gives-uluru-its-red-colour/ https://en.wikipedia.org/wiki/Uluru)","weak-pages"
"fact.world_geography.uluru_sacred","source.parks_uluru_climb","unverified","Uluru has been sacred to Aṉangu for tens of thousands of years, and climbing it was not generally permitted under Tjukurpa, Aṉangu law and culture.","https://uluru.gov.au/discover/history/uluru-climb-closure/","L82 card.world_geography.082.c1; L82 card.world_geography.082.c4","L82 question.world_geography.082.q2","","","","","","corroborated","Parks Australia: 'Uluru has been sacred to Anangu for tens of thousands of years, and climbing Uluru was not generally permitted under Tjukurpa.' ABC News reported the closure as honoring the site's sacred status to traditional owners. (https://www.abc.net.au/news/2019-10-25/uluru-climb-closed-permanently-by-traditional-owners/11639248)","one-page"
"fact.world_geography.uluru_handback","source.parks_uluru_climb","unverified","In 1985 the park was handed back to Aṉangu, who own it, lease it to the Australian Government and manage it jointly with Parks Australia.","https://uluru.gov.au/discover/history/uluru-climb-closure/","L82 card.world_geography.082.c4","L82 question.world_geography.082.q2","","","","","","corroborated","Parks Australia: the park was handed back to Traditional Owners in 1985; 'Anangu own Uluru and Kata Tjuta and lease the land to the Australian Government.' The National Museum of Australia describes the 26 October 1985 handback. (https://www.nma.gov.au/defining-moments/resources/uluru-handback-anangu)","one-page"
"fact.world_geography.uluru_handback","source.parks_uluru_facts","unverified","In 1985 the park was handed back to Aṉangu, who own it, lease it to the Australian Government and manage it jointly with Parks Australia.","https://uluru.gov.au/discover/highlights/amazing-facts/","L82 card.world_geography.082.c4","L82 question.world_geography.082.q2","","","","","","corroborated","Parks Australia: the park was handed back to Traditional Owners in 1985; 'Anangu own Uluru and Kata Tjuta and lease the land to the Australian Government.' The National Museum of Australia describes the 26 October 1985 handback. (https://www.nma.gov.au/defining-moments/resources/uluru-handback-anangu)","one-page"
"fact.world_geography.uluru_climb_closed","source.parks_uluru_climb","unverified","The climb up Uluru closed permanently on 26 October 2019.","https://uluru.gov.au/discover/history/uluru-climb-closure/","L82 card.world_geography.082.c4","L82 question.world_geography.082.q2","","","","","","corroborated","Parks Australia: 'The Uluru climb closed permanently from 26 October 2019.' ABC News covered the final day of climbing on 25 October 2019. (https://www.abc.net.au/news/2019-10-25/uluru-climb-closed-permanently-by-traditional-owners/11639248)","one-page"
"fact.world_geography.gbr_largest","source.brit_great_barrier_reef","unverified","The Great Barrier Reef, off northeastern Australia in the Pacific's Coral Sea, is the world's largest coral reef system, stretching more than 2,000 km.","https://www.britannica.com/place/Great-Barrier-Reef","L83 card.world_geography.083.c1; L83 card.world_geography.083.c3","L83 question.world_geography.083.q3","","","","","","corroborated","NOAA: 'Stretching for 1,429 miles ... the Great Barrier Reef is the largest coral reef system in the world.' Britannica: the world's largest coral reef complex, in the Pacific off northeastern Australia, more than 2,000 km; the Coral Sea is a sea of the southwestern Pacific. (https://oceanservice.noaa.gov/facts/gbrlargeststructure.html https://www.britannica.com/place/Coral-Sea)",""
"fact.world_geography.gbr_largest","source.noaa_gbr_largest","unverified","The Great Barrier Reef, off northeastern Australia in the Pacific's Coral Sea, is the world's largest coral reef system, stretching more than 2,000 km.","https://oceanservice.noaa.gov/facts/gbrlargeststructure.html","L83 card.world_geography.083.c1; L83 card.world_geography.083.c3","L83 question.world_geography.083.q3","","","","","","corroborated","NOAA: 'Stretching for 1,429 miles ... the Great Barrier Reef is the largest coral reef system in the world.' Britannica: the world's largest coral reef complex, in the Pacific off northeastern Australia, more than 2,000 km; the Coral Sea is a sea of the southwestern Pacific. (https://oceanservice.noaa.gov/facts/gbrlargeststructure.html https://www.britannica.com/place/Coral-Sea)",""
"fact.world_geography.gbr_largest","source.brit_coral_sea","unverified","The Great Barrier Reef, off northeastern Australia in the Pacific's Coral Sea, is the world's largest coral reef system, stretching more than 2,000 km.","https://www.britannica.com/place/Coral-Sea","L83 card.world_geography.083.c1; L83 card.world_geography.083.c3","L83 question.world_geography.083.q3","","","","","","corroborated","NOAA: 'Stretching for 1,429 miles ... the Great Barrier Reef is the largest coral reef system in the world.' Britannica: the world's largest coral reef complex, in the Pacific off northeastern Australia, more than 2,000 km; the Coral Sea is a sea of the southwestern Pacific. (https://oceanservice.noaa.gov/facts/gbrlargeststructure.html https://www.britannica.com/place/Coral-Sea)",""
"fact.world_geography.gbr_3000_reefs","source.noaa_gbr_largest","unverified","The Great Barrier Reef is made up of nearly 3,000 individual reefs.","https://oceanservice.noaa.gov/facts/gbrlargeststructure.html","L83 card.world_geography.083.c3","L83 question.world_geography.083.q3","","","","","","corroborated","NOAA: 'made up of nearly 3,000 individual reefs.' The Reef Authority (GBRMPA) lists over 2,900 individual reefs. (https://www.gbrmpa.gov.au/learn/fascinating-facts-about-great-barrier-reef)","one-page"
"fact.world_geography.coral_polyps_build","source.noaa_coral_polyps","unverified","Corals are made of animals called polyps; hard corals build calcium carbonate skeletons, and colonies of hundreds to hundreds of thousands of polyps cement together to build reefs.","https://oceanservice.noaa.gov/education/tutorial_corals/coral01_intro.html","L83 card.world_geography.083.c1; L83 card.world_geography.083.c2","L83 question.world_geography.083.q1","","","","","","corroborated","NOAA Corals Tutorial: 'a coral is made up of individual animals called polyps'; hard corals produce calcium carbonate skeletons and colonies of 'hundreds to hundreds of thousands' of polyps cement together. US EPA and WHOI: coral polyps are tiny animals that secrete calcium carbonate skeletons and form colonies that build reefs. (https://www.epa.gov/coral-reefs/basic-information-about-coral-reefs https://www.whoi.edu/ocean-learning-hub/ocean-facts/how-do-corals-form-colonies/)",""
"fact.world_geography.coral_algae_food","source.noaa_coral_bleaching","unverified","Corals host tiny algae in their tissues that are their main food source and give them their color.","https://oceanservice.noaa.gov/facts/coral_bleach.html","L83 card.world_geography.083.c4","L83 question.world_geography.083.q2","","","","","","corroborated","NOAA: the algae 'are the coral's primary food source and give them their color.' NOAA Coral Reef Conservation's zooxanthellae page says the same. (https://oceanservice.noaa.gov/education/tutorial_corals/coral02_zooxanthellae.html)","one-page"
"fact.world_geography.coral_bleaching_white","source.noaa_coral_bleaching","unverified","When water is too warm, stressed corals expel their algae and turn white; this is coral bleaching.","https://oceanservice.noaa.gov/facts/coral_bleach.html","L83 card.world_geography.083.c4","L83 question.world_geography.083.q2","","","","","","corroborated","NOAA: stressed corals 'expel the symbiotic algae living in their tissues, causing them to turn completely white,' and warming is the leading cause. Smithsonian Ocean Portal describes the same process. (https://ocean.si.edu/ocean-life/invertebrates/zooxanthellae-and-coral-bleaching https://flowergarden.noaa.gov/education/bleaching.html)",""
"fact.world_geography.coral_bleaching_recovery","source.noaa_coral_bleaching","unverified","Bleached corals can recover if the stress eases, but if it continues they die.","https://oceanservice.noaa.gov/facts/coral_bleach.html","L83 card.world_geography.083.c4","L83 question.world_geography.083.q2","","","","","","corroborated","NOAA: 'If the stress-caused bleaching is not severe, coral have been known to recover'; 'If the algae loss is prolonged ... coral eventually dies.' Flower Garden Banks NOAA page: corals may take on new algae if stress is relieved in time. (https://flowergarden.noaa.gov/education/bleaching.html)","one-page"
"fact.world_geography.gbr_climate_threat","source.gbrmpa_climate_change","unverified","The Great Barrier Reef Marine Park Authority names climate change as the greatest threat to the reef.","https://www.gbrmpa.gov.au/learn/threats/climate-change","L83 card.world_geography.083.c4","L83 question.world_geography.083.q2","","","","","","corroborated","ABC News on the 2024 Outlook Report: GBRMPA chair said 'Climate change was the greatest threat to the World Heritage Area.' (https://www.abc.net.au/news/2024-08-24/great-barrier-reef-continued-deterioration-climate-change/104265330)","one-page"
"fact.world_geography.nz_two_plates","source.teara_volcanoes_ring_of_fire","unverified","New Zealand sits across the boundary between the Australian Plate and the Pacific Plate.","https://teara.govt.nz/en/volcanoes/page-2","L84 card.world_geography.084.c1; L84 card.world_geography.084.c2","L84 question.world_geography.084.q1","","","","","","corroborated","GNS/Te Ara material: Zealandia 'sits astride' the Pacific and Australian plates. The University of Otago describes the Alpine Fault as the Australian-Pacific plate boundary. (https://en.wikipedia.org/wiki/Alpine_Fault https://www.otago.ac.nz/geology/research/alpine-fault)",""
"fact.world_geography.nz_two_plates","source.sciencelearn_alpine_fault","unverified","New Zealand sits across the boundary between the Australian Plate and the Pacific Plate.","https://www.sciencelearn.org.nz/resources/330-the-alpine-fault","L84 card.world_geography.084.c1; L84 card.world_geography.084.c2","L84 question.world_geography.084.q1","","","","","","corroborated","GNS/Te Ara material: Zealandia 'sits astride' the Pacific and Australian plates. The University of Otago describes the Alpine Fault as the Australian-Pacific plate boundary. (https://en.wikipedia.org/wiki/Alpine_Fault https://www.otago.ac.nz/geology/research/alpine-fault)",""
"fact.world_geography.alpine_fault_on_land","source.sciencelearn_alpine_fault","unverified","In the South Island the plate boundary can be seen on land as the Alpine Fault; off the North Island it lies under the sea.","https://www.sciencelearn.org.nz/resources/330-the-alpine-fault","L84 card.world_geography.084.c2","L84 question.world_geography.084.q1","","","","","","corroborated","Science Learning Hub: in the South Island 'the boundary between the Australian and Pacific tectonic plates can be seen on land,' unlike the North Island, where the subduction zone is offshore. Otago and Wikipedia: the Alpine Fault is the dominant structure of the plate boundary in the South Island. (https://en.wikipedia.org/wiki/Alpine_Fault)","one-page weak-pages"
"fact.world_geography.southern_alps_rising","source.sciencelearn_alpine_fault","unverified","Along the Alpine Fault the Pacific Plate pushes up the Southern Alps, which rise about 7 mm a year while erosion wears them down at a similar rate.","https://www.sciencelearn.org.nz/resources/330-the-alpine-fault","L84 card.world_geography.084.c1; L84 card.world_geography.084.c3","L84 question.world_geography.084.q2","","","","","","corroborated","Science Learning Hub: the Pacific plate is pushing up, forming the Southern Alps; 'The mountains are rising at 7 millimetres a year, but erosion wears them down at a similar rate.' Wikipedia's Alpine Fault article describes the Pacific Plate rising to generate the Southern Alps. (https://en.wikipedia.org/wiki/Alpine_Fault)","one-page weak-pages"
"fact.world_geography.aoraki_3724","source.brit_aoraki","unverified","Aoraki/Mount Cook, New Zealand's highest mountain, is listed at 3,724 m.","https://www.britannica.com/place/Aoraki-Mount-Cook","L84 card.world_geography.084.c3","L84 question.world_geography.084.q2","","","","","","corroborated","Britannica: highest mountain in New Zealand, height listed as 3,724 m as of 2014 (lowered by a 1991 landslide and later erosion). ClimbNZ and Wikipedia give 3,724 m. (https://climbnz.org.nz/nz/si/aoraki-tai-poutini/kirikirikatata-mt-cook-range/aoraki-mt-cook)","one-page"
"fact.world_geography.north_island_subduction","source.teara_volcanoes_ring_of_fire","unverified","In the North Island, the Pacific Plate slides under the Australian Plate, and rock melts deep below.","https://teara.govt.nz/en/volcanoes/page-2","L84 card.world_geography.084.c4","L84 question.world_geography.084.q3","","","","","","corroborated","Te Ara: volcanic activity is driven by the Pacific Plate sliding under the Australian Plate in the North Island. GNS lesson materials: water released from the Pacific Plate at about 100 km depth causes some rock to melt. (https://en.wikipedia.org/wiki/Mount_Ruapehu https://royalsociety.org.nz/assets/Uploads/Primary-CREST-and-GNS-Volcanoes-Lesson-Plan-6-New-Zealands-Plates.pdf)",""
"fact.world_geography.nz_volcanoes_geysers","source.teara_volcanoes_ring_of_fire","unverified","Molten rock under the North Island erupts from volcanoes such as Ruapehu or heats underground water, causing geysers and hot springs around Taupō and Rotorua.","https://teara.govt.nz/en/volcanoes/page-2","L84 card.world_geography.084.c1; L84 card.world_geography.084.c4","L84 question.world_geography.084.q3","","","","","","corroborated","GNS lesson material: molten rock 'is either erupted from volcanoes like Ruapehu, Tongariro and Ngauruhoe or sits within the crust and heats it, and the water it contains, up causing geothermal activity around Taupo and Rotorua.' Wikipedia: Whakarewarewa's geysers lie in the Taupo Volcanic Zone. (https://royalsociety.org.nz/assets/Uploads/Primary-CREST-and-GNS-Volcanoes-Lesson-Plan-6-New-Zealands-Plates.pdf https://en.wikipedia.org/wiki/Whakarewarewa)",""
"fact.world_geography.high_islands","source.natgeo_oceania_physical","unverified","High islands, also called volcanic islands, are built up by volcanic eruptions.","https://education.nationalgeographic.org/resource/oceania-physical-geography/","L85 card.world_geography.085.c1; L85 card.world_geography.085.c2","L85 question.world_geography.085.q1; L85 question.world_geography.085.q3","","","","","","corroborated","National Geographic: 'High islands, also called volcanic islands, are created as volcanic eruptions build up land over time.' Britannica's oceanic island entry distinguishes high volcanic islands such as Hawaii from low coral islands. (https://www.britannica.com/science/oceanic-island)","one-page"
"fact.world_geography.low_islands_atolls","source.natgeo_oceania_physical","unverified","Low islands are made of corals; they often form an atoll, a ring of small islands around a lagoon.","https://education.nationalgeographic.org/resource/oceania-physical-geography/","L85 card.world_geography.085.c1; L85 card.world_geography.085.c2; L85 card.world_geography.085.c3","L85 question.world_geography.085.q1; L85 question.world_geography.085.q3","","","","","","corroborated","National Geographic: low islands 'are made of the skeletons and living bodies of small marine animals called corals' and often form 'a ring of very small islands, called an atoll, surrounding a lagoon.' Britannica cites the Marshalls as low coral islands and atolls. (https://www.britannica.com/science/oceanic-island)","one-page"
"fact.world_geography.kiribati_atolls","source.natgeo_oceania_physical","unverified","Kiribati is made up of 32 atolls and one solitary island.","https://education.nationalgeographic.org/resource/oceania-physical-geography/","L85 card.world_geography.085.c2","L85 question.world_geography.085.q1; L85 question.world_geography.085.q3","","","","","","corroborated","National Geographic: 'Kiribati is composed of 32 atolls and one solitary island.' Wikipedia's Kiribati article gives 32 atolls and one raised coral island (Banaba). (https://en.wikipedia.org/wiki/Kiribati)","one-page weak-pages"
"fact.world_geography.hawaii_chain_hotspot","source.noaa_hawaii_formation","unverified","The Hawaiian Islands are volcanic islands that formed as the Pacific Plate moved over a hot spot, so the islands get older toward the northwest.","https://oceanservice.noaa.gov/facts/hawaii.html","L85 card.world_geography.085.c2; L85 card.world_geography.085.c3","L85 question.world_geography.085.q1; L85 question.world_geography.085.q3","","","","","","corroborated","NOAA: formed by volcanic activity over a hot spot; 'Each island or submerged seamount in the chain is successively older toward the northwest.' USGS: ages of the oldest volcano on each island are progressively older to the northwest. (https://pubs.usgs.gov/gip/hawaii/page12.html https://geology.com/usgs/hawaiian-hot-spot/)",""
"fact.world_geography.hawaii_to_kure","source.noaa_hawaii_formation","unverified","The Hawaiian chain stretches from the island of Hawaii in the southeast to Kure Atoll in the northwest.","https://oceanservice.noaa.gov/facts/hawaii.html","L85 card.world_geography.085.c3","","","","","","","corroborated","NOAA: the archipelago stretches 'from the island of Hawaii in the southeast to Kure Atoll in the northwest.' Papahanaumokuakea: Kure Atoll is at the extreme northwest end and the oldest in the chain. (https://www.papahanaumokuakea.gov/visit/kure.html https://en.wikipedia.org/wiki/Kure_Atoll)",""
"fact.world_geography.atoll_darwin","source.usgs_atoll_development","unverified","Charles Darwin proposed that atolls form when a reef fringing a volcanic island keeps growing upward as the island sinks, until only a ring of reef around a lagoon remains.","https://www.usgs.gov/media/images/atoll-development","L85 card.world_geography.085.c1; L85 card.world_geography.085.c4","L85 question.world_geography.085.q2; L90 question.world_geography.090.q4","","","","","","corroborated","USGS: 'As first hypothesized by Charles Darwin ... As a volcanic island subsides ... the growing reef keeps pace ... the ring-shaped reef forms an atoll with a central lagoon.' Royal Society: atolls formed around islands that subsided, leaving only the reef. (https://royalsociety.org/blog/2024/09/boring-old-coral/ https://www.coraldigest.org/reef_structure/darwinstheory/index.html)",""
"fact.world_geography.atoll_darwin","source.royalsociety_atoll_drilling","unverified","Charles Darwin proposed that atolls form when a reef fringing a volcanic island keeps growing upward as the island sinks, until only a ring of reef around a lagoon remains.","https://royalsociety.org/blog/2024/09/boring-old-coral/","L85 card.world_geography.085.c1; L85 card.world_geography.085.c4","L85 question.world_geography.085.q2; L90 question.world_geography.090.q4","","","","","","corroborated","USGS: 'As first hypothesized by Charles Darwin ... As a volcanic island subsides ... the growing reef keeps pace ... the ring-shaped reef forms an atoll with a central lagoon.' Royal Society: atolls formed around islands that subsided, leaving only the reef. (https://royalsociety.org/blog/2024/09/boring-old-coral/ https://www.coraldigest.org/reef_structure/darwinstheory/index.html)",""
"fact.world_geography.enewetak_drilling","source.royalsociety_atoll_drilling","unverified","In the 1950s, drilling at Enewetak Atoll went through more than 1 km of coral and reached volcanic rock, confirming Darwin's idea.","https://royalsociety.org/blog/2024/09/boring-old-coral/","L85 card.world_geography.085.c4","L85 question.world_geography.085.q2; L90 question.world_geography.090.q4","","","","","","corroborated","Royal Society: in the 1950s US scientists at Enewetak 'had to bore through 4200 feet of coral to find the basalt bedrock underneath' (about 1.3 km). ScienceDirect's Enewetak geology paper: 1952 holes of 1,411 m and 1,287 m reached basaltic basement, confirming Darwin's theory. (https://sciencedirect.com/science/article/abs/pii/S0070457104800438)","one-page"
"fact.world_geography.polynesian_triangle","source.brit_polynesia","unverified","Polynesia is a triangle of ocean with corners at Hawaii, New Zealand and Easter Island (Rapa Nui).","https://www.britannica.com/place/Polynesia","L86 card.world_geography.086.c2","","","","","","","corroborated","Britannica: the triangle 'has its apex at the Hawaiian Islands ... and its base angles at New Zealand (Aotearoa) ... and Easter Island (Rapa Nui).' Wikipedia's Polynesian Triangle article lists the same corners. (https://en.wikipedia.org/wiki/Polynesian_Triangle https://www.worldatlas.com/articles/what-is-the-polynesian-triangle.html)",""
"fact.world_geography.polynesian_voyages","source.brit_polynesia","unverified","Polynesia was settled by long voyages in large sailing canoes that began roughly 3,000 to 4,000 years ago.","https://www.britannica.com/place/Polynesia","L86 card.world_geography.086.c2","","","","","","","corroborated","Britannica: 'The peopling of Polynesia occurred via long-range seagoing voyages in large, seaworthy sailing canoes. These voyages began roughly 3,000 to 4,000 years ago.' Wikipedia's Polynesia article describes the same voyaging settlement. (https://en.wikipedia.org/wiki/Polynesia)","one-page weak-pages"
"fact.world_geography.star_compass","source.pvs_on_wayfinding","unverified","Wayfinders using the Hawaiian star compass memorize where stars rise and set on the horizon and use those points to find direction.","https://archive.hokulea.com/ike/hookele/on_wayfinding.html","L86 card.world_geography.086.c3","L86 question.world_geography.086.q3","","","","","","corroborated","Nainoa Thompson (PVS): 'If you can identify the stars as they rise and set, and if you have memorized where they rise and set, you can find your direction.' PVS star compass page describes stars rising and setting in the same 'houses'. (https://worldwidevoyage.hokulea.com/education-at-sea/polynesian-navigation/the-star-compass/ https://archive.hokulea.com/navigate/stars.html)",""
"fact.world_geography.steer_by_swells","source.pvs_on_wayfinding","unverified","When the Sun is too high to steer by, wayfinders steer by the ocean swells.","https://archive.hokulea.com/ike/hookele/on_wayfinding.html","L86 card.world_geography.086.c3","L86 question.world_geography.086.q3","","","","","","corroborated","Nainoa Thompson (PVS): 'When the sun gets too high, you steer by the waves.' PVS star compass material: wind and ocean swells are also used for direction. (https://hokulea.com/the-star-compass-by-nainoa-thompson/)","one-page"
"fact.world_geography.birds_lead_to_land","source.pvs_locating_land","unverified","Seabirds such as terns fly out to sea in the morning to feed and return to land in the late afternoon, so wayfinders can follow them to land.","https://worldwidevoyage.hokulea.com/education-at-sea/polynesian-navigation/polynesian-non-instrument-wayfinding/locating-land/","L86 card.world_geography.086.c4","L86 question.world_geography.086.q1","","","","","","corroborated","PVS Locating Land: the manu-o-Ku and noio 'go out to sea in the morning to feed on fish and return to land at night'; 'as the birds return ... the wayfinder can follow the birds to land.' Nainoa Thompson: at sundown the bird 'will head straight back to land.' (https://archive.hokulea.com/ike/hookele/on_wayfinding.html)","one-page"
"fact.world_geography.swells_clouds_land","source.pvs_locating_land","unverified","Swells bent around islands and clouds piled up over them can reveal land that is still out of sight.","https://worldwidevoyage.hokulea.com/education-at-sea/polynesian-navigation/polynesian-non-instrument-wayfinding/locating-land/","L86 card.world_geography.086.c4","L86 question.world_geography.086.q1","","","","","","corroborated","PVS Locating Land: 'distinctive patterns of swells ... refracting around and / or reflecting off islands' and 'clouds piled up over islands' indicate land. PVS star compass notes list swells and the colour of clouds near land. (https://hokulea.com/polynesian-wayfinding/)","one-page"
"fact.world_geography.hokulea_1976","source.pvs_hokulea_history","unverified","In 1976 the voyaging canoe Hōkūleʻa sailed from Hawaii to Tahiti, guided by navigator Mau Piailug of Satawal in Micronesia, without instruments.","https://hokulea.com/history/","L86 card.world_geography.086.c1; L86 card.world_geography.086.c5","L86 question.world_geography.086.q2","","","","","","corroborated","PVS History: Mau Piailug, 'a navigator from a small island called Satawal, in Micronesia,' guided the 1976 voyage to Tahiti. Wikipedia and Maui Now: he navigated with no instruments, reaching Tahiti in June 1976. (https://en.wikipedia.org/wiki/Mau_Piailug https://mauinow.com/2026/04/24/50th-anniversary-of-the-historic-launch-of-hokule%CA%BBas-1976-maiden-voyage/)",""
"fact.world_geography.hokulea_not_drift","source.pvs_hokulea_history","unverified","Hōkūleʻa's 1976 voyage showed that Polynesians could have settled the Pacific by deliberate voyages rather than accidental drift.","https://hokulea.com/history/","L86 card.world_geography.086.c5","L86 question.world_geography.086.q2","","","","","","corroborated","PVS: the voyage demonstrated intentional voyaging rather than accidental drift. The PVS 50th-anniversary release: its purpose was to show Polynesia's ancestors intentionally settled the Pacific, 'challenging long-held theories of accidental drift.' (https://hokulea.com/polynesian-voyaging-society-honors-the-50th-anniversary-of-hokule%CA%BBas-1976-maiden-voyage-to-tahiti/)","one-page"
"fact.world_geography.hokulea_17000","source.pvs_hokulea_history","unverified","More than 17,000 people welcomed Hōkūleʻa when it reached Papeʻete, Tahiti.","https://hokulea.com/history/","L86 card.world_geography.086.c5","L86 question.world_geography.086.q2","","","","","","corroborated","PVS History: 'over half the island's people were there, more than 17,000 strong.' The PVS 50th-anniversary release also cites more than 17,000 people gathered in Papeete Harbor. (https://hokulea.com/polynesian-voyaging-society-honors-the-50th-anniversary-of-hokule%CA%BBas-1976-maiden-voyage-to-tahiti/)","one-page"
"fact.world_geography.arctic_ocean_ringed","source.climate_gov_polar_opposites","unverified","The Arctic is an ocean surrounded by continents, and its sea ice covers the North Pole.","https://www.climate.gov/news-features/understanding-climate/polar-opposites-arctic-and-antarctic","L87 card.world_geography.087.c1; L87 card.world_geography.087.c2; L90 card.world_geography.090.c2","L87 question.world_geography.087.q1; L87 question.world_geography.087.q3","","","","","","corroborated","Climate.gov: 'In the Arctic there is an ocean surrounded by continents'; 'Arctic sea ice covers the North Pole.' NSIDC: the Arctic is an ocean basin largely surrounded by land. (https://nsidc.org/learn/ask-scientist/how-does-antarctic-sea-ice-differ-arctic-sea-ice)","one-page"
"fact.world_geography.sea_ice_definition","source.nsidc_sea_ice_quick_facts","unverified","Sea ice is frozen ocean water; it forms, grows and melts in the ocean.","https://nsidc.org/learn/parts-cryosphere/sea-ice/quick-facts-about-sea-ice","L87 card.world_geography.087.c3","L90 question.world_geography.090.q5","","","","","","corroborated","NSIDC: 'Sea ice is frozen ocean water. It forms, grows, and melts entirely in the ocean.' NSIDC's Sea Ice overview page gives the same definition. (https://nsidc.org/learn/parts-cryosphere/sea-ice)","one-page"
"fact.world_geography.arctic_ice_max_min","source.nsidc_sea_ice_quick_facts","unverified","Arctic sea ice typically reaches its greatest extent in March and its smallest in September.","https://nsidc.org/learn/parts-cryosphere/sea-ice/quick-facts-about-sea-ice","L87 card.world_geography.087.c3","L90 question.world_geography.090.q5","","","","","","corroborated","NSIDC: the maximum 'typically occurs in March for the Arctic' and the minimum 'typically in September.' NASA's Arctic sea ice minimum indicator tracks the September minimum. (https://science.nasa.gov/earth/explore/earth-indicators/arctic-sea-ice-minimum-extent/)","one-page"
"fact.world_geography.arctic_ice_12_percent","source.nasa_arctic_sea_ice_minimum","unverified","September Arctic sea ice is shrinking by about 12% per decade, as measured by satellites since 1979.","https://science.nasa.gov/earth/explore/earth-indicators/arctic-sea-ice-minimum-extent/","L87 card.world_geography.087.c1; L87 card.world_geography.087.c4","L87 question.world_geography.087.q2","","","","","","corroborated","NASA: 'September Arctic sea ice is shrinking at a rate of 12.2% per decade'; satellite observations started in 1979. NSIDC's 2025 analysis gives a 1979 to 2025 trend of 12.1% per decade. (https://nsidc.org/sea-ice-today/analyses/2025-arctic-sea-ice-minimum-squeezes-ten-lowest-minimums)","one-page"
"fact.world_geography.ice_albedo","source.nsidc_sea_ice_quick_facts","unverified","Sea ice reflects 50 to 70% of incoming sunlight, while the darker ocean reflects only 6% and absorbs the rest, so losing ice lets the ocean soak up more heat.","https://nsidc.org/learn/parts-cryosphere/sea-ice/quick-facts-about-sea-ice","L87 card.world_geography.087.c4","L87 question.world_geography.087.q2","","","","","","corroborated","NSIDC: 'Sea ice reflects 50 to 70 percent of the incoming energy' while 'the darker ocean reflects only 6 percent of the sun's energy and absorbs the rest.' NSIDC's sea ice overview describes the resulting ice-albedo feedback. (https://nsidc.org/learn/parts-cryosphere/sea-ice)","one-page"
"fact.world_geography.antarctica_superlatives","source.brit_antarctica","unverified","Antarctica is the world's highest, driest, windiest, coldest and iciest continent.","https://www.britannica.com/place/Antarctica","L88 card.world_geography.088.c1","","","","","","","corroborated","Britannica: 'the world's highest, driest, windiest, coldest, and iciest continent.' The American Museum of Natural History titles its page 'The Coldest, Driest, Windiest, Highest Continent'. (https://www.amnh.org/learn-teach/curriculum-collections/antarctica/the-coldest-driest-windiest-highest-continent)","one-page"
"fact.world_geography.vostok_record","source.wmo_lowest_temperature","unverified","The lowest temperature ever measured on Earth, −89.2 °C, was recorded at Vostok station in Antarctica on 21 July 1983.","https://wmo.int/asu-map?map=Temp_020","L88 card.world_geography.088.c3","","","","","","","corroborated","WMO archive lists -89.2 C at Vostok, 21 July 1983 as the world's lowest temperature. Britannica and Wikipedia give the same record (satellite surface readings of about -92 C are not counted). (https://www.britannica.com/science/How-Cold-Does-It-Get-in-Antarctica https://en.wikipedia.org/wiki/Lowest_temperature_recorded_on_Earth)",""
"fact.world_geography.altitude_cold","source.whoi_polar_weather","unverified","Air gets colder with altitude, so Antarctica's high elevation helps make it colder.","https://polardiscovery.whoi.edu/poles/weather.html","L88 card.world_geography.088.c3; L90 card.world_geography.090.c3","L90 question.world_geography.090.q2","","","","","","corroborated","WHOI: 'Since the average elevation of Antarctica is 2.3 km, the air is much colder compared to the Arctic Ocean, which is at sea level.' Discovering Antarctica (BAS/RGS): temperature declines with altitude, so Antarctica's high surface lowers its temperatures. (https://discoveringantarctica.org.uk/oceans-atmosphere-landscape/atmosphere-weather-and-climate/key-factors-behind-antarcticas-climate/)","one-page"
"fact.world_geography.desert_definition_polar","source.ga_deserts","unverified","A desert is defined by low precipitation, usually less than about 250 to 500 mm a year.","https://www.ga.gov.au/scientific-topics/national-location-information/landforms/deserts","L88 card.world_geography.088.c4","L88 question.world_geography.088.q2; L90 question.world_geography.090.q3","","","","","","corroborated","Geoscience Australia: a desert 'receives less than 250 to 500 millimetres of precipitation annually.' USGS: desert ecosystems 'receive less than 10 in (250 mm) of annual precipitation.' (https://www.usgs.gov/programs/land-management-research-program/deserts)","one-page"
"fact.world_geography.antarctica_desert","source.bas_antarctic_factsheet","unverified","Antarctica's snowfall adds up to only about 150 mm of rain a year, making it a cold, dry desert.","https://www.bas.ac.uk/science/science-and-society/education/antarctic-factsheet-geographical-statistics/","L88 card.world_geography.088.c1; L88 card.world_geography.088.c4","L88 question.world_geography.088.q2; L90 question.world_geography.090.q3","","","","","","corroborated","BAS: 'Snowfall is equivalent to only 150mm of annual rain.' Britannica: 'The continent is a cold dry desert.' Discovering Antarctica: most of Antarctica is technically a desert. (https://www.britannica.com/place/Antarctica)","one-page"
"fact.world_geography.antarctica_desert","source.brit_antarctica","unverified","Antarctica's snowfall adds up to only about 150 mm of rain a year, making it a cold, dry desert.","https://www.britannica.com/place/Antarctica","L88 card.world_geography.088.c1; L88 card.world_geography.088.c4","L88 question.world_geography.088.q2; L90 question.world_geography.090.q3","","","","","","corroborated","BAS: 'Snowfall is equivalent to only 150mm of annual rain.' Britannica: 'The continent is a cold dry desert.' Discovering Antarctica: most of Antarctica is technically a desert. (https://www.britannica.com/place/Antarctica)","one-page"
"fact.world_geography.katabatic_winds","source.aap_katabatic_winds","unverified","Katabatic winds form when air over Antarctica's ice cools, becomes heavier and flows downhill toward the coast.","https://www.antarctica.gov.au/about-antarctica/ice-and-atmosphere/atmosphere/winds-waves-and-temperatures/from-the-katabatic-to-the-polar-vortex/","L88 card.world_geography.088.c4","L88 question.world_geography.088.q2; L90 question.world_geography.090.q3","","","","","","corroborated","Australian Antarctic Program: 'The air close to the icy surface cools ... This makes it heavier and forces it to flow downhill'; the flow down to the coast makes the katabatic. Wikipedia's katabatic wind article: dense cold air built up over Antarctica's elevated ice sheets blows out downslope toward the coast. (https://en.wikipedia.org/wiki/Katabatic_wind)","one-page weak-pages"
"fact.world_geography.ice_sheet_4_8_km","source.bas_antarctic_factsheet","unverified","Antarctica is a rocky continent capped by an ice sheet up to 4.8 km thick.","https://www.bas.ac.uk/science/science-and-society/education/antarctic-factsheet-geographical-statistics/","L88 card.world_geography.088.c2","L88 question.world_geography.088.q1; L88 question.world_geography.088.q3","","","","","","corroborated","BAS: 'a rocky continent capped by an ice sheet up to 4.8km thick.' Cool Antarctica: the polar ice cap is 4,800 metres thick at its deepest point. (https://www.coolantarctica.com/Antarctica%20fact%20file/antarctica%20environment/south-pole.php)","one-page"
"fact.world_geography.antarctica_90_ice","source.brit_antarctica","unverified","The Antarctic ice sheet holds about 90% of the world's ice.","https://www.britannica.com/place/Antarctica","L88 card.world_geography.088.c2","L88 question.world_geography.088.q1; L88 question.world_geography.088.q3","","","","","","corroborated","Britannica: the ice sheet represents 'about 90 percent of the world's ice.' Wikipedia's Antarctic ice sheet summary: about 90 percent of Earth's total ice volume. (https://en.wikipedia.org/wiki/Antarctic_ice_sheet)","one-page weak-pages"
"fact.world_geography.antarctica_highest","source.brit_antarctica","unverified","Thanks to its thick ice, Antarctica is the highest continent, averaging about 2,200 m above sea level.","https://www.britannica.com/place/Antarctica","L88 card.world_geography.088.c2","L88 question.world_geography.088.q1; L88 question.world_geography.088.q3","","","","","","corroborated","Britannica: 'the world's highest continent, with an average elevation of about 7,200 feet (2,200 meters).' BAS: 'The thickness of the ice means Antarctica has the highest average altitude of all continents.' (https://www.bas.ac.uk/science/science-and-society/education/antarctic-factsheet-geographical-statistics/)","one-page"
"fact.world_geography.antarctica_highest","source.bas_antarctic_factsheet","unverified","Thanks to its thick ice, Antarctica is the highest continent, averaging about 2,200 m above sea level.","https://www.bas.ac.uk/science/science-and-society/education/antarctic-factsheet-geographical-statistics/","L88 card.world_geography.088.c2","L88 question.world_geography.088.q1; L88 question.world_geography.088.q3","","","","","","corroborated","Britannica: 'the world's highest continent, with an average elevation of about 7,200 feet (2,200 meters).' BAS: 'The thickness of the ice means Antarctica has the highest average altitude of all continents.' (https://www.bas.ac.uk/science/science-and-society/education/antarctic-factsheet-geographical-statistics/)","one-page"
"fact.world_geography.seven_claimants","source.aap_territorial_claims","unverified","Seven countries claim parts of Antarctica: Argentina, Australia, Chile, France, New Zealand, Norway and the United Kingdom.","https://www.antarctica.gov.au/about-antarctica/law-and-treaty/history/antarctic-territorial-claims/","L89 card.world_geography.089.c1; L89 card.world_geography.089.c2","L89 question.world_geography.089.q1","","","","","","corroborated","Australian Antarctic Program: seven countries (Argentina, Australia, Chile, France, New Zealand, Norway and the United Kingdom) have territorial claims, some overlapping. Wikipedia's territorial claims article lists the same seven. (https://en.wikipedia.org/wiki/Territorial_claims_in_Antarctica)","one-page weak-pages"
"fact.world_geography.overlapping_claims","source.aap_territorial_claims","unverified","The claims of Argentina, Chile and the United Kingdom overlap on the Antarctic Peninsula.","https://www.antarctica.gov.au/about-antarctica/law-and-treaty/history/antarctic-territorial-claims/","L89 card.world_geography.089.c1; L89 card.world_geography.089.c2","L89 question.world_geography.089.q1","","","","","","corroborated","Wikipedia: there are overlaps among the territories claimed by Argentina, Chile and the United Kingdom, clustered on the Antarctic Peninsula. Visual Capitalist's claims map shows the same overlap. (https://en.wikipedia.org/wiki/Territorial_claims_in_Antarctica https://www.visualcapitalist.com/mapping-territorial-claims-in-antactica/)",""
"fact.world_geography.treaty_1959","source.ats_antarctic_treaty","unverified","The Antarctic Treaty was signed in Washington on 1 December 1959 by twelve countries active in Antarctica, and came into force in 1961.","https://www.ats.aq/e/antarctictreaty.html","L89 card.world_geography.089.c1; L89 card.world_geography.089.c3","L89 question.world_geography.089.q2","","","","","","corroborated","Antarctic Treaty Secretariat: signed in Washington on 1 December 1959 by the twelve countries active during the IGY; entered into force in 1961. Britannica: on December 1, 1959, the twelve countries active in Antarctica during the IGY signed the treaty. (https://www.britannica.com/place/Antarctica)","one-page"
"fact.world_geography.claims_frozen","source.ats_antarctic_treaty","unverified","The Antarctic Treaty holds existing claims in place, and no new or enlarged claim can be made while it is in force.","https://www.ats.aq/e/antarctictreaty.html","L89 card.world_geography.089.c3","L89 question.world_geography.089.q2","","","","","","corroborated","Treaty Article IV (ATS): 'No new claim, or enlargement of an existing claim ... shall be asserted while the present Treaty is in force.' Australian Antarctic Program: nothing done under the Treaty enhances or diminishes claims. (https://www.antarctica.gov.au/about-antarctica/law-and-treaty/history/antarctic-territorial-claims/)","one-page"
"fact.world_geography.claims_frozen","source.brit_antarctica","unverified","The Antarctic Treaty holds existing claims in place, and no new or enlarged claim can be made while it is in force.","https://www.britannica.com/place/Antarctica","L89 card.world_geography.089.c3","L89 question.world_geography.089.q2","","","","","","corroborated","Treaty Article IV (ATS): 'No new claim, or enlargement of an existing claim ... shall be asserted while the present Treaty is in force.' Australian Antarctic Program: nothing done under the Treaty enhances or diminishes claims. (https://www.antarctica.gov.au/about-antarctica/law-and-treaty/history/antarctic-territorial-claims/)","one-page"
"fact.world_geography.treaty_peaceful","source.ats_antarctic_treaty","unverified","The Antarctic Treaty says Antarctica shall be used for peaceful purposes only, banning military bases, maneuvers and weapons testing.","https://www.ats.aq/e/antarctictreaty.html","L89 card.world_geography.089.c4","L89 question.world_geography.089.q3","","","","","","corroborated","ATS: 'Antarctica shall be used for peaceful purposes only' (Article I). US State Department treaty text: prohibits military bases, fortifications, maneuvers and the testing of any type of weapons. (https://2009-2017.state.gov/t/avc/trty/193967.htm)","one-page"
"fact.world_geography.treaty_nuclear","source.ats_antarctic_treaty","unverified","The Antarctic Treaty bans nuclear explosions and the disposal of radioactive waste in Antarctica.","https://www.ats.aq/e/antarctictreaty.html","L89 card.world_geography.089.c4","L89 question.world_geography.089.q3","","","","","","corroborated","Treaty Article V: 'Any nuclear explosions in Antarctica and the disposal there of radioactive waste material shall be prohibited.' NTI's treaty summary says the same. (https://www.nti.org/education-center/treaties-and-regimes/antarctic-treaty/)","one-page"
"fact.world_geography.treaty_science","source.ats_antarctic_treaty","unverified","The Antarctic Treaty guarantees freedom of scientific investigation in Antarctica.","https://www.ats.aq/e/antarctictreaty.html","L89 card.world_geography.089.c4","L89 question.world_geography.089.q3","","","","","","corroborated","ATS Article II: 'Freedom of scientific investigation in Antarctica and cooperation toward that end ... shall continue.' Britannica: the treaty preserves the continent for nonmilitary scientific pursuits. (https://www.britannica.com/place/Antarctica)","one-page"
"fact.world_geography.madrid_protocol","source.ats_environmental_protocol","unverified","The Madrid Protocol of 1991 bans mineral resource activity in Antarctica except for scientific research and names it a natural reserve devoted to peace and science.","https://www.ats.aq/e/protocol.html","L89 card.world_geography.089.c5","","","","","","","corroborated","Britannica: the Madrid Protocol (adopted 1991) prohibited mining and designated the continent a natural reserve. Australian Antarctic Program and Wikipedia: Article 7 prohibits mineral resource activities except scientific research; 'natural reserve, devoted to peace and science'. (https://www.antarctica.gov.au/about-antarctica/law-and-treaty/the-madrid-protocol/ https://en.wikipedia.org/wiki/Protocol_on_Environmental_Protection_to_the_Antarctic_Treaty)",""
"fact.world_geography.madrid_protocol","source.brit_antarctica","unverified","The Madrid Protocol of 1991 bans mineral resource activity in Antarctica except for scientific research and names it a natural reserve devoted to peace and science.","https://www.britannica.com/place/Antarctica","L89 card.world_geography.089.c5","","","","","","","corroborated","Britannica: the Madrid Protocol (adopted 1991) prohibited mining and designated the continent a natural reserve. Australian Antarctic Program and Wikipedia: Article 7 prohibits mineral resource activities except scientific research; 'natural reserve, devoted to peace and science'. (https://www.antarctica.gov.au/about-antarctica/law-and-treaty/the-madrid-protocol/ https://en.wikipedia.org/wiki/Protocol_on_Environmental_Protection_to_the_Antarctic_Treaty)",""
"fact.world_geography.poles_land_sea","source.climate_gov_polar_opposites","unverified","The Arctic is an ocean surrounded by continents, while Antarctica is a continent surrounded by ocean.","https://www.climate.gov/news-features/understanding-climate/polar-opposites-arctic-and-antarctic","L90 card.world_geography.090.c2","L90 question.world_geography.090.q1; L90 question.world_geography.090.q2","","","","","","corroborated","Climate.gov: 'In the Arctic there is an ocean surrounded by continents, while the Antarctic is continent surrounded by oceans.' Discovering Antarctica: 'the Arctic is mainly ocean surrounded by land masses, whereas the land mass of Antarctica is surrounded by the Southern Ocean.' (https://discoveringantarctica.org.uk/oceans-atmosphere-landscape/atmosphere-weather-and-climate/key-factors-behind-antarcticas-climate/ https://nsidc.org/learn/ask-scientist/how-does-antarctic-sea-ice-differ-arctic-sea-ice)",""
"fact.world_geography.south_pole_2800","source.bas_antarctic_factsheet","unverified","The South Pole sits on the polar plateau, about 2,800 m above sea level.","https://www.bas.ac.uk/science/science-and-society/education/antarctic-factsheet-geographical-statistics/","L90 card.world_geography.090.c2","L90 question.world_geography.090.q1; L90 question.world_geography.090.q2","","","","","","corroborated","BAS: 'The South Pole is on the polar plateau, 2800m above sea level.' Cool Antarctica: the South Pole is at about 2,835 m above sea level on the thick ice sheet. (https://www.coolantarctica.com/Antarctica%20fact%20file/antarctica%20environment/south-pole.php)","one-page"
"fact.world_geography.pole_winter_temps","source.whoi_polar_weather","unverified","In winter, temperatures average about −60 °C at the South Pole and about −40 °C at the North Pole.","https://polardiscovery.whoi.edu/poles/weather.html","L90 card.world_geography.090.c3","L90 question.world_geography.090.q2","","","","","","corroborated","WHOI Polar Discovery: annual mean at the South Pole in winter -60 C; at the North Pole -40 C in winter. Aurora Expeditions and other comparisons likewise describe the South Pole as much colder. (https://www.aurora-expeditions.com/blog/why-is-antarctica-colder-than-the-arctic)","one-page weak-pages"
"fact.world_geography.arctic_ocean_heat","source.whoi_polar_weather","unverified","The Arctic's ice floats on an ocean that is usually warmer than the air above it, while Antarctica gets little heat from the ocean.","https://polardiscovery.whoi.edu/poles/weather.html","L90 card.world_geography.090.c3","L90 question.world_geography.090.q2","","","","","","corroborated","WHOI: the Arctic's ice 'has an entire ocean underneath it ... often significantly warmer than the air above the ice'; Antarctica 'receives very little heat from the ocean.' Discovering Antarctica: the ocean's heat moderates Arctic temperatures, with no such influence in the Antarctic interior. (https://discoveringantarctica.org.uk/oceans-atmosphere-landscape/atmosphere-weather-and-climate/key-factors-behind-antarcticas-climate/)","one-page"
"fact.world_geography.poles_six_months_sun","source.nasa_eo_south_pole_sunrise","unverified","Because Earth's axis is tilted, for six months of the year the Sun never rises over one pole and never sets over the other.","https://science.nasa.gov/earth/earth-observatory/spring-sunrise-over-south-pole-35400","L90 card.world_geography.090.c4","","","","","","","corroborated","NASA Earth Observatory: 'For six months of the year, the Sun never rises over one pole, and never sets over the other,' because Earth's axis is tilted. Timeanddate: the North Pole has continuous daylight from the March to September equinox while the South Pole is dark. (https://www.timeanddate.com/astronomy/midnight-sun.html)","one-page"
"fact.world_geography.population_1800_one_billion","source.owid_population_growth","unverified","Around 1800, the world population was about 1 billion people.","https://ourworldindata.org/population-growth-over-time","L91 card.world_geography.091.c1; L91 card.world_geography.091.c2","L91 question.world_geography.091.q1; L91 question.world_geography.091.q2; L100 question.world_geography.100.q5","","","","","","corroborated","Our World in Data: around 1800 the world population was just under 1 billion. Population Connection and other histories date the first billion to about 1804. (https://populationconnection.org/learn/population-milestones/)","one-page"
"fact.world_geography.population_8_billion_2022","source.un_population","unverified","The world population reached 8 billion on 15 November 2022, according to the UN.","https://www.un.org/en/global-issues/population","L91 card.world_geography.091.c1; L91 card.world_geography.091.c2","L91 question.world_geography.091.q1; L91 question.world_geography.091.q2; L100 question.world_geography.100.q5","","","","","","corroborated","UN DESA Population Division and the US Census Bureau both mark 15 November 2022 as the UN date for 8 billion. (https://www.un.org/development/desa/pd/events/day-eight-billion https://www.census.gov/library/stories/2023/11/world-population-estimated-eight-billion.html)",""
"fact.world_geography.population_growth_lifespans","source.un_day_of_8_billion","unverified","Population grew mainly because people live longer, thanks to better public health, nutrition, hygiene and medicine.","https://www.un.org/en/dayof8billion","L91 card.world_geography.091.c2","L91 question.world_geography.091.q1; L91 question.world_geography.091.q2; L100 question.world_geography.100.q5","","","","","","corroborated","UN press material for 8 billion: growth is due to a gradual increase in human lifespan owing to improvements in public health, nutrition, personal hygiene and medicine. (https://www.un.org/en/desa/world-population-reach-8-billion-15-november-2022)","one-page"
"fact.world_geography.population_growth_slowing","source.un_population","unverified","Growing from 7 to 8 billion took 12 years; reaching 9 billion should take about 15 years, around 2037.","https://www.un.org/en/global-issues/population","L91 card.world_geography.091.c3","","","","","","","corroborated","UN Day of 8 Billion page: it took 12 years to grow from 7 to 8 billion and will take about 15 years, until 2037, to reach 9 billion. (https://www.un.org/en/dayof8billion)","one-page"
"fact.world_geography.population_peak_10_3","source.un_population","unverified","The UN projects the world population will peak at about 10.3 billion in the mid-2080s.","https://www.un.org/en/global-issues/population","L91 card.world_geography.091.c3","","","","","","","corroborated","UN World Population Prospects 2024 summaries project a peak of about 10.3 billion in the mid-2080s. (https://www.un.org/development/desa/pd/world-population-prospects-2024)","one-page"
"fact.world_geography.asia_pacific_60_percent","source.unfpa_asia_pacific_population","unverified","The Asia-Pacific region is home to about 60% of the world's population.","https://asiapacific.unfpa.org/en/topics/population-trends","L91 card.world_geography.091.c4; L92 card.world_geography.092.c3; L95 card.world_geography.095.c3; L96 card.world_geography.096.c3","L92 question.world_geography.092.q3; L95 question.world_geography.095.q3; L100 question.world_geography.100.q8","","","","","","corroborated","UNFPA Asia-Pacific and UNFPA China statements: the region is home to 60 per cent of the world population, including China and India. (https://china.unfpa.org/en/statement/22071101)","one-page"
"fact.world_geography.india_overtook_china","source.un_desa_india_china","unverified","India overtook China as the world's most populous country in April 2023, by UN estimates; China's population had peaked in 2022.","https://www.un.org/development/desa/pd/content/india-overtakes-china-world%E2%80%99s-most-populous-country","L91 card.world_geography.091.c4","L92 question.world_geography.092.q3; L95 question.world_geography.095.q3; L100 question.world_geography.100.q8","","","","","","corroborated","UN DESA Policy Brief 153 and the UN DESA projection release: India matched and passed China's population in April 2023; China peaked at 1.426 billion in 2022. (https://www.un.org/en/desa/india-overtake-china-world-most-populous-country-april-2023-united-nations-projects)","one-page"
"fact.world_geography.northern_hemisphere_87","source.worldatlas_hemispheres","unverified","About 87% of the world's people live in the Northern Hemisphere, which holds about two-thirds of Earth's land.","https://www.worldatlas.com/geography/the-4-hemispheres-of-the-world.html","L91 card.world_geography.091.c5","L91 question.world_geography.091.q3","","","","","","corroborated","Vivid Maps and other population maps put about 87% to 90% of people in the Northern Hemisphere, with about two-thirds of the land north of the Equator. (https://vividmaps.com/how-much-of-the-population-lives-in-the-northern-and-southern-hemispheres/)","one-page"
"fact.world_geography.city_pull_jobs","source.natgeo_urbanization","unverified","People move to cities drawn by jobs in manufacturing and the professions and by chances for education and entertainment.","https://education.nationalgeographic.org/resource/urbanization/","L92 card.world_geography.092.c2","L92 question.world_geography.092.q2; L98 question.world_geography.098.q3","","","","","","corroborated","Cultural geography texts (NVCC Pressbooks) list jobs and education among the main pulls of urban migration. (https://pressbooks.nvcc.edu/nolgeo210/chapter/3-1-reasons-for-migration/)","one-page"
"fact.world_geography.cities_boom_industrial","source.natgeo_urbanization","unverified","Cities began to boom when large-scale industrialization started in the 18th century.","https://education.nationalgeographic.org/resource/urbanization/","L92 card.world_geography.092.c2","L92 question.world_geography.092.q2; L98 question.world_geography.098.q3","","","","","","corroborated","Britannica on urbanization: the Industrial Revolution of the 18th and 19th centuries drove rapid city growth. (https://www.britannica.com/topic/urbanization)","one-page"
"fact.world_geography.megacity_definition","source.un_wup_2025","unverified","A megacity is an urban area with 10 million or more inhabitants.","https://www.un.org/sustainabledevelopment/blog/2025/11/press-release-wup2025","L92 card.world_geography.092.c3","L92 question.world_geography.092.q1; L92 question.world_geography.092.q3","","","","","","corroborated","National Geographic Education defines a megacity as a city of more than 10 million inhabitants. (https://education.nationalgeographic.org/resource/urbanization/)","one-page"
"fact.world_geography.megacities_8_to_33","source.un_wup_2025","unverified","The number of megacities grew from 8 in 1975 to 33 in 2025, and 19 of the 33 are in Asia.","https://www.un.org/sustainabledevelopment/blog/2025/11/press-release-wup2025","L92 card.world_geography.092.c3","L92 question.world_geography.092.q1; L92 question.world_geography.092.q3","","","","","","corroborated","UN DESA news on the World Urbanization Prospects 2025: megacities quadrupled from eight in 1975 to 33 in 2025, 19 of them in Asia. (https://www.un.org/en/desa/latest-urbanization-data-reveal-world%E2%80%99s-most-populous-cities)","one-page"
"fact.world_geography.tokyo_topped_earlier","source.aljazeera_jakarta_largest","unverified","Tokyo was the world's largest city in earlier UN rankings; the UN's 2025 ranking, made with a new method, put Jakarta first.","https://www.aljazeera.com/news/2025/11/26/indonesias-jakarta-now-the-worlds-largest-city-tokyo-falls-to-third-un","L92 card.world_geography.092.c1; L92 card.world_geography.092.c4","","","","","","","corroborated","NBC News on the 2025 UN report: Jakarta is now the largest city, beating out Tokyo, which drops to third. (https://www.nbcnews.com/world/asia/jakarta-worlds-largest-city-tokyo-most-populated-dhaka-new-un-report-rcna245798)","one-page"
"fact.world_geography.tokyo_topped_earlier","source.un_wup_2025","unverified","Tokyo was the world's largest city in earlier UN rankings; the UN's 2025 ranking, made with a new method, put Jakarta first.","https://www.un.org/sustainabledevelopment/blog/2025/11/press-release-wup2025","L92 card.world_geography.092.c1; L92 card.world_geography.092.c4","","","","","","","corroborated","NBC News on the 2025 UN report: Jakarta is now the largest city, beating out Tokyo, which drops to third. (https://www.nbcnews.com/world/asia/jakarta-worlds-largest-city-tokyo-most-populated-dhaka-new-un-report-rcna245798)","one-page"
"fact.world_geography.un_city_method_2025","source.un_wup_2025","unverified","The UN's 2025 city figures use one harmonized method for defining cities, fixing inconsistencies in how countries defined urban areas.","https://www.un.org/sustainabledevelopment/blog/2025/11/press-release-wup2025","L92 card.world_geography.092.c4","","","","","","","corroborated","Al Jazeera: the UN adopted new measures to address inconsistencies in how countries defined urbanisation (the Degree of Urbanisation approach). (https://www.aljazeera.com/news/2025/11/26/indonesias-jakarta-now-the-worlds-largest-city-tokyo-falls-to-third-un)","one-page"
"fact.world_geography.un_city_method_2025","source.aljazeera_jakarta_largest","unverified","The UN's 2025 city figures use one harmonized method for defining cities, fixing inconsistencies in how countries defined urban areas.","https://www.aljazeera.com/news/2025/11/26/indonesias-jakarta-now-the-worlds-largest-city-tokyo-falls-to-third-un","L92 card.world_geography.092.c4","","","","","","","corroborated","Al Jazeera: the UN adopted new measures to address inconsistencies in how countries defined urbanisation (the Degree of Urbanisation approach). (https://www.aljazeera.com/news/2025/11/26/indonesias-jakarta-now-the-worlds-largest-city-tokyo-falls-to-third-un)","one-page"
"fact.world_geography.largest_cities_2025","source.un_wup_2025","unverified","By the UN's 2025 count, Jakarta has nearly 42 million people, Dhaka almost 40 million and Tokyo 33 million.","https://www.un.org/sustainabledevelopment/blog/2025/11/press-release-wup2025","L92 card.world_geography.092.c4","","","","","","","corroborated","Al Jazeera and NBC News report the UN figures: Jakarta about 42 million, Dhaka about 40 million (NBC rounds to 37 million in one line), Tokyo 33 million. (https://www.aljazeera.com/news/2025/11/26/indonesias-jakarta-now-the-worlds-largest-city-tokyo-falls-to-third-un)","one-page"
"fact.world_geography.dhaka_largest_2050","source.un_wup_2025","unverified","Dhaka is projected to become the world's largest city by 2050.","https://www.un.org/sustainabledevelopment/blog/2025/11/press-release-wup2025","L92 card.world_geography.092.c4","","","","","","","corroborated","Al Jazeera on the UN report: Dhaka is projected to become the world's largest city by 2050. (https://www.aljazeera.com/news/2025/11/26/indonesias-jakarta-now-the-worlds-largest-city-tokyo-falls-to-third-un)","one-page"
"fact.world_geography.un_193_members","source.un_member_states","unverified","The United Nations has 193 member states.","https://www.un.org/en/about-us/member-states","L93 card.world_geography.093.c1; L93 card.world_geography.093.c2","L93 question.world_geography.093.q1; L93 question.world_geography.093.q2; L100 question.world_geography.100.q6","","","","","","corroborated","A Congressional Research Service brief (United Nations Membership: In Brief) states the UN has 193 member states. (https://www.congress.gov/crs-product/R48306)","one-page"
"fact.world_geography.un_193_members","source.worldatlas_un_nonmembers","unverified","The United Nations has 193 member states.","https://www.worldatlas.com/politics/which-countries-are-not-members-of-the-united-nations.html","L93 card.world_geography.093.c1; L93 card.world_geography.093.c2","L93 question.world_geography.093.q1; L93 question.world_geography.093.q2; L100 question.world_geography.100.q6","","","","","","corroborated","A Congressional Research Service brief (United Nations Membership: In Brief) states the UN has 193 member states. (https://www.congress.gov/crs-product/R48306)","one-page"
"fact.world_geography.un_observer_states","source.worldatlas_un_nonmembers","unverified","The UN also has two non-member observer states, the Holy See and the State of Palestine; with the 193 members that makes 195.","https://www.worldatlas.com/politics/which-countries-are-not-members-of-the-united-nations.html","L93 card.world_geography.093.c1; L93 card.world_geography.093.c2","L93 question.world_geography.093.q1; L93 question.world_geography.093.q2; L100 question.world_geography.100.q6","","","","","","corroborated","The Congressional Research Service brief lists the Holy See and the State of Palestine as the two non-member observer states. (https://www.congress.gov/crs-product/R48306)","one-page"
"fact.world_geography.south_sudan_newest","source.un_member_states","unverified","South Sudan, independent from Sudan in 2011, is the newest UN member state.","https://www.un.org/en/about-us/member-states","L93 card.world_geography.093.c2","L93 question.world_geography.093.q1; L93 question.world_geography.093.q2; L100 question.world_geography.100.q6","","","","","","corroborated","The UN member-state list gives South Sudan an admission date of 14 July 2011; the CRS brief calls it the most recently admitted member. (https://www.congress.gov/crs-product/R48306)","one-page"
"fact.world_geography.south_sudan_newest","source.worldatlas_un_nonmembers","unverified","South Sudan, independent from Sudan in 2011, is the newest UN member state.","https://www.worldatlas.com/politics/which-countries-are-not-members-of-the-united-nations.html","L93 card.world_geography.093.c2","L93 question.world_geography.093.q1; L93 question.world_geography.093.q2; L100 question.world_geography.100.q6","","","","","","corroborated","The UN member-state list gives South Sudan an admission date of 14 July 2011; the CRS brief calls it the most recently admitted member. (https://www.congress.gov/crs-product/R48306)","one-page"
"fact.world_geography.kosovo_taiwan_not_members","source.worldatlas_un_nonmembers","unverified","Kosovo, which declared independence in 2008, and Taiwan are not UN members.","https://www.worldatlas.com/politics/which-countries-are-not-members-of-the-united-nations.html","L93 card.world_geography.093.c2","L93 question.world_geography.093.q1; L93 question.world_geography.093.q2; L100 question.world_geography.100.q6","","","","","","corroborated","Britannica and other references note Kosovo declared independence from Serbia in 2008 and is not a UN member; Taiwan lost the China seat in 1971. (https://www.britannica.com/place/Kosovo)","one-page"
"fact.world_geography.natural_borders","source.natgeo_border","unverified","Some borders follow natural features: the France-Spain border follows the crest of the Pyrenees, and part of the US-Mexico border follows the Rio Grande.","https://education.nationalgeographic.org/resource/border/","L93 card.world_geography.093.c3","","","","","","","corroborated","Britannica on the Pyrenees and on the Rio Grande: the range forms the France-Spain frontier and the river forms part of the US-Mexico border. (https://www.britannica.com/place/Pyrenees https://www.britannica.com/place/Rio-Grande-river-North-America)",""
"fact.world_geography.border_49th_parallel","source.canenc_49th_parallel","unverified","From Lake of the Woods to the Strait of Georgia, the Canada-US border follows the 49th parallel, agreed by Britain and the US in 1818 and 1846.","https://www.thecanadianencyclopedia.ca/en/article/forty-ninth-parallel","L93 card.world_geography.093.c4","L93 question.world_geography.093.q3","","","","","","corroborated","HistoryLink and the US National Library of Medicine timeline: the 1846 Oregon Treaty set the 49th parallel as the boundary west to the Pacific; the 1818 Convention set it from Lake of the Woods to the Rockies. (https://www.historylink.org/File/5247 https://www.nlm.nih.gov/nativevoices/timeline/304.html)",""
"fact.world_geography.africa_colonial_borders","source.natgeo_border","unverified","In the 1800s and 1900s, European countries drew borders in Africa that ignored the Indigenous communities already living there.","https://education.nationalgeographic.org/resource/border/","L93 card.world_geography.093.c5","","","","","","","corroborated","World History Encyclopedia on the partition of Africa: European powers set colonial boundaries with little regard for local peoples. (https://www.worldhistory.org/Berlin_Conference_1884-5/)","one-page"
"fact.world_geography.borders_cause_conflict","source.natgeo_border","unverified","Borders drawn without reference to existing communities have repeatedly led to conflict and border disputes.","https://education.nationalgeographic.org/resource/border/","L93 card.world_geography.093.c5","","","","","","","corroborated","Open Geography Education (political geography chapter) describes arbitrary colonial boundaries as a lasting source of disputes and conflict. (https://www.opengeography.org/ch-10-political-geography.html)","one-page"
"fact.world_geography.languages_over_7000","source.ethnologue_how_many_languages","unverified","More than 7,000 languages are spoken in the world today.","https://www.ethnologue.com/insights/how-many-languages/","L94 card.world_geography.094.c2","L94 question.world_geography.094.q1","","","","","","corroborated","UNESCO's World Atlas of Languages work refers to roughly 7,000 languages; Ethnologue's current edition lists 7,168 living languages. (https://www.unesco.org/en/articles/towards-world-atlas-languages)","one-page"
"fact.world_geography.languages_40_endangered","source.unesco_indigenous_languages_decade","unverified","At least 40% of the world's languages are endangered, and each one lost takes cultural and intellectual heritage with it.","https://www.unesco.org/en/articles/unesco-celebrates-international-decade-indigenous-languages","L94 card.world_geography.094.c2","L94 question.world_geography.094.q1","","","","","","corroborated","Ethnologue: 3,078 of 7,168 living languages (about 43%) are endangered. UNESCO: a language disappears on average every two weeks, taking cultural and intellectual heritage with it. (https://www.ethnologue.com/insights/how-many-languages-endangered/)","one-page"
"fact.world_geography.english_mandarin_billion","source.ethnologue_200","unverified","English and Mandarin Chinese are the only languages with more than 1 billion speakers each.","https://www.ethnologue.com/insights/ethnologue200/","L94 card.world_geography.094.c3","","","","","","","corroborated","Visual Capitalist's ranking of Ethnologue 2025 data: English about 1.5 billion and Mandarin about 1.2 billion speakers, the only two above a billion. (https://www.visualcapitalist.com/ranked-the-worlds-most-spoken-languages-by-total-speakers/)","one-page"
"fact.world_geography.english_mostly_second_language","source.ethnologue_200","unverified","English has the most speakers in total, and most of them speak it as a second language; Mandarin Chinese has the most native speakers.","https://www.ethnologue.com/insights/ethnologue200/","L94 card.world_geography.094.c3","","","","","","","corroborated","Visual Capitalist (Ethnologue 2025): about 390 million of English's roughly 1.5 billion speakers are native; Mandarin is the largest native language. (https://www.visualcapitalist.com/ranked-the-worlds-most-spoken-languages-by-total-speakers/)","one-page"
"fact.world_geography.indo_european_members","source.brit_indo_european","unverified","Indo-European languages, including English, Spanish, Russian, Hindi and Persian, are spoken in most of Europe and much of South and Southwest Asia.","https://www.britannica.com/topic/Indo-European-languages","L94 card.world_geography.094.c4","L94 question.world_geography.094.q2; L94 question.world_geography.094.q3","","","","","","corroborated","Wikipedia and Canada Commons summaries: the Indo-European family includes English, Spanish, Russian, Hindi and Persian and spans Europe, the Iranian Plateau and the northern Indian subcontinent. (https://en.wikipedia.org/wiki/Indo-European_languages)","one-page weak-pages"
"fact.world_geography.proto_indo_european","source.brit_indo_european","unverified","The Indo-European languages descend from one reconstructed parent language, Proto-Indo-European, probably spoken around 4000 BCE.","https://www.britannica.com/topic/Indo-European-languages","L94 card.world_geography.094.c4","L94 question.world_geography.094.q2; L94 question.world_geography.094.q3","","","","","","corroborated","Wikipedia on Proto-Indo-European: the reconstructed common ancestor, generally dated to about 4500 to 2500 BCE, with many estimates near 4000 BCE. (https://en.wikipedia.org/wiki/Proto-Indo-European_language)","one-page weak-pages"
"fact.world_geography.indo_european_proved_by_comparison","source.brit_indo_european","unverified","The Indo-European family was demonstrated by 19th-century scholars who systematically compared languages' sounds, grammar and vocabulary.","https://www.britannica.com/topic/Indo-European-languages","L94 card.world_geography.094.c5","L94 question.world_geography.094.q2; L100 question.world_geography.100.q7","","","","","","corroborated","Utah State University course notes on historical linguistics: comparative study of cognates established the Indo-European family. (https://artsci.usu.edu/history-cultures-ideas/classics/course-resources/hist-1100/section-7)","one-page"
"fact.world_geography.three_cognates","source.etymonline_three","unverified","'Three' is drei in German, tres in Latin, treis in Greek and trayas in Sanskrit, all from one Proto-Indo-European root.","https://www.etymonline.com/word/three","L94 card.world_geography.094.c1; L94 card.world_geography.094.c5","L94 question.world_geography.094.q2; L100 question.world_geography.100.q7","","","","","","corroborated","Utah State University course notes: Sanskrit trayas is cognate with Latin tres and Greek treis; Wiktionary gives PIE *tréyes for all of them. (https://artsci.usu.edu/history-cultures-ideas/classics/course-resources/hist-1100/section-7)","one-page"
"fact.world_geography.religion_shares_2020","source.pew_global_religion_2020","unverified","In 2020 Christians were about 29% of the world's people, Muslims about 26%, the religiously unaffiliated about 24%, Hindus about 15% and Buddhists about 4%.","https://www.pewresearch.org/religion/2025/06/09/how-the-global-religious-landscape-changed-from-2010-to-2020/","L95 card.world_geography.095.c2","L95 question.world_geography.095.q2","","","","","","corroborated","Vatican News and Catholic World Report summaries of the 2025 Pew report give Christians 28.8%, Muslims 25.6%, unaffiliated 24.2%, Hindus 14.9%, Buddhists 4.1%. (https://www.vaticannews.va/en/world/news/2025-06/pew-research-center-report-global-religious-landscape-2010-2020.html)","one-page"
"fact.world_geography.christians_2_3_billion","source.pew_global_religion_2020","unverified","Christians, about 2.3 billion people in 2020, are the largest religious group.","https://www.pewresearch.org/religion/2025/06/09/how-the-global-religious-landscape-changed-from-2010-to-2020/","L95 card.world_geography.095.c2","L95 question.world_geography.095.q2","","","","","","corroborated","Catholic World Report on the Pew study: Christians grew from 2.1 billion in 2010 to 2.3 billion in 2020 and remain the largest group. (https://www.catholicworldreport.com/2025/06/09/news-264641-pew-report-how-the-global-religious-landscape-changed-from-2010-to-2020/)","one-page"
"fact.world_geography.muslims_fastest_growing","source.pew_global_religion_2020","unverified","From 2010 to 2020 Muslims were the fastest-growing major religious group, and the unaffiliated also grew as a share of the world.","https://www.pewresearch.org/religion/2025/06/09/how-the-global-religious-landscape-changed-from-2010-to-2020/","L95 card.world_geography.095.c4","","","","","","","corroborated","Vatican News on the Pew report: Muslims grew fastest from 2010 to 2020; the unaffiliated share also rose. (https://www.vaticannews.va/en/world/news/2025-06/pew-research-center-report-global-religious-landscape-2010-2020.html)","one-page"
"fact.world_geography.asia_pacific_religions","source.pew_global_religion_2020","unverified","About 59% of Muslims, 99% of Hindus and 98% of Buddhists live in the Asia-Pacific region.","https://www.pewresearch.org/religion/2025/06/09/how-the-global-religious-landscape-changed-from-2010-to-2020/","L95 card.world_geography.095.c3","L95 question.world_geography.095.q3","","","","","","corroborated","Pew's 2025 regional tables (report PDF) put about 59% of Muslims, 99% of Hindus and 98% of Buddhists in Asia and the Pacific. (https://www.pewresearch.org/wp-content/uploads/sites/20/2025/06/PR_2025.06.09_global-religious-change_report.pdf)","one-page"
"fact.world_geography.christians_subsaharan_africa","source.pew_global_religion_2020","unverified","In 2020 sub-Saharan Africa overtook Europe as the region with the most Christians, home to about 31% of them.","https://www.pewresearch.org/religion/2025/06/09/how-the-global-religious-landscape-changed-from-2010-to-2020/","L95 card.world_geography.095.c1; L95 card.world_geography.095.c4","L95 question.world_geography.095.q1","","","","","","corroborated","Pew's Christian population page and Vatican News: sub-Saharan Africa (30.7% of Christians) surpassed Europe (22.3%) by 2020. (https://www.pewresearch.org/religion/2025/06/09/christian-population-change/)","one-page"
"fact.world_geography.three_crops_food_energy","source.fao_dimensions_of_need","unverified","Just 15 crop plants provide 90% of the world's food energy, and rice, maize and wheat make up two-thirds of that (about 60% of the total).","https://www.fao.org/4/u8480e/u8480e07.htm","L96 card.world_geography.096.c1; L96 card.world_geography.096.c2","L96 question.world_geography.096.q1","","","","","","corroborated","FAO Basic foodstuffs: rice, maize and wheat alone make up close to two-thirds of food energy from staples. A World Economic Forum piece also notes rice, wheat and corn supply most calories. (https://www.fao.org/4/y4343e/y4343e02.htm https://www.weforum.org/stories/2018/10/once-neglected-these-traditional-crops-are-our-new-rising-stars/)",""
"fact.world_geography.rice_feeds_half","source.fao_dimensions_of_need","unverified","Rice feeds almost half of humanity.","https://www.fao.org/4/u8480e/u8480e07.htm","L96 card.world_geography.096.c3","L100 question.world_geography.100.q8","","","","","","corroborated","FAO rice paper (Nguyen, Rice production, consumption and nutrition) describes rice as the staple food of about half the world population. (https://www.fao.org/4/Y4347E/y4347e02.htm)","one-page"
"fact.world_geography.rice_asia_pacific_90","source.fao_rice_asia_pacific","unverified","More than 90% of the world's rice is grown and eaten in the Asia-Pacific region.","https://www.fao.org/4/x6905e/x6905e04.htm","L96 card.world_geography.096.c3","L100 question.world_geography.100.q8","","","","","","corroborated","FAO Rice Conference proceedings: Asia accounts for about 90% of world rice production and consumption. (https://www.fao.org/4/y5682e/y5682e0f.htm)","one-page"
"fact.world_geography.farmland_half_habitable","source.owid_land_for_agriculture","unverified","Almost half of the world's habitable land is used for agriculture.","https://ourworldindata.org/global-land-for-agriculture","L96 card.world_geography.096.c4","L96 question.world_geography.096.q2; L96 question.world_geography.096.q3; L99 question.world_geography.099.q3","","","","","","corroborated","World Economic Forum (from Our World in Data): half of the world's habitable land is used for agriculture. (https://www.weforum.org/stories/2019/12/agriculture-habitable-land/)","one-page"
"fact.world_geography.livestock_land_calories","source.owid_land_for_agriculture","unverified","More than three-quarters of farmland is used for livestock, yet meat, dairy and farmed fish supply less than a fifth of the world's calories.","https://ourworldindata.org/global-land-for-agriculture","L96 card.world_geography.096.c4","L96 question.world_geography.096.q2; L96 question.world_geography.096.q3; L99 question.world_geography.099.q3","","","","","","corroborated","World Economic Forum (from Our World in Data): livestock uses 77% of farmland but produces only 18% of the world's calories. (https://www.weforum.org/stories/2019/12/agriculture-habitable-land/)","one-page"
"fact.world_geography.venezuela_oil_reserves","source.opec_asb_2025","unverified","Venezuela has the largest proven crude oil reserves in the world, ahead of Saudi Arabia.","https://www.opec.org/assets/assetdb/asb-2025.pdf","L97 card.world_geography.097.c1; L97 card.world_geography.097.c2","L97 question.world_geography.097.q1","","","","","","corroborated","Visual Capitalist and Newsweek (from OPEC data): Venezuela about 303 billion barrels, Saudi Arabia about 267 billion. (https://www.visualcapitalist.com/how-venezuelas-oil-reserves-compare-to-the-rest-of-the-world/)","one-page"
"fact.world_geography.drc_cobalt","source.usgs_cobalt","unverified","The Democratic Republic of the Congo mines about three-quarters of the world's cobalt.","https://www.usgs.gov/centers/national-minerals-information-center/cobalt-statistics-and-information","L97 card.world_geography.097.c2","L97 question.world_geography.097.q1","","","","","","corroborated","USGS Mineral Commodity Summaries 2026 cobalt data: Congo (Kinshasa) produced about 76% of world cobalt mine output in 2024. (https://pubs.usgs.gov/periodicals/mcs2026/mcs2026-cobalt.pdf)","one-page"
"fact.world_geography.resource_curse_definition","source.imf_botswana_resource_curse","unverified","Countries with abundant natural resources often grow more slowly than resource-scarce countries, for reasons that include conflict over the resources.","https://www.imf.org/external/pubs/ft/wp/2006/wp06138.pdf","L97 card.world_geography.097.c3","L97 question.world_geography.097.q2; L100 question.world_geography.100.q9","","","","","","corroborated","IMF Staff Papers (Iimi 2007) and the Natural Resource Governance Institute primer describe the resource curse: slower growth and more conflict in resource-rich countries. (https://www.imf.org/External/Pubs/FT/staffp/2007/04/pdfs/Iimi.pdf)","one-page"
"fact.world_geography.botswana_diamonds","source.imf_botswana_resource_curse","unverified","Botswana relies heavily on diamond exports yet is widely seen as avoiding the resource curse by reinvesting mineral revenue in infrastructure, health and education.","https://www.imf.org/external/pubs/ft/wp/2006/wp06138.pdf","L97 card.world_geography.097.c4","L97 question.world_geography.097.q2; L100 question.world_geography.100.q9","","","","","","corroborated","IMF PFM blog on Botswana's diamond revenues: the Sustainable Budgeting Principle reinvests mineral revenue in physical and human capital. (https://blog-pfm.imf.org/en/pfmblog/2024/07/management-of-botswana-diamond-revenues)","one-page"
"fact.world_geography.freshwater_share","source.usgs_water_on_earth","unverified","The oceans hold about 96.5% of Earth's water, and over 68% of Earth's fresh water is locked in ice and glaciers.","https://www.usgs.gov/special-topics/water-science-school/science/how-much-water-there-earth","L97 card.world_geography.097.c5","L97 question.world_geography.097.q3","","","","","","corroborated","NOAA Ocean Service: the ocean holds about 97% of Earth's water, and most of the rest is frozen in glaciers and ice caps. (https://oceanservice.noaa.gov/facts/wherewater.html)","one-page"
"fact.world_geography.push_pull_factors","source.natgeo_human_migration","unverified","Push factors, such as war, food shortages or floods, drive people away; pull factors, such as jobs, a nicer climate or a better food supply, draw them in.","https://education.nationalgeographic.org/resource/introduction-to-human-migration/","L98 card.world_geography.098.c2","L98 question.world_geography.098.q3; L100 question.world_geography.100.q10","","","","","","corroborated","US National Park Service teacher resources and Internet Geography define push and pull factors with the same kinds of examples. (https://www.nps.gov/teachers/classrooms/push-and-pull-factors.htm)","one-page"
"fact.world_geography.internal_international_migration","source.natgeo_human_migration","unverified","Internal migration is moving within a country; international migration is moving to a different country.","https://education.nationalgeographic.org/resource/introduction-to-human-migration/","L98 card.world_geography.098.c2","L98 question.world_geography.098.q3; L100 question.world_geography.100.q10","","","","","","corroborated","Migration Data Portal: an international migrant is any person who changes their country of usual residence, as distinct from moves within a country. (https://www.migrationdataportal.org/themes/international-migrant-stocks-overview)","one-page"
"fact.world_geography.migrants_304_million","source.un_desa_migrant_stock_2024","unverified","In 2024 there were about 304 million international migrants, 3.7% of the world's population, or about 1 in 27 people.","https://www.un.org/development/desa/pd/sites/www.un.org.development.desa.pd/files/undesa_pd_2025_intlmigstock_2024_key_facts_and_figures_advance-unedited.pdf","L98 card.world_geography.098.c1; L98 card.world_geography.098.c3","L98 question.world_geography.098.q1","","","","","","corroborated","Migration Data Portal: 304 million people were international migrants in 2024, 1 in 27 people (3.7%). Destatis gives the same 304 million. (https://www.migrationdataportal.org/themes/international-migrant-stocks-overview https://www.destatis.de/EN/Themes/Countries-Regions/International-Statistics/Data-Topic/Population-Labour-Social-Issues/DemographyMigration/Migrants.html)",""
"fact.world_geography.us_most_migrants","source.un_desa_migrant_stock_2024","unverified","The United States hosts more international migrants than any other country.","https://www.un.org/development/desa/pd/sites/www.un.org.development.desa.pd/files/undesa_pd_2025_intlmigstock_2024_key_facts_and_figures_advance-unedited.pdf","L98 card.world_geography.098.c3","L98 question.world_geography.098.q1","","","","","","corroborated","Migration Policy Institute and Migration Data Portal: the US is the top destination, with more than 50 million migrants in 2024. (https://www.migrationpolicy.org/programs/data-hub/charts/international-migrants-country-destination-1960-2024)","one-page"
"fact.world_geography.displaced_123_million","source.unhcr_global_trends_2024","unverified","At the end of 2024, 123.2 million people were forcibly displaced by persecution, conflict, violence or human rights violations.","https://www.unhcr.org/media/global-trends-report-2024","L98 card.world_geography.098.c4","L98 question.world_geography.098.q2; L100 question.world_geography.100.q10","","","","","","corroborated","UN News and UNHCR Europe press release on Global Trends 2024: 123.2 million forcibly displaced at the end of 2024. (https://news.un.org/en/story/2025/06/1164256 https://www.unhcr.org/europe/news/press-releases/global-trends-2024)",""
"fact.world_geography.internally_displaced_83","source.unhcr_global_trends_2024","unverified","Of them, 83.4 million were displaced inside their own countries.","https://www.unhcr.org/media/global-trends-report-2024","L98 card.world_geography.098.c4","L98 question.world_geography.098.q2; L100 question.world_geography.100.q10","","","","","","corroborated","UNHCR Europe press release: 83.4 million internally displaced at the end of 2024. (https://www.unhcr.org/europe/news/press-releases/global-trends-2024)","one-page"
"fact.world_geography.refugees_neighbours_67","source.unhcr_global_trends_2024","unverified","A refugee is someone who has fled to a new country; at the end of 2024, 67% of refugees were hosted in neighbouring countries.","https://www.unhcr.org/media/global-trends-report-2024","L98 card.world_geography.098.c4","L98 question.world_geography.098.q2; L100 question.world_geography.100.q10","","","","","","corroborated","Al Jazeera and UN News on Global Trends 2024: 67 per cent of refugees are hosted in neighbouring countries. National Geographic defines a refugee as someone who moved to a new country because of a problem at home. (https://www.aljazeera.com/news/2025/6/12/one-in-67-people-worldwide-remains-forcibly-displaced-unhcr-report)","one-page"
"fact.world_geography.refugees_neighbours_67","source.natgeo_human_migration","unverified","A refugee is someone who has fled to a new country; at the end of 2024, 67% of refugees were hosted in neighbouring countries.","https://education.nationalgeographic.org/resource/introduction-to-human-migration/","L98 card.world_geography.098.c4","L98 question.world_geography.098.q2; L100 question.world_geography.100.q10","","","","","","corroborated","Al Jazeera and UN News on Global Trends 2024: 67 per cent of refugees are hosted in neighbouring countries. National Geographic defines a refugee as someone who moved to a new country because of a problem at home. (https://www.aljazeera.com/news/2025/6/12/one-in-67-people-worldwide-remains-forcibly-displaced-unhcr-report)","one-page"
"fact.world_geography.aral_fourth_largest","source.nasa_aral_sea","unverified","The Aral Sea was once the fourth-largest lake in the world.","https://science.nasa.gov/earth/earth-observatory/world-of-change/aral-sea/","L99 card.world_geography.099.c1; L99 card.world_geography.099.c2","L99 question.world_geography.099.q1; L99 question.world_geography.099.q3","","","","","","corroborated","ESA Earth from Space: the Aral Sea was once the world's fourth-largest lake. (https://www.esa.int/ESA_Multimedia/Images/2025/04/Earth_from_Space_The_shrinking_Aral_Sea)","one-page"
"fact.world_geography.aral_rivers_diverted","source.nasa_aral_sea","unverified","In the 1960s the Soviet Union diverted the region's two major rivers to irrigate desert farms for cotton and other crops.","https://science.nasa.gov/earth/earth-observatory/world-of-change/aral-sea/","L99 card.world_geography.099.c1; L99 card.world_geography.099.c2","L99 question.world_geography.099.q1; L99 question.world_geography.099.q3","","","","","","corroborated","ESA and National Geographic: Soviet irrigation projects from the 1960s diverted the Amu Darya and Syr Darya for cotton. (https://www.nationalgeographic.com/science/article/141001-aral-sea-shrinking-drought-water-environment)","one-page"
"fact.world_geography.aral_east_basin_2014","source.nasa_aral_sea","unverified","In 2014 the eastern lobe of the South Aral Sea disappeared completely.","https://science.nasa.gov/earth/earth-observatory/world-of-change/aral-sea/","L99 card.world_geography.099.c2","L99 question.world_geography.099.q1; L99 question.world_geography.099.q3","","","","","","corroborated","National Geographic (2014): the Aral Sea's eastern basin dried completely for the first time in about 600 years. (https://www.nationalgeographic.com/science/article/141001-aral-sea-shrinking-drought-water-environment)","one-page"
"fact.world_geography.aral_side_effects","source.nasa_aral_sea","unverified","As the lake shrank, local winters grew colder and summers hotter and drier, lakebed dust spread farm chemicals, and the fisheries collapsed.","https://science.nasa.gov/earth/earth-observatory/world-of-change/aral-sea/","L99 card.world_geography.099.c3","","","","","","","corroborated","Earth.Org explainer: loss of the lake worsened the local climate, toxic dust from the dry bed harmed health, and the fishing industry collapsed. (https://earth.org/the-aral-sea-catastrophe-understanding-one-of-the-worst-ecological-calamities-of-the-last-century/)","one-page"
"fact.world_geography.north_aral_dam","source.nasa_aral_sea","unverified","A dam finished in 2005 helped fisheries in the North Aral Sea rebound.","https://science.nasa.gov/earth/earth-observatory/world-of-change/aral-sea/","L99 card.world_geography.099.c3","","","","","","","corroborated","ESA Earth from Space: Kazakhstan's Kok-Aral dam (2005) raised the North Aral's level and its fisheries recovered. (https://www.esa.int/ESA_Multimedia/Images/2025/04/Earth_from_Space_The_shrinking_Aral_Sea)","one-page"
"fact.world_geography.dead_zone_definition","source.noaa_gulf_dead_zone_2025","unverified","A dead zone is an area of water with low or no oxygen that can kill fish and other marine life.","https://coastalscience.noaa.gov/news/below-average-summer-2025-dead-zone-measured-in-gulf/","L99 card.world_geography.099.c4","L99 question.world_geography.099.q2; L99 question.world_geography.099.q3","","","","","","corroborated","NOAA news release: the dead zone, or hypoxic area, is an area of low oxygen that can kill fish and other marine life. (https://www.noaa.gov/news-release/larger-than-average-gulf-of-mexico-dead-zone-measured)","one-page"
"fact.world_geography.dead_zone_cause","source.noaa_gulf_dead_zone_2025","unverified","Every summer, excess nutrients from farms and cities in the Mississippi River basin feed algae in the Gulf; as the algae die and decompose, they use up oxygen.","https://coastalscience.noaa.gov/news/below-average-summer-2025-dead-zone-measured-in-gulf/","L99 card.world_geography.099.c4","L99 question.world_geography.099.q2; L99 question.world_geography.099.q3","","","","","","corroborated","NOAA news release: the dead zone occurs every summer, mainly from excess nutrient pollution from cities and farms in the Mississippi-Atchafalaya watershed; decomposing algae deplete oxygen. (https://www.noaa.gov/news-release/larger-than-average-gulf-of-mexico-dead-zone-measured)","one-page"
